,reject,pvals,pvals_corrected,tstats,effectsize,alpha,alpha_corrected,step,dimension_step
0,False,0.9999999999999999,1.0,-9.856453047445351,-1.39742850664139,0.05,0.025,0,1-2
1,False,0.9999991515207566,1.0,-5.091382223111543,-0.7218461471418816,0.05,0.025,1,2-3
