,reject,pvals,pvals_corrected,tstats,effectsize,alpha,alpha_corrected,step,dimension_step
0,True,0.0008980982122046361,0.0017961964244092722,3.208883369658476,0.45494916616180414,0.05,0.025,0,1-2
1,False,0.9962324157799229,0.9962324157799229,-2.7282247517256244,-0.3868023336827197,0.05,0.025,1,2-3
