,reject,pvals,pvals_corrected,tstats,effectsize,alpha,alpha_corrected,step,dimension_step
0,False,0.9999899955720645,1.0,-4.480564238843961,-0.6352455759753619,0.05,0.025,0,1-2
1,False,0.9999999892351547,1.0,-6.090663693160983,-0.863522306474628,0.05,0.025,1,2-3
