{
  "data": {
    "name": "normal-1-60",
    "n_dimension": 1,
    "distance": "euclidean",
    "subject": null,
    "n_objects": 60,
    "n_train_triplets": 491,
    "n_test_triplets": 10000,
    "frac_train_ndlogn": 1.9986919051317065,
    "frac_train_triplets": 0.004782778102474187,
    "max_train_score": 0.8615071283095723,
    "max_test_score": 0.8604,
    "noise_sd": 0.5,
    "distance_sd": 1.0049996335689053,
    "distance_mean": 1.2548963615684596,
    "difference_sd": 0.8488590103935002,
    "difference_mean": -0.14762454160268984
  },
  "n_repeats": 10,
  "n_splits": 10,
  "embedding_method": "soe",
  "embedding_dimension": [
    1,
    2,
    3
  ],
  "random_state": 232903007,
  "alpha": 0.05
}