,reject,pvals,pvals_corrected,tstats,effectsize,alpha,alpha_corrected,step,dimension_step
0,False,0.9999974555203848,1.0,-4.824782309479724,-0.6840481362972202,0.05,0.025,0,1-2
1,False,0.9999910936137747,1.0,-4.510371379852807,-0.6394715737401498,0.05,0.025,1,2-3
