,reject,pvals,pvals_corrected,tstats,effectsize,alpha,alpha_corrected,step,dimension_step
0,False,0.9999999734526172,1.0,-5.8905653477404005,-0.8351527570356468,0.05,0.025,0,1-2
1,False,0.9999999999878944,1.0,-7.528427494036248,-1.0673656273415517,0.05,0.025,1,2-3
