,reject,pvals,pvals_corrected,tstats,effectsize,alpha,alpha_corrected,step,dimension_step
0,False,0.811991597505156,1.0,-0.889264250717837,-0.1260781345894289,0.05,0.025,0,1-2
1,False,0.9999978845948883,1.0,-4.870159817628961,-0.6904816700585898,0.05,0.025,1,2-3
