,reject,pvals,pvals_corrected,tstats,effectsize,alpha,alpha_corrected,step,dimension_step
0,False,0.9999999999827555,1.0,-7.4556560689009785,-1.0570482379659383,0.05,0.025,0,1-2
1,False,0.9831217742430115,1.0,-2.1528949569566413,-0.30523320815041705,0.05,0.025,1,2-3
