{
  "data": {
    "name": "normal-1-60",
    "n_dimension": 1,
    "distance": "euclidean",
    "subject": null,
    "n_objects": 60,
    "n_train_triplets": 982,
    "n_test_triplets": 10000,
    "frac_train_ndlogn": 3.997383810263413,
    "frac_train_triplets": 0.009565556204948374,
    "max_train_score": 0.8472505091649695,
    "max_test_score": 0.8619,
    "noise_sd": 0.5,
    "distance_sd": 1.0052630885293385,
    "distance_mean": 1.267285321364718,
    "difference_sd": 0.850338043127502,
    "difference_mean": -0.12839309366177418
  },
  "n_repeats": 10,
  "n_splits": 10,
  "embedding_method": "soe",
  "embedding_dimension": [
    1,
    2,
    3
  ],
  "random_state": 3783426808,
  "alpha": 0.05
}