,reject,pvals,pvals_corrected,tstats,effectsize,alpha,alpha_corrected,step,dimension_step
0,False,0.9999998822964988,1.0,-5.553751544109316,-0.7873999591114094,0.05,0.025,0,1-2
1,False,0.9999999995740108,1.0,-6.786867251575713,-0.962228676227597,0.05,0.025,1,2-3
