,reject,pvals,pvals_corrected,tstats,effectsize,alpha,alpha_corrected,step,dimension_step
0,False,0.9999999997176557,1.0,-6.873702338674301,-0.9745399839063471,0.05,0.025,0,1-2
1,False,0.9999997456231865,1.0,-5.375702666428887,-0.7621565397953071,0.05,0.025,1,2-3
