{
  "data": {
    "name": "normal-1-60",
    "n_dimension": 1,
    "distance": "euclidean",
    "subject": null,
    "n_objects": 60,
    "n_train_triplets": 491,
    "n_test_triplets": 10000,
    "frac_train_ndlogn": 1.9986919051317065,
    "frac_train_triplets": 0.004782778102474187,
    "max_train_score": 0.7780040733197556,
    "max_test_score": 0.7969,
    "noise_sd": 1.0,
    "distance_sd": 1.0080716715273255,
    "distance_mean": 1.392707627088762,
    "difference_sd": 0.9666032870030299,
    "difference_mean": -0.08246576181503258
  },
  "n_repeats": 10,
  "n_splits": 10,
  "embedding_method": "soe",
  "embedding_dimension": [
    1,
    2,
    3
  ],
  "random_state": 2278102593,
  "alpha": 0.05
}