{
  "data": {
    "name": "normal-1-60",
    "n_dimension": 1,
    "distance": "euclidean",
    "subject": null,
    "n_objects": 60,
    "n_train_triplets": 491,
    "n_test_triplets": 10000,
    "frac_train_ndlogn": 1.9986919051317065,
    "frac_train_triplets": 0.004782778102474187,
    "max_train_score": 0.8757637474541752,
    "max_test_score": 0.8579,
    "noise_sd": 0.5,
    "distance_sd": 1.0045258897456757,
    "distance_mean": 1.2323136209279197,
    "difference_sd": 0.847085843335617,
    "difference_mean": -0.14600366947191057
  },
  "n_repeats": 10,
  "n_splits": 10,
  "embedding_method": "soe",
  "embedding_dimension": [
    1,
    2,
    3
  ],
  "random_state": 3437341671,
  "alpha": 0.05
}