,reject,pvals,pvals_corrected,tstats,effectsize,alpha,alpha_corrected,step,dimension_step
0,False,0.9999995608770229,1.0,-5.247806837692414,-0.7440237210118609,0.05,0.025,0,1-2
1,False,0.9999237139313939,1.0,-3.9387476961520638,-0.5584278933381194,0.05,0.025,1,2-3
