,reject,pvals,pvals_corrected,tstats,effectsize,alpha,alpha_corrected,step,dimension_step
0,False,0.999999999999998,1.0,-9.280052839777747,-1.3157076200758628,0.05,0.025,0,1-2
1,False,0.9999573606609374,1.0,-4.098340537858207,-0.5810546522119797,0.05,0.025,1,2-3
