,reject,pvals,pvals_corrected,tstats,effectsize,alpha,alpha_corrected,step,dimension_step
0,False,0.9444106625761763,1.0,-1.6072759838132353,-0.22787642441038614,0.05,0.025,0,1-2
1,False,0.9998490511706156,1.0,-3.7461453371000744,-0.5311211100875879,0.05,0.025,1,2-3
