{
  "data": {
    "name": "normal-1-60",
    "n_dimension": 1,
    "distance": "euclidean",
    "subject": null,
    "n_objects": 60,
    "n_train_triplets": 982,
    "n_test_triplets": 10000,
    "frac_train_ndlogn": 3.997383810263413,
    "frac_train_triplets": 0.009565556204948374,
    "max_train_score": 0.6568228105906314,
    "max_test_score": 0.6857,
    "noise_sd": 2.0,
    "distance_sd": 1.007037787283584,
    "distance_mean": 1.3478555298463324,
    "difference_sd": 0.920736753761605,
    "difference_mean": -0.054700353622349776
  },
  "n_repeats": 10,
  "n_splits": 10,
  "embedding_method": "soe",
  "embedding_dimension": [
    1,
    2,
    3
  ],
  "random_state": 599696896,
  "alpha": 0.05
}