,reject,pvals,pvals_corrected,tstats,effectsize,alpha,alpha_corrected,step,dimension_step
0,False,0.9999998322955581,1.0,-5.472301086540165,-0.7758520736055156,0.05,0.025,0,1-2
1,False,0.9999995357876302,1.0,-5.2347038282800185,-0.7421660021359597,0.05,0.025,1,2-3
