,reject,pvals,pvals_corrected,tstats,effectsize,alpha,alpha_corrected,step,dimension_step
0,False,0.9997655351252902,1.0,-3.618416086408443,-0.5130119084113629,0.05,0.025,0,1-2
1,False,0.9939982674955651,1.0,-2.55923605645002,-0.36284344918932976,0.05,0.025,1,2-3
