,reject,pvals,pvals_corrected,tstats,effectsize,alpha,alpha_corrected,step,dimension_step
0,False,0.9999999999998723,1.0,-8.45216391223,-1.198331157963273,0.05,0.025,0,1-2
1,False,0.9999992149446599,1.0,-5.109960530548267,-0.7244801429913271,0.05,0.025,1,2-3
