,reject,pvals,pvals_corrected,tstats,effectsize,alpha,alpha_corrected,step,dimension_step
0,False,0.9854061895226758,1.0,-2.2130971619151443,-0.31376855823697625,0.05,0.025,0,1-2
1,False,0.999997874128875,1.0,-4.868950167948772,-0.6903101683086187,0.05,0.025,1,2-3
