,reject,pvals,pvals_corrected,tstats,effectsize,alpha,alpha_corrected,step,dimension_step
0,False,0.9996625295317866,0.9996625295317866,-3.5105199718141953,-0.49771460972145265,0.05,0.025,0,1-2
1,True,0.013099341011007322,0.026198682022014644,2.257106785016254,0.3200081559494591,0.05,0.025,1,2-3
