{
  "data": {
    "name": "normal-1-60",
    "n_dimension": 1,
    "distance": "euclidean",
    "subject": null,
    "n_objects": 60,
    "n_train_triplets": 491,
    "n_test_triplets": 10000,
    "frac_train_ndlogn": 1.9986919051317065,
    "frac_train_triplets": 0.004782778102474187,
    "max_train_score": 0.7983706720977597,
    "max_test_score": 0.7833,
    "noise_sd": 1.0,
    "distance_sd": 1.006898400532421,
    "distance_mean": 1.3416975382042895,
    "difference_sd": 0.9088637654673689,
    "difference_mean": -0.09899657575244959
  },
  "n_repeats": 10,
  "n_splits": 10,
  "embedding_method": "soe",
  "embedding_dimension": [
    1,
    2,
    3
  ],
  "random_state": 1236523261,
  "alpha": 0.05
}