,reject,pvals,pvals_corrected,tstats,effectsize,alpha,alpha_corrected,step,dimension_step
0,False,0.9999999988791787,1.0,-6.581149249334856,-0.9330623829092108,0.05,0.025,0,1-2
1,False,0.9999999999945515,1.0,-7.692015889292576,-1.0905588679308895,0.05,0.025,1,2-3
