,reject,pvals,pvals_corrected,tstats,effectsize,alpha,alpha_corrected,step,dimension_step
0,False,0.9999999897676501,1.0,-6.10182841616788,-0.8651052189202605,0.05,0.025,0,1-2
1,False,0.9999999959710991,1.0,-6.305528619213529,-0.893985432641606,0.05,0.025,1,2-3
