,reject,pvals,pvals_corrected,tstats,effectsize,alpha,alpha_corrected,step,dimension_step
0,False,0.999999999712759,1.0,-6.870079089192312,-0.9740262867286269,0.05,0.025,0,1-2
1,False,0.9999905690595089,1.0,-4.495713516848842,-0.637393410783396,0.05,0.025,1,2-3
