,reject,pvals,pvals_corrected,tstats,effectsize,alpha,alpha_corrected,step,dimension_step
0,False,0.9999999998971428,1.0,-7.085469996228172,-1.0045639854438122,0.05,0.025,0,1-2
1,False,0.9999884316503895,1.0,-4.443162286078344,-0.6299428007531663,0.05,0.025,1,2-3
