,reject,pvals,pvals_corrected,tstats,effectsize,alpha,alpha_corrected,step,dimension_step
0,False,0.9999997726893944,1.0,-5.401869835959049,-0.7658664695706073,0.05,0.025,0,1-2
1,False,0.9999999999336986,1.0,-7.1769777101934515,-1.017537768959761,0.05,0.025,1,2-3
