,reject,pvals,pvals_corrected,tstats,effectsize,alpha,alpha_corrected,step,dimension_step
0,False,0.9999289290234253,1.0,-3.9583890914873012,-0.5612126116966965,0.05,0.025,0,1-2
1,False,0.9999685167219486,1.0,-4.180044728049338,-0.5926385114294421,0.05,0.025,1,2-3
