{
  "data": {
    "name": "normal-1-60",
    "n_dimension": 1,
    "distance": "euclidean",
    "subject": null,
    "n_objects": 60,
    "n_train_triplets": 1965,
    "n_test_triplets": 10000,
    "frac_train_ndlogn": 7.998838276138092,
    "frac_train_triplets": 0.01914085330216248,
    "max_train_score": 0.7918575063613231,
    "max_test_score": 0.7966,
    "noise_sd": 1.0,
    "distance_sd": 1.008359059462462,
    "distance_mean": 1.404928791268288,
    "difference_sd": 0.9387320753773426,
    "difference_mean": -0.07100503592395438
  },
  "n_repeats": 10,
  "n_splits": 10,
  "embedding_method": "soe",
  "embedding_dimension": [
    1,
    2,
    3
  ],
  "random_state": 1121528871,
  "alpha": 0.05
}