,reject,pvals,pvals_corrected,tstats,effectsize,alpha,alpha_corrected,step,dimension_step
0,False,0.9999957472694795,1.0,-4.697318688650266,-0.6659765950998539,0.05,0.025,0,1-2
1,False,0.9998469070811535,1.0,-3.742098331985059,-0.530547333670552,0.05,0.025,1,2-3
