,reject,pvals,pvals_corrected,tstats,effectsize,alpha,alpha_corrected,step,dimension_step
0,False,0.9999999989609047,1.0,-6.597327873124456,-0.9353561563359177,0.05,0.025,0,1-2
1,False,0.9991998478218356,1.0,-3.2454412029356168,-0.4601322637849152,0.05,0.025,1,2-3
