{
  "data": {
    "name": "normal-1-60",
    "n_dimension": 1,
    "distance": "euclidean",
    "subject": null,
    "n_objects": 60,
    "n_train_triplets": 1965,
    "n_test_triplets": 10000,
    "frac_train_ndlogn": 7.998838276138092,
    "frac_train_triplets": 0.01914085330216248,
    "max_train_score": 0.6687022900763359,
    "max_test_score": 0.677,
    "noise_sd": 2.0,
    "distance_sd": 1.006048967784647,
    "distance_mean": 1.3035606401644626,
    "difference_sd": 0.8866223328927073,
    "difference_mean": -0.06755186837566063
  },
  "n_repeats": 10,
  "n_splits": 10,
  "embedding_method": "soe",
  "embedding_dimension": [
    1,
    2,
    3
  ],
  "random_state": 258823163,
  "alpha": 0.05
}