,reject,pvals,pvals_corrected,tstats,effectsize,alpha,alpha_corrected,step,dimension_step
0,False,0.9999991450949135,1.0,-5.089576154566828,-0.7215900862995903,0.05,0.025,0,1-2
1,False,0.9996533988813994,1.0,-3.502524631863088,-0.4965810461652541,0.05,0.025,1,2-3
