,reject,pvals,pvals_corrected,tstats,effectsize,alpha,alpha_corrected,step,dimension_step
0,False,0.07179715892049011,0.14359431784098023,1.4742234456672723,0.20901249751993636,0.05,0.025,0,1-2
1,False,0.9999694663103065,0.9999694663103065,-4.188239880339478,-0.5938004039856571,0.05,0.025,1,2-3
