,reject,pvals,pvals_corrected,tstats,effectsize,alpha,alpha_corrected,step,dimension_step
0,False,0.9999999985589102,1.0,-6.5273405725341584,-0.9254334946566121,0.05,0.025,0,1-2
1,False,0.9999477194880741,1.0,-4.042862867871446,-0.5731891373915508,0.05,0.025,1,2-3
