,reject,pvals,pvals_corrected,tstats,effectsize,alpha,alpha_corrected,step,dimension_step
0,False,0.999999999999892,1.0,-8.485860950244508,-1.2031086576666836,0.05,0.025,0,1-2
1,False,0.9999996601660677,1.0,-5.308042818296093,-0.7525638597428921,0.05,0.025,1,2-3
