,reject,pvals,pvals_corrected,tstats,effectsize,alpha,alpha_corrected,step,dimension_step
0,False,0.9999955904755614,1.0,-4.688261346835915,-0.6646924630104661,0.05,0.025,0,1-2
1,False,0.9999992205712129,1.0,-5.111678787506028,-0.7247237540797128,0.05,0.025,1,2-3
