,reject,pvals,pvals_corrected,tstats,effectsize,alpha,alpha_corrected,step,dimension_step
0,False,0.9999992429699822,1.0,-5.118641171621741,-0.7257108671913616,0.05,0.025,0,1-2
1,False,0.8917591359349418,1.0,-1.2438778708039155,-0.17635455544449752,0.05,0.025,1,2-3
