,reject,pvals,pvals_corrected,tstats,effectsize,alpha,alpha_corrected,step,dimension_step
0,False,0.994276063260869,1.0,-2.576783956260146,-0.36533135587425153,0.05,0.025,0,1-2
1,False,0.7229514472906784,1.0,-0.5936546551857046,-0.08416718816226555,0.05,0.025,1,2-3
