{
  "data": {
    "name": "normal-1-60",
    "n_dimension": 1,
    "distance": "euclidean",
    "subject": null,
    "n_objects": 60,
    "n_train_triplets": 491,
    "n_test_triplets": 10000,
    "frac_train_ndlogn": 1.9986919051317065,
    "frac_train_triplets": 0.004782778102474187,
    "max_train_score": 0.8778004073319755,
    "max_test_score": 0.8742,
    "noise_sd": 0.5,
    "distance_sd": 1.0076165817785245,
    "distance_mean": 1.3731397270345673,
    "difference_sd": 0.9540418010406042,
    "difference_mean": -0.10598635453543334
  },
  "n_repeats": 10,
  "n_splits": 10,
  "embedding_method": "soe",
  "embedding_dimension": [
    1,
    2,
    3
  ],
  "random_state": 44159447,
  "alpha": 0.05
}