,reject,pvals,pvals_corrected,tstats,effectsize,alpha,alpha_corrected,step,dimension_step
0,False,0.5208321227502529,1.0,-0.05237459330078548,-0.007425566717556324,0.05,0.025,0,1-2
1,False,0.9999855878393438,1.0,-4.386207617797381,-0.6218678800226556,0.05,0.025,1,2-3
