,reject,pvals,pvals_corrected,tstats,effectsize,alpha,alpha_corrected,step,dimension_step
0,False,0.9999999968371998,1.0,-6.358006121684212,-0.9014255896186519,0.05,0.025,0,1-2
1,False,0.6458613616491924,1.0,-0.37525003229699355,-0.053202210747184966,0.05,0.025,1,2-3
