,reject,pvals,pvals_corrected,tstats,effectsize,alpha,alpha_corrected,step,dimension_step
0,False,0.7802854551082414,1.0,-0.7762889625166377,-0.11006072066593829,0.05,0.025,0,1-2
1,False,0.9999999914323972,1.0,-6.140841258822206,-0.8706363829391872,0.05,0.025,1,2-3
