,reject,pvals,pvals_corrected,tstats,effectsize,alpha,alpha_corrected,step,dimension_step
0,False,0.9765264575424509,1.0,-2.0119054123197073,-0.2852439881068938,0.05,0.025,0,1-2
1,False,0.9997859072968791,1.0,-3.6450187097199365,-0.516783575966413,0.05,0.025,1,2-3
