{
  "data": {
    "name": "normal-1-60",
    "n_dimension": 1,
    "distance": "euclidean",
    "subject": null,
    "n_objects": 60,
    "n_train_triplets": 982,
    "n_test_triplets": 10000,
    "frac_train_ndlogn": 3.997383810263413,
    "frac_train_triplets": 0.009565556204948374,
    "max_train_score": 0.654786150712831,
    "max_test_score": 0.6892,
    "noise_sd": 2.0,
    "distance_sd": 1.0083486241750443,
    "distance_mean": 1.4044868308389074,
    "difference_sd": 0.9310124100094926,
    "difference_mean": -0.0548033423959916
  },
  "n_repeats": 10,
  "n_splits": 10,
  "embedding_method": "soe",
  "embedding_dimension": [
    1,
    2,
    3
  ],
  "random_state": 1129153558,
  "alpha": 0.05
}