{
  "data": {
    "name": "normal-1-60",
    "n_dimension": 1,
    "distance": "euclidean",
    "subject": null,
    "n_objects": 60,
    "n_train_triplets": 1965,
    "n_test_triplets": 10000,
    "frac_train_ndlogn": 7.998838276138092,
    "frac_train_triplets": 0.01914085330216248,
    "max_train_score": 0.7618320610687023,
    "max_test_score": 0.7688,
    "noise_sd": 1.0,
    "distance_sd": 1.0049767152736278,
    "distance_mean": 1.2538129962723155,
    "difference_sd": 0.8768469119989589,
    "difference_mean": -0.14834163345251314
  },
  "n_repeats": 10,
  "n_splits": 10,
  "embedding_method": "soe",
  "embedding_dimension": [
    1,
    2,
    3
  ],
  "random_state": 1428118625,
  "alpha": 0.05
}