,reject,pvals,pvals_corrected,tstats,effectsize,alpha,alpha_corrected,step,dimension_step
0,False,0.9999978003667183,1.0,-4.860585562729797,-0.6891242510497904,0.05,0.025,0,1-2
1,False,0.9803930827642997,1.0,-2.0896376766199958,-0.2962647154918997,0.05,0.025,1,2-3
