,reject,pvals,pvals_corrected,tstats,effectsize,alpha,alpha_corrected,step,dimension_step
0,False,0.9999987204340957,1.0,-4.992543095635361,-0.7078329302532183,0.05,0.025,0,1-2
1,False,0.999999893466617,1.0,-5.576589597105154,-0.7906378932991893,0.05,0.025,1,2-3
