{
  "data": {
    "name": "normal-1-60",
    "n_dimension": 1,
    "distance": "euclidean",
    "subject": null,
    "n_objects": 60,
    "n_train_triplets": 982,
    "n_test_triplets": 10000,
    "frac_train_ndlogn": 3.997383810263413,
    "frac_train_triplets": 0.009565556204948374,
    "max_train_score": 0.7067209775967414,
    "max_test_score": 0.669,
    "noise_sd": 2.0,
    "distance_sd": 1.0058567133997005,
    "distance_mean": 1.294777694786609,
    "difference_sd": 0.8893933346109598,
    "difference_mean": -0.12263151571264809
  },
  "n_repeats": 10,
  "n_splits": 10,
  "embedding_method": "soe",
  "embedding_dimension": [
    1,
    2,
    3
  ],
  "random_state": 555439066,
  "alpha": 0.05
}