,reject,pvals,pvals_corrected,tstats,effectsize,alpha,alpha_corrected,step,dimension_step
0,False,0.9999519995017973,1.0,-4.066165264676148,-0.5764929053303023,0.05,0.025,0,1-2
1,False,0.999999999992089,1.0,-7.615701832494398,-1.0797392112132163,0.05,0.025,1,2-3
