,reject,pvals,pvals_corrected,tstats,effectsize,alpha,alpha_corrected,step,dimension_step
0,False,0.999999999542851,1.0,-6.771926359616967,-0.9601103859828914,0.05,0.025,0,1-2
1,False,0.9999999939114025,1.0,-6.215609694124066,-0.8812369044842954,0.05,0.025,1,2-3
