,reject,pvals,pvals_corrected,tstats,effectsize,alpha,alpha_corrected,step,dimension_step
0,False,0.9999594477278313,1.0,-4.111927540465045,-0.5829809906900519,0.05,0.025,0,1-2
1,False,0.9998997996281168,1.0,-3.8625261090594094,-0.547621346793231,0.05,0.025,1,2-3
