,reject,pvals,pvals_corrected,tstats,effectsize,alpha,alpha_corrected,step,dimension_step
0,False,0.9999999999772232,1.0,-7.398303311499023,-1.0489168769436532,0.05,0.025,0,1-2
1,False,0.9999946675564271,1.0,-4.64055656594599,-0.6579289731021019,0.05,0.025,1,2-3
