,reject,pvals,pvals_corrected,tstats,effectsize,alpha,alpha_corrected,step,dimension_step
0,False,0.9991866388817712,1.0,-3.2402747203903233,-0.4593997700619598,0.05,0.025,0,1-2
1,False,0.9999782764337203,1.0,-4.278690593375152,-0.6066243279909412,0.05,0.025,1,2-3
