,reject,pvals,pvals_corrected,tstats,effectsize,alpha,alpha_corrected,step,dimension_step
0,False,0.9995690588560323,1.0,-3.4368389775832417,-0.4872682634303088,0.05,0.025,0,1-2
1,False,0.9999990756615614,1.0,-5.070863955060062,-0.7189371074960752,0.05,0.025,1,2-3
