,reject,pvals,pvals_corrected,tstats,effectsize,alpha,alpha_corrected,step,dimension_step
0,False,0.9960303271858513,1.0,-2.709625537909572,-0.3841653737679757,0.05,0.025,0,1-2
1,False,0.9999402395260937,1.0,-4.006211964085308,-0.567992844414921,0.05,0.025,1,2-3
