,reject,pvals,pvals_corrected,tstats,effectsize,alpha,alpha_corrected,step,dimension_step
0,False,0.9999999999882645,1.0,-7.5348069497979,-1.0682700940188927,0.05,0.025,0,1-2
1,False,0.9999999999176278,1.0,-7.131792582786616,-1.0111315105612693,0.05,0.025,1,2-3
