,reject,pvals,pvals_corrected,tstats,effectsize,alpha,alpha_corrected,step,dimension_step
0,False,0.3872282003464287,0.7744564006928574,0.28733499999063894,0.040737790563187756,0.05,0.025,0,1-2
1,False,0.9999374756610138,0.9999374756610138,-3.9937727740951168,-0.5662292405497024,0.05,0.025,1,2-3
