,reject,pvals,pvals_corrected,tstats,effectsize,alpha,alpha_corrected,step,dimension_step
0,False,0.9999999333048926,1.0,-5.683283366505718,-0.8057647258548432,0.05,0.025,0,1-2
1,False,0.9999627402055875,1.0,-4.134790180565796,-0.5862224107891567,0.05,0.025,1,2-3
