,reject,pvals,pvals_corrected,tstats,effectsize,alpha,alpha_corrected,step,dimension_step
0,False,0.9967324053927011,1.0,-2.7784698051837164,-0.3939259784342419,0.05,0.025,0,1-2
1,False,0.9980131014768974,1.0,-2.9493387322918694,-0.41815143849485165,0.05,0.025,1,2-3
