,reject,pvals,pvals_corrected,tstats,effectsize,alpha,alpha_corrected,step,dimension_step
0,False,0.9999971770685406,1.0,-4.799162546015425,-0.680415816676147,0.05,0.025,0,1-2
1,False,0.9997514414299636,1.0,-3.6012646462181395,-0.510580210990748,0.05,0.025,1,2-3
