,reject,pvals,pvals_corrected,tstats,effectsize,alpha,alpha_corrected,step,dimension_step
0,False,0.9999999872557788,1.0,-6.05345638449887,-0.8582471275101913,0.05,0.025,0,1-2
1,False,0.9999999999999981,1.0,-9.30239107363411,-1.3188746908901448,0.05,0.025,1,2-3
