{
  "data": {
    "name": "normal-1-60",
    "n_dimension": 1,
    "distance": "euclidean",
    "subject": null,
    "n_objects": 60,
    "n_train_triplets": 491,
    "n_test_triplets": 10000,
    "frac_train_ndlogn": 1.9986919051317065,
    "frac_train_triplets": 0.004782778102474187,
    "max_train_score": 0.6517311608961304,
    "max_test_score": 0.6609,
    "noise_sd": 2.0,
    "distance_sd": 1.0048243057352177,
    "distance_mean": 1.2465851642438253,
    "difference_sd": 0.8960084116859559,
    "difference_mean": -0.07874830313960485
  },
  "n_repeats": 10,
  "n_splits": 10,
  "embedding_method": "soe",
  "embedding_dimension": [
    1,
    2,
    3
  ],
  "random_state": 2697113117,
  "alpha": 0.05
}