,reject,pvals,pvals_corrected,tstats,effectsize,alpha,alpha_corrected,step,dimension_step
0,False,0.999696423591342,1.0,-3.5421018239977524,-0.5021922225423524,0.05,0.025,0,1-2
1,False,0.9994890399340367,1.0,-3.3848851957617,-0.4799023585357416,0.05,0.025,1,2-3
