,reject,pvals,pvals_corrected,tstats,effectsize,alpha,alpha_corrected,step,dimension_step
0,False,0.999999999998099,1.0,-7.9066212158558065,-1.1209851885933992,0.05,0.025,0,1-2
1,False,0.9999956998041954,1.0,-4.694543084099635,-0.6655830753515688,0.05,0.025,1,2-3
