,reject,pvals,pvals_corrected,tstats,effectsize,alpha,alpha_corrected,step,dimension_step
0,False,0.9817256359443958,1.0,-2.119506783991967,-0.3004994987256456,0.05,0.025,0,1-2
1,False,0.9999349058445108,1.0,-3.98267024266017,-0.5646551455026917,0.05,0.025,1,2-3
