,reject,pvals,pvals_corrected,tstats,effectsize,alpha,alpha_corrected,step,dimension_step
0,False,0.9416291446460542,1.0,-1.5824269772577428,-0.22435338118629608,0.05,0.025,0,1-2
1,False,0.9999974143605538,1.0,-4.820828475503358,-0.6834875695007767,0.05,0.025,1,2-3
