,reject,pvals,pvals_corrected,tstats,effectsize,alpha,alpha_corrected,step,dimension_step
0,False,0.98516022093279,1.0,-2.2062351872959116,-0.3127956809860416,0.05,0.025,0,1-2
1,False,0.9999998969141963,1.0,-5.5841147967861495,-0.7917048012935531,0.05,0.025,1,2-3
