,reject,pvals,pvals_corrected,tstats,effectsize,alpha,alpha_corrected,step,dimension_step
0,False,0.999995266321797,1.0,-4.670487168276966,-0.6621724749700577,0.05,0.025,0,1-2
1,False,0.9396831847435372,1.0,-1.5655985059023145,-0.22196747365119462,0.05,0.025,1,2-3
