,reject,pvals,pvals_corrected,tstats,effectsize,alpha,alpha_corrected,step,dimension_step
0,False,0.9883864115788034,1.0,-2.305466373755747,-0.3268644832254802,0.05,0.025,0,1-2
1,False,0.9422943208056864,1.0,-1.5882818889443582,-0.2251834790374561,0.05,0.025,1,2-3
