,reject,pvals,pvals_corrected,tstats,effectsize,alpha,alpha_corrected,step,dimension_step
0,True,0.0005426369464479561,0.0010852738928959123,3.366410145647232,0.4772830023061416,0.05,0.025,0,1-2
1,False,0.9999472107599804,0.9999472107599804,-4.04021567050565,-0.5728138229611098,0.05,0.025,1,2-3
