{
  "data": {
    "name": "normal-1-60",
    "n_dimension": 1,
    "distance": "euclidean",
    "subject": null,
    "n_objects": 60,
    "n_train_triplets": 982,
    "n_test_triplets": 10000,
    "frac_train_ndlogn": 3.997383810263413,
    "frac_train_triplets": 0.009565556204948374,
    "max_train_score": 0.780040733197556,
    "max_test_score": 0.7856,
    "noise_sd": 1.0,
    "distance_sd": 1.006953131899468,
    "distance_mean": 1.3441187871687639,
    "difference_sd": 0.9046536898652788,
    "difference_mean": -0.09713387223313436
  },
  "n_repeats": 10,
  "n_splits": 10,
  "embedding_method": "soe",
  "embedding_dimension": [
    1,
    2,
    3
  ],
  "random_state": 137095301,
  "alpha": 0.05
}