,reject,pvals,pvals_corrected,tstats,effectsize,alpha,alpha_corrected,step,dimension_step
0,False,0.9521156079866693,1.0,-1.6817526961974048,-0.23843558605459902,0.05,0.025,0,1-2
1,False,0.999999816949405,1.0,-5.452067783990885,-0.772983435807541,0.05,0.025,1,2-3
