,reject,pvals,pvals_corrected,tstats,effectsize,alpha,alpha_corrected,step,dimension_step
0,False,0.9999999973126221,1.0,-6.393232015030641,-0.9064198474208507,0.05,0.025,0,1-2
1,False,0.9059918794256847,1.0,-1.325620567659788,-0.1879438740610711,0.05,0.025,1,2-3
