,reject,pvals,pvals_corrected,tstats,effectsize,alpha,alpha_corrected,step,dimension_step
0,False,0.9880107702426563,1.0,-2.2927469784044883,-0.32506115239586725,0.05,0.025,0,1-2
1,False,0.9267990994319671,1.0,-1.4638543782906028,-0.20754239156298682,0.05,0.025,1,2-3
