,reject,pvals,pvals_corrected,tstats,effectsize,alpha,alpha_corrected,step,dimension_step
0,True,0.0005542938023881254,0.0011085876047762509,3.3598655481010122,0.4763551221517332,0.05,0.025,0,1-2
1,False,0.9999882668248193,0.9999882668248193,-4.439509350752641,-0.6294248947749729,0.05,0.025,1,2-3
