,reject,pvals,pvals_corrected,tstats,effectsize,alpha,alpha_corrected,step,dimension_step
0,False,0.9999027115364174,1.0,-3.870815553410107,-0.5487966078921397,0.05,0.025,0,1-2
1,False,0.9964908241049805,1.0,-2.7533778879200486,-0.390368495808215,0.05,0.025,1,2-3
