,reject,pvals,pvals_corrected,tstats,effectsize,alpha,alpha_corrected,step,dimension_step
0,False,0.9999253026167131,1.0,-3.944591591778123,-0.5592564293539033,0.05,0.025,0,1-2
1,False,0.9994727594036169,1.0,-3.375259557069066,-0.4785376544338737,0.05,0.025,1,2-3
