,reject,pvals,pvals_corrected,tstats,effectsize,alpha,alpha_corrected,step,dimension_step
0,False,0.9999999273624249,1.0,-5.663907814646234,-0.8030176982608378,0.05,0.025,0,1-2
1,False,0.9999991722351194,1.0,-5.097296475114598,-0.722684658146271,0.05,0.025,1,2-3
