,reject,pvals,pvals_corrected,tstats,effectsize,alpha,alpha_corrected,step,dimension_step
0,False,0.9999999998209439,1.0,-6.969454611842776,-0.9881155526689885,0.05,0.025,0,1-2
1,False,0.7608541390981975,1.0,-0.7117527970421549,-0.10091091019058249,0.05,0.025,1,2-3
