{
  "data": {
    "name": "normal-1-60",
    "n_dimension": 1,
    "distance": "euclidean",
    "subject": null,
    "n_objects": 60,
    "n_train_triplets": 491,
    "n_test_triplets": 10000,
    "frac_train_ndlogn": 1.9986919051317065,
    "frac_train_triplets": 0.004782778102474187,
    "max_train_score": 0.8635437881873728,
    "max_test_score": 0.8777,
    "noise_sd": 0.5,
    "distance_sd": 1.007018687581086,
    "distance_mean": 1.3470133349183169,
    "difference_sd": 0.9512784049520899,
    "difference_mean": -0.1525363005963247
  },
  "n_repeats": 10,
  "n_splits": 10,
  "embedding_method": "soe",
  "embedding_dimension": [
    1,
    2,
    3
  ],
  "random_state": 109293288,
  "alpha": 0.05
}