,reject,pvals,pvals_corrected,tstats,effectsize,alpha,alpha_corrected,step,dimension_step
0,False,0.9998426424104427,1.0,-3.7342063807545047,-0.5294284283635908,0.05,0.025,0,1-2
1,False,0.8177310321466696,1.0,-0.9109433331700274,-0.12915175221543404,0.05,0.025,1,2-3
