,reject,pvals,pvals_corrected,tstats,effectsize,alpha,alpha_corrected,step,dimension_step
0,False,0.061285196003758154,0.12257039200751631,1.557384407699197,0.2208028949807404,0.05,0.025,0,1-2
1,False,0.9772391441102415,0.9772391441102415,-2.0253627284428863,-0.2871519398906533,0.05,0.025,1,2-3
