,reject,pvals,pvals_corrected,tstats,effectsize,alpha,alpha_corrected,step,dimension_step
0,False,0.9461868353935007,1.0,-1.6236695707320918,-0.23020067488631682,0.05,0.025,0,1-2
1,False,0.9999930610478666,1.0,-4.57398800859652,-0.648491014108298,0.05,0.025,1,2-3
