,reject,pvals,pvals_corrected,tstats,effectsize,alpha,alpha_corrected,step,dimension_step
0,False,0.23074865529426863,0.46149731058853727,0.7392617607528719,0.10481107690293577,0.05,0.025,0,1-2
1,False,0.9999998916208227,0.9999998916208227,-5.572658299190596,-0.7900805216212177,0.05,0.025,1,2-3
