,reject,pvals,pvals_corrected,tstats,effectsize,alpha,alpha_corrected,step,dimension_step
0,False,0.07727718414840268,0.15455436829680536,1.4345936151124616,0.20339385817126987,0.05,0.025,0,1-2
1,False,0.99901135758944,0.99901135758944,-3.178258971463455,-0.45060729928226256,0.05,0.025,1,2-3
