,reject,pvals,pvals_corrected,tstats,effectsize,alpha,alpha_corrected,step,dimension_step
0,False,0.9998792801781395,1.0,-3.809896233693518,-0.5401595866871103,0.05,0.025,0,1-2
1,False,0.9999999999428285,1.0,-7.207776564013037,-1.0219043698142665,0.05,0.025,1,2-3
