,reject,pvals,pvals_corrected,tstats,effectsize,alpha,alpha_corrected,step,dimension_step
0,False,0.999997648283724,1.0,-4.844167855259858,-0.6867965808096183,0.05,0.025,0,1-2
1,False,0.9999405111731962,1.0,-4.007464123153642,-0.5681703730622465,0.05,0.025,1,2-3
