,reject,pvals,pvals_corrected,tstats,effectsize,alpha,alpha_corrected,step,dimension_step
0,False,0.999999985977895,1.0,-6.0323507239083485,-0.8552548085067201,0.05,0.025,0,1-2
1,False,0.999999997438587,1.0,-6.4035998329727954,-0.9078897762354348,0.05,0.025,1,2-3
