{
  "data": {
    "name": "normal-1-60",
    "n_dimension": 1,
    "distance": "euclidean",
    "subject": null,
    "n_objects": 60,
    "n_train_triplets": 1965,
    "n_test_triplets": 10000,
    "frac_train_ndlogn": 7.998838276138092,
    "frac_train_triplets": 0.01914085330216248,
    "max_train_score": 0.7506361323155216,
    "max_test_score": 0.763,
    "noise_sd": 1.0,
    "distance_sd": 1.004102801689547,
    "distance_mean": 1.2117991081942563,
    "difference_sd": 0.8565446405907909,
    "difference_mean": -0.13223986740896973
  },
  "n_repeats": 10,
  "n_splits": 10,
  "embedding_method": "soe",
  "embedding_dimension": [
    1,
    2,
    3
  ],
  "random_state": 2153038649,
  "alpha": 0.05
}