,reject,pvals,pvals_corrected,tstats,effectsize,alpha,alpha_corrected,step,dimension_step
0,False,0.9999999999255929,1.0,-7.15297503156155,-1.0141347164423378,0.05,0.025,0,1-2
1,False,0.9999999997721096,1.0,-6.918801583763342,-0.9809340660789161,0.05,0.025,1,2-3
