,reject,pvals,pvals_corrected,tstats,effectsize,alpha,alpha_corrected,step,dimension_step
0,False,0.9999905933276083,1.0,-4.4963740584718055,-0.6374870610741555,0.05,0.025,0,1-2
1,False,0.9989403243618418,1.0,-3.1560120946874637,-0.4474531808949624,0.05,0.025,1,2-3
