,reject,pvals,pvals_corrected,tstats,effectsize,alpha,alpha_corrected,step,dimension_step
0,False,0.9999999769685926,1.0,-5.922248325940268,-0.8396447073040315,0.05,0.025,0,1-2
1,False,0.9999987278267755,1.0,-4.993944248956126,-0.7080315830122976,0.05,0.025,1,2-3
