,reject,pvals,pvals_corrected,tstats,effectsize,alpha,alpha_corrected,step,dimension_step
0,True,0.018858622202932735,0.03771724440586547,2.106186613846444,0.29861099122857065,0.05,0.025,0,1-2
1,False,0.9916875285689933,0.9916875285689933,-2.436301867721128,-0.3454140819571577,0.05,0.025,1,2-3
