,reject,pvals,pvals_corrected,tstats,effectsize,alpha,alpha_corrected,step,dimension_step
0,False,0.9999999999999756,1.0,-8.784008828471988,-1.2453794768167545,0.05,0.025,0,1-2
1,False,0.9999999987592104,1.0,-6.559398155141728,-0.9299785556003599,0.05,0.025,1,2-3
