,reject,pvals,pvals_corrected,tstats,effectsize,alpha,alpha_corrected,step,dimension_step
0,False,0.999724542253693,1.0,-3.570941561314625,-0.5062810637164188,0.05,0.025,0,1-2
1,False,0.9999995228729734,1.0,-5.228226560056683,-0.7412476678003849,0.05,0.025,1,2-3
