,reject,pvals,pvals_corrected,tstats,effectsize,alpha,alpha_corrected,step,dimension_step
0,False,0.9985817059778561,1.0,-3.061360699349738,-0.43403369242364015,0.05,0.025,0,1-2
1,False,0.8710289928233836,1.0,-1.1378196108577698,-0.16131782416803286,0.05,0.025,1,2-3
