,reject,pvals,pvals_corrected,tstats,effectsize,alpha,alpha_corrected,step,dimension_step
0,False,0.999384943163359,1.0,-3.3277120658192962,-0.4717964647410022,0.05,0.025,0,1-2
1,False,0.999999990586366,1.0,-6.120163578644905,-0.8677047421560493,0.05,0.025,1,2-3
