,reject,pvals,pvals_corrected,tstats,effectsize,alpha,alpha_corrected,step,dimension_step
0,False,0.9999999999998272,1.0,-8.391377338405084,-1.1897129572094007,0.05,0.025,0,1-2
1,False,0.9999999999682413,1.0,-7.329635082426032,-1.039181230626944,0.05,0.025,1,2-3
