{
  "data": {
    "name": "normal-1-60",
    "n_dimension": 1,
    "distance": "euclidean",
    "subject": null,
    "n_objects": 60,
    "n_train_triplets": 1965,
    "n_test_triplets": 10000,
    "frac_train_ndlogn": 7.998838276138092,
    "frac_train_triplets": 0.01914085330216248,
    "max_train_score": 0.7872773536895674,
    "max_test_score": 0.782,
    "noise_sd": 1.0,
    "distance_sd": 1.0065202746190565,
    "distance_mean": 1.324852468491258,
    "difference_sd": 0.8826238174580002,
    "difference_mean": -0.12271914895442573
  },
  "n_repeats": 10,
  "n_splits": 10,
  "embedding_method": "soe",
  "embedding_dimension": [
    1,
    2,
    3
  ],
  "random_state": 750626535,
  "alpha": 0.05
}