,reject,pvals,pvals_corrected,tstats,effectsize,alpha,alpha_corrected,step,dimension_step
0,False,0.9999999977803199,1.0,-6.434488324224161,-0.9122690857085306,0.05,0.025,0,1-2
1,False,0.9160210649987629,1.0,-1.3889721529545607,-0.1969257370908741,0.05,0.025,1,2-3
