{
  "data": {
    "name": "normal-1-60",
    "n_dimension": 1,
    "distance": "euclidean",
    "subject": null,
    "n_objects": 60,
    "n_train_triplets": 1965,
    "n_test_triplets": 10000,
    "frac_train_ndlogn": 7.998838276138092,
    "frac_train_triplets": 0.01914085330216248,
    "max_train_score": 0.8844783715012723,
    "max_test_score": 0.8763,
    "noise_sd": 0.5,
    "distance_sd": 1.0067353586191283,
    "distance_mean": 1.3344595118168443,
    "difference_sd": 0.9024887401276068,
    "difference_mean": -0.10697988335678701
  },
  "n_repeats": 10,
  "n_splits": 10,
  "embedding_method": "soe",
  "embedding_dimension": [
    1,
    2,
    3
  ],
  "random_state": 2957781314,
  "alpha": 0.05
}