,reject,pvals,pvals_corrected,tstats,effectsize,alpha,alpha_corrected,step,dimension_step
0,False,0.9999995113211227,1.0,-5.222576343418256,-0.7404465912101317,0.05,0.025,0,1-2
1,False,0.9998590222636881,1.0,-3.7657145748400005,-0.5338955980843733,0.05,0.025,1,2-3
