{
  "data": {
    "name": "normal-1-60",
    "n_dimension": 1,
    "distance": "euclidean",
    "subject": null,
    "n_objects": 60,
    "n_train_triplets": 1965,
    "n_test_triplets": 10000,
    "frac_train_ndlogn": 7.998838276138092,
    "frac_train_triplets": 0.01914085330216248,
    "max_train_score": 0.6692111959287532,
    "max_test_score": 0.6833,
    "noise_sd": 2.0,
    "distance_sd": 1.0076074363117185,
    "distance_mean": 1.372743723446981,
    "difference_sd": 0.9376830356812627,
    "difference_mean": -0.05614699469698243
  },
  "n_repeats": 10,
  "n_splits": 10,
  "embedding_method": "soe",
  "embedding_dimension": [
    1,
    2,
    3
  ],
  "random_state": 2612931935,
  "alpha": 0.05
}