,reject,pvals,pvals_corrected,tstats,effectsize,alpha,alpha_corrected,step,dimension_step
0,False,0.7360847271848612,1.0,-0.6335576471845203,-0.08982455580263402,0.05,0.025,0,1-2
1,False,0.9974821165952664,1.0,-2.8688631713951587,-0.40674177191969696,0.05,0.025,1,2-3
