,reject,pvals,pvals_corrected,tstats,effectsize,alpha,alpha_corrected,step,dimension_step
0,False,0.9999729344865177,1.0,-4.220408807317801,-0.5983612511150639,0.05,0.025,0,1-2
1,False,0.9906268519358936,1.0,-2.3898856172209064,-0.33883327735045093,0.05,0.025,1,2-3
