,reject,pvals,pvals_corrected,tstats,effectsize,alpha,alpha_corrected,step,dimension_step
0,False,0.9999989032353659,1.0,-5.02975029591404,-0.7131080938512651,0.05,0.025,0,1-2
1,False,0.9999998889378717,1.0,-5.5670595193279455,-0.78928673763576,0.05,0.025,1,2-3
