,reject,pvals,pvals_corrected,tstats,effectsize,alpha,alpha_corrected,step,dimension_step
0,False,0.9999999999903971,1.0,-7.575971425125534,-1.0741063122818795,0.05,0.025,0,1-2
1,False,0.9999999986241229,1.0,-6.537266432451405,-0.9268407635325984,0.05,0.025,1,2-3
