,reject,pvals,pvals_corrected,tstats,effectsize,alpha,alpha_corrected,step,dimension_step
0,False,0.9999998981935043,1.0,-5.586970167515462,-0.7921096301335997,0.05,0.025,0,1-2
1,False,0.9999998282225268,1.0,-5.466759478624689,-0.7750663953461622,0.05,0.025,1,2-3
