,reject,pvals,pvals_corrected,tstats,effectsize,alpha,alpha_corrected,step,dimension_step
0,False,0.060768897562672876,0.12153779512534575,1.5617508772548823,0.22142196443717918,0.05,0.025,0,1-2
1,False,0.9998981028029917,0.9998981028029917,-3.8578010169633314,-0.5469514325391093,0.05,0.025,1,2-3
