,reject,pvals,pvals_corrected,tstats,effectsize,alpha,alpha_corrected,step,dimension_step
0,False,0.9998989237336738,1.0,-3.8600775886356846,-0.5472742003884609,0.05,0.025,0,1-2
1,False,0.9999999999955748,1.0,-7.734517116108701,-1.096584608187977,0.05,0.025,1,2-3
