,reject,pvals,pvals_corrected,tstats,effectsize,alpha,alpha_corrected,step,dimension_step
0,False,0.9999996743845931,1.0,-5.318053594772854,-0.7539831679214936,0.05,0.025,0,1-2
1,False,0.999949440459174,1.0,-4.052004700723682,-0.574485248453935,0.05,0.025,1,2-3
