,reject,pvals,pvals_corrected,tstats,effectsize,alpha,alpha_corrected,step,dimension_step
0,False,0.9999117781380048,1.0,-3.8982319967607006,-0.5526836572499986,0.05,0.025,0,1-2
1,False,0.9997347502792385,1.0,-3.582104789106048,-0.5078637641733452,0.05,0.025,1,2-3
