{
  "data": {
    "name": "normal-1-60",
    "n_dimension": 1,
    "distance": "euclidean",
    "subject": null,
    "n_objects": 60,
    "n_train_triplets": 1965,
    "n_test_triplets": 10000,
    "frac_train_ndlogn": 7.998838276138092,
    "frac_train_triplets": 0.01914085330216248,
    "max_train_score": 0.7806615776081425,
    "max_test_score": 0.7819,
    "noise_sd": 1.0,
    "distance_sd": 1.0060489747696304,
    "distance_mean": 1.303560958221673,
    "difference_sd": 0.880213710040093,
    "difference_mean": -0.11571804907697143
  },
  "n_repeats": 10,
  "n_splits": 10,
  "embedding_method": "soe",
  "embedding_dimension": [
    1,
    2,
    3
  ],
  "random_state": 2103719741,
  "alpha": 0.05
}