,reject,pvals,pvals_corrected,tstats,effectsize,alpha,alpha_corrected,step,dimension_step
0,False,0.5412264978955814,1.0,-0.10378869514444714,-0.014714956847438624,0.05,0.025,0,1-2
1,False,0.9999970688594196,1.0,-4.7898641359638425,-0.6790975064067252,0.05,0.025,1,2-3
