,reject,pvals,pvals_corrected,tstats,effectsize,alpha,alpha_corrected,step,dimension_step
0,False,0.9984347548538758,1.0,-3.0288944346348763,-0.4294306893353768,0.05,0.025,0,1-2
1,False,0.9999999989762818,1.0,-6.600512139767373,-0.9358076153910302,0.05,0.025,1,2-3
