,reject,pvals,pvals_corrected,tstats,effectsize,alpha,alpha_corrected,step,dimension_step
0,False,0.999858571614509,1.0,-3.7648021293825056,-0.5337662333639286,0.05,0.025,0,1-2
1,False,0.9998872792463153,1.0,-3.8293177617882663,-0.5429131327012287,0.05,0.025,1,2-3
