,reject,pvals,pvals_corrected,tstats,effectsize,alpha,alpha_corrected,step,dimension_step
0,False,0.9999999999986907,1.0,-7.982350651001796,-1.1317219588042902,0.05,0.025,0,1-2
1,False,0.9999954630737233,1.0,-4.681129024076553,-0.6636812563325137,0.05,0.025,1,2-3
