,reject,pvals,pvals_corrected,tstats,effectsize,alpha,alpha_corrected,step,dimension_step
0,False,0.9999999157321436,1.0,-5.630120049282392,-0.798227335412472,0.05,0.025,0,1-2
1,False,0.9999999461762512,1.0,-5.731826750189691,-0.8126471112162178,0.05,0.025,1,2-3
