,reject,pvals,pvals_corrected,tstats,effectsize,alpha,alpha_corrected,step,dimension_step
0,False,0.9998532805190801,1.0,-3.754291094869034,-0.532275999585843,0.05,0.025,0,1-2
1,False,0.9999986025415827,1.0,-4.971204774610554,-0.7048076251114603,0.05,0.025,1,2-3
