,reject,pvals,pvals_corrected,tstats,effectsize,alpha,alpha_corrected,step,dimension_step
0,False,0.9999961646645389,1.0,-4.72310807223122,-0.6696329631271003,0.05,0.025,0,1-2
1,False,0.9999999951649593,1.0,-6.265871551241547,-0.8883629316255609,0.05,0.025,1,2-3
