,reject,pvals,pvals_corrected,tstats,effectsize,alpha,alpha_corrected,step,dimension_step
0,False,0.9994501263955393,1.0,-3.3623318692207866,-0.47670479230414137,0.05,0.025,0,1-2
1,False,0.8652830314864002,1.0,-1.1105924551737614,-0.15745761164285293,0.05,0.025,1,2-3
