,reject,pvals,pvals_corrected,tstats,effectsize,alpha,alpha_corrected,step,dimension_step
0,False,0.9917485890629596,1.0,-2.439131624918134,-0.34581527936102446,0.05,0.025,0,1-2
1,False,0.606356570299752,1.0,-0.2705676448156349,-0.03836054795981486,0.05,0.025,1,2-3
