,reject,pvals,pvals_corrected,tstats,effectsize,alpha,alpha_corrected,step,dimension_step
0,False,0.9998018837918644,1.0,-3.6676170750690757,-0.5199875277115663,0.05,0.025,0,1-2
1,False,0.9999423817437132,1.0,-4.016238135725402,-0.5694143352894683,0.05,0.025,1,2-3
