,reject,pvals,pvals_corrected,tstats,effectsize,alpha,alpha_corrected,step,dimension_step
0,False,0.8447561987696486,1.0,-1.0194216403690597,-0.1445315930265684,0.05,0.025,0,1-2
1,False,0.7862645544253304,1.0,-0.7968052818196601,-0.11296948402202525,0.05,0.025,1,2-3
