{
  "data": {
    "name": "normal-1-60",
    "n_dimension": 1,
    "distance": "euclidean",
    "subject": null,
    "n_objects": 60,
    "n_train_triplets": 982,
    "n_test_triplets": 10000,
    "frac_train_ndlogn": 3.997383810263413,
    "frac_train_triplets": 0.009565556204948374,
    "max_train_score": 0.7830957230142567,
    "max_test_score": 0.783,
    "noise_sd": 1.0,
    "distance_sd": 1.0069305291846185,
    "distance_mean": 1.3431193837370685,
    "difference_sd": 0.9468318523752628,
    "difference_mean": -0.1125129753994101
  },
  "n_repeats": 10,
  "n_splits": 10,
  "embedding_method": "soe",
  "embedding_dimension": [
    1,
    2,
    3
  ],
  "random_state": 1691730758,
  "alpha": 0.05
}