,reject,pvals,pvals_corrected,tstats,effectsize,alpha,alpha_corrected,step,dimension_step
0,False,0.9999999492294274,1.0,-5.745015775751317,-0.8145170252923992,0.05,0.025,0,1-2
1,False,0.999993452137055,1.0,-4.5886998605294895,-0.6505768315091072,0.05,0.025,1,2-3
