,reject,pvals,pvals_corrected,tstats,effectsize,alpha,alpha_corrected,step,dimension_step
0,False,0.9999999981344847,1.0,-6.471910884128459,-0.9175747825702748,0.05,0.025,0,1-2
1,False,0.9999999994261277,1.0,-6.723725660157842,-0.953276585716203,0.05,0.025,1,2-3
