,reject,pvals,pvals_corrected,tstats,effectsize,alpha,alpha_corrected,step,dimension_step
0,False,0.9998783475180886,1.0,-3.8077120983494237,-0.5398499242783809,0.05,0.025,0,1-2
1,False,0.9999999952859943,1.0,-6.271389333955708,-0.8891452319947813,0.05,0.025,1,2-3
