,reject,pvals,pvals_corrected,tstats,effectsize,alpha,alpha_corrected,step,dimension_step
0,False,0.9999990723764806,1.0,-5.0700129681842245,-0.7188164562523317,0.05,0.025,0,1-2
1,False,0.9999951974686216,1.0,-4.666864147555369,-0.6616588102255354,0.05,0.025,1,2-3
