,reject,pvals,pvals_corrected,tstats,effectsize,alpha,alpha_corrected,step,dimension_step
0,False,0.36607911427143675,0.7321582285428735,0.34322333251835974,0.0486615283101182,0.05,0.025,0,1-2
1,False,0.9986753229770052,0.9986753229770052,-3.083711182038995,-0.4372024998533329,0.05,0.025,1,2-3
