,reject,pvals,pvals_corrected,tstats,effectsize,alpha,alpha_corrected,step,dimension_step
0,False,0.9999973161074712,1.0,-4.811632182059316,-0.6821837371229139,0.05,0.025,0,1-2
1,False,0.9983099807275952,1.0,-3.0034716125086844,-0.42582629166946173,0.05,0.025,1,2-3
