,reject,pvals,pvals_corrected,tstats,effectsize,alpha,alpha_corrected,step,dimension_step
0,False,0.9424726976271086,1.0,-1.589861124300997,-0.22540737991695506,0.05,0.025,0,1-2
1,False,0.9999991397097081,1.0,-5.0880727414737565,-0.7213769353513331,0.05,0.025,1,2-3
