,reject,pvals,pvals_corrected,tstats,effectsize,alpha,alpha_corrected,step,dimension_step
0,False,0.9999999995138339,1.0,-6.758892967302321,-0.9582625372820399,0.05,0.025,0,1-2
1,False,0.9996300234949794,1.0,-3.482927499461491,-0.49380260331825904,0.05,0.025,1,2-3
