,reject,pvals,pvals_corrected,tstats,effectsize,alpha,alpha_corrected,step,dimension_step
0,False,0.9999999914757366,1.0,-6.141954010930648,-0.8707941467422182,0.05,0.025,0,1-2
1,False,0.9999693007887225,1.0,-4.186793922690211,-0.5935953989570982,0.05,0.025,1,2-3
