,reject,pvals,pvals_corrected,tstats,effectsize,alpha,alpha_corrected,step,dimension_step
0,False,0.9963034789805333,1.0,-2.7349813420057756,-0.38776026974955125,0.05,0.025,0,1-2
1,False,0.9225475566369814,1.0,-1.4333625644831216,-0.20321932223686448,0.05,0.025,1,2-3
