,reject,pvals,pvals_corrected,tstats,effectsize,alpha,alpha_corrected,step,dimension_step
0,False,0.712073358613218,0.712073358613218,-0.5613119703361759,-0.07958170598399206,0.05,0.025,0,1-2
1,False,0.22805131479803287,0.45610262959606573,0.748217745577583,0.10608083879789482,0.05,0.025,1,2-3
