,reject,pvals,pvals_corrected,tstats,effectsize,alpha,alpha_corrected,step,dimension_step
0,False,0.9999999890253776,1.0,-6.086414110346978,-0.8629198089902858,0.05,0.025,0,1-2
1,False,0.9999969954815464,1.0,-4.78374665059759,-0.6782301813762489,0.05,0.025,1,2-3
