,reject,pvals,pvals_corrected,tstats,effectsize,alpha,alpha_corrected,step,dimension_step
0,False,0.9999997590661184,1.0,-5.388339144410715,-0.7639481147635385,0.05,0.025,0,1-2
1,False,0.9996155427368179,1.0,-3.4713650120349118,-0.49216329661636465,0.05,0.025,1,2-3
