,reject,pvals,pvals_corrected,tstats,effectsize,alpha,alpha_corrected,step,dimension_step
0,False,0.9999999999999998,1.0,-9.676112439634114,-1.371860170339542,0.05,0.025,0,1-2
1,False,0.999868614231185,1.0,-3.7858241219783917,-0.5367466900838548,0.05,0.025,1,2-3
