,reject,pvals,pvals_corrected,tstats,effectsize,alpha,alpha_corrected,step,dimension_step
0,False,0.7691177527310549,1.0,-0.7388197452728479,-0.10474840881846471,0.05,0.025,0,1-2
1,False,0.9927526194825027,1.0,-2.4885647081921314,-0.3528238045785383,0.05,0.025,1,2-3
