,reject,pvals,pvals_corrected,tstats,effectsize,alpha,alpha_corrected,step,dimension_step
0,False,0.8876462287654769,1.0,-1.2217390034120403,-0.173215750415017,0.05,0.025,0,1-2
1,False,0.999999993054948,1.0,-6.186842920940154,-0.8771584080213406,0.05,0.025,1,2-3
