,reject,pvals,pvals_corrected,tstats,effectsize,alpha,alpha_corrected,step,dimension_step
0,False,0.9999999525528449,1.0,-5.760288794570675,-0.8166824038294758,0.05,0.025,0,1-2
1,False,0.9998488224482848,1.0,-3.7457110251395056,-0.5310595341929377,0.05,0.025,1,2-3
