,reject,pvals,pvals_corrected,tstats,effectsize,alpha,alpha_corrected,step,dimension_step
0,False,0.9806317413060888,1.0,-2.094855660599392,-0.2970045109867807,0.05,0.025,0,1-2
1,False,0.9999999999992136,1.0,-8.085647144762898,-1.1463671323086961,0.05,0.025,1,2-3
