,reject,pvals,pvals_corrected,tstats,effectsize,alpha,alpha_corrected,step,dimension_step
0,False,0.9942250231263641,1.0,-2.5735031381622124,-0.3648662079439476,0.05,0.025,0,1-2
1,False,0.9999999999996628,1.0,-8.256747020197858,-1.1706253357683651,0.05,0.025,1,2-3
