,reject,pvals,pvals_corrected,tstats,effectsize,alpha,alpha_corrected,step,dimension_step
0,False,0.9767045149897764,1.0,-2.015234512657831,-0.2857159813981487,0.05,0.025,0,1-2
1,False,0.9987025567066237,1.0,-3.090488457559523,-0.43816336863281774,0.05,0.025,1,2-3
