,reject,pvals,pvals_corrected,tstats,effectsize,alpha,alpha_corrected,step,dimension_step
0,False,0.9999834523840941,1.0,-4.350180266348774,-0.6167599930687254,0.05,0.025,0,1-2
1,False,0.9999999999995172,1.0,-8.184293835435167,-1.1603530658861907,0.05,0.025,1,2-3
