,reject,pvals,pvals_corrected,tstats,effectsize,alpha,alpha_corrected,step,dimension_step
0,False,0.9999999973631255,1.0,-6.3973299674765824,-0.9070008470501548,0.05,0.025,0,1-2
1,False,0.9999999992433386,1.0,-6.664958896257234,-0.9449447496365841,0.05,0.025,1,2-3
