,reject,pvals,pvals_corrected,tstats,effectsize,alpha,alpha_corrected,step,dimension_step
0,False,0.9997149560486199,1.0,-3.560808956555388,-0.5048444829637962,0.05,0.025,0,1-2
1,False,0.9999445380478168,1.0,-4.026697315795808,-0.5708972172467125,0.05,0.025,1,2-3
