,reject,pvals,pvals_corrected,tstats,effectsize,alpha,alpha_corrected,step,dimension_step
0,False,0.9999978111307843,1.0,-4.861789049948742,-0.6892948790981396,0.05,0.025,0,1-2
1,False,0.9995935116435946,1.0,-3.4545379994164245,-0.4897775958981146,0.05,0.025,1,2-3
