,reject,pvals,pvals_corrected,tstats,effectsize,alpha,alpha_corrected,step,dimension_step
0,False,0.9999999972467659,1.0,-6.3880010537124035,-0.9056782120244199,0.05,0.025,0,1-2
1,False,0.9999999996730778,1.0,-6.842792279308261,-0.9701576165484185,0.05,0.025,1,2-3
