,reject,pvals,pvals_corrected,tstats,effectsize,alpha,alpha_corrected,step,dimension_step
0,False,0.9999825730288034,1.0,-4.336633826869427,-0.6148394055510038,0.05,0.025,0,1-2
1,False,0.9999999999949375,1.0,-7.707033673695718,-1.0926880598349675,0.05,0.025,1,2-3
