,reject,pvals,pvals_corrected,tstats,effectsize,alpha,alpha_corrected,step,dimension_step
0,False,0.9999931068423202,1.0,-4.575668589592199,-0.6487292835729602,0.05,0.025,0,1-2
1,False,0.9999979501484869,1.0,-4.877871488416611,-0.6915750155593112,0.05,0.025,1,2-3
