,reject,pvals,pvals_corrected,tstats,effectsize,alpha,alpha_corrected,step,dimension_step
0,False,0.9565221422278611,1.0,-1.7288362223382376,-0.24511099568782893,0.05,0.025,0,1-2
1,False,0.9999670642185376,1.0,-4.167957746728009,-0.590924843015829,0.05,0.025,1,2-3
