,reject,pvals,pvals_corrected,tstats,effectsize,alpha,alpha_corrected,step,dimension_step
0,False,0.999999999647495,1.0,-6.826888649213196,-0.9679028311862862,0.05,0.025,0,1-2
1,False,0.9969637459150014,1.0,-2.804139270463768,-0.3975653446808941,0.05,0.025,1,2-3
