,reject,pvals,pvals_corrected,tstats,effectsize,alpha,alpha_corrected,step,dimension_step
0,False,0.9999999536529541,1.0,-5.76557686954044,-0.8174321366869687,0.05,0.025,0,1-2
1,False,0.9999993883871533,1.0,-5.169425636005462,-0.7329109885618703,0.05,0.025,1,2-3
