,reject,pvals,pvals_corrected,tstats,effectsize,alpha,alpha_corrected,step,dimension_step
0,False,0.9999954662257827,1.0,-4.681303129339738,-0.6637059406339314,0.05,0.025,0,1-2
1,False,0.9996565733785568,1.0,-3.505281632020331,-0.496971928219275,0.05,0.025,1,2-3
