,reject,pvals,pvals_corrected,tstats,effectsize,alpha,alpha_corrected,step,dimension_step
0,False,0.9999978816928531,1.0,-4.869823821528969,-0.6904340331930775,0.05,0.025,0,1-2
1,False,0.884926619383223,1.0,-1.2074211935553747,-0.17118579952395468,0.05,0.025,1,2-3
