,reject,pvals,pvals_corrected,tstats,effectsize,alpha,alpha_corrected,step,dimension_step
0,False,0.9999999999998713,1.0,-8.450740798953797,-1.1981293917649485,0.05,0.025,0,1-2
1,False,0.9890835955565943,1.0,-2.3300665713429516,-0.33035225080392777,0.05,0.025,1,2-3
