,reject,pvals,pvals_corrected,tstats,effectsize,alpha,alpha_corrected,step,dimension_step
0,False,0.9999994863212316,1.0,-5.210782491805597,-0.7387744821494692,0.05,0.025,0,1-2
1,False,0.8498479931757634,1.0,-1.0412320297185735,-0.14762382708594515,0.05,0.025,1,2-3
