,reject,pvals,pvals_corrected,tstats,effectsize,alpha,alpha_corrected,step,dimension_step
0,False,0.9999879548443912,1.0,-4.432728801250223,-0.6284635618167816,0.05,0.025,0,1-2
1,False,0.9999978691569346,1.0,-4.868377544833606,-0.6902289829307914,0.05,0.025,1,2-3
