,reject,pvals,pvals_corrected,tstats,effectsize,alpha,alpha_corrected,step,dimension_step
0,False,0.9673769751390726,1.0,-1.8642742426558003,-0.2643131315437789,0.05,0.025,0,1-2
1,False,0.9999967845658759,1.0,-4.766938538440072,-0.6758471603281418,0.05,0.025,1,2-3
