,reject,pvals,pvals_corrected,tstats,effectsize,alpha,alpha_corrected,step,dimension_step
0,False,0.942684386693968,1.0,-1.5917403671611272,-0.22567381526961255,0.05,0.025,0,1-2
1,False,0.9762430857824393,1.0,-2.0066514809383436,-0.28449909606013885,0.05,0.025,1,2-3
