,reject,pvals,pvals_corrected,tstats,effectsize,alpha,alpha_corrected,step,dimension_step
0,False,0.3508453746742054,0.7016907493484108,0.3841505280415038,0.05446410550960589,0.05,0.025,0,1-2
1,False,0.9869088431663449,0.9869088431663449,-2.2573596662699695,-0.32004400895571156,0.05,0.025,1,2-3
