,reject,pvals,pvals_corrected,tstats,effectsize,alpha,alpha_corrected,step,dimension_step
0,False,0.9999999999999986,1.0,-9.346093702692498,-1.3250707635916925,0.05,0.025,0,1-2
1,False,0.9999999999822192,1.0,-7.449348490033477,-1.0561539618531313,0.05,0.025,1,2-3
