,reject,pvals,pvals_corrected,tstats,effectsize,alpha,alpha_corrected,step,dimension_step
0,False,0.9926373125420095,1.0,-2.4825868906369504,-0.3519762813753231,0.05,0.025,0,1-2
1,False,0.6240984182828762,1.0,-0.3171427200936941,-0.04496387043081245,0.05,0.025,1,2-3
