,reject,pvals,pvals_corrected,tstats,effectsize,alpha,alpha_corrected,step,dimension_step
0,False,0.9999849258970606,1.0,-4.3745178458918925,-0.6202105271779526,0.05,0.025,0,1-2
1,False,0.9999834046590066,1.0,-4.349427442879872,-0.6166532592395427,0.05,0.025,1,2-3
