,reject,pvals,pvals_corrected,tstats,effectsize,alpha,alpha_corrected,step,dimension_step
0,False,1.0,1.0,-10.313966972949624,-1.4622939301976647,0.05,0.025,0,1-2
1,False,0.9999999676139796,1.0,-5.84610884795421,-0.8288498020266113,0.05,0.025,1,2-3
