,reject,pvals,pvals_corrected,tstats,effectsize,alpha,alpha_corrected,step,dimension_step
0,False,0.9999999216182136,1.0,-5.64660461158267,-0.8005644841988587,0.05,0.025,0,1-2
1,False,0.9999976954487695,1.0,-4.849146223944032,-0.6875024041197225,0.05,0.025,1,2-3
