,reject,pvals,pvals_corrected,tstats,effectsize,alpha,alpha_corrected,step,dimension_step
0,False,0.9999894888627026,1.0,-4.467861866148601,-0.6334446585843863,0.05,0.025,0,1-2
1,False,0.9999999999694409,1.0,-7.337597130621451,-1.0403100741435694,0.05,0.025,1,2-3
