{
  "data": {
    "name": "normal-1-60",
    "n_dimension": 1,
    "distance": "euclidean",
    "subject": null,
    "n_objects": 60,
    "n_train_triplets": 1965,
    "n_test_triplets": 10000,
    "frac_train_ndlogn": 7.998838276138092,
    "frac_train_triplets": 0.01914085330216248,
    "max_train_score": 0.7776081424936386,
    "max_test_score": 0.7765,
    "noise_sd": 1.0,
    "distance_sd": 1.0063231422287644,
    "distance_mean": 1.315987485449069,
    "difference_sd": 0.8951933088916807,
    "difference_mean": -0.12775481861403573
  },
  "n_repeats": 10,
  "n_splits": 10,
  "embedding_method": "soe",
  "embedding_dimension": [
    1,
    2,
    3
  ],
  "random_state": 3318074018,
  "alpha": 0.05
}