,reject,pvals,pvals_corrected,tstats,effectsize,alpha,alpha_corrected,step,dimension_step
0,False,0.9999986444699326,1.0,-4.978585622926655,-0.7058540672535237,0.05,0.025,0,1-2
1,False,0.9999802562000686,1.0,-4.3038726688596975,-0.6101945930720112,0.05,0.025,1,2-3
