{
  "data": {
    "name": "normal-1-60",
    "n_dimension": 1,
    "distance": "euclidean",
    "subject": null,
    "n_objects": 60,
    "n_train_triplets": 982,
    "n_test_triplets": 10000,
    "frac_train_ndlogn": 3.997383810263413,
    "frac_train_triplets": 0.009565556204948374,
    "max_train_score": 0.6710794297352343,
    "max_test_score": 0.6782,
    "noise_sd": 2.0,
    "distance_sd": 1.0068759851290539,
    "distance_mean": 1.34070468399267,
    "difference_sd": 0.8959526442460726,
    "difference_mean": -0.08823725826513688
  },
  "n_repeats": 10,
  "n_splits": 10,
  "embedding_method": "soe",
  "embedding_dimension": [
    1,
    2,
    3
  ],
  "random_state": 2301115587,
  "alpha": 0.05
}