,reject,pvals,pvals_corrected,tstats,effectsize,alpha,alpha_corrected,step,dimension_step
0,False,0.9999710421288377,1.0,-4.202396020185303,-0.5958074336208954,0.05,0.025,0,1-2
1,False,0.9999999999584105,1.0,-7.273803424784627,-1.031265528133808,0.05,0.025,1,2-3
