,reject,pvals,pvals_corrected,tstats,effectsize,alpha,alpha_corrected,step,dimension_step
0,False,0.9999998561821601,1.0,-5.507721813383121,-0.7808739545172432,0.05,0.025,0,1-2
1,False,0.8020696495999846,1.0,-0.8527420729112337,-0.12090009212872839,0.05,0.025,1,2-3
