,reject,pvals,pvals_corrected,tstats,effectsize,alpha,alpha_corrected,step,dimension_step
0,False,0.9923401155701104,1.0,-2.4675570228278514,-0.34984537630973966,0.05,0.025,0,1-2
1,False,0.8639877812715022,1.0,-1.1045674255915379,-0.15660339481139965,0.05,0.025,1,2-3
