,reject,pvals,pvals_corrected,tstats,effectsize,alpha,alpha_corrected,step,dimension_step
0,False,0.9999998616828504,1.0,-5.516694459015755,-0.782146078548746,0.05,0.025,0,1-2
1,False,0.999999997255799,1.0,-6.388711201825081,-0.9057788954256207,0.05,0.025,1,2-3
