,reject,pvals,pvals_corrected,tstats,effectsize,alpha,alpha_corrected,step,dimension_step
0,False,0.9999999820564138,1.0,-5.977742200625835,-0.8475125195947516,0.05,0.025,0,1-2
1,False,0.9999999999648654,1.0,-7.308734839955259,-1.0362180354000419,0.05,0.025,1,2-3
