,reject,pvals,pvals_corrected,tstats,effectsize,alpha,alpha_corrected,step,dimension_step
0,False,0.3456540640622312,0.6913081281244624,0.3982436627510972,0.05646220240068046,0.05,0.025,0,1-2
1,False,0.8897635312061006,0.8897635312061006,-1.233060877923209,-0.1748209434915086,0.05,0.025,1,2-3
