{
  "data": {
    "name": "normal-1-60",
    "n_dimension": 1,
    "distance": "euclidean",
    "subject": null,
    "n_objects": 60,
    "n_train_triplets": 491,
    "n_test_triplets": 10000,
    "frac_train_ndlogn": 1.9986919051317065,
    "frac_train_triplets": 0.004782778102474187,
    "max_train_score": 0.7963340122199593,
    "max_test_score": 0.7857,
    "noise_sd": 1.0,
    "distance_sd": 1.006658755005881,
    "distance_mean": 1.3310456138325042,
    "difference_sd": 0.9058508276752169,
    "difference_mean": -0.12382996661988273
  },
  "n_repeats": 10,
  "n_splits": 10,
  "embedding_method": "soe",
  "embedding_dimension": [
    1,
    2,
    3
  ],
  "random_state": 1244987005,
  "alpha": 0.05
}