,reject,pvals,pvals_corrected,tstats,effectsize,alpha,alpha_corrected,step,dimension_step
0,False,0.9999614612016927,1.0,-4.125686905943662,-0.5849317664367187,0.05,0.025,0,1-2
1,False,0.9999999986329394,1.0,-6.538643907395558,-0.9270360592180622,0.05,0.025,1,2-3
