,reject,pvals,pvals_corrected,tstats,effectsize,alpha,alpha_corrected,step,dimension_step
0,False,0.9999999999999997,1.0,-9.678455678123788,-1.3721923900789927,0.05,0.025,0,1-2
1,False,0.9999991720773835,1.0,-5.097250896077894,-0.7226781960401879,0.05,0.025,1,2-3
