{
  "data": {
    "name": "normal-1-60",
    "n_dimension": 1,
    "distance": "euclidean",
    "subject": null,
    "n_objects": 60,
    "n_train_triplets": 491,
    "n_test_triplets": 10000,
    "frac_train_ndlogn": 1.9986919051317065,
    "frac_train_triplets": 0.004782778102474187,
    "max_train_score": 0.8126272912423625,
    "max_test_score": 0.7816,
    "noise_sd": 1.0,
    "distance_sd": 1.0066039242214002,
    "distance_mean": 1.3285968118849205,
    "difference_sd": 0.8737115682761424,
    "difference_mean": -0.10368249577426474
  },
  "n_repeats": 10,
  "n_splits": 10,
  "embedding_method": "soe",
  "embedding_dimension": [
    1,
    2,
    3
  ],
  "random_state": 2583821455,
  "alpha": 0.05
}