,reject,pvals,pvals_corrected,tstats,effectsize,alpha,alpha_corrected,step,dimension_step
0,False,0.9999999241384121,1.0,-5.654037534804923,-0.8016183094185857,0.05,0.025,0,1-2
1,False,0.999150935425321,1.0,-3.226692421546719,-0.45747409847417764,0.05,0.025,1,2-3
