,reject,pvals,pvals_corrected,tstats,effectsize,alpha,alpha_corrected,step,dimension_step
0,False,0.06093559909141305,0.1218711981828261,1.5603378317070313,0.22122162562155814,0.05,0.025,0,1-2
1,False,0.9648748038754219,0.9648748038754219,-1.8300572983912076,-0.25946192055587747,0.05,0.025,1,2-3
