{
  "data": {
    "name": "normal-1-60",
    "n_dimension": 1,
    "distance": "euclidean",
    "subject": null,
    "n_objects": 60,
    "n_train_triplets": 1965,
    "n_test_triplets": 10000,
    "frac_train_ndlogn": 7.998838276138092,
    "frac_train_triplets": 0.01914085330216248,
    "max_train_score": 0.6707379134860051,
    "max_test_score": 0.6803,
    "noise_sd": 2.0,
    "distance_sd": 1.0075766107999677,
    "distance_mean": 1.3714081466037618,
    "difference_sd": 0.9050324710847396,
    "difference_mean": -0.06905567786787359
  },
  "n_repeats": 10,
  "n_splits": 10,
  "embedding_method": "soe",
  "embedding_dimension": [
    1,
    2,
    3
  ],
  "random_state": 1517674047,
  "alpha": 0.05
}