,reject,pvals,pvals_corrected,tstats,effectsize,alpha,alpha_corrected,step,dimension_step
0,False,0.9999874119184777,1.0,-4.42132349677432,-0.6268465402041558,0.05,0.025,0,1-2
1,False,0.8752516104926359,1.0,-1.1583774521035133,-0.16423247442340602,0.05,0.025,1,2-3
