,reject,pvals,pvals_corrected,tstats,effectsize,alpha,alpha_corrected,step,dimension_step
0,False,0.9649190393063176,1.0,-1.8306442854531657,-0.2595451424257998,0.05,0.025,0,1-2
1,False,0.8020253140014799,1.0,-0.8525814438263073,-0.12087731845333102,0.05,0.025,1,2-3
