,reject,pvals,pvals_corrected,tstats,effectsize,alpha,alpha_corrected,step,dimension_step
0,False,0.9999979446361066,1.0,-4.877213844784802,-0.6914817761400316,0.05,0.025,0,1-2
1,False,0.9999957184584072,1.0,-4.695630355580094,-0.6657372265613334,0.05,0.025,1,2-3
