,reject,pvals,pvals_corrected,tstats,effectsize,alpha,alpha_corrected,step,dimension_step
0,False,0.4533725316182395,0.906745063236479,0.11744538677880187,0.016651175698621064,0.05,0.025,0,1-2
1,False,0.9874254203671767,0.9874254203671767,-2.273609228553712,-0.3223478399024467,0.05,0.025,1,2-3
