,reject,pvals,pvals_corrected,tstats,effectsize,alpha,alpha_corrected,step,dimension_step
0,False,0.9999999999224911,1.0,-7.144470479177536,-1.012928957749993,0.05,0.025,0,1-2
1,False,0.9999025757724542,1.0,-3.870423841058432,-0.5487410716861638,0.05,0.025,1,2-3
