,reject,pvals,pvals_corrected,tstats,effectsize,alpha,alpha_corrected,step,dimension_step
0,False,0.999997328399896,1.0,-4.812764653102015,-0.6823442966376192,0.05,0.025,0,1-2
1,False,0.9999999006922847,1.0,-5.592650328007354,-0.7929149521044404,0.05,0.025,1,2-3
