,reject,pvals,pvals_corrected,tstats,effectsize,alpha,alpha_corrected,step,dimension_step
0,False,0.9999998691264713,0.9999998691264713,-5.529410035220156,-0.783948867907237,0.05,0.025,0,1-2
1,False,0.18284412802138816,0.3656882560427763,0.908751560110228,0.12884100694640988,0.05,0.025,1,2-3
