,reject,pvals,pvals_corrected,tstats,effectsize,alpha,alpha_corrected,step,dimension_step
0,False,0.9999998071968754,1.0,-5.44005602320814,-0.7712804320137862,0.05,0.025,0,1-2
1,False,0.9878231861224724,1.0,-2.2865261576366054,-0.32417917667560553,0.05,0.025,1,2-3
