,reject,pvals,pvals_corrected,tstats,effectsize,alpha,alpha_corrected,step,dimension_step
0,False,0.9999999999999988,1.0,-9.377226122196122,-1.329484656732122,0.05,0.025,0,1-2
1,False,0.94921129094123,1.0,-1.6526146837556392,-0.23430445602060082,0.05,0.025,1,2-3
