{
  "data": {
    "name": "normal-1-60",
    "n_dimension": 1,
    "distance": "euclidean",
    "subject": null,
    "n_objects": 60,
    "n_train_triplets": 982,
    "n_test_triplets": 10000,
    "frac_train_ndlogn": 3.997383810263413,
    "frac_train_triplets": 0.009565556204948374,
    "max_train_score": 0.6843177189409368,
    "max_test_score": 0.6797,
    "noise_sd": 2.0,
    "distance_sd": 1.0069557013047117,
    "distance_mean": 1.3442323505804699,
    "difference_sd": 0.9101215976496234,
    "difference_mean": -0.07490998147773095
  },
  "n_repeats": 10,
  "n_splits": 10,
  "embedding_method": "soe",
  "embedding_dimension": [
    1,
    2,
    3
  ],
  "random_state": 3789841743,
  "alpha": 0.05
}