,reject,pvals,pvals_corrected,tstats,effectsize,alpha,alpha_corrected,step,dimension_step
0,False,0.9999999953273552,0.9999999953273552,-6.273307000979292,-0.8894171150496799,0.05,0.025,0,1-2
1,False,0.26045213837874337,0.5209042767574867,0.6442483758647195,0.09134026626587728,0.05,0.025,1,2-3
