,reject,pvals,pvals_corrected,tstats,effectsize,alpha,alpha_corrected,step,dimension_step
0,False,0.9999999905001301,1.0,-6.118159762729636,-0.8674206450809069,0.05,0.025,0,1-2
1,False,0.9999988014309246,1.0,-5.008344100929832,-0.7100731656731808,0.05,0.025,1,2-3
