,reject,pvals,pvals_corrected,tstats,effectsize,alpha,alpha_corrected,step,dimension_step
0,False,0.9999999999961419,1.0,-7.762501575285908,-1.1005521897113637,0.05,0.025,0,1-2
1,False,0.9999995924514408,1.0,-5.265378032804594,-0.7465149304588417,0.05,0.025,1,2-3
