{
  "data": {
    "name": "normal-1-60",
    "n_dimension": 1,
    "distance": "euclidean",
    "subject": null,
    "n_objects": 60,
    "n_train_triplets": 1965,
    "n_test_triplets": 10000,
    "frac_train_ndlogn": 7.998838276138092,
    "frac_train_triplets": 0.01914085330216248,
    "max_train_score": 0.6783715012722646,
    "max_test_score": 0.6711,
    "noise_sd": 2.0,
    "distance_sd": 1.0063678663400175,
    "distance_mean": 1.3180037917385297,
    "difference_sd": 0.8967763327034315,
    "difference_mean": -0.10428653128655287
  },
  "n_repeats": 10,
  "n_splits": 10,
  "embedding_method": "soe",
  "embedding_dimension": [
    1,
    2,
    3
  ],
  "random_state": 2390285882,
  "alpha": 0.05
}