,reject,pvals,pvals_corrected,tstats,effectsize,alpha,alpha_corrected,step,dimension_step
0,False,0.9983944990540062,1.0,-3.0204935252175895,-0.4282396249387913,0.05,0.025,0,1-2
1,False,0.9996077044709643,1.0,-3.465276503829405,-0.4913000799106857,0.05,0.025,1,2-3
