,reject,pvals,pvals_corrected,tstats,effectsize,alpha,alpha_corrected,step,dimension_step
0,False,0.999964576611564,1.0,-4.14839963601932,-0.5881519325876245,0.05,0.025,0,1-2
1,False,0.9973314278918828,1.0,-2.848875671573094,-0.40390798354842455,0.05,0.025,1,2-3
