,reject,pvals,pvals_corrected,tstats,effectsize,alpha,alpha_corrected,step,dimension_step
0,False,0.9952405898731702,1.0,-2.644341890958967,-0.37490958684065573,0.05,0.025,0,1-2
1,False,0.999879367403585,1.0,-3.8101013222326037,-0.5401886637363819,0.05,0.025,1,2-3
