,reject,pvals,pvals_corrected,tstats,effectsize,alpha,alpha_corrected,step,dimension_step
0,False,0.7237562711378256,1.0,-0.5960721500509087,-0.08450993582443506,0.05,0.025,0,1-2
1,False,0.920826030702232,1.0,-1.4213829091965384,-0.20152087029714288,0.05,0.025,1,2-3
