,reject,pvals,pvals_corrected,tstats,effectsize,alpha,alpha_corrected,step,dimension_step
0,False,0.999996511656095,1.0,-4.746712726131619,-0.6729795844817641,0.05,0.025,0,1-2
1,False,0.9999999999507968,1.0,-7.238941729348061,-1.0263229055941983,0.05,0.025,1,2-3
