,reject,pvals,pvals_corrected,tstats,effectsize,alpha,alpha_corrected,step,dimension_step
0,False,1.0,1.0,-10.116670055396002,-1.4343215616859142,0.05,0.025,0,1-2
1,False,0.9975434713900726,1.0,-2.8773173842837534,-0.40794039357749495,0.05,0.025,1,2-3
