{
  "data": {
    "name": "normal-1-60",
    "n_dimension": 1,
    "distance": "euclidean",
    "subject": null,
    "n_objects": 60,
    "n_train_triplets": 982,
    "n_test_triplets": 10000,
    "frac_train_ndlogn": 3.997383810263413,
    "frac_train_triplets": 0.009565556204948374,
    "max_train_score": 0.8706720977596741,
    "max_test_score": 0.8758,
    "noise_sd": 0.5,
    "distance_sd": 1.0068780204158823,
    "distance_mean": 1.3407948631811997,
    "difference_sd": 0.906851526143725,
    "difference_mean": -0.09956473099700987
  },
  "n_repeats": 10,
  "n_splits": 10,
  "embedding_method": "soe",
  "embedding_dimension": [
    1,
    2,
    3
  ],
  "random_state": 258575489,
  "alpha": 0.05
}