,reject,pvals,pvals_corrected,tstats,effectsize,alpha,alpha_corrected,step,dimension_step
0,False,0.9999999599541824,1.0,-5.79846953971075,-0.8220955947011533,0.05,0.025,0,1-2
1,False,0.9999998043061337,1.0,-5.436609845754146,-0.7707918397595569,0.05,0.025,1,2-3
