,reject,pvals,pvals_corrected,tstats,effectsize,alpha,alpha_corrected,step,dimension_step
0,False,0.9999995492984605,1.0,-5.241671373032293,-0.7431538469124995,0.05,0.025,0,1-2
1,False,0.9999964856939939,1.0,-4.744869381921634,-0.6727182387690431,0.05,0.025,1,2-3
