,reject,pvals,pvals_corrected,tstats,effectsize,alpha,alpha_corrected,step,dimension_step
0,False,1.0,1.0,-11.421636521380206,-1.619337137877397,0.05,0.025,0,1-2
1,False,0.9999944761306881,1.0,-4.631672771641534,-0.6566694462369682,0.05,0.025,1,2-3
