,reject,pvals,pvals_corrected,tstats,effectsize,alpha,alpha_corrected,step,dimension_step
0,False,0.9825794785664489,1.0,-2.139651541437814,-0.3033555827731924,0.05,0.025,0,1-2
1,False,0.9999996466816579,1.0,-5.298920418986076,-0.7512705039298608,0.05,0.025,1,2-3
