,reject,pvals,pvals_corrected,tstats,effectsize,alpha,alpha_corrected,step,dimension_step
0,False,0.9999938141887857,1.0,-4.603098608560995,-0.6526182576552385,0.05,0.025,0,1-2
1,False,0.9999999982871721,1.0,-6.4902658245962375,-0.9201771098906517,0.05,0.025,1,2-3
