,reject,pvals,pvals_corrected,tstats,effectsize,alpha,alpha_corrected,step,dimension_step
0,False,0.9999999999994825,1.0,-8.170260249557122,-1.1583634117112072,0.05,0.025,0,1-2
1,False,0.9998151293392451,1.0,-3.6877038784402543,-0.5228353951445127,0.05,0.025,1,2-3
