,reject,pvals,pvals_corrected,tstats,effectsize,alpha,alpha_corrected,step,dimension_step
0,False,0.9999482543037506,1.0,-4.04567255421575,-0.573587489189439,0.05,0.025,0,1-2
1,False,0.9958520461799574,1.0,-2.6939189162332267,-0.3819385198715585,0.05,0.025,1,2-3
