,reject,pvals,pvals_corrected,tstats,effectsize,alpha,alpha_corrected,step,dimension_step
0,False,0.6571272531979611,1.0,-0.4058270227647747,-0.05753735625249981,0.05,0.025,0,1-2
1,False,0.9991306191503266,1.0,-3.2191999628964023,-0.45641183243867933,0.05,0.025,1,2-3
