,reject,pvals,pvals_corrected,tstats,effectsize,alpha,alpha_corrected,step,dimension_step
0,False,0.9991412947006929,1.0,-3.2231163805105636,-0.4569670944169586,0.05,0.025,0,1-2
1,False,0.9999849869910418,1.0,-4.37557579201659,-0.620360520696516,0.05,0.025,1,2-3
