,reject,pvals,pvals_corrected,tstats,effectsize,alpha,alpha_corrected,step,dimension_step
0,False,0.9998752743355259,1.0,-3.800626371825791,-0.5388453239229867,0.05,0.025,0,1-2
1,False,0.999999990093872,1.0,-6.108954641721788,-0.8661155611484284,0.05,0.025,1,2-3
