,reject,pvals,pvals_corrected,tstats,effectsize,alpha,alpha_corrected,step,dimension_step
0,False,0.9999999999060007,1.0,-7.104263422757158,-1.0072284804546094,0.05,0.025,0,1-2
1,False,0.9956039695414615,1.0,-2.673053864586915,-0.37898031393046105,0.05,0.025,1,2-3
