,reject,pvals,pvals_corrected,tstats,effectsize,alpha,alpha_corrected,step,dimension_step
0,False,0.9999378074791428,1.0,-3.9952380608696734,-0.5664369860235877,0.05,0.025,0,1-2
1,False,0.999997651694172,1.0,-4.8445245647275845,-0.6868471543756253,0.05,0.025,1,2-3
