{
  "data": {
    "name": "normal-1-60",
    "n_dimension": 1,
    "distance": "euclidean",
    "subject": null,
    "n_objects": 60,
    "n_train_triplets": 982,
    "n_test_triplets": 10000,
    "frac_train_ndlogn": 3.997383810263413,
    "frac_train_triplets": 0.009565556204948374,
    "max_train_score": 0.8665987780040734,
    "max_test_score": 0.8713,
    "noise_sd": 0.5,
    "distance_sd": 1.0065660739285907,
    "distance_mean": 1.326903818364512,
    "difference_sd": 0.9086945718752226,
    "difference_mean": -0.10704407944471843
  },
  "n_repeats": 10,
  "n_splits": 10,
  "embedding_method": "soe",
  "embedding_dimension": [
    1,
    2,
    3
  ],
  "random_state": 2256807273,
  "alpha": 0.05
}