,reject,pvals,pvals_corrected,tstats,effectsize,alpha,alpha_corrected,step,dimension_step
0,False,0.9999999900456286,1.0,-6.107886334066706,-0.8659640985924876,0.05,0.025,0,1-2
1,False,0.9981596576237003,1.0,-2.975052848844515,-0.42179713531101815,0.05,0.025,1,2-3
