,reject,pvals,pvals_corrected,tstats,effectsize,alpha,alpha_corrected,step,dimension_step
0,False,0.9999969504546244,1.0,-4.780064227114884,-0.677708094625215,0.05,0.025,0,1-2
1,False,0.999219440486323,1.0,-3.253253294270292,-0.4612398467130752,0.05,0.025,1,2-3
