,reject,pvals,pvals_corrected,tstats,effectsize,alpha,alpha_corrected,step,dimension_step
0,False,1.0,1.0,-10.757544894113245,-1.5251835344971985,0.05,0.025,0,1-2
1,False,0.9999867783422336,1.0,-4.408599682061425,-0.6250425828061514,0.05,0.025,1,2-3
