,reject,pvals,pvals_corrected,tstats,effectsize,alpha,alpha_corrected,step,dimension_step
0,False,0.9999999999989173,1.0,-8.020884173156515,-1.1371851657065195,0.05,0.025,0,1-2
1,False,0.9998631965558985,1.0,-3.7743008086147305,-0.5351129374034709,0.05,0.025,1,2-3
