,reject,pvals,pvals_corrected,tstats,effectsize,alpha,alpha_corrected,step,dimension_step
0,False,0.4123100294727323,0.8246200589454646,0.2221946907825446,0.031502325778782474,0.05,0.025,0,1-2
1,False,0.9987651182006432,0.9987651182006432,-3.1065715024010414,-0.44044359106445147,0.05,0.025,1,2-3
