,reject,pvals,pvals_corrected,tstats,effectsize,alpha,alpha_corrected,step,dimension_step
0,False,0.9999999999950593,1.0,-7.712010383084861,-1.0933936478934894,0.05,0.025,0,1-2
1,False,0.9997310780526838,1.0,-3.5780428683507504,-0.5072878730461976,0.05,0.025,1,2-3
