,reject,pvals,pvals_corrected,tstats,effectsize,alpha,alpha_corrected,step,dimension_step
0,False,0.9999998480752327,1.0,-5.4950930486327225,-0.7790834731157771,0.05,0.025,0,1-2
1,False,0.9827793893876733,1.0,-2.1444914005707574,-0.30404176847183545,0.05,0.025,1,2-3
