,reject,pvals,pvals_corrected,tstats,effectsize,alpha,alpha_corrected,step,dimension_step
0,False,0.9997316767132022,1.0,-3.5787014652196785,-0.5073812476135592,0.05,0.025,0,1-2
1,False,0.9999999999976682,1.0,-7.865093653307568,-1.1150974925391597,0.05,0.025,1,2-3
