,reject,pvals,pvals_corrected,tstats,effectsize,alpha,alpha_corrected,step,dimension_step
0,False,0.9999910033948511,1.0,-4.507791879594491,-0.6391058572723182,0.05,0.025,0,1-2
1,False,0.999999717103203,1.0,-5.350928102207909,-0.7586440508588346,0.05,0.025,1,2-3
