,reject,pvals,pvals_corrected,tstats,effectsize,alpha,alpha_corrected,step,dimension_step
0,False,0.9999999976161947,1.0,-6.419107669654092,-0.9100884467866427,0.05,0.025,0,1-2
1,False,0.8582974003452994,1.0,-1.0785591348973127,-0.15291599056464109,0.05,0.025,1,2-3
