,reject,pvals,pvals_corrected,tstats,effectsize,alpha,alpha_corrected,step,dimension_step
0,False,0.9529921201471186,1.0,-1.6908280585729483,-0.23972227306367194,0.05,0.025,0,1-2
1,False,0.99999999979001,1.0,-6.935996128856382,-0.9833718748277714,0.05,0.025,1,2-3
