,reject,pvals,pvals_corrected,tstats,effectsize,alpha,alpha_corrected,step,dimension_step
0,False,0.9999963702917112,1.0,-4.736832477447498,-0.6715787822766062,0.05,0.025,0,1-2
1,False,0.9972717049671517,1.0,-2.841239253313901,-0.4028253072030227,0.05,0.025,1,2-3
