,reject,pvals,pvals_corrected,tstats,effectsize,alpha,alpha_corrected,step,dimension_step
0,False,0.9968249572724833,1.0,-2.788533662329506,-0.39535281228558744,0.05,0.025,0,1-2
1,False,0.9925114676177632,1.0,-2.476157606981473,-0.35106475019730193,0.05,0.025,1,2-3
