,reject,pvals,pvals_corrected,tstats,effectsize,alpha,alpha_corrected,step,dimension_step
0,False,0.9999999663441025,1.0,-5.83749079229236,-0.827627951063012,0.05,0.025,0,1-2
1,False,0.9738644915300335,1.0,-1.964538995955964,-0.2785284708548438,0.05,0.025,1,2-3
