,reject,pvals,pvals_corrected,tstats,effectsize,alpha,alpha_corrected,step,dimension_step
0,False,0.9999999630550482,1.0,-5.816575189370663,-0.8246625780616212,0.05,0.025,0,1-2
1,False,0.9998018246499515,1.0,-3.667530277609211,-0.5199752217386027,0.05,0.025,1,2-3
