,reject,pvals,pvals_corrected,tstats,effectsize,alpha,alpha_corrected,step,dimension_step
0,False,0.9999658673771293,1.0,-4.158377073476661,-0.589566514025694,0.05,0.025,0,1-2
1,False,0.9999918901202062,1.0,-4.5343080620348495,-0.6428652694108526,0.05,0.025,1,2-3
