,reject,pvals,pvals_corrected,tstats,effectsize,alpha,alpha_corrected,step,dimension_step
0,False,0.9997652436100072,1.0,-3.618051546818335,-0.5129602247060214,0.05,0.025,0,1-2
1,False,0.9436141981140843,1.0,-1.6000609375838986,-0.22685348936173555,0.05,0.025,1,2-3
