{
  "data": {
    "name": "normal-1-60",
    "n_dimension": 1,
    "distance": "euclidean",
    "subject": null,
    "n_objects": 60,
    "n_train_triplets": 491,
    "n_test_triplets": 10000,
    "frac_train_ndlogn": 1.9986919051317065,
    "frac_train_triplets": 0.004782778102474187,
    "max_train_score": 0.6904276985743381,
    "max_test_score": 0.6647,
    "noise_sd": 2.0,
    "distance_sd": 1.006708666844138,
    "distance_mean": 1.3332709354742338,
    "difference_sd": 0.8980278427972087,
    "difference_mean": -0.07413778399100496
  },
  "n_repeats": 10,
  "n_splits": 10,
  "embedding_method": "soe",
  "embedding_dimension": [
    1,
    2,
    3
  ],
  "random_state": 902026225,
  "alpha": 0.05
}