,reject,pvals,pvals_corrected,tstats,effectsize,alpha,alpha_corrected,step,dimension_step
0,False,0.9999968681435979,1.0,-4.773467089115432,-0.6767727653887945,0.05,0.025,0,1-2
1,False,0.9991205846390325,1.0,-3.2155594310832027,-0.4558956850060673,0.05,0.025,1,2-3
