,reject,pvals,pvals_corrected,tstats,effectsize,alpha,alpha_corrected,step,dimension_step
0,False,0.9999999999582836,1.0,-7.273172256852879,-1.0311760423871548,0.05,0.025,0,1-2
1,False,0.9998271803046759,1.0,-3.707203133044524,-0.5255999610701149,0.05,0.025,1,2-3
