,reject,pvals,pvals_corrected,tstats,effectsize,alpha,alpha_corrected,step,dimension_step
0,False,0.19912024102047765,0.3982404820409553,0.8484386848136298,0.12028996623721495,0.05,0.025,0,1-2
1,False,0.9722587297652006,0.9722587297652006,-1.93791529885991,-0.274753815500111,0.05,0.025,1,2-3
