,reject,pvals,pvals_corrected,tstats,effectsize,alpha,alpha_corrected,step,dimension_step
0,False,0.9999999666992324,0.9999999666992324,-5.839868249182052,-0.8279650222198445,0.05,0.025,0,1-2
1,False,0.47162434690109745,0.9432486938021949,0.071368200991996,0.01011844301939597,0.05,0.025,1,2-3
