,reject,pvals,pvals_corrected,tstats,effectsize,alpha,alpha_corrected,step,dimension_step
0,False,0.9999999998571936,1.0,-7.016864495931667,-0.9948372326895262,0.05,0.025,0,1-2
1,False,0.9998915154097815,1.0,-3.840141668010247,-0.5444477248141317,0.05,0.025,1,2-3
