{
  "data": {
    "name": "normal-1-60",
    "n_dimension": 1,
    "distance": "euclidean",
    "subject": null,
    "n_objects": 60,
    "n_train_triplets": 1965,
    "n_test_triplets": 10000,
    "frac_train_ndlogn": 7.998838276138092,
    "frac_train_triplets": 0.01914085330216248,
    "max_train_score": 0.7801526717557252,
    "max_test_score": 0.7789,
    "noise_sd": 1.0,
    "distance_sd": 1.0066328725667635,
    "distance_mean": 1.3298902214551946,
    "difference_sd": 0.9091704176435548,
    "difference_mean": -0.09631752004981153
  },
  "n_repeats": 10,
  "n_splits": 10,
  "embedding_method": "soe",
  "embedding_dimension": [
    1,
    2,
    3
  ],
  "random_state": 2564840539,
  "alpha": 0.05
}