,reject,pvals,pvals_corrected,tstats,effectsize,alpha,alpha_corrected,step,dimension_step
0,False,0.9999825660142513,1.0,-4.336528440235887,-0.614824464041597,0.05,0.025,0,1-2
1,False,0.9999999991740322,1.0,-6.6462960561906685,-0.9422987689173165,0.05,0.025,1,2-3
