,reject,pvals,pvals_corrected,tstats,effectsize,alpha,alpha_corrected,step,dimension_step
0,False,0.9999999999999999,1.0,-10.042955709248966,-1.423870486825775,0.05,0.025,0,1-2
1,False,0.9953267925040664,1.0,-2.650968645615114,-0.37584911506835006,0.05,0.025,1,2-3
