,reject,pvals,pvals_corrected,tstats,effectsize,alpha,alpha_corrected,step,dimension_step
0,False,0.9999999999690056,1.0,-7.334672875058134,-1.0398954789473853,0.05,0.025,0,1-2
1,False,0.9667486797266734,1.0,-1.8554815080550797,-0.26306651494415295,0.05,0.025,1,2-3
