,reject,pvals,pvals_corrected,tstats,effectsize,alpha,alpha_corrected,step,dimension_step
0,False,0.3274609619362337,0.6549219238724674,0.4482921872225011,0.06355798365941696,0.05,0.025,0,1-2
1,False,0.9999882604680058,0.9999882604680058,-4.439369463035427,-0.6294050617698519,0.05,0.025,1,2-3
