,reject,pvals,pvals_corrected,tstats,effectsize,alpha,alpha_corrected,step,dimension_step
0,False,0.9999999999988387,1.0,-8.006663136377467,-1.1351689351118648,0.05,0.025,0,1-2
1,False,0.9999747241038868,1.0,-4.238594756630974,-0.6009396192022685,0.05,0.025,1,2-3
