,reject,pvals,pvals_corrected,tstats,effectsize,alpha,alpha_corrected,step,dimension_step
0,False,0.985659722405546,1.0,-2.220276731422717,-0.3147864634658655,0.05,0.025,0,1-2
1,False,0.73444351387014,1.0,-0.6285166099807445,-0.08910984747320896,0.05,0.025,1,2-3
