,reject,pvals,pvals_corrected,tstats,effectsize,alpha,alpha_corrected,step,dimension_step
0,False,0.9982275330924317,1.0,-2.9876086462851097,-0.423577271550966,0.05,0.025,0,1-2
1,False,0.9999999368002747,1.0,-5.695488290973746,-0.8074951160155763,0.05,0.025,1,2-3
