{
  "data": {
    "name": "normal-1-60",
    "n_dimension": 1,
    "distance": "euclidean",
    "subject": null,
    "n_objects": 60,
    "n_train_triplets": 982,
    "n_test_triplets": 10000,
    "frac_train_ndlogn": 3.997383810263413,
    "frac_train_triplets": 0.009565556204948374,
    "max_train_score": 0.7841140529531568,
    "max_test_score": 0.78,
    "noise_sd": 1.0,
    "distance_sd": 1.0062909232532364,
    "distance_mean": 1.3145330898925884,
    "difference_sd": 0.9121172875735458,
    "difference_mean": -0.11255384545199047
  },
  "n_repeats": 10,
  "n_splits": 10,
  "embedding_method": "soe",
  "embedding_dimension": [
    1,
    2,
    3
  ],
  "random_state": 1423368721,
  "alpha": 0.05
}