,reject,pvals,pvals_corrected,tstats,effectsize,alpha,alpha_corrected,step,dimension_step
0,False,0.9999999997162062,1.0,-6.872623360418296,-0.974387008493617,0.05,0.025,0,1-2
1,False,0.9997382328018444,1.0,-3.5860063202081496,-0.5084169155712549,0.05,0.025,1,2-3
