,reject,pvals,pvals_corrected,tstats,effectsize,alpha,alpha_corrected,step,dimension_step
0,False,0.9999967246650165,1.0,-4.76236008059114,-0.6751980355888715,0.05,0.025,0,1-2
1,False,0.9991795945016413,1.0,-3.2375513795401876,-0.4590136601582286,0.05,0.025,1,2-3
