,reject,pvals,pvals_corrected,tstats,effectsize,alpha,alpha_corrected,step,dimension_step
0,False,0.9999982347433506,1.0,-4.914398979419681,-0.6967538113145456,0.05,0.025,0,1-2
1,False,0.9998614466481895,1.0,-3.7706714353703457,-0.5345983720107752,0.05,0.025,1,2-3
