,reject,pvals,pvals_corrected,tstats,effectsize,alpha,alpha_corrected,step,dimension_step
0,False,0.9999999999993134,1.0,-8.11312083338785,-1.150262297788843,0.05,0.025,0,1-2
1,False,0.9999885605570631,1.0,-4.446054376928651,-0.6303528356996689,0.05,0.025,1,2-3
