,reject,pvals,pvals_corrected,tstats,effectsize,alpha,alpha_corrected,step,dimension_step
0,False,0.9999898880732888,1.0,-4.477818256509898,-0.6348562560066183,0.05,0.025,0,1-2
1,False,0.9737837832549325,1.0,-1.9631681817258908,-0.2783341195123078,0.05,0.025,1,2-3
