,reject,pvals,pvals_corrected,tstats,effectsize,alpha,alpha_corrected,step,dimension_step
0,False,0.8833333206135441,1.0,-1.199146254140899,-0.1700125949063447,0.05,0.025,0,1-2
1,False,0.9999999966991245,1.0,-6.348753507172128,-0.900113772150653,0.05,0.025,1,2-3
