,reject,pvals,pvals_corrected,tstats,effectsize,alpha,alpha_corrected,step,dimension_step
0,False,0.9999838244971097,1.0,-4.3561228805034835,-0.617602525203134,0.05,0.025,0,1-2
1,False,0.7304964546284125,1.0,-0.6164582457648263,-0.08740023633645667,0.05,0.025,1,2-3
