,reject,pvals,pvals_corrected,tstats,effectsize,alpha,alpha_corrected,step,dimension_step
0,False,0.9999999999999987,1.0,-9.356204587884045,-1.326504264986772,0.05,0.025,0,1-2
1,False,0.9999984790358155,1.0,-4.950654408674816,-0.7018940346908217,0.05,0.025,1,2-3
