,reject,pvals,pvals_corrected,tstats,effectsize,alpha,alpha_corrected,step,dimension_step
0,False,0.9999999997947381,1.0,-6.940780483902576,-0.9840501912662775,0.05,0.025,0,1-2
1,False,0.9998820275219481,1.0,-3.816424728832075,-0.5410851838738644,0.05,0.025,1,2-3
