,reject,pvals,pvals_corrected,tstats,effectsize,alpha,alpha_corrected,step,dimension_step
0,False,0.9999484000417153,1.0,-4.046443021040174,-0.5736967244588295,0.05,0.025,0,1-2
1,False,0.9818443540429118,1.0,-2.1222582946094595,-0.30088960248352903,0.05,0.025,1,2-3
