,reject,pvals,pvals_corrected,tstats,effectsize,alpha,alpha_corrected,step,dimension_step
0,False,0.9867195076593602,1.0,-2.251544612513515,-0.31921956208341323,0.05,0.025,0,1-2
1,False,0.9986279298201979,1.0,-3.072219542568656,-0.43557323783518126,0.05,0.025,1,2-3
