,reject,pvals,pvals_corrected,tstats,effectsize,alpha,alpha_corrected,step,dimension_step
0,False,0.8574917144031924,1.0,-1.0749352450631242,-0.15240220259904677,0.05,0.025,0,1-2
1,False,0.9947499381814554,1.0,-2.60857170852061,-0.36983816080265736,0.05,0.025,1,2-3
