{
  "data": {
    "name": "normal-1-60",
    "n_dimension": 1,
    "distance": "euclidean",
    "subject": null,
    "n_objects": 60,
    "n_train_triplets": 1965,
    "n_test_triplets": 10000,
    "frac_train_ndlogn": 7.998838276138092,
    "frac_train_triplets": 0.01914085330216248,
    "max_train_score": 0.6809160305343511,
    "max_test_score": 0.6769,
    "noise_sd": 2.0,
    "distance_sd": 1.007128089338951,
    "distance_mean": 1.3518304794349605,
    "difference_sd": 0.9106547683024837,
    "difference_mean": -0.08248593255390292
  },
  "n_repeats": 10,
  "n_splits": 10,
  "embedding_method": "soe",
  "embedding_dimension": [
    1,
    2,
    3
  ],
  "random_state": 3348115417,
  "alpha": 0.05
}