{
  "data": {
    "name": "normal-1-60",
    "n_dimension": 1,
    "distance": "euclidean",
    "subject": null,
    "n_objects": 60,
    "n_train_triplets": 1965,
    "n_test_triplets": 10000,
    "frac_train_ndlogn": 7.998838276138092,
    "frac_train_triplets": 0.01914085330216248,
    "max_train_score": 0.870737913486005,
    "max_test_score": 0.8726,
    "noise_sd": 0.5,
    "distance_sd": 1.0065365420357149,
    "distance_mean": 1.3255814384914224,
    "difference_sd": 0.8839858715228976,
    "difference_mean": -0.12149351966969477
  },
  "n_repeats": 10,
  "n_splits": 10,
  "embedding_method": "soe",
  "embedding_dimension": [
    1,
    2,
    3
  ],
  "random_state": 3095808716,
  "alpha": 0.05
}