,reject,pvals,pvals_corrected,tstats,effectsize,alpha,alpha_corrected,step,dimension_step
0,False,0.999962591016602,1.0,-4.133713009114754,-0.5860696915416768,0.05,0.025,0,1-2
1,False,0.9182527346094017,1.0,-1.4038438141044312,-0.19903421192780613,0.05,0.025,1,2-3
