,reject,pvals,pvals_corrected,tstats,effectsize,alpha,alpha_corrected,step,dimension_step
0,False,0.8260697217929819,1.0,-0.943227804592327,-0.13372898100861172,0.05,0.025,0,1-2
1,False,0.7650456871702658,1.0,-0.7254152195666862,-0.10284794155609059,0.05,0.025,1,2-3
