{
  "data": {
    "name": "normal-1-60",
    "n_dimension": 1,
    "distance": "euclidean",
    "subject": null,
    "n_objects": 60,
    "n_train_triplets": 982,
    "n_test_triplets": 10000,
    "frac_train_ndlogn": 3.997383810263413,
    "frac_train_triplets": 0.009565556204948374,
    "max_train_score": 0.8533604887983707,
    "max_test_score": 0.8541,
    "noise_sd": 0.5,
    "distance_sd": 1.0044209073327324,
    "distance_mean": 1.2272544640264222,
    "difference_sd": 0.8400956539724846,
    "difference_mean": -0.1718352862238189
  },
  "n_repeats": 10,
  "n_splits": 10,
  "embedding_method": "soe",
  "embedding_dimension": [
    1,
    2,
    3
  ],
  "random_state": 525022555,
  "alpha": 0.05
}