,reject,pvals,pvals_corrected,tstats,effectsize,alpha,alpha_corrected,step,dimension_step
0,False,0.6270895907920861,1.0,-0.32506103487023563,-0.04608651350941636,0.05,0.025,0,1-2
1,False,0.9906440923150744,1.0,-2.3906018575171304,-0.33893482448944007,0.05,0.025,1,2-3
