,reject,pvals,pvals_corrected,tstats,effectsize,alpha,alpha_corrected,step,dimension_step
0,False,0.9993340320046135,1.0,-3.3029883937613094,-0.46829119119519674,0.05,0.025,0,1-2
1,False,0.999972089495176,1.0,-4.212220627657315,-0.5972003471245528,0.05,0.025,1,2-3
