,reject,pvals,pvals_corrected,tstats,effectsize,alpha,alpha_corrected,step,dimension_step
0,False,0.9999999989311672,1.0,-6.591299898741957,-0.9345015219964794,0.05,0.025,0,1-2
1,False,0.8276942016496793,1.0,-0.9496323380883553,-0.13463700315775687,0.05,0.025,1,2-3
