,reject,pvals,pvals_corrected,tstats,effectsize,alpha,alpha_corrected,step,dimension_step
0,False,0.9999825969989646,1.0,-4.336994263458854,-0.6148905075409872,0.05,0.025,0,1-2
1,False,0.9999342407745931,1.0,-3.9798652242512365,-0.5642574555154896,0.05,0.025,1,2-3
