,reject,pvals,pvals_corrected,tstats,effectsize,alpha,alpha_corrected,step,dimension_step
0,False,0.9999999987167363,1.0,-6.552192820249278,-0.9289569974059325,0.05,0.025,0,1-2
1,False,0.9929710238353796,1.0,-2.5001245988247334,-0.3544627431120954,0.05,0.025,1,2-3
