,reject,pvals,pvals_corrected,tstats,effectsize,alpha,alpha_corrected,step,dimension_step
0,False,0.9665800930381488,1.0,-1.853145867205935,-0.26273537238321754,0.05,0.025,0,1-2
1,False,0.7452639105408596,1.0,-0.6620581125194026,-0.09386529566308836,0.05,0.025,1,2-3
