,reject,pvals,pvals_corrected,tstats,effectsize,alpha,alpha_corrected,step,dimension_step
0,False,0.9999987999124392,1.0,-5.008038416609971,-0.7100298263521745,0.05,0.025,0,1-2
1,False,0.9988012736153269,1.0,-3.1162147313711626,-0.4418107890812279,0.05,0.025,1,2-3
