,reject,pvals,pvals_corrected,tstats,effectsize,alpha,alpha_corrected,step,dimension_step
0,False,0.4577148991826625,0.915429798365325,0.10646381811658659,0.015094230515364007,0.05,0.025,0,1-2
1,False,0.9864052111113654,0.9864052111113654,-2.2420502082205696,-0.317873464136345,0.05,0.025,1,2-3
