,reject,pvals,pvals_corrected,tstats,effectsize,alpha,alpha_corrected,step,dimension_step
0,False,0.9999916913959224,1.0,-4.528129782070658,-0.6419893250419795,0.05,0.025,0,1-2
1,False,0.896128869048084,1.0,-1.268083399291926,-0.1797863676151275,0.05,0.025,1,2-3
