,reject,pvals,pvals_corrected,tstats,effectsize,alpha,alpha_corrected,step,dimension_step
0,False,0.9997500958972838,1.0,-3.5996756540393657,-0.510354926808217,0.05,0.025,0,1-2
1,False,0.9999502582873273,1.0,-4.056454025898304,-0.5751160650168918,0.05,0.025,1,2-3
