,reject,pvals,pvals_corrected,tstats,effectsize,alpha,alpha_corrected,step,dimension_step
0,False,0.9998169522688121,1.0,-3.6905746239081028,-0.5232424037847175,0.05,0.025,0,1-2
1,False,0.9984510064464089,1.0,-3.032342720814513,-0.4299195805605758,0.05,0.025,1,2-3
