,reject,pvals,pvals_corrected,tstats,effectsize,alpha,alpha_corrected,step,dimension_step
0,False,0.9999965031824796,1.0,-4.746109628035753,-0.6728940784211754,0.05,0.025,0,1-2
1,False,0.9983921931073759,1.0,-3.0200182242462352,-0.4281722377028955,0.05,0.025,1,2-3
