,reject,pvals,pvals_corrected,tstats,effectsize,alpha,alpha_corrected,step,dimension_step
0,False,0.9895198816749115,1.0,-2.346176587338969,-0.3326362971527427,0.05,0.025,0,1-2
1,False,0.9990174904033735,1.0,-3.180248945258779,-0.45088943384889313,0.05,0.025,1,2-3
