,reject,pvals,pvals_corrected,tstats,effectsize,alpha,alpha_corrected,step,dimension_step
0,False,0.10230093045883712,0.20460186091767424,1.276964141940523,0.18104546182250184,0.05,0.025,0,1-2
1,False,0.6609585960301803,0.6609585960301803,-0.416312096278067,-0.05902390933109463,0.05,0.025,1,2-3
