,reject,pvals,pvals_corrected,tstats,effectsize,alpha,alpha_corrected,step,dimension_step
0,False,0.9999999999999559,1.0,-8.665858524237978,-1.22862835930925,0.05,0.025,0,1-2
1,False,0.9999999999949856,1.0,-7.708987048073449,-1.0929650054082325,0.05,0.025,1,2-3
