,reject,pvals,pvals_corrected,tstats,effectsize,alpha,alpha_corrected,step,dimension_step
0,False,0.9978994389996342,0.9978994389996342,-2.930573241631814,-0.41549090417654827,0.05,0.025,0,1-2
1,False,0.3342150622924267,0.6684301245848534,0.42958631218946847,0.06090590152733534,0.05,0.025,1,2-3
