,reject,pvals,pvals_corrected,tstats,effectsize,alpha,alpha_corrected,step,dimension_step
0,False,0.9999999999959336,1.0,-7.7517733628985015,-1.0990311648819144,0.05,0.025,0,1-2
1,False,0.9998413508557741,1.0,-3.731856384954484,-0.5290952505859837,0.05,0.025,1,2-3
