,reject,pvals,pvals_corrected,tstats,effectsize,alpha,alpha_corrected,step,dimension_step
0,False,0.9999999999999389,1.0,-8.600350619553542,-1.2193407775619696,0.05,0.025,0,1-2
1,False,0.9996704927722909,1.0,-3.517661510696474,-0.49872712304316635,0.05,0.025,1,2-3
