,reject,pvals,pvals_corrected,tstats,effectsize,alpha,alpha_corrected,step,dimension_step
0,False,0.9997728634106539,1.0,-3.627724029626488,-0.514331570274356,0.05,0.025,0,1-2
1,False,0.9999988672634589,1.0,-5.021973230703632,-0.7120054768580405,0.05,0.025,1,2-3
