,reject,pvals,pvals_corrected,tstats,effectsize,alpha,alpha_corrected,step,dimension_step
0,False,0.8233947354109403,1.0,-0.9327651953314673,-0.13224561286749678,0.05,0.025,0,1-2
1,False,0.5595934736792212,1.0,-0.15032628122654992,-0.021312964174046205,0.05,0.025,1,2-3
