,reject,pvals,pvals_corrected,tstats,effectsize,alpha,alpha_corrected,step,dimension_step
0,False,0.9995899627054214,1.0,-3.4519080524936006,-0.4894047272015138,0.05,0.025,0,1-2
1,False,0.9999999978430668,1.0,-6.440667320691956,-0.9131451316618738,0.05,0.025,1,2-3
