{
  "data": {
    "name": "normal-1-60",
    "n_dimension": 1,
    "distance": "euclidean",
    "subject": null,
    "n_objects": 60,
    "n_train_triplets": 1965,
    "n_test_triplets": 10000,
    "frac_train_ndlogn": 7.998838276138092,
    "frac_train_triplets": 0.01914085330216248,
    "max_train_score": 0.8559796437659033,
    "max_test_score": 0.856,
    "noise_sd": 0.5,
    "distance_sd": 1.0045345106978003,
    "distance_mean": 1.2327281700044799,
    "difference_sd": 0.8482123368909323,
    "difference_mean": -0.16755666505289593
  },
  "n_repeats": 10,
  "n_splits": 10,
  "embedding_method": "soe",
  "embedding_dimension": [
    1,
    2,
    3
  ],
  "random_state": 2048902779,
  "alpha": 0.05
}