,reject,pvals,pvals_corrected,tstats,effectsize,alpha,alpha_corrected,step,dimension_step
0,False,0.9914059832796881,1.0,-2.4234890319404303,-0.3435975033274343,0.05,0.025,0,1-2
1,False,0.9999708146035822,1.0,-4.200306989518874,-0.5955112549661133,0.05,0.025,1,2-3
