,reject,pvals,pvals_corrected,tstats,effectsize,alpha,alpha_corrected,step,dimension_step
0,False,0.9719544483361648,1.0,-1.9330180299436661,-0.2740594903554261,0.05,0.025,0,1-2
1,False,0.8268181454195243,1.0,-0.9461736482580112,-0.1341466369234444,0.05,0.025,1,2-3
