{
  "data": {
    "name": "normal-1-60",
    "n_dimension": 1,
    "distance": "euclidean",
    "subject": null,
    "n_objects": 60,
    "n_train_triplets": 982,
    "n_test_triplets": 10000,
    "frac_train_ndlogn": 3.997383810263413,
    "frac_train_triplets": 0.009565556204948374,
    "max_train_score": 0.675152749490835,
    "max_test_score": 0.6829,
    "noise_sd": 2.0,
    "distance_sd": 1.0075672845783155,
    "distance_mean": 1.371003821122326,
    "difference_sd": 0.9175249698274064,
    "difference_mean": -0.06714077195174672
  },
  "n_repeats": 10,
  "n_splits": 10,
  "embedding_method": "soe",
  "embedding_dimension": [
    1,
    2,
    3
  ],
  "random_state": 1875690842,
  "alpha": 0.05
}