,reject,pvals,pvals_corrected,tstats,effectsize,alpha,alpha_corrected,step,dimension_step
0,False,0.9999990458792068,1.0,-5.063254501173668,-0.7178582541063583,0.05,0.025,0,1-2
1,False,0.9174931780817074,1.0,-1.3987477564188795,-0.19831170290280503,0.05,0.025,1,2-3
