,reject,pvals,pvals_corrected,tstats,effectsize,alpha,alpha_corrected,step,dimension_step
0,False,0.8228060961741004,1.0,-0.9304765642562453,-0.1319211352597503,0.05,0.025,0,1-2
1,False,0.9999931170245788,1.0,-4.576043730405844,-0.6487824702989018,0.05,0.025,1,2-3
