,reject,pvals,pvals_corrected,tstats,effectsize,alpha,alpha_corrected,step,dimension_step
0,False,0.032211666567914986,0.06442333313582997,1.8701081320087654,0.265140248889865,0.05,0.025,0,1-2
1,False,0.999971566523884,0.999971566523884,-4.207271505415268,-0.5964986703174299,0.05,0.025,1,2-3
