,reject,pvals,pvals_corrected,tstats,effectsize,alpha,alpha_corrected,step,dimension_step
0,True,0.002467615724178708,0.004935231448357416,2.8757754212093016,0.4077217770887789,0.05,0.025,0,1-2
1,False,0.9950943823377522,0.9950943823377522,-2.63334678316589,-0.3733507221060824,0.05,0.025,1,2-3
