{
  "data": {
    "name": "normal-1-60",
    "n_dimension": 1,
    "distance": "euclidean",
    "subject": null,
    "n_objects": 60,
    "n_train_triplets": 1965,
    "n_test_triplets": 10000,
    "frac_train_ndlogn": 7.998838276138092,
    "frac_train_triplets": 0.01914085330216248,
    "max_train_score": 0.8086513994910941,
    "max_test_score": 0.7893,
    "noise_sd": 1.0,
    "distance_sd": 1.0075126172813575,
    "distance_mean": 1.368631469103381,
    "difference_sd": 0.9108775696902891,
    "difference_mean": -0.10354333633274031
  },
  "n_repeats": 10,
  "n_splits": 10,
  "embedding_method": "soe",
  "embedding_dimension": [
    1,
    2,
    3
  ],
  "random_state": 3571009783,
  "alpha": 0.05
}