,reject,pvals,pvals_corrected,tstats,effectsize,alpha,alpha_corrected,step,dimension_step
0,False,0.9999999998687066,1.0,-7.034456622766116,-0.9973314097948776,0.05,0.025,0,1-2
1,False,0.9999643735545438,1.0,-4.146861900376612,-0.5879339154558577,0.05,0.025,1,2-3
