,reject,pvals,pvals_corrected,tstats,effectsize,alpha,alpha_corrected,step,dimension_step
0,False,0.7209201096275717,1.0,-0.5875684646582636,-0.08330430005241946,0.05,0.025,0,1-2
1,False,0.8192546179269671,1.0,-0.916770591459693,-0.12997792942242145,0.05,0.025,1,2-3
