,reject,pvals,pvals_corrected,tstats,effectsize,alpha,alpha_corrected,step,dimension_step
0,False,0.9999999999426706,1.0,-7.207203431684397,-1.0218231122411554,0.05,0.025,0,1-2
1,False,0.9999995932965277,1.0,-5.265866401354474,-0.7465841703902921,0.05,0.025,1,2-3
