,reject,pvals,pvals_corrected,tstats,effectsize,alpha,alpha_corrected,step,dimension_step
0,False,0.9999999977984021,1.0,-6.436251087128944,-0.9125190067624569,0.05,0.025,0,1-2
1,False,0.9999999998454094,1.0,-7.000257687816495,-0.9924827521321942,0.05,0.025,1,2-3
