,reject,pvals,pvals_corrected,tstats,effectsize,alpha,alpha_corrected,step,dimension_step
0,False,0.9999993998260157,1.0,-5.173908305688209,-0.7335465326435368,0.05,0.025,0,1-2
1,False,0.999997946917107,1.0,-4.877485766696968,-0.6915203286933499,0.05,0.025,1,2-3
