,reject,pvals,pvals_corrected,tstats,effectsize,alpha,alpha_corrected,step,dimension_step
0,False,0.1561508295751205,0.312301659150241,1.0155870854508007,0.1439879373801342,0.05,0.025,0,1-2
1,False,0.9999921577662632,0.9999921577662632,-4.542864724523244,-0.6440784161711967,0.05,0.025,1,2-3
