,reject,pvals,pvals_corrected,tstats,effectsize,alpha,alpha_corrected,step,dimension_step
0,False,0.9999999999990278,1.0,-8.042691226092758,-1.1402769267357917,0.05,0.025,0,1-2
1,False,0.9999999999996841,1.0,-8.269922714636492,-1.1724933597841762,0.05,0.025,1,2-3
