,reject,pvals,pvals_corrected,tstats,effectsize,alpha,alpha_corrected,step,dimension_step
0,False,0.6935527093728837,1.0,-0.5075546404236085,-0.07196009759209514,0.05,0.025,0,1-2
1,False,0.9989524921611228,1.0,-3.1597223869209605,-0.4479792188226125,0.05,0.025,1,2-3
