{
  "data": {
    "name": "normal-1-60",
    "n_dimension": 1,
    "distance": "euclidean",
    "subject": null,
    "n_objects": 60,
    "n_train_triplets": 982,
    "n_test_triplets": 10000,
    "frac_train_ndlogn": 3.997383810263413,
    "frac_train_triplets": 0.009565556204948374,
    "max_train_score": 0.6568228105906314,
    "max_test_score": 0.6614,
    "noise_sd": 2.0,
    "distance_sd": 1.0038612315128126,
    "distance_mean": 1.1999326186349668,
    "difference_sd": 0.8399593069436754,
    "difference_mean": -0.10855200339465246
  },
  "n_repeats": 10,
  "n_splits": 10,
  "embedding_method": "soe",
  "embedding_dimension": [
    1,
    2,
    3
  ],
  "random_state": 3711634618,
  "alpha": 0.05
}