,reject,pvals,pvals_corrected,tstats,effectsize,alpha,alpha_corrected,step,dimension_step
0,False,0.9976852684083402,1.0,-2.8976230137219776,-0.41081928573937926,0.05,0.025,0,1-2
1,False,0.9999782440266161,1.0,-4.278297054564807,-0.6065685328332514,0.05,0.025,1,2-3
