,reject,pvals,pvals_corrected,tstats,effectsize,alpha,alpha_corrected,step,dimension_step
0,False,0.9999999959310307,1.0,-6.30337944262618,-0.8936807266165774,0.05,0.025,0,1-2
1,False,0.9999999999993902,1.0,-8.137070130454616,-1.1536577819730645,0.05,0.025,1,2-3
