{
  "data": {
    "name": "normal-1-60",
    "n_dimension": 1,
    "distance": "euclidean",
    "subject": null,
    "n_objects": 60,
    "n_train_triplets": 1965,
    "n_test_triplets": 10000,
    "frac_train_ndlogn": 7.998838276138092,
    "frac_train_triplets": 0.01914085330216248,
    "max_train_score": 0.7847328244274809,
    "max_test_score": 0.7894,
    "noise_sd": 1.0,
    "distance_sd": 1.0072072347132213,
    "distance_mean": 1.355305035478701,
    "difference_sd": 0.8932736860172913,
    "difference_mean": -0.09798082370638002
  },
  "n_repeats": 10,
  "n_splits": 10,
  "embedding_method": "soe",
  "embedding_dimension": [
    1,
    2,
    3
  ],
  "random_state": 422153741,
  "alpha": 0.05
}