{
  "data": {
    "name": "normal-1-60",
    "n_dimension": 1,
    "distance": "euclidean",
    "subject": null,
    "n_objects": 60,
    "n_train_triplets": 491,
    "n_test_triplets": 10000,
    "frac_train_ndlogn": 1.9986919051317065,
    "frac_train_triplets": 0.004782778102474187,
    "max_train_score": 0.7820773930753564,
    "max_test_score": 0.7734,
    "noise_sd": 1.0,
    "distance_sd": 1.0057842443633687,
    "distance_mean": 1.291451957952486,
    "difference_sd": 0.8925918149111849,
    "difference_mean": -0.13305500026706163
  },
  "n_repeats": 10,
  "n_splits": 10,
  "embedding_method": "soe",
  "embedding_dimension": [
    1,
    2,
    3
  ],
  "random_state": 2157201931,
  "alpha": 0.05
}