{
  "data": {
    "name": "normal-1-60",
    "n_dimension": 1,
    "distance": "euclidean",
    "subject": null,
    "n_objects": 60,
    "n_train_triplets": 1965,
    "n_test_triplets": 10000,
    "frac_train_ndlogn": 7.998838276138092,
    "frac_train_triplets": 0.01914085330216248,
    "max_train_score": 0.8839694656488549,
    "max_test_score": 0.8861,
    "noise_sd": 0.5,
    "distance_sd": 1.0079534175192044,
    "distance_mean": 1.387648642403158,
    "difference_sd": 0.9435838448079177,
    "difference_mean": -0.0956412009659814
  },
  "n_repeats": 10,
  "n_splits": 10,
  "embedding_method": "soe",
  "embedding_dimension": [
    1,
    2,
    3
  ],
  "random_state": 1289092146,
  "alpha": 0.05
}