,reject,pvals,pvals_corrected,tstats,effectsize,alpha,alpha_corrected,step,dimension_step
0,False,0.17635564162611972,0.35271128325223944,0.9337372085546268,0.13238342298847408,0.05,0.025,0,1-2
1,False,0.9170247858660209,0.9170247858660209,-1.3956230437985309,-0.1978686872997561,0.05,0.025,1,2-3
