,reject,pvals,pvals_corrected,tstats,effectsize,alpha,alpha_corrected,step,dimension_step
0,False,0.9951680644251769,1.0,-2.638850195973025,-0.3741309851381778,0.05,0.025,0,1-2
1,False,0.9999890882878851,1.0,-4.458232189770991,-0.6320793820274923,0.05,0.025,1,2-3
