,reject,pvals,pvals_corrected,tstats,effectsize,alpha,alpha_corrected,step,dimension_step
0,False,0.43035128976185655,0.8607025795237131,0.17593730110132932,0.024944044146212464,0.05,0.025,0,1-2
1,False,0.8661382096823147,0.8661382096823147,-1.1145925768454679,-0.15802474101760558,0.05,0.025,1,2-3
