,reject,pvals,pvals_corrected,tstats,effectsize,alpha,alpha_corrected,step,dimension_step
0,False,0.9999809987290941,1.0,-4.313949780225454,-0.6116233060805674,0.05,0.025,0,1-2
1,False,0.9999999155698458,1.0,-5.629681701769628,-0.7981651873651773,0.05,0.025,1,2-3
