,reject,pvals,pvals_corrected,tstats,effectsize,alpha,alpha_corrected,step,dimension_step
0,False,0.23609814271015306,0.4721962854203061,0.721673475638826,0.10231744446913907,0.05,0.025,0,1-2
1,False,0.9989115852808496,0.9989115852808496,-3.147403838074607,-0.4462327192212361,0.05,0.025,1,2-3
