,reject,pvals,pvals_corrected,tstats,effectsize,alpha,alpha_corrected,step,dimension_step
0,False,0.999999999966135,1.0,-7.31635061232171,-1.0372977846114204,0.05,0.025,0,1-2
1,False,0.9999999999995273,1.0,-8.188523577644224,-1.1609527504086277,0.05,0.025,1,2-3
