,reject,pvals,pvals_corrected,tstats,effectsize,alpha,alpha_corrected,step,dimension_step
0,False,0.9999999848049661,1.0,-6.014583754546492,-0.8527358425720812,0.05,0.025,0,1-2
1,False,0.9999991622806185,1.0,-5.094436516046071,-0.7222791787805245,0.05,0.025,1,2-3
