{
  "data": {
    "name": "normal-1-60",
    "n_dimension": 1,
    "distance": "euclidean",
    "subject": null,
    "n_objects": 60,
    "n_train_triplets": 982,
    "n_test_triplets": 10000,
    "frac_train_ndlogn": 3.997383810263413,
    "frac_train_triplets": 0.009565556204948374,
    "max_train_score": 0.7769857433808554,
    "max_test_score": 0.7748,
    "noise_sd": 1.0,
    "distance_sd": 1.00623343832044,
    "distance_mean": 1.3119342760175312,
    "difference_sd": 0.8880697720405085,
    "difference_mean": -0.11128341312306793
  },
  "n_repeats": 10,
  "n_splits": 10,
  "embedding_method": "soe",
  "embedding_dimension": [
    1,
    2,
    3
  ],
  "random_state": 1945738596,
  "alpha": 0.05
}