,reject,pvals,pvals_corrected,tstats,effectsize,alpha,alpha_corrected,step,dimension_step
0,False,0.99999995687015,1.0,-5.781780479684005,-0.819729452629745,0.05,0.025,0,1-2
1,False,0.9945002695328309,1.0,-2.5915155157618015,-0.36741996737534655,0.05,0.025,1,2-3
