,reject,pvals,pvals_corrected,tstats,effectsize,alpha,alpha_corrected,step,dimension_step
0,False,0.7741639951693113,1.0,-0.7556185646731177,-0.10713011235774571,0.05,0.025,0,1-2
1,False,0.9999891859289155,1.0,-4.460547571322785,-0.632407652265138,0.05,0.025,1,2-3
