,reject,pvals,pvals_corrected,tstats,effectsize,alpha,alpha_corrected,step,dimension_step
0,False,0.9999785335573884,1.0,-4.281833186705015,-0.6070698786857798,0.05,0.025,0,1-2
1,False,0.9999973370282506,1.0,-4.813562591054982,-0.6824574267095264,0.05,0.025,1,2-3
