,reject,pvals,pvals_corrected,tstats,effectsize,alpha,alpha_corrected,step,dimension_step
0,False,0.999998581599622,1.0,-4.9675986592403,-0.7042963571743666,0.05,0.025,0,1-2
1,False,0.9999897486931952,1.0,-4.474299596580901,-0.6343573873297944,0.05,0.025,1,2-3
