,reject,pvals,pvals_corrected,tstats,effectsize,alpha,alpha_corrected,step,dimension_step
0,False,0.9999999999997654,1.0,-8.329862215631303,-1.1809914642200028,0.05,0.025,0,1-2
1,False,0.999974672614362,1.0,-4.238054445306607,-0.6008630149265217,0.05,0.025,1,2-3
