{
  "data": {
    "name": "normal-1-60",
    "n_dimension": 1,
    "distance": "euclidean",
    "subject": null,
    "n_objects": 60,
    "n_train_triplets": 982,
    "n_test_triplets": 10000,
    "frac_train_ndlogn": 3.997383810263413,
    "frac_train_triplets": 0.009565556204948374,
    "max_train_score": 0.7718940936863544,
    "max_test_score": 0.7806,
    "noise_sd": 1.0,
    "distance_sd": 1.0059101197597795,
    "distance_mean": 1.297223306299363,
    "difference_sd": 0.8508276228059227,
    "difference_mean": -0.10913957357455946
  },
  "n_repeats": 10,
  "n_splits": 10,
  "embedding_method": "soe",
  "embedding_dimension": [
    1,
    2,
    3
  ],
  "random_state": 4187750624,
  "alpha": 0.05
}