,reject,pvals,pvals_corrected,tstats,effectsize,alpha,alpha_corrected,step,dimension_step
0,False,0.9999555905196585,1.0,-4.087307743870791,-0.5794904444029735,0.05,0.025,0,1-2
1,False,0.9999774304784768,1.0,-4.268598230331287,-0.6051934526294921,0.05,0.025,1,2-3
