{
  "data": {
    "name": "normal-1-60",
    "n_dimension": 1,
    "distance": "euclidean",
    "subject": null,
    "n_objects": 60,
    "n_train_triplets": 1965,
    "n_test_triplets": 10000,
    "frac_train_ndlogn": 7.998838276138092,
    "frac_train_triplets": 0.01914085330216248,
    "max_train_score": 0.8519083969465648,
    "max_test_score": 0.8594,
    "noise_sd": 0.5,
    "distance_sd": 1.0056159564238891,
    "distance_mean": 1.2836966115009378,
    "difference_sd": 0.877687107765691,
    "difference_mean": -0.1607263315177133
  },
  "n_repeats": 10,
  "n_splits": 10,
  "embedding_method": "soe",
  "embedding_dimension": [
    1,
    2,
    3
  ],
  "random_state": 315968841,
  "alpha": 0.05
}