,reject,pvals,pvals_corrected,tstats,effectsize,alpha,alpha_corrected,step,dimension_step
0,True,0.0006462207726537046,0.0012924415453074091,3.3123607056654922,0.46961997912377457,0.05,0.025,0,1-2
1,False,0.9999999999667644,0.9999999999667644,-7.320232056879111,-1.037848088178571,0.05,0.025,1,2-3
