,reject,pvals,pvals_corrected,tstats,effectsize,alpha,alpha_corrected,step,dimension_step
0,False,0.9581262971998132,1.0,-1.7469489993901297,-0.24767898955589834,0.05,0.025,0,1-2
1,False,0.7151881021678126,1.0,-0.570510993048302,-0.08088592531211015,0.05,0.025,1,2-3
