,reject,pvals,pvals_corrected,tstats,effectsize,alpha,alpha_corrected,step,dimension_step
0,False,0.9999999999990192,1.0,-8.040902934156223,-1.1400233862260079,0.05,0.025,0,1-2
1,False,0.9178829803357168,1.0,-1.4013585360580896,-0.19868185409967362,0.05,0.025,1,2-3
