,reject,pvals,pvals_corrected,tstats,effectsize,alpha,alpha_corrected,step,dimension_step
0,False,0.9811814023880377,1.0,-2.1070876509778924,-0.2987387384990104,0.05,0.025,0,1-2
1,False,0.9999958178804179,1.0,-4.701503885449626,-0.6665699640618099,0.05,0.025,1,2-3
