,reject,pvals,pvals_corrected,tstats,effectsize,alpha,alpha_corrected,step,dimension_step
0,False,0.9999997285690314,1.0,-5.360580723793437,-0.7600125805421303,0.05,0.025,0,1-2
1,False,0.9999993796867409,1.0,-5.166070592207813,-0.732435317058004,0.05,0.025,1,2-3
