,reject,pvals,pvals_corrected,tstats,effectsize,alpha,alpha_corrected,step,dimension_step
0,False,0.9999968617094636,1.0,-4.7729585196401105,-0.6767006614099087,0.05,0.025,0,1-2
1,False,0.9999976913998864,1.0,-4.848714986706957,-0.6874412641533154,0.05,0.025,1,2-3
