,reject,pvals,pvals_corrected,tstats,effectsize,alpha,alpha_corrected,step,dimension_step
0,False,0.9999999986790501,1.0,-6.545994413207792,-0.9280781994596689,0.05,0.025,0,1-2
1,False,0.9999978596686929,1.0,-4.867288372184387,-0.6900745621770631,0.05,0.025,1,2-3
