,reject,pvals,pvals_corrected,tstats,effectsize,alpha,alpha_corrected,step,dimension_step
0,False,0.5524280888232043,1.0,-0.13213737081536614,-0.018734176268195783,0.05,0.025,0,1-2
1,False,0.9999996758165298,1.0,-5.319085367043054,-0.7541294505625004,0.05,0.025,1,2-3
