,reject,pvals,pvals_corrected,tstats,effectsize,alpha,alpha_corrected,step,dimension_step
0,False,0.9999937649297123,1.0,-4.601092324268452,-0.6523338106184261,0.05,0.025,0,1-2
1,False,0.9987562739588881,1.0,-3.104252554757289,-0.4401148152333092,0.05,0.025,1,2-3
