,reject,pvals,pvals_corrected,tstats,effectsize,alpha,alpha_corrected,step,dimension_step
0,False,0.9993320169145192,1.0,-3.3020466901321193,-0.4681576783087757,0.05,0.025,0,1-2
1,False,0.963200423258962,1.0,-1.8082785598513471,-0.2563741738859759,0.05,0.025,1,2-3
