,reject,pvals,pvals_corrected,tstats,effectsize,alpha,alpha_corrected,step,dimension_step
0,False,0.9995681676730279,1.0,-3.436211953673741,-0.4871793652149707,0.05,0.025,0,1-2
1,False,0.9972300140144669,1.0,-2.8359987525909696,-0.4020823193285766,0.05,0.025,1,2-3
