,reject,pvals,pvals_corrected,tstats,effectsize,alpha,alpha_corrected,step,dimension_step
0,False,0.9999998533397043,1.0,-5.503216225814158,-0.780235161182792,0.05,0.025,0,1-2
1,False,0.9920542657544861,1.0,-2.453584890622037,-0.34786443491540836,0.05,0.025,1,2-3
