,reject,pvals,pvals_corrected,tstats,effectsize,alpha,alpha_corrected,step,dimension_step
0,False,0.9999999999997252,1.0,-8.297972889940041,-1.1764702584105668,0.05,0.025,0,1-2
1,False,0.9999998557768149,1.0,-5.507073990970653,-0.7807821075311047,0.05,0.025,1,2-3
