,reject,pvals,pvals_corrected,tstats,effectsize,alpha,alpha_corrected,step,dimension_step
0,False,0.9999999989601575,1.0,-6.597174301593169,-0.9353343832665797,0.05,0.025,0,1-2
1,False,0.9897853361703907,1.0,-2.356271301756783,-0.33406750588736084,0.05,0.025,1,2-3
