,reject,pvals,pvals_corrected,tstats,effectsize,alpha,alpha_corrected,step,dimension_step
0,False,0.9436334013261964,1.0,-1.6002339336616354,-0.2268780164050241,0.05,0.025,0,1-2
1,False,0.9999998808172406,1.0,-5.550887833898377,-0.7869939479160775,0.05,0.025,1,2-3
