{
  "data": {
    "name": "normal-1-60",
    "n_dimension": 1,
    "distance": "euclidean",
    "subject": null,
    "n_objects": 60,
    "n_train_triplets": 982,
    "n_test_triplets": 10000,
    "frac_train_ndlogn": 3.997383810263413,
    "frac_train_triplets": 0.009565556204948374,
    "max_train_score": 0.7830957230142567,
    "max_test_score": 0.7777,
    "noise_sd": 1.0,
    "distance_sd": 1.0063301336881163,
    "distance_mean": 1.3163028806050336,
    "difference_sd": 0.8634045693803248,
    "difference_mean": -0.1084395709926279
  },
  "n_repeats": 10,
  "n_splits": 10,
  "embedding_method": "soe",
  "embedding_dimension": [
    1,
    2,
    3
  ],
  "random_state": 3080478974,
  "alpha": 0.05
}