,reject,pvals,pvals_corrected,tstats,effectsize,alpha,alpha_corrected,step,dimension_step
0,False,0.9803397915283248,1.0,-2.0884800112926176,-0.29610058398111777,0.05,0.025,0,1-2
1,False,0.9952939250542984,1.0,-2.648429033445279,-0.3754890538551674,0.05,0.025,1,2-3
