,reject,pvals,pvals_corrected,tstats,effectsize,alpha,alpha_corrected,step,dimension_step
0,False,0.9999999999999991,1.0,-9.44152468097497,-1.3386007797979957,0.05,0.025,0,1-2
1,False,0.9999999963584966,1.0,-6.327468270745144,-0.8970959932386561,0.05,0.025,1,2-3
