{
  "data": {
    "name": "normal-1-60",
    "n_dimension": 1,
    "distance": "euclidean",
    "subject": null,
    "n_objects": 60,
    "n_train_triplets": 982,
    "n_test_triplets": 10000,
    "frac_train_ndlogn": 3.997383810263413,
    "frac_train_triplets": 0.009565556204948374,
    "max_train_score": 0.7016293279022403,
    "max_test_score": 0.6793,
    "noise_sd": 2.0,
    "distance_sd": 1.0072936425684313,
    "distance_mean": 1.3590885889084912,
    "difference_sd": 0.9285877388083369,
    "difference_mean": -0.09271268698065983
  },
  "n_repeats": 10,
  "n_splits": 10,
  "embedding_method": "soe",
  "embedding_dimension": [
    1,
    2,
    3
  ],
  "random_state": 1792434244,
  "alpha": 0.05
}