{
  "data": {
    "name": "normal-1-60",
    "n_dimension": 1,
    "distance": "euclidean",
    "subject": null,
    "n_objects": 60,
    "n_train_triplets": 1965,
    "n_test_triplets": 10000,
    "frac_train_ndlogn": 7.998838276138092,
    "frac_train_triplets": 0.01914085330216248,
    "max_train_score": 0.6880407124681934,
    "max_test_score": 0.6684,
    "noise_sd": 2.0,
    "distance_sd": 1.0060007235751773,
    "distance_mean": 1.3013620662699457,
    "difference_sd": 0.9039059567047395,
    "difference_mean": -0.09474867952995182
  },
  "n_repeats": 10,
  "n_splits": 10,
  "embedding_method": "soe",
  "embedding_dimension": [
    1,
    2,
    3
  ],
  "random_state": 2056289398,
  "alpha": 0.05
}