,reject,pvals,pvals_corrected,tstats,effectsize,alpha,alpha_corrected,step,dimension_step
0,False,0.9443665851263288,1.0,-1.6068745360964551,-0.2278195079435137,0.05,0.025,0,1-2
1,False,0.7874833183037897,1.0,-0.8010286128208989,-0.1135682595760409,0.05,0.025,1,2-3
