,reject,pvals,pvals_corrected,tstats,effectsize,alpha,alpha_corrected,step,dimension_step
0,False,0.9999999997153534,1.0,-6.8719910788565155,-0.9742973648586906,0.05,0.025,0,1-2
1,False,0.9199877496896305,1.0,-1.4156219279356894,-0.20070408971680787,0.05,0.025,1,2-3
