,reject,pvals,pvals_corrected,tstats,effectsize,alpha,alpha_corrected,step,dimension_step
0,False,0.9453355272445475,1.0,-1.6157588917696806,-0.22907911439840611,0.05,0.025,0,1-2
1,False,0.9998808891257658,1.0,-3.8137021757535785,-0.5406991856588451,0.05,0.025,1,2-3
