,reject,pvals,pvals_corrected,tstats,effectsize,alpha,alpha_corrected,step,dimension_step
0,False,0.6528811810259889,1.0,-0.39425924962817954,-0.05589730015304643,0.05,0.025,0,1-2
1,False,0.9998365533328899,1.0,-3.723283578431732,-0.5278798149562346,0.05,0.025,1,2-3
