,reject,pvals,pvals_corrected,tstats,effectsize,alpha,alpha_corrected,step,dimension_step
0,False,0.9999999999968459,1.0,-7.803584230061328,-1.1063768076175544,0.05,0.025,0,1-2
1,False,0.9999999987325585,1.0,-6.554848961110393,-0.9293335798275308,0.05,0.025,1,2-3
