,reject,pvals,pvals_corrected,tstats,effectsize,alpha,alpha_corrected,step,dimension_step
0,False,0.9997706424492532,1.0,-3.6248734145846324,-0.5139274156863136,0.05,0.025,0,1-2
1,False,0.9989087641974048,1.0,-3.1465702718818838,-0.4461145378476449,0.05,0.025,1,2-3
