,reject,pvals,pvals_corrected,tstats,effectsize,alpha,alpha_corrected,step,dimension_step
0,False,0.999999999993038,1.0,-7.64187162643173,-1.0834495130717978,0.05,0.025,0,1-2
1,False,0.9999961720938155,1.0,-4.7235913639089535,-0.6697014832696137,0.05,0.025,1,2-3
