,reject,pvals,pvals_corrected,tstats,effectsize,alpha,alpha_corrected,step,dimension_step
0,False,0.9999998700213794,1.0,-5.530986271691463,-0.784172343610678,0.05,0.025,0,1-2
1,False,0.9999999999893605,1.0,-7.554938781767281,-1.0711243455178352,0.05,0.025,1,2-3
