,reject,pvals,pvals_corrected,tstats,effectsize,alpha,alpha_corrected,step,dimension_step
0,False,0.9999680934102119,1.0,-4.176467734763428,-0.5921313723641278,0.05,0.025,0,1-2
1,False,0.9999999886115953,1.0,-6.078261519305025,-0.8617639506840397,0.05,0.025,1,2-3
