,reject,pvals,pvals_corrected,tstats,effectsize,alpha,alpha_corrected,step,dimension_step
0,False,0.992757709802977,1.0,-2.488830560966302,-0.3528614966614212,0.05,0.025,0,1-2
1,False,0.9864594676354624,1.0,-2.2436753793145177,-0.31810387769423654,0.05,0.025,1,2-3
