,reject,pvals,pvals_corrected,tstats,effectsize,alpha,alpha_corrected,step,dimension_step
0,False,0.9999999999825147,1.0,-7.45279964968346,-1.0566432604732983,0.05,0.025,0,1-2
1,False,0.9999991971428915,1.0,-5.104602246131787,-0.7237204559767146,0.05,0.025,1,2-3
