,reject,pvals,pvals_corrected,tstats,effectsize,alpha,alpha_corrected,step,dimension_step
0,False,0.9981214655585077,1.0,-2.968174680496134,-0.42082196214504874,0.05,0.025,0,1-2
1,False,0.9999999877433361,1.0,-6.062063374887818,-0.859467409661185,0.05,0.025,1,2-3
