,reject,pvals,pvals_corrected,tstats,effectsize,alpha,alpha_corrected,step,dimension_step
0,False,0.999997760187049,1.0,-4.856143266634079,-0.6884944310558009,0.05,0.025,0,1-2
1,False,0.9999999405978223,1.0,-5.709523502366177,-0.8094850006527892,0.05,0.025,1,2-3
