,reject,pvals,pvals_corrected,tstats,effectsize,alpha,alpha_corrected,step,dimension_step
0,False,0.994351939536353,1.0,-2.5817102779082473,-0.3660298000580572,0.05,0.025,0,1-2
1,False,0.9996212755123857,1.0,-3.475892569610908,-0.49280520481515605,0.05,0.025,1,2-3
