,reject,pvals,pvals_corrected,tstats,effectsize,alpha,alpha_corrected,step,dimension_step
0,False,0.7804909383562625,1.0,-0.7769885803350479,-0.11015991110275107,0.05,0.025,0,1-2
1,False,0.997392215272634,1.0,-2.856810813820212,-0.4050330123926751,0.05,0.025,1,2-3
