,reject,pvals,pvals_corrected,tstats,effectsize,alpha,alpha_corrected,step,dimension_step
0,False,0.9999999998152501,1.0,-6.962886298687824,-0.9871843101622678,0.05,0.025,0,1-2
1,False,0.9999999731027666,1.0,-5.887642011035393,-0.8347382921133848,0.05,0.025,1,2-3
