,reject,pvals,pvals_corrected,tstats,effectsize,alpha,alpha_corrected,step,dimension_step
0,False,0.9245154808998537,1.0,-1.4473110353856304,-0.2051969089782,0.05,0.025,0,1-2
1,False,0.9202520255233765,1.0,-1.4174331062107208,-0.20096087500660278,0.05,0.025,1,2-3
