,reject,pvals,pvals_corrected,tstats,effectsize,alpha,alpha_corrected,step,dimension_step
0,False,0.9999803278437875,1.0,-4.3048289108873155,-0.6103301671839366,0.05,0.025,0,1-2
1,False,0.9999999981254548,1.0,-6.470872388011182,-0.9174275466354682,0.05,0.025,1,2-3
