,reject,pvals,pvals_corrected,tstats,effectsize,alpha,alpha_corrected,step,dimension_step
0,False,0.9999999999999878,1.0,-8.923090594016971,-1.2650982156968578,0.05,0.025,0,1-2
1,False,0.9445564088006784,1.0,-1.6086052271887445,-0.22806488191901111,0.05,0.025,1,2-3
