,reject,pvals,pvals_corrected,tstats,effectsize,alpha,alpha_corrected,step,dimension_step
0,False,0.8958154371150433,1.0,-1.2663225517029335,-0.1795367181109028,0.05,0.025,0,1-2
1,False,0.996697494262717,1.0,-2.7747411581388057,-0.3933973381975684,0.05,0.025,1,2-3
