,reject,pvals,pvals_corrected,tstats,effectsize,alpha,alpha_corrected,step,dimension_step
0,False,0.8264607248914696,1.0,-0.9447657941403153,-0.1339470341385693,0.05,0.025,0,1-2
1,False,0.9999957494716343,1.0,-4.697448191339795,-0.6659949557361968,0.05,0.025,1,2-3
