,reject,pvals,pvals_corrected,tstats,effectsize,alpha,alpha_corrected,step,dimension_step
0,False,0.9996556147364662,1.0,-3.504446541130708,-0.4968535306771594,0.05,0.025,0,1-2
1,False,0.9999439313089276,1.0,-4.0237154930613315,-0.5704744602903458,0.05,0.025,1,2-3
