,reject,pvals,pvals_corrected,tstats,effectsize,alpha,alpha_corrected,step,dimension_step
0,True,0.00539248884614267,0.01078497769228534,2.598754329277486,0.36844627210306,0.05,0.025,0,1-2
1,False,0.9999990986058533,0.9999990986058533,-5.0768911453891015,-0.7197916306739577,0.05,0.025,1,2-3
