,reject,pvals,pvals_corrected,tstats,effectsize,alpha,alpha_corrected,step,dimension_step
0,False,0.9999999999999539,1.0,-8.656548063328867,-1.2273083404929745,0.05,0.025,0,1-2
1,False,0.9999999993862374,1.0,-6.709459245716158,-0.9512539215658841,0.05,0.025,1,2-3
