,reject,pvals,pvals_corrected,tstats,effectsize,alpha,alpha_corrected,step,dimension_step
0,False,0.9999149961916513,1.0,-3.9086140498324746,-0.5541556042932324,0.05,0.025,0,1-2
1,False,0.9999992507220209,1.0,-5.121097707072715,-0.7260591499509144,0.05,0.025,1,2-3
