,reject,pvals,pvals_corrected,tstats,effectsize,alpha,alpha_corrected,step,dimension_step
0,False,0.9999999974588692,1.0,-6.405316127025454,-0.9081331090269997,0.05,0.025,0,1-2
1,False,0.9999999999999412,1.0,-8.607910018975353,-1.2204125343282504,0.05,0.025,1,2-3
