,reject,pvals,pvals_corrected,tstats,effectsize,alpha,alpha_corrected,step,dimension_step
0,False,0.9999999999748891,1.0,-7.378167226782881,-1.046062022498648,0.05,0.025,0,1-2
1,False,0.9999987207828411,1.0,-4.99260901677593,-0.7078422764227356,0.05,0.025,1,2-3
