,reject,pvals,pvals_corrected,tstats,effectsize,alpha,alpha_corrected,step,dimension_step
0,False,0.9999999999999872,1.0,-8.913972031637746,-1.2638054038763196,0.05,0.025,0,1-2
1,False,0.9999991557672501,1.0,-5.092583093820033,-0.7220164042265302,0.05,0.025,1,2-3
