,reject,pvals,pvals_corrected,tstats,effectsize,alpha,alpha_corrected,step,dimension_step
0,False,0.9999999999999004,1.0,-8.502181176564392,-1.205422507221332,0.05,0.025,0,1-2
1,False,0.9999979483412411,1.0,-4.877655689183469,-0.6915444199689247,0.05,0.025,1,2-3
