,reject,pvals,pvals_corrected,tstats,effectsize,alpha,alpha_corrected,step,dimension_step
0,False,0.8333172803393686,1.0,-0.9721091146289131,-0.13782371628102638,0.05,0.025,0,1-2
1,False,0.7167695102634299,1.0,-0.5752001135987959,-0.08155073959132354,0.05,0.025,1,2-3
