,reject,pvals,pvals_corrected,tstats,effectsize,alpha,alpha_corrected,step,dimension_step
0,False,0.9991124900385101,1.0,-3.2126508430116942,-0.4554833111160241,0.05,0.025,0,1-2
1,False,0.9999320934953034,1.0,-3.9709904916543874,-0.5629992134014188,0.05,0.025,1,2-3
