,reject,pvals,pvals_corrected,tstats,effectsize,alpha,alpha_corrected,step,dimension_step
0,False,0.9999999796786209,1.0,-5.9501054642746345,-0.8435942375290029,0.05,0.025,0,1-2
1,False,0.9999982714719424,1.0,-4.919525466791253,-0.6974806346005175,0.05,0.025,1,2-3
