,reject,pvals,pvals_corrected,tstats,effectsize,alpha,alpha_corrected,step,dimension_step
0,False,0.9999999959493151,1.0,-6.304357571282297,-0.8938194037715986,0.05,0.025,0,1-2
1,False,0.9999761013900548,1.0,-4.253454965239863,-0.6030464703204891,0.05,0.025,1,2-3
