,reject,pvals,pvals_corrected,tstats,effectsize,alpha,alpha_corrected,step,dimension_step
0,False,0.771957895973658,1.0,-0.7482484312177464,-0.10608518934754005,0.05,0.025,0,1-2
1,False,0.7081306551804898,1.0,-0.5497357410890604,-0.07794045099383841,0.05,0.025,1,2-3
