,reject,pvals,pvals_corrected,tstats,effectsize,alpha,alpha_corrected,step,dimension_step
0,False,0.999999971031272,1.0,-5.871063690395539,-0.8323878504542145,0.05,0.025,0,1-2
1,False,0.9782576779395766,1.0,-2.045235174792885,-0.2899694162071856,0.05,0.025,1,2-3
