{
  "data": {
    "name": "normal-1-60",
    "n_dimension": 1,
    "distance": "euclidean",
    "subject": null,
    "n_objects": 60,
    "n_train_triplets": 1965,
    "n_test_triplets": 10000,
    "frac_train_ndlogn": 7.998838276138092,
    "frac_train_triplets": 0.01914085330216248,
    "max_train_score": 0.7760814249363868,
    "max_test_score": 0.774,
    "noise_sd": 1.0,
    "distance_sd": 1.0066607709225943,
    "distance_mean": 1.331135563527312,
    "difference_sd": 0.882178850913977,
    "difference_mean": -0.10288567626021221
  },
  "n_repeats": 10,
  "n_splits": 10,
  "embedding_method": "soe",
  "embedding_dimension": [
    1,
    2,
    3
  ],
  "random_state": 3889290146,
  "alpha": 0.05
}