,reject,pvals,pvals_corrected,tstats,effectsize,alpha,alpha_corrected,step,dimension_step
0,False,0.9997181172636094,1.0,-3.564114278956781,-0.505313105065998,0.05,0.025,0,1-2
1,False,0.9999993904729348,1.0,-5.170236877134932,-0.7330260047319493,0.05,0.025,1,2-3
