,reject,pvals,pvals_corrected,tstats,effectsize,alpha,alpha_corrected,step,dimension_step
0,False,0.9999720461220009,1.0,-4.211806790398428,-0.5971416740927943,0.05,0.025,0,1-2
1,False,0.9999758701805507,1.0,-4.250903688163972,-0.602684755279893,0.05,0.025,1,2-3
