,reject,pvals,pvals_corrected,tstats,effectsize,alpha,alpha_corrected,step,dimension_step
0,False,0.8656627075572216,1.0,-1.1123662097336815,-0.15770909107200315,0.05,0.025,0,1-2
1,False,0.999301420029528,1.0,-3.288065642299102,-0.46617547287437355,0.05,0.025,1,2-3
