,reject,pvals,pvals_corrected,tstats,effectsize,alpha,alpha_corrected,step,dimension_step
0,False,0.9999999999672702,1.0,-7.323405242382388,-1.038297976171523,0.05,0.025,0,1-2
1,False,0.9999999996791862,1.0,-6.84677167744679,-0.9707218077814398,0.05,0.025,1,2-3
