,reject,pvals,pvals_corrected,tstats,effectsize,alpha,alpha_corrected,step,dimension_step
0,False,0.9982331771542575,1.0,-2.988672600717332,-0.4237281169155407,0.05,0.025,0,1-2
1,False,0.9988143653587374,1.0,-3.1197732697543406,-0.4423153116467688,0.05,0.025,1,2-3
