,reject,pvals,pvals_corrected,tstats,effectsize,alpha,alpha_corrected,step,dimension_step
0,False,0.9973242918930064,1.0,-2.8479550396910107,-0.40377745817282007,0.05,0.025,0,1-2
1,False,0.9999706387337671,1.0,-4.198702935269748,-0.5952838353129035,0.05,0.025,1,2-3
