,reject,pvals,pvals_corrected,tstats,effectsize,alpha,alpha_corrected,step,dimension_step
0,False,0.9999814568350811,1.0,-4.320357908175698,-0.612531837844354,0.05,0.025,0,1-2
1,False,0.9999970525568107,1.0,-4.788492239750677,-0.6789030016627566,0.05,0.025,1,2-3
