,reject,pvals,pvals_corrected,tstats,effectsize,alpha,alpha_corrected,step,dimension_step
0,False,0.23403373360881363,0.46806746721762726,0.7284340832327225,0.10327595010280369,0.05,0.025,0,1-2
1,False,0.7907415579845309,0.7907415579845309,-0.8123903795109105,-0.1151791084871049,0.05,0.025,1,2-3
