,reject,pvals,pvals_corrected,tstats,effectsize,alpha,alpha_corrected,step,dimension_step
0,False,0.9999999999007686,1.0,-7.092960825638862,-1.005626020488924,0.05,0.025,0,1-2
1,False,0.9999968224687079,1.0,-4.769878586657632,-0.6762639945757501,0.05,0.025,1,2-3
