{
  "data": {
    "name": "normal-1-60",
    "n_dimension": 1,
    "distance": "euclidean",
    "subject": null,
    "n_objects": 60,
    "n_train_triplets": 1965,
    "n_test_triplets": 10000,
    "frac_train_ndlogn": 7.998838276138092,
    "frac_train_triplets": 0.01914085330216248,
    "max_train_score": 0.7826972010178117,
    "max_test_score": 0.7775,
    "noise_sd": 1.0,
    "distance_sd": 1.0054276435059504,
    "distance_mean": 1.2749640648124618,
    "difference_sd": 0.8740061526130843,
    "difference_mean": -0.11853359974766196
  },
  "n_repeats": 10,
  "n_splits": 10,
  "embedding_method": "soe",
  "embedding_dimension": [
    1,
    2,
    3
  ],
  "random_state": 202536546,
  "alpha": 0.05
}