,reject,pvals,pvals_corrected,tstats,effectsize,alpha,alpha_corrected,step,dimension_step
0,False,0.17134097763219042,0.34268195526438083,0.9534546779169558,0.13517892697282963,0.05,0.025,0,1-2
1,False,0.9940752764336174,0.9940752764336174,-2.564026071671806,-0.3635225681163869,0.05,0.025,1,2-3
