,reject,pvals,pvals_corrected,tstats,effectsize,alpha,alpha_corrected,step,dimension_step
0,False,0.997542903426031,1.0,-2.8772382383837876,-0.4079291724276286,0.05,0.025,0,1-2
1,False,0.9999993416146143,1.0,-5.151910016715604,-0.7304276585455548,0.05,0.025,1,2-3
