,reject,pvals,pvals_corrected,tstats,effectsize,alpha,alpha_corrected,step,dimension_step
0,False,0.9899631506087828,1.0,-2.363163945798376,-0.3350447313886126,0.05,0.025,0,1-2
1,False,0.9997796243109243,1.0,-3.636567144416402,-0.515585329678012,0.05,0.025,1,2-3
