,reject,pvals,pvals_corrected,tstats,effectsize,alpha,alpha_corrected,step,dimension_step
0,False,0.999999999993199,1.0,-7.646663695326367,-1.0841289231645483,0.05,0.025,0,1-2
1,False,0.9999999998749893,1.0,-7.044713452451521,-0.9987856029129452,0.05,0.025,1,2-3
