,reject,pvals,pvals_corrected,tstats,effectsize,alpha,alpha_corrected,step,dimension_step
0,False,0.9997235605990913,1.0,-3.5698887585560595,-0.5061317994141786,0.05,0.025,0,1-2
1,False,0.9999885445124307,1.0,-4.445692696505944,-0.6303015573614521,0.05,0.025,1,2-3
