,reject,pvals,pvals_corrected,tstats,effectsize,alpha,alpha_corrected,step,dimension_step
0,False,0.997569892862615,1.0,-2.8810179226904364,-0.4084650486267838,0.05,0.025,0,1-2
1,False,0.9999999996773903,1.0,-6.845593974763048,-0.9705548354137243,0.05,0.025,1,2-3
