,reject,pvals,pvals_corrected,tstats,effectsize,alpha,alpha_corrected,step,dimension_step
0,False,0.9999999998730974,1.0,-7.041572071156065,-0.9983402240579586,0.05,0.025,0,1-2
1,False,0.9999988000434792,1.0,-5.008064781226311,-0.7100335642755697,0.05,0.025,1,2-3
