,reject,pvals,pvals_corrected,tstats,effectsize,alpha,alpha_corrected,step,dimension_step
0,False,0.9990542293467662,1.0,-3.192418119553765,-0.4526147554204811,0.05,0.025,0,1-2
1,False,0.9945997827124083,1.0,-2.5982283355775153,-0.3683716977519101,0.05,0.025,1,2-3
