,reject,pvals,pvals_corrected,tstats,effectsize,alpha,alpha_corrected,step,dimension_step
0,False,0.3490744569267703,0.6981489138535406,0.3889493509549973,0.05514447317385178,0.05,0.025,0,1-2
1,False,0.4790404599324837,0.6981489138535406,0.05269523531729456,0.007471026711343126,0.05,0.025,1,2-3
