,reject,pvals,pvals_corrected,tstats,effectsize,alpha,alpha_corrected,step,dimension_step
0,False,0.9999999999854994,1.0,-7.491321319639945,-1.0621047869941977,0.05,0.025,0,1-2
1,False,0.9999999985662581,1.0,-6.528436528090416,-0.9255888770775452,0.05,0.025,1,2-3
