,reject,pvals,pvals_corrected,tstats,effectsize,alpha,alpha_corrected,step,dimension_step
0,False,0.9999999999023843,1.0,-7.096386887119881,-1.0061117607401113,0.05,0.025,0,1-2
1,False,0.9999952426810174,1.0,-4.669237474403887,-0.6619952958332618,0.05,0.025,1,2-3
