,reject,pvals,pvals_corrected,tstats,effectsize,alpha,alpha_corrected,step,dimension_step
0,False,0.035376462263592076,0.07075292452718415,1.8267347267477252,0.2589908528900944,0.05,0.025,0,1-2
1,False,0.9954084557738263,0.9954084557738263,-2.657349360917259,-0.3767537603208622,0.05,0.025,1,2-3
