,reject,pvals,pvals_corrected,tstats,effectsize,alpha,alpha_corrected,step,dimension_step
0,False,0.9964913166543322,1.0,-2.7534274229304003,-0.39037551878445287,0.05,0.025,0,1-2
1,False,0.918680496985775,1.0,-1.406729745870023,-0.19944337365140458,0.05,0.025,1,2-3
