,reject,pvals,pvals_corrected,tstats,effectsize,alpha,alpha_corrected,step,dimension_step
0,False,0.9999999999999977,1.0,-9.24807594302173,-1.3111739986132853,0.05,0.025,0,1-2
1,False,0.9999999924263804,1.0,-6.1678764375735,-0.8744693773528313,0.05,0.025,1,2-3
