,reject,pvals,pvals_corrected,tstats,effectsize,alpha,alpha_corrected,step,dimension_step
0,False,0.9999999999998745,1.0,-8.455783768659225,-1.198844374080653,0.05,0.025,0,1-2
1,False,0.9997302258183554,1.0,-3.5771076986386743,-0.5071552865256803,0.05,0.025,1,2-3
