,reject,pvals,pvals_corrected,tstats,effectsize,alpha,alpha_corrected,step,dimension_step
0,False,0.999985672880123,1.0,-4.387746825943638,-0.6220861059230763,0.05,0.025,0,1-2
1,False,0.9999232376800137,1.0,-3.9370184779474244,-0.558182728185733,0.05,0.025,1,2-3
