,reject,pvals,pvals_corrected,tstats,effectsize,alpha,alpha_corrected,step,dimension_step
0,False,0.9999859837826667,1.0,-4.3934500909915295,-0.6228947036123761,0.05,0.025,0,1-2
1,False,0.9999999970897643,1.0,-6.376012629195375,-0.9039785168004716,0.05,0.025,1,2-3
