,reject,pvals,pvals_corrected,tstats,effectsize,alpha,alpha_corrected,step,dimension_step
0,False,0.9999336346407672,1.0,-3.977332311943514,-0.5638983441955658,0.05,0.025,0,1-2
1,False,0.9999999998819583,1.0,-7.056705993354667,-1.0004858817500124,0.05,0.025,1,2-3
