{
  "data": {
    "name": "normal-1-60",
    "n_dimension": 1,
    "distance": "euclidean",
    "subject": null,
    "n_objects": 60,
    "n_train_triplets": 982,
    "n_test_triplets": 10000,
    "frac_train_ndlogn": 3.997383810263413,
    "frac_train_triplets": 0.009565556204948374,
    "max_train_score": 0.8859470468431772,
    "max_test_score": 0.8671,
    "noise_sd": 0.5,
    "distance_sd": 1.0059732894792444,
    "distance_mean": 1.300110234914376,
    "difference_sd": 0.872130703919512,
    "difference_mean": -0.13276718099235602
  },
  "n_repeats": 10,
  "n_splits": 10,
  "embedding_method": "soe",
  "embedding_dimension": [
    1,
    2,
    3
  ],
  "random_state": 1745493963,
  "alpha": 0.05
}