,reject,pvals,pvals_corrected,tstats,effectsize,alpha,alpha_corrected,step,dimension_step
0,False,0.9999999999999982,1.0,-9.300444712408671,-1.3185987396278034,0.05,0.025,0,1-2
1,False,0.9999999999999792,1.0,-8.816436144143333,-1.249976957786315,0.05,0.025,1,2-3
