,reject,pvals,pvals_corrected,tstats,effectsize,alpha,alpha_corrected,step,dimension_step
0,False,0.9999999999951024,1.0,-7.713798009698406,-1.0936470940750898,0.05,0.025,0,1-2
1,False,0.9999994788982569,1.0,-5.207388519731586,-0.7382932914712265,0.05,0.025,1,2-3
