{
  "data": {
    "name": "normal-1-60",
    "n_dimension": 1,
    "distance": "euclidean",
    "subject": null,
    "n_objects": 60,
    "n_train_triplets": 982,
    "n_test_triplets": 10000,
    "frac_train_ndlogn": 3.997383810263413,
    "frac_train_triplets": 0.009565556204948374,
    "max_train_score": 0.7413441955193483,
    "max_test_score": 0.7688,
    "noise_sd": 1.0,
    "distance_sd": 1.0056452384013026,
    "distance_mean": 1.285049306045054,
    "difference_sd": 0.8513127121243367,
    "difference_mean": -0.10046989315593485
  },
  "n_repeats": 10,
  "n_splits": 10,
  "embedding_method": "soe",
  "embedding_dimension": [
    1,
    2,
    3
  ],
  "random_state": 3366170936,
  "alpha": 0.05
}