,reject,pvals,pvals_corrected,tstats,effectsize,alpha,alpha_corrected,step,dimension_step
0,False,0.9999987936158938,1.0,-5.006774876064376,-0.709850684061412,0.05,0.025,0,1-2
1,False,0.9999603638531334,1.0,-4.118104777326427,-0.5838567871698626,0.05,0.025,1,2-3
