,reject,pvals,pvals_corrected,tstats,effectsize,alpha,alpha_corrected,step,dimension_step
0,False,0.911902967332011,1.0,-1.3623017493362237,-0.19314445977737282,0.05,0.025,0,1-2
1,False,0.9999348032218313,1.0,-3.982235634546261,-0.564593527620004,0.05,0.025,1,2-3
