,reject,pvals,pvals_corrected,tstats,effectsize,alpha,alpha_corrected,step,dimension_step
0,False,0.9999999990909947,1.0,-6.625875980599426,-0.939403650805191,0.05,0.025,0,1-2
1,False,0.9999997231330867,1.0,-5.355955667491275,-0.759356849165909,0.05,0.025,1,2-3
