{
  "data": {
    "name": "normal-1-60",
    "n_dimension": 1,
    "distance": "euclidean",
    "subject": null,
    "n_objects": 60,
    "n_train_triplets": 982,
    "n_test_triplets": 10000,
    "frac_train_ndlogn": 3.997383810263413,
    "frac_train_triplets": 0.009565556204948374,
    "max_train_score": 0.869653767820774,
    "max_test_score": 0.8677,
    "noise_sd": 0.5,
    "distance_sd": 1.0059049303288934,
    "distance_mean": 1.296985865794964,
    "difference_sd": 0.8788408379415468,
    "difference_mean": -0.12788667580578175
  },
  "n_repeats": 10,
  "n_splits": 10,
  "embedding_method": "soe",
  "embedding_dimension": [
    1,
    2,
    3
  ],
  "random_state": 3504779678,
  "alpha": 0.05
}