{
  "data": {
    "name": "normal-1-60",
    "n_dimension": 1,
    "distance": "euclidean",
    "subject": null,
    "n_objects": 60,
    "n_train_triplets": 1965,
    "n_test_triplets": 10000,
    "frac_train_ndlogn": 7.998838276138092,
    "frac_train_triplets": 0.01914085330216248,
    "max_train_score": 0.872264631043257,
    "max_test_score": 0.8735,
    "noise_sd": 0.5,
    "distance_sd": 1.0068478980376685,
    "distance_mean": 1.3394596039159696,
    "difference_sd": 0.9137014334239982,
    "difference_mean": -0.11517552718792103
  },
  "n_repeats": 10,
  "n_splits": 10,
  "embedding_method": "soe",
  "embedding_dimension": [
    1,
    2,
    3
  ],
  "random_state": 3338035503,
  "alpha": 0.05
}