,reject,pvals,pvals_corrected,tstats,effectsize,alpha,alpha_corrected,step,dimension_step
0,False,0.4894103550568991,0.9788207101137982,0.02661459147027353,0.003773364377037705,0.05,0.025,0,1-2
1,False,0.9994296487918248,0.9994296487918248,-3.35105875856077,-0.4751065128704547,0.05,0.025,1,2-3
