,reject,pvals,pvals_corrected,tstats,effectsize,alpha,alpha_corrected,step,dimension_step
0,False,0.9999996935634559,1.0,-5.332256447743711,-0.7559968204516252,0.05,0.025,0,1-2
1,False,0.909284030724152,1.0,-1.3458281660469784,-0.1908088675735537,0.05,0.025,1,2-3
