,reject,pvals,pvals_corrected,tstats,effectsize,alpha,alpha_corrected,step,dimension_step
0,False,0.9999036684079817,1.0,-3.8735912429925863,-0.5491901396960729,0.05,0.025,0,1-2
1,False,0.9995317622226958,1.0,-3.4115853529044653,-0.48368785424535443,0.05,0.025,1,2-3
