,reject,pvals,pvals_corrected,tstats,effectsize,alpha,alpha_corrected,step,dimension_step
0,False,0.9999203752066529,1.0,-3.926836211306638,-0.5567391064693239,0.05,0.025,0,1-2
1,False,0.9999927622576054,1.0,-4.563279549361821,-0.6469727898419475,0.05,0.025,1,2-3
