,reject,pvals,pvals_corrected,tstats,effectsize,alpha,alpha_corrected,step,dimension_step
0,False,0.9993753131307538,1.0,-3.3228919264253896,-0.4711130748681335,0.05,0.025,0,1-2
1,False,0.9998840360120829,1.0,-3.8212897756007225,-0.5417749406259055,0.05,0.025,1,2-3
