,reject,pvals,pvals_corrected,tstats,effectsize,alpha,alpha_corrected,step,dimension_step
0,False,0.999449499367548,1.0,-3.3619808784622545,-0.47665502952546435,0.05,0.025,0,1-2
1,False,0.9998462309510019,1.0,-3.7408332939492346,-0.5303679790685732,0.05,0.025,1,2-3
