{
  "data": {
    "name": "normal-1-60",
    "n_dimension": 1,
    "distance": "euclidean",
    "subject": null,
    "n_objects": 60,
    "n_train_triplets": 1965,
    "n_test_triplets": 10000,
    "frac_train_ndlogn": 7.998838276138092,
    "frac_train_triplets": 0.01914085330216248,
    "max_train_score": 0.8809160305343512,
    "max_test_score": 0.8745,
    "noise_sd": 0.5,
    "distance_sd": 1.0064810330164486,
    "distance_mean": 1.3230923825730856,
    "difference_sd": 0.8781101231712054,
    "difference_mean": -0.10053322509337244
  },
  "n_repeats": 10,
  "n_splits": 10,
  "embedding_method": "soe",
  "embedding_dimension": [
    1,
    2,
    3
  ],
  "random_state": 442303150,
  "alpha": 0.05
}