{
  "data": {
    "name": "normal-1-60",
    "n_dimension": 1,
    "distance": "euclidean",
    "subject": null,
    "n_objects": 60,
    "n_train_triplets": 1965,
    "n_test_triplets": 10000,
    "frac_train_ndlogn": 7.998838276138092,
    "frac_train_triplets": 0.01914085330216248,
    "max_train_score": 0.8661577608142493,
    "max_test_score": 0.8602,
    "noise_sd": 0.5,
    "distance_sd": 1.0062643136171605,
    "distance_mean": 1.3133307260697311,
    "difference_sd": 0.8948698464467101,
    "difference_mean": -0.14015820928397868
  },
  "n_repeats": 10,
  "n_splits": 10,
  "embedding_method": "soe",
  "embedding_dimension": [
    1,
    2,
    3
  ],
  "random_state": 3288869874,
  "alpha": 0.05
}