,reject,pvals,pvals_corrected,tstats,effectsize,alpha,alpha_corrected,step,dimension_step
0,False,0.9999999315574504,1.0,-5.677415343104983,-0.8049327690506711,0.05,0.025,0,1-2
1,False,0.9999995528509622,1.0,-5.243537298374648,-0.7434183941337078,0.05,0.025,1,2-3
