,reject,pvals,pvals_corrected,tstats,effectsize,alpha,alpha_corrected,step,dimension_step
0,False,0.9999999743033549,1.0,-5.897835267509974,-0.8361834719467913,0.05,0.025,0,1-2
1,False,0.9997158856593431,1.0,-3.5617773330892217,-0.5049817774821213,0.05,0.025,1,2-3
