,reject,pvals,pvals_corrected,tstats,effectsize,alpha,alpha_corrected,step,dimension_step
0,False,0.9999999970354466,1.0,-6.372013226269272,-0.9034114893280554,0.05,0.025,0,1-2
1,False,0.9999999956454856,1.0,-6.288642386865132,-0.8915913358666474,0.05,0.025,1,2-3
