,reject,pvals,pvals_corrected,tstats,effectsize,alpha,alpha_corrected,step,dimension_step
0,False,0.9718977863866415,1.0,-1.932111048176193,-0.2739309002661952,0.05,0.025,0,1-2
1,False,0.9999999911141833,1.0,-6.13283701943331,-0.8695015576382211,0.05,0.025,1,2-3
