,reject,pvals,pvals_corrected,tstats,effectsize,alpha,alpha_corrected,step,dimension_step
0,False,0.9976350421779467,1.0,-2.8903029571920373,-0.4097814625370645,0.05,0.025,0,1-2
1,False,0.6508591535869419,1.0,-0.388769286717013,-0.05511894402071985,0.05,0.025,1,2-3
