,reject,pvals,pvals_corrected,tstats,effectsize,alpha,alpha_corrected,step,dimension_step
0,False,0.9854505547634484,1.0,-2.2143455928805547,-0.31394555832120946,0.05,0.025,0,1-2
1,False,0.9999970864012001,1.0,-4.791348615019333,-0.6793079729244136,0.05,0.025,1,2-3
