,reject,pvals,pvals_corrected,tstats,effectsize,alpha,alpha_corrected,step,dimension_step
0,False,0.9999999999023482,1.0,-7.0963099059558,-1.0061008465022365,0.05,0.025,0,1-2
1,False,0.9999939994885781,1.0,-4.610786924279999,-0.6537082919203113,0.05,0.025,1,2-3
