,reject,pvals,pvals_corrected,tstats,effectsize,alpha,alpha_corrected,step,dimension_step
0,False,0.9464319166140185,1.0,-1.6259655949362841,-0.23052620067733234,0.05,0.025,0,1-2
1,False,0.9975986924907361,1.0,-2.8850938701054205,-0.4090429284261246,0.05,0.025,1,2-3
