,reject,pvals,pvals_corrected,tstats,effectsize,alpha,alpha_corrected,step,dimension_step
0,False,0.9999629310765812,1.0,-4.136174356857636,-0.5864186565785013,0.05,0.025,0,1-2
1,False,0.8820428822489997,1.0,-1.1925036808085998,-0.16907082393789102,0.05,0.025,1,2-3
