{
  "data": {
    "name": "normal-1-60",
    "n_dimension": 1,
    "distance": "euclidean",
    "subject": null,
    "n_objects": 60,
    "n_train_triplets": 1965,
    "n_test_triplets": 10000,
    "frac_train_ndlogn": 7.998838276138092,
    "frac_train_triplets": 0.01914085330216248,
    "max_train_score": 0.7770992366412214,
    "max_test_score": 0.7824,
    "noise_sd": 1.0,
    "distance_sd": 1.0061533849245985,
    "distance_mean": 1.3083068214496754,
    "difference_sd": 0.8750680304794097,
    "difference_mean": -0.1083592577914128
  },
  "n_repeats": 10,
  "n_splits": 10,
  "embedding_method": "soe",
  "embedding_dimension": [
    1,
    2,
    3
  ],
  "random_state": 3178475466,
  "alpha": 0.05
}