,reject,pvals,pvals_corrected,tstats,effectsize,alpha,alpha_corrected,step,dimension_step
0,False,0.11966018821798242,0.23932037643596485,1.1838164736064598,0.16783916880506236,0.05,0.025,0,1-2
1,False,0.997002032458215,0.997002032458215,-2.8085590263063374,-0.3981919689621717,0.05,0.025,1,2-3
