,reject,pvals,pvals_corrected,tstats,effectsize,alpha,alpha_corrected,step,dimension_step
0,False,0.999999999882913,1.0,-7.0584033355653215,-1.0007265275867325,0.05,0.025,0,1-2
1,False,0.9999999999996724,1.0,-8.26249151341377,-1.1714397787061526,0.05,0.025,1,2-3
