,reject,pvals,pvals_corrected,tstats,effectsize,alpha,alpha_corrected,step,dimension_step
0,False,0.9999999128486203,1.0,-5.62245263291241,-0.7971402642159549,0.05,0.025,0,1-2
1,False,0.9999980208148648,1.0,-4.886458064531515,-0.6927924034147248,0.05,0.025,1,2-3
