,reject,pvals,pvals_corrected,tstats,effectsize,alpha,alpha_corrected,step,dimension_step
0,False,0.9999059654265452,1.0,-3.8803632902442846,-0.5501502672218971,0.05,0.025,0,1-2
1,False,0.9999989414433745,1.0,-5.038287958072607,-0.714318546782256,0.05,0.025,1,2-3
