,reject,pvals,pvals_corrected,tstats,effectsize,alpha,alpha_corrected,step,dimension_step
0,False,0.9999999999999993,1.0,-9.507044253274922,-1.3478900157568314,0.05,0.025,0,1-2
1,False,0.9999498282955983,1.0,-4.054106026836157,-0.5747831703328491,0.05,0.025,1,2-3
