,reject,pvals,pvals_corrected,tstats,effectsize,alpha,alpha_corrected,step,dimension_step
0,False,0.6494497443561928,1.0,-0.3849496176179596,-0.05457739885642387,0.05,0.025,0,1-2
1,False,0.9999511640605651,1.0,-4.0614643723109465,-0.5758264220663772,0.05,0.025,1,2-3
