,reject,pvals,pvals_corrected,tstats,effectsize,alpha,alpha_corrected,step,dimension_step
0,False,0.34580929875652533,0.6916185975130507,0.39782109366148577,0.05640229138715399,0.05,0.025,0,1-2
1,False,0.5172837895394806,0.6916185975130507,-0.043447379201993166,-0.00615988387947121,0.05,0.025,1,2-3
