,reject,pvals,pvals_corrected,tstats,effectsize,alpha,alpha_corrected,step,dimension_step
0,False,0.9997950271232069,1.0,-3.657714257137901,-0.5185835256829978,0.05,0.025,0,1-2
1,False,0.9999832153354589,1.0,-4.346461445524342,-0.6162327459742445,0.05,0.025,1,2-3
