,reject,pvals,pvals_corrected,tstats,effectsize,alpha,alpha_corrected,step,dimension_step
0,False,0.8294217863801776,1.0,-0.9564864247593411,-0.13560876207091974,0.05,0.025,0,1-2
1,False,0.9712923182213106,1.0,-1.9225146333144858,-0.27257033946153714,0.05,0.025,1,2-3
