,reject,pvals,pvals_corrected,tstats,effectsize,alpha,alpha_corrected,step,dimension_step
0,False,0.9999999863269577,1.0,-6.037921552639943,-0.8560446296358497,0.05,0.025,0,1-2
1,False,0.9999999999994026,1.0,-8.14126076515194,-1.154251921909487,0.05,0.025,1,2-3
