,reject,pvals,pvals_corrected,tstats,effectsize,alpha,alpha_corrected,step,dimension_step
0,False,0.9999999995461251,1.0,-6.773448069537812,-0.9603261310193658,0.05,0.025,0,1-2
1,False,0.9999996482915434,1.0,-5.299991457779975,-0.7514223537012855,0.05,0.025,1,2-3
