,reject,pvals,pvals_corrected,tstats,effectsize,alpha,alpha_corrected,step,dimension_step
0,False,0.9999937895435844,1.0,-4.602092901686811,-0.6524756705147587,0.05,0.025,0,1-2
1,False,0.9999992286816657,1.0,-5.114177004894855,-0.7250779464223465,0.05,0.025,1,2-3
