,reject,pvals,pvals_corrected,tstats,effectsize,alpha,alpha_corrected,step,dimension_step
0,False,0.999999997152406,1.0,-6.380717457104618,-0.904645558038082,0.05,0.025,0,1-2
1,False,0.9999925257699085,1.0,-4.555103139872739,-0.6458135546031638,0.05,0.025,1,2-3
