,reject,pvals,pvals_corrected,tstats,effectsize,alpha,alpha_corrected,step,dimension_step
0,False,0.9999971881607149,1.0,-4.800135189083912,-0.6805537160953548,0.05,0.025,0,1-2
1,False,0.9997986159985798,1.0,-3.662857658728812,-0.5193127470336851,0.05,0.025,1,2-3
