,reject,pvals,pvals_corrected,tstats,effectsize,alpha,alpha_corrected,step,dimension_step
0,False,0.9999999999999988,1.0,-9.391584196844166,-1.3315203162860283,0.05,0.025,0,1-2
1,False,0.9999992851300182,1.0,-5.132309419939088,-0.7276487245263047,0.05,0.025,1,2-3
