,reject,pvals,pvals_corrected,tstats,effectsize,alpha,alpha_corrected,step,dimension_step
0,False,0.9999920585512787,1.0,-4.539660315688406,-0.6436241013957718,0.05,0.025,0,1-2
1,False,0.9999250356117637,1.0,-3.9436011741082515,-0.5591160098867078,0.05,0.025,1,2-3
