,reject,pvals,pvals_corrected,tstats,effectsize,alpha,alpha_corrected,step,dimension_step
0,False,0.9999991645385361,1.0,-5.095082304454864,-0.7223707373896268,0.05,0.025,0,1-2
1,False,0.7513204661423845,1.0,-0.6811622324464397,-0.09657384017213534,0.05,0.025,1,2-3
