{
  "data": {
    "name": "normal-1-60",
    "n_dimension": 1,
    "distance": "euclidean",
    "subject": null,
    "n_objects": 60,
    "n_train_triplets": 1965,
    "n_test_triplets": 10000,
    "frac_train_ndlogn": 7.998838276138092,
    "frac_train_triplets": 0.01914085330216248,
    "max_train_score": 0.8508905852417303,
    "max_test_score": 0.8626,
    "noise_sd": 0.5,
    "distance_sd": 1.0054310269015077,
    "distance_mean": 1.2751214745467614,
    "difference_sd": 0.834175077857882,
    "difference_mean": -0.12768788752709026
  },
  "n_repeats": 10,
  "n_splits": 10,
  "embedding_method": "soe",
  "embedding_dimension": [
    1,
    2,
    3
  ],
  "random_state": 1420751388,
  "alpha": 0.05
}