{
  "data": {
    "name": "normal-1-60",
    "n_dimension": 1,
    "distance": "euclidean",
    "subject": null,
    "n_objects": 60,
    "n_train_triplets": 1965,
    "n_test_triplets": 10000,
    "frac_train_ndlogn": 7.998838276138092,
    "frac_train_triplets": 0.01914085330216248,
    "max_train_score": 0.6712468193384223,
    "max_test_score": 0.6816,
    "noise_sd": 2.0,
    "distance_sd": 1.0074307716630855,
    "distance_mean": 1.3650722161337956,
    "difference_sd": 0.9165936931310299,
    "difference_mean": -0.0745556082900161
  },
  "n_repeats": 10,
  "n_splits": 10,
  "embedding_method": "soe",
  "embedding_dimension": [
    1,
    2,
    3
  ],
  "random_state": 2174575169,
  "alpha": 0.05
}