,reject,pvals,pvals_corrected,tstats,effectsize,alpha,alpha_corrected,step,dimension_step
0,False,0.9999996974442283,1.0,-5.33523591130934,-0.7564192429296777,0.05,0.025,0,1-2
1,False,0.9999999919032171,1.0,-6.153238489623247,-0.8723940379131818,0.05,0.025,1,2-3
