,reject,pvals,pvals_corrected,tstats,effectsize,alpha,alpha_corrected,step,dimension_step
0,False,0.21186044422944944,0.4237208884588989,0.8033085929928365,0.11389151067575252,0.05,0.025,0,1-2
1,False,0.9606530955177103,0.9606530955177103,-1.7766723289948818,-0.25189310470483056,0.05,0.025,1,2-3
