,reject,pvals,pvals_corrected,tstats,effectsize,alpha,alpha_corrected,step,dimension_step
0,False,0.9999090702587724,1.0,-3.8897722258967082,-0.5514842475933918,0.05,0.025,0,1-2
1,False,0.9999492682976531,1.0,-4.051076862332182,-0.5743537013536143,0.05,0.025,1,2-3
