{
  "data": {
    "name": "normal-1-60",
    "n_dimension": 1,
    "distance": "euclidean",
    "subject": null,
    "n_objects": 60,
    "n_train_triplets": 982,
    "n_test_triplets": 10000,
    "frac_train_ndlogn": 3.997383810263413,
    "frac_train_triplets": 0.009565556204948374,
    "max_train_score": 0.670061099796334,
    "max_test_score": 0.6769,
    "noise_sd": 2.0,
    "distance_sd": 1.006402065040478,
    "distance_mean": 1.3195435604328836,
    "difference_sd": 0.848175078484196,
    "difference_mean": -0.07576129662146282
  },
  "n_repeats": 10,
  "n_splits": 10,
  "embedding_method": "soe",
  "embedding_dimension": [
    1,
    2,
    3
  ],
  "random_state": 940176334,
  "alpha": 0.05
}