{
  "data": {
    "name": "normal-1-60",
    "n_dimension": 1,
    "distance": "euclidean",
    "subject": null,
    "n_objects": 60,
    "n_train_triplets": 1965,
    "n_test_triplets": 10000,
    "frac_train_ndlogn": 7.998838276138092,
    "frac_train_triplets": 0.01914085330216248,
    "max_train_score": 0.8702290076335878,
    "max_test_score": 0.8669,
    "noise_sd": 0.5,
    "distance_sd": 1.006329060882537,
    "distance_mean": 1.3162544895119397,
    "difference_sd": 0.8829027210113959,
    "difference_mean": -0.13094862894461243
  },
  "n_repeats": 10,
  "n_splits": 10,
  "embedding_method": "soe",
  "embedding_dimension": [
    1,
    2,
    3
  ],
  "random_state": 1665097324,
  "alpha": 0.05
}