,reject,pvals,pvals_corrected,tstats,effectsize,alpha,alpha_corrected,step,dimension_step
0,False,0.9999999990807894,1.0,-6.6234947611498205,-0.9390660462000221,0.05,0.025,0,1-2
1,False,0.9999999995059715,1.0,-6.755493986591666,-0.9577806364891552,0.05,0.025,1,2-3
