,reject,pvals,pvals_corrected,tstats,effectsize,alpha,alpha_corrected,step,dimension_step
0,False,0.987991708173256,0.987991708173256,-2.29211093090562,-0.32497097483379517,0.05,0.025,0,1-2
1,False,0.4536828789200131,0.9073657578400262,0.11666007943798683,0.016539836370036313,0.05,0.025,1,2-3
