,reject,pvals,pvals_corrected,tstats,effectsize,alpha,alpha_corrected,step,dimension_step
0,False,0.9999999995702807,1.0,-6.785022721963756,-0.9619671624509184,0.05,0.025,0,1-2
1,False,0.9967166489441623,1.0,-2.7767824734779416,-0.39368675186719393,0.05,0.025,1,2-3
