,reject,pvals,pvals_corrected,tstats,effectsize,alpha,alpha_corrected,step,dimension_step
0,False,0.9999999944201454,1.0,-6.2346524361413165,-0.8839367469541402,0.05,0.025,0,1-2
1,False,0.9999999494802662,1.0,-5.746133747229973,-0.8146755290874628,0.05,0.025,1,2-3
