,reject,pvals,pvals_corrected,tstats,effectsize,alpha,alpha_corrected,step,dimension_step
0,False,0.9999712936384039,1.0,-4.204723705963563,-0.5961374483275437,0.05,0.025,0,1-2
1,False,0.9989426719327025,1.0,-3.1567248340421603,-0.44755423167735475,0.05,0.025,1,2-3
