,reject,pvals,pvals_corrected,tstats,effectsize,alpha,alpha_corrected,step,dimension_step
0,False,0.3631931535660775,0.726386307132155,0.35093031201244024,0.049754208688473994,0.05,0.025,0,1-2
1,False,0.999999999989027,0.999999999989027,-7.548601533052177,-1.0702258628724521,0.05,0.025,1,2-3
