,reject,pvals,pvals_corrected,tstats,effectsize,alpha,alpha_corrected,step,dimension_step
0,False,0.9949803009070918,1.0,-2.6249716529495015,-0.37216331263384345,0.05,0.025,0,1-2
1,False,0.9763067000570631,1.0,-2.0078262629491896,-0.28466565434060176,0.05,0.025,1,2-3
