,reject,pvals,pvals_corrected,tstats,effectsize,alpha,alpha_corrected,step,dimension_step
0,False,0.5002127909328615,1.0,-0.0005347364126005111,-7.581387573299345e-05,0.05,0.025,0,1-2
1,False,0.9675628193119494,1.0,-1.8669022117178589,-0.2646857198231746,0.05,0.025,1,2-3
