,reject,pvals,pvals_corrected,tstats,effectsize,alpha,alpha_corrected,step,dimension_step
0,False,0.9999928213723602,1.0,-4.5653637961474525,-0.6472682902475293,0.05,0.025,0,1-2
1,False,0.8260725577901782,1.0,-0.9432389517919874,-0.13373056143663178,0.05,0.025,1,2-3
