,reject,pvals,pvals_corrected,tstats,effectsize,alpha,alpha_corrected,step,dimension_step
0,False,0.9999999999999184,1.0,-8.542158812531484,-1.211090457736556,0.05,0.025,0,1-2
1,False,0.9999999961838545,1.0,-6.3173059392605015,-0.8956551978894346,0.05,0.025,1,2-3
