,reject,pvals,pvals_corrected,tstats,effectsize,alpha,alpha_corrected,step,dimension_step
0,False,0.9917485007078155,1.0,-2.439127516761262,-0.34581469691463174,0.05,0.025,0,1-2
1,False,0.9999993592123149,1.0,-5.158353130692854,-0.7313411505593662,0.05,0.025,1,2-3
