,reject,pvals,pvals_corrected,tstats,effectsize,alpha,alpha_corrected,step,dimension_step
0,False,0.3273559443756783,0.6547118887513566,0.4485842744190912,0.0635993952070574,0.05,0.025,0,1-2
1,False,0.8886201119886651,0.8886201119886651,-1.2269272274392973,-0.17395132660247825,0.05,0.025,1,2-3
