,reject,pvals,pvals_corrected,tstats,effectsize,alpha,alpha_corrected,step,dimension_step
0,False,0.950996825052565,1.0,-1.6703629682331373,-0.23682077284912414,0.05,0.025,0,1-2
1,False,0.9482096706687371,1.0,-1.6428784289598728,-0.23292406898542345,0.05,0.025,1,2-3
