{
  "data": {
    "name": "normal-1-60",
    "n_dimension": 1,
    "distance": "euclidean",
    "subject": null,
    "n_objects": 60,
    "n_train_triplets": 982,
    "n_test_triplets": 10000,
    "frac_train_ndlogn": 3.997383810263413,
    "frac_train_triplets": 0.009565556204948374,
    "max_train_score": 0.6680244399185336,
    "max_test_score": 0.6849,
    "noise_sd": 2.0,
    "distance_sd": 1.0071999649086067,
    "distance_mean": 1.3549862444819676,
    "difference_sd": 0.9299323788040427,
    "difference_mean": -0.04641446952415625
  },
  "n_repeats": 10,
  "n_splits": 10,
  "embedding_method": "soe",
  "embedding_dimension": [
    1,
    2,
    3
  ],
  "random_state": 3931965373,
  "alpha": 0.05
}