,reject,pvals,pvals_corrected,tstats,effectsize,alpha,alpha_corrected,step,dimension_step
0,False,0.9322702367546248,1.0,-1.5051885307738362,-0.21340266631901614,0.05,0.025,0,1-2
1,False,0.9987838614768336,1.0,-3.1115373913069857,-0.4411476450161699,0.05,0.025,1,2-3
