,reject,pvals,pvals_corrected,tstats,effectsize,alpha,alpha_corrected,step,dimension_step
0,False,0.25085271816021887,0.5017054363204377,0.6742789600439977,0.09559794336343055,0.05,0.025,0,1-2
1,False,0.7522550910959551,0.7522550910959551,-0.6841325209324183,-0.0969949618254598,0.05,0.025,1,2-3
