,reject,pvals,pvals_corrected,tstats,effectsize,alpha,alpha_corrected,step,dimension_step
0,False,0.999997789635826,1.0,-4.859391472027292,-0.688954955221041,0.05,0.025,0,1-2
1,False,0.9781632718185233,1.0,-2.043360073542632,-0.289703568043822,0.05,0.025,1,2-3
