,reject,pvals,pvals_corrected,tstats,effectsize,alpha,alpha_corrected,step,dimension_step
0,False,0.9999996989667559,1.0,-5.3364150557045305,-0.7565864197004037,0.05,0.025,0,1-2
1,False,0.998934098693926,1.0,-3.1541290309347723,-0.4471862038236805,0.05,0.025,1,2-3
