,reject,pvals,pvals_corrected,tstats,effectsize,alpha,alpha_corrected,step,dimension_step
0,False,0.10061322895467867,0.20122645790935734,1.2866224000717932,0.18241479064415497,0.05,0.025,0,1-2
1,False,0.9759910005971393,0.9759910005971393,-2.0020223946002123,-0.2838427933133525,0.05,0.025,1,2-3
