,reject,pvals,pvals_corrected,tstats,effectsize,alpha,alpha_corrected,step,dimension_step
0,False,0.9999973475999455,1.0,-4.814543678586239,-0.6825965233680393,0.05,0.025,0,1-2
1,False,0.9999999995332266,1.0,-6.767514889694642,-0.959484936463072,0.05,0.025,1,2-3
