,reject,pvals,pvals_corrected,tstats,effectsize,alpha,alpha_corrected,step,dimension_step
0,False,0.999999999991404,1.0,-7.5986832100920285,-1.0773263444370689,0.05,0.025,0,1-2
1,False,0.9999933499600251,1.0,-4.5847757305438375,-0.6500204760859828,0.05,0.025,1,2-3
