,reject,pvals,pvals_corrected,tstats,effectsize,alpha,alpha_corrected,step,dimension_step
0,False,0.9999999674556378,1.0,-5.845016301215462,-0.8286949029011129,0.05,0.025,0,1-2
1,False,0.9999999999572263,1.0,-7.267984964312815,-1.0304405982641136,0.05,0.025,1,2-3
