,reject,pvals,pvals_corrected,tstats,effectsize,alpha,alpha_corrected,step,dimension_step
0,False,0.9652892242182555,1.0,-1.8355808229582904,-0.2602450349937001,0.05,0.025,0,1-2
1,False,0.9997306085090228,1.0,-3.577527284790451,-0.5072147746241538,0.05,0.025,1,2-3
