{
  "data": {
    "name": "normal-1-60",
    "n_dimension": 1,
    "distance": "euclidean",
    "subject": null,
    "n_objects": 60,
    "n_train_triplets": 1965,
    "n_test_triplets": 10000,
    "frac_train_ndlogn": 7.998838276138092,
    "frac_train_triplets": 0.01914085330216248,
    "max_train_score": 0.794910941475827,
    "max_test_score": 0.7907,
    "noise_sd": 1.0,
    "distance_sd": 1.0077544831663152,
    "distance_mean": 1.3790975801225902,
    "difference_sd": 0.9240454970615569,
    "difference_mean": -0.09205328045388936
  },
  "n_repeats": 10,
  "n_splits": 10,
  "embedding_method": "soe",
  "embedding_dimension": [
    1,
    2,
    3
  ],
  "random_state": 3752446984,
  "alpha": 0.05
}