{
  "data": {
    "name": "normal-1-60",
    "n_dimension": 1,
    "distance": "euclidean",
    "subject": null,
    "n_objects": 60,
    "n_train_triplets": 491,
    "n_test_triplets": 10000,
    "frac_train_ndlogn": 1.9986919051317065,
    "frac_train_triplets": 0.004782778102474187,
    "max_train_score": 0.6659877800407332,
    "max_test_score": 0.6613,
    "noise_sd": 2.0,
    "distance_sd": 1.0054350911830983,
    "distance_mean": 1.2753105369645845,
    "difference_sd": 0.8854790974592684,
    "difference_mean": -0.05060865738516887
  },
  "n_repeats": 10,
  "n_splits": 10,
  "embedding_method": "soe",
  "embedding_dimension": [
    1,
    2,
    3
  ],
  "random_state": 3580658676,
  "alpha": 0.05
}