,reject,pvals,pvals_corrected,tstats,effectsize,alpha,alpha_corrected,step,dimension_step
0,False,0.9987379907292994,0.9987379907292994,-3.0995068783578357,-0.4394419825771835,0.05,0.025,0,1-2
1,False,0.07630260160299708,0.15260520320599416,1.4414788227659623,0.2043700293560594,0.05,0.025,1,2-3
