,reject,pvals,pvals_corrected,tstats,effectsize,alpha,alpha_corrected,step,dimension_step
0,False,0.9999999999990999,1.0,-8.058298091375221,-1.1424896373670952,0.05,0.025,0,1-2
1,False,0.999999999959976,1.0,-7.281754062461244,-1.0323927538895437,0.05,0.025,1,2-3
