,reject,pvals,pvals_corrected,tstats,effectsize,alpha,alpha_corrected,step,dimension_step
0,False,0.999972663217966,1.0,-4.21775366943028,-0.597984810893087,0.05,0.025,0,1-2
1,False,0.9999999989044152,1.0,-6.586017109624353,-0.9337525385566985,0.05,0.025,1,2-3
