,reject,pvals,pvals_corrected,tstats,effectsize,alpha,alpha_corrected,step,dimension_step
0,False,0.9999748875435355,1.0,-4.2403168725528255,-0.6011837774069849,0.05,0.025,0,1-2
1,False,0.9999999999371804,1.0,-7.188195863056905,-1.0191282565852575,0.05,0.025,1,2-3
