,reject,pvals,pvals_corrected,tstats,effectsize,alpha,alpha_corrected,step,dimension_step
0,False,0.9975205789539272,1.0,-2.874140548718297,-0.40748998808591386,0.05,0.025,0,1-2
1,False,0.700917252368553,1.0,-0.5287454281124141,-0.07496448574795385,0.05,0.025,1,2-3
