,reject,pvals,pvals_corrected,tstats,effectsize,alpha,alpha_corrected,step,dimension_step
0,False,0.9999999999978788,1.0,-7.88434743873089,-1.1178272563275926,0.05,0.025,0,1-2
1,False,0.9992588215279176,1.0,-3.2695262207566844,-0.4635469901904602,0.05,0.025,1,2-3
