{
  "data": {
    "name": "normal-1-60",
    "n_dimension": 1,
    "distance": "euclidean",
    "subject": null,
    "n_objects": 60,
    "n_train_triplets": 491,
    "n_test_triplets": 10000,
    "frac_train_ndlogn": 1.9986919051317065,
    "frac_train_triplets": 0.004782778102474187,
    "max_train_score": 0.8004073319755601,
    "max_test_score": 0.7693,
    "noise_sd": 1.0,
    "distance_sd": 1.005953012285771,
    "distance_mean": 1.2991842232784054,
    "difference_sd": 0.8707959466699459,
    "difference_mean": -0.11842303016461903
  },
  "n_repeats": 10,
  "n_splits": 10,
  "embedding_method": "soe",
  "embedding_dimension": [
    1,
    2,
    3
  ],
  "random_state": 1138781543,
  "alpha": 0.05
}