,reject,pvals,pvals_corrected,tstats,effectsize,alpha,alpha_corrected,step,dimension_step
0,False,0.9999998641081329,1.0,-5.520762205615091,-0.7827227956525907,0.05,0.025,0,1-2
1,False,0.9999998010003792,1.0,-5.432729503752716,-0.7702416925106212,0.05,0.025,1,2-3
