,reject,pvals,pvals_corrected,tstats,effectsize,alpha,alpha_corrected,step,dimension_step
0,False,0.4320978516534688,0.8641957033069376,0.17148085650346584,0.02431221820544602,0.05,0.025,0,1-2
1,False,0.9741373218984353,0.9741373218984353,-1.9691997343149734,-0.2791892611628304,0.05,0.025,1,2-3
