,reject,pvals,pvals_corrected,tstats,effectsize,alpha,alpha_corrected,step,dimension_step
0,False,0.999979274604229,1.0,-4.291097391969565,-0.6083833394678422,0.05,0.025,0,1-2
1,False,0.934217806060102,1.0,-1.5205338054310684,-0.2155782891465216,0.05,0.025,1,2-3
