{
  "data": {
    "name": "normal-1-60",
    "n_dimension": 1,
    "distance": "euclidean",
    "subject": null,
    "n_objects": 60,
    "n_train_triplets": 982,
    "n_test_triplets": 10000,
    "frac_train_ndlogn": 3.997383810263413,
    "frac_train_triplets": 0.009565556204948374,
    "max_train_score": 0.6608961303462322,
    "max_test_score": 0.665,
    "noise_sd": 2.0,
    "distance_sd": 1.004584164647741,
    "distance_mean": 1.2351132017480433,
    "difference_sd": 0.8770161283067748,
    "difference_mean": -0.10663405887400114
  },
  "n_repeats": 10,
  "n_splits": 10,
  "embedding_method": "soe",
  "embedding_dimension": [
    1,
    2,
    3
  ],
  "random_state": 295244084,
  "alpha": 0.05
}