,reject,pvals,pvals_corrected,tstats,effectsize,alpha,alpha_corrected,step,dimension_step
0,False,0.9999999999004271,1.0,-7.092243871724839,-1.0055243721746083,0.05,0.025,0,1-2
1,False,0.998488272063179,1.0,-3.0403779797878583,-0.43105880375715044,0.05,0.025,1,2-3
