,reject,pvals,pvals_corrected,tstats,effectsize,alpha,alpha_corrected,step,dimension_step
0,False,0.7872954052581954,1.0,-0.8003765118460517,-0.11347580598375231,0.05,0.025,0,1-2
1,False,0.815243925491874,1.0,-0.9014968866661831,-0.12781245362928023,0.05,0.025,1,2-3
