{
  "data": {
    "name": "normal-1-60",
    "n_dimension": 1,
    "distance": "euclidean",
    "subject": null,
    "n_objects": 60,
    "n_train_triplets": 982,
    "n_test_triplets": 10000,
    "frac_train_ndlogn": 3.997383810263413,
    "frac_train_triplets": 0.009565556204948374,
    "max_train_score": 0.6731160896130346,
    "max_test_score": 0.6722,
    "noise_sd": 2.0,
    "distance_sd": 1.0051401652136187,
    "distance_mean": 1.261519593643833,
    "difference_sd": 0.9062865718083055,
    "difference_mean": -0.08255442328526326
  },
  "n_repeats": 10,
  "n_splits": 10,
  "embedding_method": "soe",
  "embedding_dimension": [
    1,
    2,
    3
  ],
  "random_state": 2827822794,
  "alpha": 0.05
}