,reject,pvals,pvals_corrected,tstats,effectsize,alpha,alpha_corrected,step,dimension_step
0,False,0.9999999999999766,1.0,-8.792208943920912,-1.2465420730398498,0.05,0.025,0,1-2
1,False,0.9979378317835172,1.0,-2.9368048977088073,-0.41637441610560194,0.05,0.025,1,2-3
