,reject,pvals,pvals_corrected,tstats,effectsize,alpha,alpha_corrected,step,dimension_step
0,False,0.27578300662701893,0.5515660132540379,0.5974576262558151,0.08470636591289485,0.05,0.025,0,1-2
1,False,0.6704841258371468,0.6704841258371468,-0.4425845368488874,-0.06274876422727069,0.05,0.025,1,2-3
