,reject,pvals,pvals_corrected,tstats,effectsize,alpha,alpha_corrected,step,dimension_step
0,False,0.9997504208693321,1.0,-3.6000586832288213,-0.5104092319325497,0.05,0.025,0,1-2
1,False,0.9633002183813889,1.0,-1.8095532690589313,-0.2565548996476451,0.05,0.025,1,2-3
