,reject,pvals,pvals_corrected,tstats,effectsize,alpha,alpha_corrected,step,dimension_step
0,False,0.9999998494612032,1.0,-5.497204548740718,-0.7793828374437443,0.05,0.025,0,1-2
1,False,0.9982673214971393,1.0,-2.9951768513465473,-0.4246502767634954,0.05,0.025,1,2-3
