,reject,pvals,pvals_corrected,tstats,effectsize,alpha,alpha_corrected,step,dimension_step
0,False,0.9999999987338748,1.0,-6.55507141746081,-0.9293651192508974,0.05,0.025,0,1-2
1,False,0.9999999999999765,1.0,-8.791230180630498,-1.2464033059076274,0.05,0.025,1,2-3
