,reject,pvals,pvals_corrected,tstats,effectsize,alpha,alpha_corrected,step,dimension_step
0,False,0.9999999998847339,1.0,-7.061678965044251,-1.00119093988485,0.05,0.025,0,1-2
1,False,0.9973733313127217,1.0,-2.8543277119834416,-0.40468096310325086,0.05,0.025,1,2-3
