,reject,pvals,pvals_corrected,tstats,effectsize,alpha,alpha_corrected,step,dimension_step
0,False,0.99999999975281,1.0,-6.901701434570011,-0.9785096405948648,0.05,0.025,0,1-2
1,False,0.9999999987110205,1.0,-6.551241231338645,-0.9288220830037717,0.05,0.025,1,2-3
