,reject,pvals,pvals_corrected,tstats,effectsize,alpha,alpha_corrected,step,dimension_step
0,False,0.99999490299063,1.0,-4.651916614816135,-0.6595395784640474,0.05,0.025,0,1-2
1,False,0.9998323662071443,1.0,-3.715994671723199,-0.5268464081142679,0.05,0.025,1,2-3
