,reject,pvals,pvals_corrected,tstats,effectsize,alpha,alpha_corrected,step,dimension_step
0,False,0.9999995944440965,1.0,-5.266531162342069,-0.7466784188942617,0.05,0.025,0,1-2
1,False,0.9999999984411599,1.0,-6.510493213615037,-0.923044909279918,0.05,0.025,1,2-3
