,reject,pvals,pvals_corrected,tstats,effectsize,alpha,alpha_corrected,step,dimension_step
0,False,0.9999987560614583,1.0,-4.999369658563309,-0.7088007869042848,0.05,0.025,0,1-2
1,False,0.9943846936590202,1.0,-2.5838553179983865,-0.3663339196186557,0.05,0.025,1,2-3
