,reject,pvals,pvals_corrected,tstats,effectsize,alpha,alpha_corrected,step,dimension_step
0,False,0.9999999915252178,1.0,-6.143231293923885,-0.8709752374101498,0.05,0.025,0,1-2
1,False,0.9999862115666801,1.0,-4.397706637649346,-0.6234981884167828,0.05,0.025,1,2-3
