,reject,pvals,pvals_corrected,tstats,effectsize,alpha,alpha_corrected,step,dimension_step
0,False,0.15271604755479415,0.3054320951095883,1.0301879021209766,0.14605801242000233,0.05,0.025,0,1-2
1,False,0.9999969735954606,0.9999969735954606,-4.781950100512518,-0.6779754700424249,0.05,0.025,1,2-3
