,reject,pvals,pvals_corrected,tstats,effectsize,alpha,alpha_corrected,step,dimension_step
0,False,0.042675957894910785,0.08535191578982157,1.7378207516945716,0.24638480457027995,0.05,0.025,0,1-2
1,False,0.9999916694729891,0.9999916694729891,-4.527456981136095,-0.6418939366501587,0.05,0.025,1,2-3
