,reject,pvals,pvals_corrected,tstats,effectsize,alpha,alpha_corrected,step,dimension_step
0,False,0.9999999881302571,1.0,-6.069137325253202,-0.8604703404160488,0.05,0.025,0,1-2
1,False,0.9996256417794415,1.0,-3.479384450648315,-0.49330027683345556,0.05,0.025,1,2-3
