,reject,pvals,pvals_corrected,tstats,effectsize,alpha,alpha_corrected,step,dimension_step
0,False,0.2044020439844637,0.4088040879689274,0.8295232710381907,0.11760817611479694,0.05,0.025,0,1-2
1,False,0.9987512461316863,0.9987512461316863,-3.1029410847063184,-0.4399288775916433,0.05,0.025,1,2-3
