,reject,pvals,pvals_corrected,tstats,effectsize,alpha,alpha_corrected,step,dimension_step
0,False,0.99999826766317,1.0,-4.918988945340379,-0.6974045676455727,0.05,0.025,0,1-2
1,False,0.9977066153398569,1.0,-2.900778453669875,-0.4112666578024288,0.05,0.025,1,2-3
