,reject,pvals,pvals_corrected,tstats,effectsize,alpha,alpha_corrected,step,dimension_step
0,False,0.999998711389208,1.0,-4.990839483965773,-0.7075913955449545,0.05,0.025,0,1-2
1,False,0.9999999999919614,1.0,-7.61242556928803,-1.0792747090664703,0.05,0.025,1,2-3
