,reject,pvals,pvals_corrected,tstats,effectsize,alpha,alpha_corrected,step,dimension_step
0,False,0.9999999912431967,1.0,-6.136047583322861,-0.8699567450651845,0.05,0.025,0,1-2
1,False,0.9999999978062437,1.0,-6.437019989905396,-0.9126280202842053,0.05,0.025,1,2-3
