,reject,pvals,pvals_corrected,tstats,effectsize,alpha,alpha_corrected,step,dimension_step
0,False,0.999999999920175,1.0,-7.138337324134189,-1.0120594111035504,0.05,0.025,0,1-2
1,False,0.7899124560784578,1.0,-0.809489289801173,-0.11476779770003004,0.05,0.025,1,2-3
