,reject,pvals,pvals_corrected,tstats,effectsize,alpha,alpha_corrected,step,dimension_step
0,False,0.9977990170439208,1.0,-2.914756213776429,-0.4132483971094462,0.05,0.025,0,1-2
1,False,0.9999999999993581,1.0,-8.126725801898374,-1.1521911834373666,0.05,0.025,1,2-3
