,reject,pvals,pvals_corrected,tstats,effectsize,alpha,alpha_corrected,step,dimension_step
0,False,0.9922739870450674,1.0,-2.4642837983026196,-0.34938130498122233,0.05,0.025,0,1-2
1,False,0.9795480742145488,1.0,-2.071592054284768,-0.29370624268733764,0.05,0.025,1,2-3
