,reject,pvals,pvals_corrected,tstats,effectsize,alpha,alpha_corrected,step,dimension_step
0,False,0.999999999970549,1.0,-7.345232985147082,-1.0413926705639367,0.05,0.025,0,1-2
1,False,0.9725909714906436,1.0,-1.9433147482217399,-0.2755193387996253,0.05,0.025,1,2-3
