,reject,pvals,pvals_corrected,tstats,effectsize,alpha,alpha_corrected,step,dimension_step
0,False,0.9999999986063299,1.0,-6.534512821466218,-0.9264503619887186,0.05,0.025,0,1-2
1,False,0.9974593664136706,1.0,-2.8657763665163687,-0.40630413080160943,0.05,0.025,1,2-3
