,reject,pvals,pvals_corrected,tstats,effectsize,alpha,alpha_corrected,step,dimension_step
0,False,0.5213379428077138,1.0,-0.053647507323964116,-0.007606037961515068,0.05,0.025,0,1-2
1,False,0.8310134638980111,1.0,-0.962841354832411,-0.1365097515444223,0.05,0.025,1,2-3
