,reject,pvals,pvals_corrected,tstats,effectsize,alpha,alpha_corrected,step,dimension_step
0,False,0.9999996233639454,1.0,-5.283920754208435,-0.7491438809906106,0.05,0.025,0,1-2
1,False,0.9999985163233971,1.0,-4.95668215482402,-0.7027486366717928,0.05,0.025,1,2-3
