,reject,pvals,pvals_corrected,tstats,effectsize,alpha,alpha_corrected,step,dimension_step
0,False,0.9999999864476093,1.0,-6.03987970416294,-0.8563222525033649,0.05,0.025,0,1-2
1,False,0.9982255340641273,1.0,-2.987232562445558,-0.4235239511246679,0.05,0.025,1,2-3
