,reject,pvals,pvals_corrected,tstats,effectsize,alpha,alpha_corrected,step,dimension_step
0,False,0.7575654495690629,1.0,-0.7011260844255912,-0.09940427579879986,0.05,0.025,0,1-2
1,False,0.9997835204808059,1.0,-3.641780733342336,-0.5163245020508666,0.05,0.025,1,2-3
