,reject,pvals,pvals_corrected,tstats,effectsize,alpha,alpha_corrected,step,dimension_step
0,False,0.9993808734983005,1.0,-3.3256664970578456,-0.47150644802953545,0.05,0.025,0,1-2
1,False,0.8202260085380206,1.0,-0.9205022001608539,-0.13050698955688686,0.05,0.025,1,2-3
