,reject,pvals,pvals_corrected,tstats,effectsize,alpha,alpha_corrected,step,dimension_step
0,False,0.9999884288460055,1.0,-4.44309971480015,-0.6299339295205408,0.05,0.025,0,1-2
1,False,0.9659388927819414,1.0,-1.8443514993913033,-0.2614885242297389,0.05,0.025,1,2-3
