,reject,pvals,pvals_corrected,tstats,effectsize,alpha,alpha_corrected,step,dimension_step
0,False,0.9999869072838329,1.0,-4.411140733507501,-0.6254028480770856,0.05,0.025,0,1-2
1,False,0.9842857995523341,1.0,-2.182618270781652,-0.3094473210621286,0.05,0.025,1,2-3
