{
  "data": {
    "name": "normal-1-60",
    "n_dimension": 1,
    "distance": "euclidean",
    "subject": null,
    "n_objects": 60,
    "n_train_triplets": 491,
    "n_test_triplets": 10000,
    "frac_train_ndlogn": 1.9986919051317065,
    "frac_train_triplets": 0.004782778102474187,
    "max_train_score": 0.8655804480651731,
    "max_test_score": 0.8556,
    "noise_sd": 0.5,
    "distance_sd": 1.0043759197186093,
    "distance_mean": 1.2250802552726383,
    "difference_sd": 0.8347589376934231,
    "difference_mean": -0.16045859071015187
  },
  "n_repeats": 10,
  "n_splits": 10,
  "embedding_method": "soe",
  "embedding_dimension": [
    1,
    2,
    3
  ],
  "random_state": 1890527274,
  "alpha": 0.05
}