{
  "data": {
    "name": "normal-1-60",
    "n_dimension": 1,
    "distance": "euclidean",
    "subject": null,
    "n_objects": 60,
    "n_train_triplets": 1965,
    "n_test_triplets": 10000,
    "frac_train_ndlogn": 7.998838276138092,
    "frac_train_triplets": 0.01914085330216248,
    "max_train_score": 0.8854961832061069,
    "max_test_score": 0.8761,
    "noise_sd": 0.5,
    "distance_sd": 1.0070968288874782,
    "distance_mean": 1.3504557289637427,
    "difference_sd": 0.9088770454976021,
    "difference_mean": -0.1144380035513703
  },
  "n_repeats": 10,
  "n_splits": 10,
  "embedding_method": "soe",
  "embedding_dimension": [
    1,
    2,
    3
  ],
  "random_state": 2210675938,
  "alpha": 0.05
}