,reject,pvals,pvals_corrected,tstats,effectsize,alpha,alpha_corrected,step,dimension_step
0,False,0.9999999953234032,1.0,-6.27312304847224,-0.889391034625415,0.05,0.025,0,1-2
1,False,0.7110391831250721,1.0,-0.5582682405492055,-0.07915017196761197,0.05,0.025,1,2-3
