{
  "data": {
    "name": "normal-1-60",
    "n_dimension": 1,
    "distance": "euclidean",
    "subject": null,
    "n_objects": 60,
    "n_train_triplets": 982,
    "n_test_triplets": 10000,
    "frac_train_ndlogn": 3.997383810263413,
    "frac_train_triplets": 0.009565556204948374,
    "max_train_score": 0.7912423625254582,
    "max_test_score": 0.7877,
    "noise_sd": 1.0,
    "distance_sd": 1.007165620497251,
    "distance_mean": 1.353479210375414,
    "difference_sd": 0.9140021621553347,
    "difference_mean": -0.07574870293155797
  },
  "n_repeats": 10,
  "n_splits": 10,
  "embedding_method": "soe",
  "embedding_dimension": [
    1,
    2,
    3
  ],
  "random_state": 3909963207,
  "alpha": 0.05
}