,reject,pvals,pvals_corrected,tstats,effectsize,alpha,alpha_corrected,step,dimension_step
0,False,0.9999727552509474,1.0,-4.218651623924512,-0.5981121211132917,0.05,0.025,0,1-2
1,False,0.9999999823569924,1.0,-5.981489811205483,-0.8480438484440428,0.05,0.025,1,2-3
