{
  "data": {
    "name": "normal-1-60",
    "n_dimension": 1,
    "distance": "euclidean",
    "subject": null,
    "n_objects": 60,
    "n_train_triplets": 1965,
    "n_test_triplets": 10000,
    "frac_train_ndlogn": 7.998838276138092,
    "frac_train_triplets": 0.01914085330216248,
    "max_train_score": 0.7847328244274809,
    "max_test_score": 0.7819,
    "noise_sd": 1.0,
    "distance_sd": 1.0073627024132086,
    "distance_mean": 1.362105198549164,
    "difference_sd": 0.9291955276499272,
    "difference_mean": -0.09118776916464306
  },
  "n_repeats": 10,
  "n_splits": 10,
  "embedding_method": "soe",
  "embedding_dimension": [
    1,
    2,
    3
  ],
  "random_state": 3031910483,
  "alpha": 0.05
}