{
  "data": {
    "name": "normal-1-60",
    "n_dimension": 1,
    "distance": "euclidean",
    "subject": null,
    "n_objects": 60,
    "n_train_triplets": 982,
    "n_test_triplets": 10000,
    "frac_train_ndlogn": 3.997383810263413,
    "frac_train_triplets": 0.009565556204948374,
    "max_train_score": 0.685336048879837,
    "max_test_score": 0.685,
    "noise_sd": 2.0,
    "distance_sd": 1.0074698991892872,
    "distance_mean": 1.3667748907224007,
    "difference_sd": 0.9140730065043855,
    "difference_mean": -0.05486193171067366
  },
  "n_repeats": 10,
  "n_splits": 10,
  "embedding_method": "soe",
  "embedding_dimension": [
    1,
    2,
    3
  ],
  "random_state": 792505886,
  "alpha": 0.05
}