,reject,pvals,pvals_corrected,tstats,effectsize,alpha,alpha_corrected,step,dimension_step
0,False,0.9949465497043404,1.0,-2.62252684434657,-0.3718166924837171,0.05,0.025,0,1-2
1,False,0.999886774191637,1.0,-3.828053245154115,-0.5427338520225525,0.05,0.025,1,2-3
