,reject,pvals,pvals_corrected,tstats,effectsize,alpha,alpha_corrected,step,dimension_step
0,False,0.9999997393192803,0.9999997393192803,-5.370000485632019,-0.7613480958289828,0.05,0.025,0,1-2
1,False,0.03800986572411248,0.07601973144822496,1.7930431477150601,0.2542141271503811,0.05,0.025,1,2-3
