{
  "data": {
    "name": "normal-1-60",
    "n_dimension": 1,
    "distance": "euclidean",
    "subject": null,
    "n_objects": 60,
    "n_train_triplets": 1965,
    "n_test_triplets": 10000,
    "frac_train_ndlogn": 7.998838276138092,
    "frac_train_triplets": 0.01914085330216248,
    "max_train_score": 0.6676844783715012,
    "max_test_score": 0.6729,
    "noise_sd": 2.0,
    "distance_sd": 1.0061476694996192,
    "distance_mean": 1.3080474650656708,
    "difference_sd": 0.8888755855662351,
    "difference_mean": -0.06631560609350017
  },
  "n_repeats": 10,
  "n_splits": 10,
  "embedding_method": "soe",
  "embedding_dimension": [
    1,
    2,
    3
  ],
  "random_state": 3289207222,
  "alpha": 0.05
}