,reject,pvals,pvals_corrected,tstats,effectsize,alpha,alpha_corrected,step,dimension_step
0,False,0.9982089181074979,1.0,-2.9841216024905046,-0.4230828853474269,0.05,0.025,0,1-2
1,False,0.9999489562378496,1.0,-4.049402727342978,-0.5741163457910586,0.05,0.025,1,2-3
