,reject,pvals,pvals_corrected,tstats,effectsize,alpha,alpha_corrected,step,dimension_step
0,True,0.0022723880351014384,0.004544776070202877,2.903908565931504,0.4117104389559871,0.05,0.025,0,1-2
1,False,0.9999567308066774,0.9999567308066774,-4.094365319905405,-0.5804910536374602,0.05,0.025,1,2-3
