,reject,pvals,pvals_corrected,tstats,effectsize,alpha,alpha_corrected,step,dimension_step
0,False,0.9999912677280854,1.0,-4.515421828265366,-0.6401876163722264,0.05,0.025,0,1-2
1,False,0.9999988587658049,1.0,-5.020171221570142,-0.7117499915510801,0.05,0.025,1,2-3
