,reject,pvals,pvals_corrected,tstats,effectsize,alpha,alpha_corrected,step,dimension_step
0,False,0.2977404597195834,0.5954809194391668,0.5326333539424768,0.07551570821718127,0.05,0.025,0,1-2
1,False,0.9698625923882874,0.9698625923882874,-1.9005143993914126,-0.2694511896123072,0.05,0.025,1,2-3
