{
  "data": {
    "name": "normal-1-60",
    "n_dimension": 1,
    "distance": "euclidean",
    "subject": null,
    "n_objects": 60,
    "n_train_triplets": 1965,
    "n_test_triplets": 10000,
    "frac_train_ndlogn": 7.998838276138092,
    "frac_train_triplets": 0.01914085330216248,
    "max_train_score": 0.8580152671755725,
    "max_test_score": 0.8513,
    "noise_sd": 0.5,
    "distance_sd": 1.0034129150658555,
    "distance_mean": 1.1776011814149319,
    "difference_sd": 0.8417798960164445,
    "difference_mean": -0.156208065462237
  },
  "n_repeats": 10,
  "n_splits": 10,
  "embedding_method": "soe",
  "embedding_dimension": [
    1,
    2,
    3
  ],
  "random_state": 137591200,
  "alpha": 0.05
}