,reject,pvals,pvals_corrected,tstats,effectsize,alpha,alpha_corrected,step,dimension_step
0,False,0.9972665802222278,1.0,-2.8405911394618477,-0.4027334188971536,0.05,0.025,0,1-2
1,False,0.9915269796184597,1.0,-2.4289489275839498,-0.3443715965817535,0.05,0.025,1,2-3
