,reject,pvals,pvals_corrected,tstats,effectsize,alpha,alpha_corrected,step,dimension_step
0,False,0.9999999987669627,1.0,-6.560739510368373,-0.930168730303392,0.05,0.025,0,1-2
1,False,0.9999999999886029,1.0,-7.540814268664016,-1.069121799859887,0.05,0.025,1,2-3
