,reject,pvals,pvals_corrected,tstats,effectsize,alpha,alpha_corrected,step,dimension_step
0,False,0.9999999999209406,1.0,-7.14034482394799,-1.0123440304745734,0.05,0.025,0,1-2
1,False,0.9994889741819581,1.0,-3.3848457445510127,-0.4798967652207661,0.05,0.025,1,2-3
