,reject,pvals,pvals_corrected,tstats,effectsize,alpha,alpha_corrected,step,dimension_step
0,False,0.9926544448602773,1.0,-2.483469752950286,-0.35210145185583525,0.05,0.025,0,1-2
1,False,0.9811195177993287,1.0,-2.1056951967995707,-0.29854131908721876,0.05,0.025,1,2-3
