,reject,pvals,pvals_corrected,tstats,effectsize,alpha,alpha_corrected,step,dimension_step
0,False,0.60502421591209,1.0,-0.26709506201718874,-0.03786821200783882,0.05,0.025,0,1-2
1,False,0.9985744114522533,1.0,-3.059677129172546,-0.4337949991587086,0.05,0.025,1,2-3
