,reject,pvals,pvals_corrected,tstats,effectsize,alpha,alpha_corrected,step,dimension_step
0,False,1.0,1.0,-12.504076119216283,-1.772803292837231,0.05,0.025,0,1-2
1,False,0.9999999993269889,1.0,-6.689879034637055,-0.9484778777906757,0.05,0.025,1,2-3
