,reject,pvals,pvals_corrected,tstats,effectsize,alpha,alpha_corrected,step,dimension_step
0,False,0.9999999987846807,1.0,-6.563836814283885,-0.9306078599542342,0.05,0.025,0,1-2
1,False,0.9984686632003025,1.0,-3.0361273199796015,-0.4304561535786836,0.05,0.025,1,2-3
