,reject,pvals,pvals_corrected,tstats,effectsize,alpha,alpha_corrected,step,dimension_step
0,False,0.9860700994582285,1.0,-2.2321365401066147,-0.316467923790225,0.05,0.025,0,1-2
1,False,0.9982514564078778,1.0,-2.9921400770945246,-0.4242197288891654,0.05,0.025,1,2-3
