,reject,pvals,pvals_corrected,tstats,effectsize,alpha,alpha_corrected,step,dimension_step
0,False,0.999999999163478,1.0,-6.643590766577996,-0.9419152182824916,0.05,0.025,0,1-2
1,False,0.997980655804381,1.0,-2.943883166623903,-0.41737795913594106,0.05,0.025,1,2-3
