,reject,pvals,pvals_corrected,tstats,effectsize,alpha,alpha_corrected,step,dimension_step
0,False,0.41800808596524724,0.8360161719304945,0.20753782339752236,0.02942430397892201,0.05,0.025,0,1-2
1,False,0.9984662804959592,0.9984662804959592,-3.0356142536825637,-0.4303834120492687,0.05,0.025,1,2-3
