,reject,pvals,pvals_corrected,tstats,effectsize,alpha,alpha_corrected,step,dimension_step
0,False,0.9999999999989381,1.0,-8.02480331975422,-1.1377408145947123,0.05,0.025,0,1-2
1,False,0.9998117772318228,1.0,-3.682494408258659,-0.5220968067191211,0.05,0.025,1,2-3
