,reject,pvals,pvals_corrected,tstats,effectsize,alpha,alpha_corrected,step,dimension_step
0,False,0.985164983035719,1.0,-2.206367093414721,-0.3128143823758557,0.05,0.025,0,1-2
1,False,0.9999607362895259,1.0,-4.120655292145463,-0.5842183941391825,0.05,0.025,1,2-3
