,reject,pvals,pvals_corrected,tstats,effectsize,alpha,alpha_corrected,step,dimension_step
0,False,0.9499614047961338,1.0,-1.6600083156580914,-0.23535271059436735,0.05,0.025,0,1-2
1,False,0.9996366490495356,1.0,-3.4883607775020193,-0.4945729227812337,0.05,0.025,1,2-3
