,reject,pvals,pvals_corrected,tstats,effectsize,alpha,alpha_corrected,step,dimension_step
0,False,0.9999994964937908,1.0,-5.21551230560249,-0.739445065837036,0.05,0.025,0,1-2
1,False,0.9954882088177361,1.0,-2.6636808529082265,-0.37765142678923164,0.05,0.025,1,2-3
