,reject,pvals,pvals_corrected,tstats,effectsize,alpha,alpha_corrected,step,dimension_step
0,False,0.9990888144511948,1.0,-3.204283535914661,-0.45429701079024437,0.05,0.025,0,1-2
1,False,0.9961275217287733,1.0,-2.7184605704845466,-0.38541798729111065,0.05,0.025,1,2-3
