{
  "data": {
    "name": "normal-1-60",
    "n_dimension": 1,
    "distance": "euclidean",
    "subject": null,
    "n_objects": 60,
    "n_train_triplets": 491,
    "n_test_triplets": 10000,
    "frac_train_ndlogn": 1.9986919051317065,
    "frac_train_triplets": 0.004782778102474187,
    "max_train_score": 0.8676171079429735,
    "max_test_score": 0.8673,
    "noise_sd": 0.5,
    "distance_sd": 1.0055945390558236,
    "distance_mean": 1.2827063479565761,
    "difference_sd": 0.8683962505679723,
    "difference_mean": -0.1382268123843241
  },
  "n_repeats": 10,
  "n_splits": 10,
  "embedding_method": "soe",
  "embedding_dimension": [
    1,
    2,
    3
  ],
  "random_state": 2033385083,
  "alpha": 0.05
}