,reject,pvals,pvals_corrected,tstats,effectsize,alpha,alpha_corrected,step,dimension_step
0,False,0.999928509777932,1.0,-3.9567600001497483,-0.5609816423343852,0.05,0.025,0,1-2
1,False,0.5004363482452555,1.0,-0.0010965285417634256,-0.00015546365769005313,0.05,0.025,1,2-3
