{
  "data": {
    "name": "normal-1-60",
    "n_dimension": 1,
    "distance": "euclidean",
    "subject": null,
    "n_objects": 60,
    "n_train_triplets": 491,
    "n_test_triplets": 10000,
    "frac_train_ndlogn": 1.9986919051317065,
    "frac_train_triplets": 0.004782778102474187,
    "max_train_score": 0.6578411405295316,
    "max_test_score": 0.6605,
    "noise_sd": 2.0,
    "distance_sd": 1.0052596398747748,
    "distance_mean": 1.2671239100584808,
    "difference_sd": 0.8826815762149762,
    "difference_mean": -0.1020847012247922
  },
  "n_repeats": 10,
  "n_splits": 10,
  "embedding_method": "soe",
  "embedding_dimension": [
    1,
    2,
    3
  ],
  "random_state": 2231871509,
  "alpha": 0.05
}