,reject,pvals,pvals_corrected,tstats,effectsize,alpha,alpha_corrected,step,dimension_step
0,False,0.9999999999999991,1.0,-9.447213054538464,-1.3394072662019576,0.05,0.025,0,1-2
1,False,0.9999936358344992,1.0,-4.5959063372320355,-0.6515985515871219,0.05,0.025,1,2-3
