,reject,pvals,pvals_corrected,tstats,effectsize,alpha,alpha_corrected,step,dimension_step
0,False,0.999289563340009,1.0,-3.282801457244342,-0.4654291270819931,0.05,0.025,0,1-2
1,False,0.9999700414377255,1.0,-4.1933232989894735,-0.5945211210730822,0.05,0.025,1,2-3
