{
  "data": {
    "name": "normal-1-60",
    "n_dimension": 1,
    "distance": "euclidean",
    "subject": null,
    "n_objects": 60,
    "n_train_triplets": 982,
    "n_test_triplets": 10000,
    "frac_train_ndlogn": 3.997383810263413,
    "frac_train_triplets": 0.009565556204948374,
    "max_train_score": 0.8625254582484725,
    "max_test_score": 0.8695,
    "noise_sd": 0.5,
    "distance_sd": 1.0063163702864548,
    "distance_mean": 1.31568192304111,
    "difference_sd": 0.888957212485496,
    "difference_mean": -0.12259927431458956
  },
  "n_repeats": 10,
  "n_splits": 10,
  "embedding_method": "soe",
  "embedding_dimension": [
    1,
    2,
    3
  ],
  "random_state": 2720465303,
  "alpha": 0.05
}