,reject,pvals,pvals_corrected,tstats,effectsize,alpha,alpha_corrected,step,dimension_step
0,False,0.9999919137847283,1.0,-4.535053522436267,-0.6429709593188245,0.05,0.025,0,1-2
1,False,0.9999999970297441,1.0,-6.371597557074924,-0.9033525565680942,0.05,0.025,1,2-3
