,reject,pvals,pvals_corrected,tstats,effectsize,alpha,alpha_corrected,step,dimension_step
0,False,0.9999999999999997,1.0,-9.63051455030954,-1.3653953913690426,0.05,0.025,0,1-2
1,False,0.9996762456437096,1.0,-3.5229228471539726,-0.4994730649670358,0.05,0.025,1,2-3
