,reject,pvals,pvals_corrected,tstats,effectsize,alpha,alpha_corrected,step,dimension_step
0,False,0.9999999977758114,1.0,-6.434051010635149,-0.9122070842489095,0.05,0.025,0,1-2
1,False,0.5729324300503581,1.0,-0.18432552098040425,-0.026133309445054775,0.05,0.025,1,2-3
