,reject,pvals,pvals_corrected,tstats,effectsize,alpha,alpha_corrected,step,dimension_step
0,False,0.9999999998580776,1.0,-7.018164668336528,-0.9950215685731706,0.05,0.025,0,1-2
1,False,0.9973941493668809,1.0,-2.85706606322541,-0.4050692011507821,0.05,0.025,1,2-3
