,reject,pvals,pvals_corrected,tstats,effectsize,alpha,alpha_corrected,step,dimension_step
0,True,0.009773457393087511,0.019546914786175023,2.373575364233868,0.3365208417952968,0.05,0.025,0,1-2
1,False,0.9752604471683867,0.9752604471683867,-1.9888373610972698,-0.2819734452233914,0.05,0.025,1,2-3
