{
  "data": {
    "name": "normal-1-60",
    "n_dimension": 1,
    "distance": "euclidean",
    "subject": null,
    "n_objects": 60,
    "n_train_triplets": 1965,
    "n_test_triplets": 10000,
    "frac_train_ndlogn": 7.998838276138092,
    "frac_train_triplets": 0.01914085330216248,
    "max_train_score": 0.7745547073791349,
    "max_test_score": 0.7727,
    "noise_sd": 1.0,
    "distance_sd": 1.0060265275917888,
    "distance_mean": 1.302538449420392,
    "difference_sd": 0.8721393476059865,
    "difference_mean": -0.0982030415191338
  },
  "n_repeats": 10,
  "n_splits": 10,
  "embedding_method": "soe",
  "embedding_dimension": [
    1,
    2,
    3
  ],
  "random_state": 2459334986,
  "alpha": 0.05
}