,reject,pvals,pvals_corrected,tstats,effectsize,alpha,alpha_corrected,step,dimension_step
0,False,0.9555822770195539,1.0,-1.7184771468509978,-0.24364230636128958,0.05,0.025,0,1-2
1,False,0.6966454670721347,1.0,-0.5164252641030184,-0.0732177571519414,0.05,0.025,1,2-3
