,reject,pvals,pvals_corrected,tstats,effectsize,alpha,alpha_corrected,step,dimension_step
0,False,0.9999999995618938,1.0,-6.780932580999564,-0.9613872703181165,0.05,0.025,0,1-2
1,False,0.9993187188709655,1.0,-3.2958980708765764,-0.4672859391767756,0.05,0.025,1,2-3
