,reject,pvals,pvals_corrected,tstats,effectsize,alpha,alpha_corrected,step,dimension_step
0,False,0.99999999994343,1.0,-7.209973646128578,-1.0222158677907607,0.05,0.025,0,1-2
1,False,0.9998652728505575,1.0,-3.7786648571129264,-0.5357316636071456,0.05,0.025,1,2-3
