,reject,pvals,pvals_corrected,tstats,effectsize,alpha,alpha_corrected,step,dimension_step
0,False,0.9999999999999282,1.0,-8.567818646753684,-1.2147284585107887,0.05,0.025,0,1-2
1,False,0.9999997503717402,1.0,-5.380090044800335,-0.7627785736624771,0.05,0.025,1,2-3
