,reject,pvals,pvals_corrected,tstats,effectsize,alpha,alpha_corrected,step,dimension_step
0,False,0.9999053692469092,1.0,-3.8785905998930077,-0.549898938674153,0.05,0.025,0,1-2
1,False,0.9951695768181713,1.0,-2.638963951895767,-0.3741471132289295,0.05,0.025,1,2-3
