,reject,pvals,pvals_corrected,tstats,effectsize,alpha,alpha_corrected,step,dimension_step
0,False,0.9986741977152505,1.0,-3.0834339442835867,-0.43716319363022604,0.05,0.025,0,1-2
1,False,0.9998808835165722,1.0,-3.8136888224389622,-0.5406972924521902,0.05,0.025,1,2-3
