,reject,pvals,pvals_corrected,tstats,effectsize,alpha,alpha_corrected,step,dimension_step
0,False,0.9999999873489062,1.0,-6.055075041095504,-0.8584766174554801,0.05,0.025,0,1-2
1,False,0.9939691601599819,1.0,-2.557439952518319,-0.3625888011102522,0.05,0.025,1,2-3
