,reject,pvals,pvals_corrected,tstats,effectsize,alpha,alpha_corrected,step,dimension_step
0,True,0.019706123899796462,0.039412247799592924,2.0874847405043297,0.2959594764483485,0.05,0.025,0,1-2
1,False,0.9999997847351996,0.9999997847351996,-5.41451232061978,-0.7676588961539471,0.05,0.025,1,2-3
