,reject,pvals,pvals_corrected,tstats,effectsize,alpha,alpha_corrected,step,dimension_step
0,False,0.9999586793867522,1.0,-4.10684916294274,-0.5822609883237853,0.05,0.025,0,1-2
1,False,0.999910635414381,1.0,-3.894632161746864,-0.552173279729472,0.05,0.025,1,2-3
