{
  "data": {
    "name": "normal-1-60",
    "n_dimension": 1,
    "distance": "euclidean",
    "subject": null,
    "n_objects": 60,
    "n_train_triplets": 982,
    "n_test_triplets": 10000,
    "frac_train_ndlogn": 3.997383810263413,
    "frac_train_triplets": 0.009565556204948374,
    "max_train_score": 0.8503054989816701,
    "max_test_score": 0.8455,
    "noise_sd": 0.5,
    "distance_sd": 1.0033619973476806,
    "distance_mean": 1.1750386797477876,
    "difference_sd": 0.8389834559556874,
    "difference_mean": -0.16744973900823348
  },
  "n_repeats": 10,
  "n_splits": 10,
  "embedding_method": "soe",
  "embedding_dimension": [
    1,
    2,
    3
  ],
  "random_state": 2584722748,
  "alpha": 0.05
}