,reject,pvals,pvals_corrected,tstats,effectsize,alpha,alpha_corrected,step,dimension_step
0,False,0.4309411575443734,0.8618823150887468,0.17443183224382416,0.02473060173572142,0.05,0.025,0,1-2
1,False,0.6407525839007644,0.8618823150887468,-0.3615016718278633,-0.05125299526909534,0.05,0.025,1,2-3
