,reject,pvals,pvals_corrected,tstats,effectsize,alpha,alpha_corrected,step,dimension_step
0,False,0.9940823591209279,1.0,-2.5644694299603485,-0.3635854265816058,0.05,0.025,0,1-2
1,False,0.994999754409558,1.0,-2.6263875504899263,-0.37236405579935633,0.05,0.025,1,2-3
