,reject,pvals,pvals_corrected,tstats,effectsize,alpha,alpha_corrected,step,dimension_step
0,False,0.9999998704549947,1.0,-5.531753845859585,-0.7842811687649534,0.05,0.025,0,1-2
1,False,0.9999976792793597,1.0,-4.847428439179831,-0.6872588599780102,0.05,0.025,1,2-3
