,reject,pvals,pvals_corrected,tstats,effectsize,alpha,alpha_corrected,step,dimension_step
0,False,0.9999996318939127,1.0,-5.289299747187806,-0.7499065040244964,0.05,0.025,0,1-2
1,False,0.9999982367675565,1.0,-4.914678798366902,-0.6967934834939455,0.05,0.025,1,2-3
