,reject,pvals,pvals_corrected,tstats,effectsize,alpha,alpha_corrected,step,dimension_step
0,False,0.9943200848492042,1.0,-2.579634869247872,-0.36573555270447283,0.05,0.025,0,1-2
1,False,0.9999989619654447,1.0,-5.0429985097525565,-0.7149863995248078,0.05,0.025,1,2-3
