,reject,pvals,pvals_corrected,tstats,effectsize,alpha,alpha_corrected,step,dimension_step
0,False,0.9999999999998673,1.0,-8.444484060822706,-1.1972423237516492,0.05,0.025,0,1-2
1,False,0.9999990122293348,1.0,-5.05493074131646,-0.7166781278225007,0.05,0.025,1,2-3
