{
  "data": {
    "name": "normal-1-60",
    "n_dimension": 1,
    "distance": "euclidean",
    "subject": null,
    "n_objects": 60,
    "n_train_triplets": 982,
    "n_test_triplets": 10000,
    "frac_train_ndlogn": 3.997383810263413,
    "frac_train_triplets": 0.009565556204948374,
    "max_train_score": 0.7729124236252546,
    "max_test_score": 0.7669,
    "noise_sd": 1.0,
    "distance_sd": 1.005128513498858,
    "distance_mean": 1.2609717378237832,
    "difference_sd": 0.8639148330426283,
    "difference_mean": -0.15111906264299554
  },
  "n_repeats": 10,
  "n_splits": 10,
  "embedding_method": "soe",
  "embedding_dimension": [
    1,
    2,
    3
  ],
  "random_state": 1334813251,
  "alpha": 0.05
}