,reject,pvals,pvals_corrected,tstats,effectsize,alpha,alpha_corrected,step,dimension_step
0,False,0.9998522183519248,1.0,-3.7522245614934895,-0.5319830105526675,0.05,0.025,0,1-2
1,False,0.9999999999974709,1.0,-7.848562016554511,-1.112753669629543,0.05,0.025,1,2-3
