,reject,pvals,pvals_corrected,tstats,effectsize,alpha,alpha_corrected,step,dimension_step
0,False,0.9963046410155416,1.0,-2.7350928062214726,-0.3877760729265903,0.05,0.025,0,1-2
1,False,0.9961020013351795,1.0,-2.716121398397014,-0.38508634407814923,0.05,0.025,1,2-3
