,reject,pvals,pvals_corrected,tstats,effectsize,alpha,alpha_corrected,step,dimension_step
0,False,0.9999999999999806,1.0,-8.828965272095088,-1.2517533128786449,0.05,0.025,0,1-2
1,False,0.9999989726239734,1.0,-5.0454809702649746,-0.7153383578885281,0.05,0.025,1,2-3
