{
  "data": {
    "name": "normal-1-60",
    "n_dimension": 1,
    "distance": "euclidean",
    "subject": null,
    "n_objects": 60,
    "n_train_triplets": 982,
    "n_test_triplets": 10000,
    "frac_train_ndlogn": 3.997383810263413,
    "frac_train_triplets": 0.009565556204948374,
    "max_train_score": 0.8676171079429735,
    "max_test_score": 0.8734,
    "noise_sd": 0.5,
    "distance_sd": 1.0064254706998355,
    "distance_mean": 1.3205963765144473,
    "difference_sd": 0.9200437450228982,
    "difference_mean": -0.11882895979505226
  },
  "n_repeats": 10,
  "n_splits": 10,
  "embedding_method": "soe",
  "embedding_dimension": [
    1,
    2,
    3
  ],
  "random_state": 3501898125,
  "alpha": 0.05
}