,reject,pvals,pvals_corrected,tstats,effectsize,alpha,alpha_corrected,step,dimension_step
0,False,0.9999999999999987,1.0,-9.360756092946476,-1.3271495684130397,0.05,0.025,0,1-2
1,False,0.9999854802459786,1.0,-4.384272725367429,-0.6215935547835575,0.05,0.025,1,2-3
