,reject,pvals,pvals_corrected,tstats,effectsize,alpha,alpha_corrected,step,dimension_step
0,False,0.9998103007005722,1.0,-3.6802276236468745,-0.5217754264599471,0.05,0.025,0,1-2
1,False,0.9999999881634929,1.0,-6.0697555198767175,-0.860557986832604,0.05,0.025,1,2-3
