{
  "data": {
    "name": "normal-1-60",
    "n_dimension": 1,
    "distance": "euclidean",
    "subject": null,
    "n_objects": 60,
    "n_train_triplets": 491,
    "n_test_triplets": 10000,
    "frac_train_ndlogn": 1.9986919051317065,
    "frac_train_triplets": 0.004782778102474187,
    "max_train_score": 0.8940936863543788,
    "max_test_score": 0.8765,
    "noise_sd": 0.5,
    "distance_sd": 1.0069936380985158,
    "distance_mean": 1.3459080118698836,
    "difference_sd": 0.8973012523450092,
    "difference_mean": -0.12156098600620364
  },
  "n_repeats": 10,
  "n_splits": 10,
  "embedding_method": "soe",
  "embedding_dimension": [
    1,
    2,
    3
  ],
  "random_state": 311162399,
  "alpha": 0.05
}