,reject,pvals,pvals_corrected,tstats,effectsize,alpha,alpha_corrected,step,dimension_step
0,False,0.9999994323371049,1.0,-5.187119719644238,-0.7354196209021958,0.05,0.025,0,1-2
1,False,0.9999999999985806,1.0,-7.9659679668167716,-1.1293992540964957,0.05,0.025,1,2-3
