,reject,pvals,pvals_corrected,tstats,effectsize,alpha,alpha_corrected,step,dimension_step
0,False,0.9999999997108503,1.0,-6.868683372021888,-0.9738284046962394,0.05,0.025,0,1-2
1,False,0.9999998884893952,1.0,-5.56613659831742,-0.7891558877120319,0.05,0.025,1,2-3
