,reject,pvals,pvals_corrected,tstats,effectsize,alpha,alpha_corrected,step,dimension_step
0,False,0.30010586898854535,0.6002117379770907,0.5257873660300914,0.07454509753006708,0.05,0.025,0,1-2
1,False,0.9786684171817702,0.9786684171817702,-2.0534754965811475,-0.2911377128059099,0.05,0.025,1,2-3
