,reject,pvals,pvals_corrected,tstats,effectsize,alpha,alpha_corrected,step,dimension_step
0,False,0.9921139383861649,1.0,-2.456464141219343,-0.3482726493961218,0.05,0.025,0,1-2
1,False,0.9999999999997484,1.0,-8.315827756488266,-1.179001686235228,0.05,0.025,1,2-3
