,reject,pvals,pvals_corrected,tstats,effectsize,alpha,alpha_corrected,step,dimension_step
0,False,0.9999999999965703,1.0,-7.786511426819045,-1.1039562591886012,0.05,0.025,0,1-2
1,False,0.9999999228400608,1.0,-5.650178489202136,-0.801071181531119,0.05,0.025,1,2-3
