{
  "data": {
    "name": "normal-1-60",
    "n_dimension": 1,
    "distance": "euclidean",
    "subject": null,
    "n_objects": 60,
    "n_train_triplets": 982,
    "n_test_triplets": 10000,
    "frac_train_ndlogn": 3.997383810263413,
    "frac_train_triplets": 0.009565556204948374,
    "max_train_score": 0.8441955193482689,
    "max_test_score": 0.8516,
    "noise_sd": 0.5,
    "distance_sd": 1.004536455384577,
    "distance_mean": 1.2328216638805973,
    "difference_sd": 0.8414245228959686,
    "difference_mean": -0.15677269719690337
  },
  "n_repeats": 10,
  "n_splits": 10,
  "embedding_method": "soe",
  "embedding_dimension": [
    1,
    2,
    3
  ],
  "random_state": 2147484884,
  "alpha": 0.05
}