{
  "data": {
    "name": "normal-1-60",
    "n_dimension": 1,
    "distance": "euclidean",
    "subject": null,
    "n_objects": 60,
    "n_train_triplets": 491,
    "n_test_triplets": 10000,
    "frac_train_ndlogn": 1.9986919051317065,
    "frac_train_triplets": 0.004782778102474187,
    "max_train_score": 0.6741344195519349,
    "max_test_score": 0.6774,
    "noise_sd": 2.0,
    "distance_sd": 1.0069597751015011,
    "distance_mean": 1.3444123865127182,
    "difference_sd": 0.9157573116861923,
    "difference_mean": -0.07327216510975348
  },
  "n_repeats": 10,
  "n_splits": 10,
  "embedding_method": "soe",
  "embedding_dimension": [
    1,
    2,
    3
  ],
  "random_state": 2338368132,
  "alpha": 0.05
}