{
  "data": {
    "name": "normal-1-60",
    "n_dimension": 1,
    "distance": "euclidean",
    "subject": null,
    "n_objects": 60,
    "n_train_triplets": 1965,
    "n_test_triplets": 10000,
    "frac_train_ndlogn": 7.998838276138092,
    "frac_train_triplets": 0.01914085330216248,
    "max_train_score": 0.8737913486005089,
    "max_test_score": 0.8612,
    "noise_sd": 0.5,
    "distance_sd": 1.0052051472176122,
    "distance_mean": 1.2645707670618593,
    "difference_sd": 0.8757345659439768,
    "difference_mean": -0.15175078524048455
  },
  "n_repeats": 10,
  "n_splits": 10,
  "embedding_method": "soe",
  "embedding_dimension": [
    1,
    2,
    3
  ],
  "random_state": 1282116385,
  "alpha": 0.05
}