,reject,pvals,pvals_corrected,tstats,effectsize,alpha,alpha_corrected,step,dimension_step
0,False,0.9176301502335432,1.0,-1.39966407851054,-0.198441617244809,0.05,0.025,0,1-2
1,False,0.9996783968291872,1.0,-3.5249129314493537,-0.4997552152001469,0.05,0.025,1,2-3
