,reject,pvals,pvals_corrected,tstats,effectsize,alpha,alpha_corrected,step,dimension_step
0,False,0.9999999981129379,1.0,-6.469440991472506,-0.9172246060524993,0.05,0.025,0,1-2
1,False,0.9999999944153314,1.0,-6.234464341392412,-0.8839100792509813,0.05,0.025,1,2-3
