,reject,pvals,pvals_corrected,tstats,effectsize,alpha,alpha_corrected,step,dimension_step
0,False,0.9999999393699809,1.0,-5.704891469107216,-0.8088282800973698,0.05,0.025,0,1-2
1,False,0.8978919190069893,1.0,-1.2780617796403513,-0.1812010827344385,0.05,0.025,1,2-3
