,reject,pvals,pvals_corrected,tstats,effectsize,alpha,alpha_corrected,step,dimension_step
0,False,0.9999990075470025,1.0,-5.05379447714352,-0.7165170305252582,0.05,0.025,0,1-2
1,False,0.9993329512634102,1.0,-3.3024830041861746,-0.46821953805629846,0.05,0.025,1,2-3
