{
  "data": {
    "name": "normal-1-60",
    "n_dimension": 1,
    "distance": "euclidean",
    "subject": null,
    "n_objects": 60,
    "n_train_triplets": 1965,
    "n_test_triplets": 10000,
    "frac_train_ndlogn": 7.998838276138092,
    "frac_train_triplets": 0.01914085330216248,
    "max_train_score": 0.7852417302798982,
    "max_test_score": 0.7904,
    "noise_sd": 1.0,
    "distance_sd": 1.007533767045485,
    "distance_mean": 1.3695497602527664,
    "difference_sd": 0.9168172442694965,
    "difference_mean": -0.09596857638889945
  },
  "n_repeats": 10,
  "n_splits": 10,
  "embedding_method": "soe",
  "embedding_dimension": [
    1,
    2,
    3
  ],
  "random_state": 1320157233,
  "alpha": 0.05
}