,reject,pvals,pvals_corrected,tstats,effectsize,alpha,alpha_corrected,step,dimension_step
0,False,0.9999881352879533,1.0,-4.436629560919775,-0.6290166038425034,0.05,0.025,0,1-2
1,False,0.9999995226934102,1.0,-5.228137714118031,-0.7412350713981319,0.05,0.025,1,2-3
