,reject,pvals,pvals_corrected,tstats,effectsize,alpha,alpha_corrected,step,dimension_step
0,False,0.9999999999999952,1.0,-9.108625045676558,-1.2914029249533368,0.05,0.025,0,1-2
1,False,0.9999999853867549,1.0,-6.023220822300393,-0.8539603890326585,0.05,0.025,1,2-3
