,reject,pvals,pvals_corrected,tstats,effectsize,alpha,alpha_corrected,step,dimension_step
0,False,0.9999995426899287,1.0,-5.238238215687084,-0.7426671006236585,0.05,0.025,0,1-2
1,False,0.9999999993835453,1.0,-6.70852977723491,-0.9511221433546483,0.05,0.025,1,2-3
