,reject,pvals,pvals_corrected,tstats,effectsize,alpha,alpha_corrected,step,dimension_step
0,False,0.9921095158702762,1.0,-2.4562500851715776,-0.3482423009511258,0.05,0.025,0,1-2
1,False,0.9999999999999877,1.0,-8.921241659611418,-1.2648360774172158,0.05,0.025,1,2-3
