,reject,pvals,pvals_corrected,tstats,effectsize,alpha,alpha_corrected,step,dimension_step
0,False,0.1088257881943248,0.2176515763886496,1.240692374423432,0.17590292203961416,0.05,0.025,0,1-2
1,False,0.9937389435674489,0.9937389435674489,-2.543502666814786,-0.36061280018440495,0.05,0.025,1,2-3
