,reject,pvals,pvals_corrected,tstats,effectsize,alpha,alpha_corrected,step,dimension_step
0,False,0.9978475561201263,1.0,-2.9223165495246977,-0.4143202866262485,0.05,0.025,0,1-2
1,False,0.9999999993162768,1.0,-6.686521871459441,-0.9480019058052909,0.05,0.025,1,2-3
