,reject,pvals,pvals_corrected,tstats,effectsize,alpha,alpha_corrected,step,dimension_step
0,False,0.9999999999999547,1.0,-8.660093507758617,-1.2278110066235792,0.05,0.025,0,1-2
1,False,0.9999999955937842,1.0,-6.28607637785155,-0.8912275321609311,0.05,0.025,1,2-3
