,reject,pvals,pvals_corrected,tstats,effectsize,alpha,alpha_corrected,step,dimension_step
0,False,0.7203661170624622,1.0,-0.5859124248802223,-0.08306950999327473,0.05,0.025,0,1-2
1,False,0.9900068946765247,1.0,-2.364876173071395,-0.3352874876001674,0.05,0.025,1,2-3
