,reject,pvals,pvals_corrected,tstats,effectsize,alpha,alpha_corrected,step,dimension_step
0,False,0.7905383018804122,1.0,-0.8116785370512402,-0.11507818486472343,0.05,0.025,0,1-2
1,False,0.8682401893535763,1.0,-1.124501060390201,-0.1594295463057093,0.05,0.025,1,2-3
