,reject,pvals,pvals_corrected,tstats,effectsize,alpha,alpha_corrected,step,dimension_step
0,False,0.8235313180092155,1.0,-0.9332969284112793,-0.1323210009366203,0.05,0.025,0,1-2
1,False,0.999999999491478,1.0,-6.7493663019374885,-0.9569118654237185,0.05,0.025,1,2-3
