{
  "data": {
    "name": "normal-1-60",
    "n_dimension": 1,
    "distance": "euclidean",
    "subject": null,
    "n_objects": 60,
    "n_train_triplets": 982,
    "n_test_triplets": 10000,
    "frac_train_ndlogn": 3.997383810263413,
    "frac_train_triplets": 0.009565556204948374,
    "max_train_score": 0.8767820773930753,
    "max_test_score": 0.8704,
    "noise_sd": 0.5,
    "distance_sd": 1.0067281329451208,
    "distance_mean": 1.3341378562428572,
    "difference_sd": 0.8851792016232698,
    "difference_mean": -0.10618705353296205
  },
  "n_repeats": 10,
  "n_splits": 10,
  "embedding_method": "soe",
  "embedding_dimension": [
    1,
    2,
    3
  ],
  "random_state": 1960095580,
  "alpha": 0.05
}