,reject,pvals,pvals_corrected,tstats,effectsize,alpha,alpha_corrected,step,dimension_step
0,False,0.999999999994388,1.0,-7.685975617588979,-1.0897024901014782,0.05,0.025,0,1-2
1,False,0.9999995230541797,1.0,-5.228316252051168,-0.7412603841547678,0.05,0.025,1,2-3
