,reject,pvals,pvals_corrected,tstats,effectsize,alpha,alpha_corrected,step,dimension_step
0,True,0.002403953761233535,0.00480790752246707,2.884717483919327,0.40898956513372914,0.05,0.025,0,1-2
1,False,0.9532726470358116,0.9532726470358116,-1.6937617064001547,-0.24013819987653767,0.05,0.025,1,2-3
