,reject,pvals,pvals_corrected,tstats,effectsize,alpha,alpha_corrected,step,dimension_step
0,False,0.9733727264889309,1.0,-1.9562415310992718,-0.2773520726243868,0.05,0.025,0,1-2
1,False,0.9968326242132912,1.0,-2.7893793200585724,-0.39547270797339423,0.05,0.025,1,2-3
