,reject,pvals,pvals_corrected,tstats,effectsize,alpha,alpha_corrected,step,dimension_step
0,False,0.9999911329569056,1.0,-4.511504183388008,-0.6396321803949875,0.05,0.025,0,1-2
1,False,0.999846324113026,1.0,-3.7410072854681506,-0.5303926472435523,0.05,0.025,1,2-3
