,reject,pvals,pvals_corrected,tstats,effectsize,alpha,alpha_corrected,step,dimension_step
0,False,0.8077930826268619,1.0,-0.8736672304802242,-0.12386681976920035,0.05,0.025,0,1-2
1,False,0.9355910634609208,1.0,-1.5315702283993209,-0.21714301146528567,0.05,0.025,1,2-3
