,reject,pvals,pvals_corrected,tstats,effectsize,alpha,alpha_corrected,step,dimension_step
0,False,0.6633223859234321,1.0,-0.42280400103857574,-0.05994431880609205,0.05,0.025,0,1-2
1,False,0.9990124679297877,1.0,-3.1786184000592708,-0.45065825836089635,0.05,0.025,1,2-3
