,reject,pvals,pvals_corrected,tstats,effectsize,alpha,alpha_corrected,step,dimension_step
0,False,0.9999994138190825,1.0,-5.179506773998279,-0.734340272457683,0.05,0.025,0,1-2
1,False,0.9999990468159009,1.0,-5.0634902789943395,-0.717891682221549,0.05,0.025,1,2-3
