,reject,pvals,pvals_corrected,tstats,effectsize,alpha,alpha_corrected,step,dimension_step
0,False,0.999986910683529,1.0,-4.411208057681104,-0.6254123931658642,0.05,0.025,0,1-2
1,False,0.9999997247195342,1.0,-5.35729621327323,-0.7595469091074664,0.05,0.025,1,2-3
