,reject,pvals,pvals_corrected,tstats,effectsize,alpha,alpha_corrected,step,dimension_step
0,False,0.9999999999993628,1.0,-8.128208225445011,-1.152401358529057,0.05,0.025,0,1-2
1,False,0.999992445980089,1.0,-4.552400868118787,-0.6454304318344064,0.05,0.025,1,2-3
