,reject,pvals,pvals_corrected,tstats,effectsize,alpha,alpha_corrected,step,dimension_step
0,False,0.9999999999959402,1.0,-7.752112524979772,-1.0990792506140188,0.05,0.025,0,1-2
1,False,0.9999898360582172,1.0,-4.476499681158479,-0.6346693109894447,0.05,0.025,1,2-3
