,reject,pvals,pvals_corrected,tstats,effectsize,alpha,alpha_corrected,step,dimension_step
0,False,0.9998185774950838,1.0,-3.693156998621852,-0.5236085277871809,0.05,0.025,0,1-2
1,False,0.9999761592496222,1.0,-4.254097131264545,-0.6031375153551043,0.05,0.025,1,2-3
