,reject,pvals,pvals_corrected,tstats,effectsize,alpha,alpha_corrected,step,dimension_step
0,False,0.9999989884699532,1.0,-5.049218439455342,-0.7158682489116144,0.05,0.025,0,1-2
1,False,0.9999999703176019,1.0,-5.8656211731580425,-0.8316162210760847,0.05,0.025,1,2-3
