{
  "data": {
    "name": "normal-1-60",
    "n_dimension": 1,
    "distance": "euclidean",
    "subject": null,
    "n_objects": 60,
    "n_train_triplets": 491,
    "n_test_triplets": 10000,
    "frac_train_ndlogn": 1.9986919051317065,
    "frac_train_triplets": 0.004782778102474187,
    "max_train_score": 0.6496945010183299,
    "max_test_score": 0.6678,
    "noise_sd": 2.0,
    "distance_sd": 1.004803167416461,
    "distance_mean": 1.2455794808410878,
    "difference_sd": 0.8625787552794877,
    "difference_mean": -0.08711369417092385
  },
  "n_repeats": 10,
  "n_splits": 10,
  "embedding_method": "soe",
  "embedding_dimension": [
    1,
    2,
    3
  ],
  "random_state": 1237479000,
  "alpha": 0.05
}