,reject,pvals,pvals_corrected,tstats,effectsize,alpha,alpha_corrected,step,dimension_step
0,False,0.9732017148741718,1.0,-1.9533865306836282,-0.27694729628668313,0.05,0.025,0,1-2
1,False,0.9999928901277878,1.0,-4.56780895265017,-0.6476149597222023,0.05,0.025,1,2-3
