{
  "data": {
    "name": "normal-1-60",
    "n_dimension": 1,
    "distance": "euclidean",
    "subject": null,
    "n_objects": 60,
    "n_train_triplets": 491,
    "n_test_triplets": 10000,
    "frac_train_ndlogn": 1.9986919051317065,
    "frac_train_triplets": 0.004782778102474187,
    "max_train_score": 0.6680244399185336,
    "max_test_score": 0.6786,
    "noise_sd": 2.0,
    "distance_sd": 1.006871302648716,
    "distance_mean": 1.3404971910030752,
    "difference_sd": 0.9321908835175601,
    "difference_mean": -0.08617008768248297
  },
  "n_repeats": 10,
  "n_splits": 10,
  "embedding_method": "soe",
  "embedding_dimension": [
    1,
    2,
    3
  ],
  "random_state": 969438604,
  "alpha": 0.05
}