,reject,pvals,pvals_corrected,tstats,effectsize,alpha,alpha_corrected,step,dimension_step
0,False,0.9999999478651859,1.0,-5.739028876523172,-0.8136682145074721,0.05,0.025,0,1-2
1,False,0.9999837568953992,1.0,-4.355033552491969,-0.6174480824224454,0.05,0.025,1,2-3
