,reject,pvals,pvals_corrected,tstats,effectsize,alpha,alpha_corrected,step,dimension_step
0,False,0.9999949943108438,1.0,-4.65646041450495,-0.6601837894376151,0.05,0.025,0,1-2
1,False,0.9999637042862372,1.0,-4.141852498139788,-0.5872236922697608,0.05,0.025,1,2-3
