,reject,pvals,pvals_corrected,tstats,effectsize,alpha,alpha_corrected,step,dimension_step
0,False,0.9999999662001419,1.0,-5.836534050313357,-0.8274923060689637,0.05,0.025,0,1-2
1,False,0.99999999637596,1.0,-6.328510791703987,-0.8972437998075755,0.05,0.025,1,2-3
