{
  "data": {
    "name": "normal-1-60",
    "n_dimension": 1,
    "distance": "euclidean",
    "subject": null,
    "n_objects": 60,
    "n_train_triplets": 491,
    "n_test_triplets": 10000,
    "frac_train_ndlogn": 1.9986919051317065,
    "frac_train_triplets": 0.004782778102474187,
    "max_train_score": 0.8737270875763747,
    "max_test_score": 0.8807,
    "noise_sd": 0.5,
    "distance_sd": 1.00763308314529,
    "distance_mean": 1.3738539653170716,
    "difference_sd": 0.931479027567157,
    "difference_mean": -0.10886461470830068
  },
  "n_repeats": 10,
  "n_splits": 10,
  "embedding_method": "soe",
  "embedding_dimension": [
    1,
    2,
    3
  ],
  "random_state": 2626184,
  "alpha": 0.05
}