,reject,pvals,pvals_corrected,tstats,effectsize,alpha,alpha_corrected,step,dimension_step
0,False,0.7047156957591425,1.0,-0.539768694383754,-0.07652734273613393,0.05,0.025,0,1-2
1,False,0.9971679078492265,1.0,-2.8283245449294805,-0.40099428527612097,0.05,0.025,1,2-3
