,reject,pvals,pvals_corrected,tstats,effectsize,alpha,alpha_corrected,step,dimension_step
0,False,0.8341552303635968,1.0,-0.9755007936746934,-0.13830458185824132,0.05,0.025,0,1-2
1,False,0.999999391103474,1.0,-5.170482651859957,-0.7330608501885562,0.05,0.025,1,2-3
