,reject,pvals,pvals_corrected,tstats,effectsize,alpha,alpha_corrected,step,dimension_step
0,False,0.9825174814233854,1.0,-2.1381603669000007,-0.3031441669832031,0.05,0.025,0,1-2
1,False,0.8376803425156254,1.0,-0.9898937208965982,-0.14034518274144825,0.05,0.025,1,2-3
