,reject,pvals,pvals_corrected,tstats,effectsize,alpha,alpha_corrected,step,dimension_step
0,False,0.08464432900561321,0.16928865801122642,1.3845964306170482,0.19630535579324573,0.05,0.025,0,1-2
1,False,0.9983968769450642,0.9983968769450642,-3.0209843171875272,-0.42830920845796605,0.05,0.025,1,2-3
