,reject,pvals,pvals_corrected,tstats,effectsize,alpha,alpha_corrected,step,dimension_step
0,False,0.9999999999999999,1.0,-9.76969262900482,-1.3851277853379638,0.05,0.025,0,1-2
1,False,0.9999999958941932,1.0,-6.301421907401763,-0.8934031911266617,0.05,0.025,1,2-3
