{
  "data": {
    "name": "normal-1-60",
    "n_dimension": 1,
    "distance": "euclidean",
    "subject": null,
    "n_objects": 60,
    "n_train_triplets": 491,
    "n_test_triplets": 10000,
    "frac_train_ndlogn": 1.9986919051317065,
    "frac_train_triplets": 0.004782778102474187,
    "max_train_score": 0.8044806517311609,
    "max_test_score": 0.7839,
    "noise_sd": 1.0,
    "distance_sd": 1.0066891561372815,
    "distance_mean": 1.3324014790266676,
    "difference_sd": 0.9154801603490305,
    "difference_mean": -0.1436871139505795
  },
  "n_repeats": 10,
  "n_splits": 10,
  "embedding_method": "soe",
  "embedding_dimension": [
    1,
    2,
    3
  ],
  "random_state": 3667069824,
  "alpha": 0.05
}