,reject,pvals,pvals_corrected,tstats,effectsize,alpha,alpha_corrected,step,dimension_step
0,False,0.9999999999784972,1.0,-7.41017693802628,-1.0506002963346381,0.05,0.025,0,1-2
1,False,0.9935658854791446,1.0,-2.533325899655009,-0.35916995817358544,0.05,0.025,1,2-3
