,reject,pvals,pvals_corrected,tstats,effectsize,alpha,alpha_corrected,step,dimension_step
0,False,0.9999999998963738,1.0,-7.083914712867606,-1.0043434804311573,0.05,0.025,0,1-2
1,False,0.9998806101179494,1.0,-3.813038691249957,-0.54060511813226,0.05,0.025,1,2-3
