,reject,pvals,pvals_corrected,tstats,effectsize,alpha,alpha_corrected,step,dimension_step
0,False,0.999999999790617,0.999999999790617,-6.936604446200739,-0.9834581208631349,0.05,0.025,0,1-2
1,False,0.22779574771554512,0.45559149543109023,0.7490694288358578,0.10620158877336909,0.05,0.025,1,2-3
