,reject,pvals,pvals_corrected,tstats,effectsize,alpha,alpha_corrected,step,dimension_step
0,False,0.9999999999890705,1.0,-7.5494176076425825,-1.070341564321106,0.05,0.025,0,1-2
1,False,0.9991864449546053,1.0,-3.2401994541480055,-0.4593890989623161,0.05,0.025,1,2-3
