,reject,pvals,pvals_corrected,tstats,effectsize,alpha,alpha_corrected,step,dimension_step
0,False,0.999999986743625,1.0,-6.044757670494844,-0.8570138409656471,0.05,0.025,0,1-2
1,False,0.9999548446483723,1.0,-4.0827847345219075,-0.5788491810428671,0.05,0.025,1,2-3
