,reject,pvals,pvals_corrected,tstats,effectsize,alpha,alpha_corrected,step,dimension_step
0,False,0.2997370974759655,0.599474194951931,0.5268530277100433,0.07469618494486342,0.05,0.025,0,1-2
1,False,0.6569896454126246,0.6569896454126246,-0.4054512799697418,-0.05748408417882212,0.05,0.025,1,2-3
