,reject,pvals,pvals_corrected,tstats,effectsize,alpha,alpha_corrected,step,dimension_step
0,False,0.9999999999909471,1.0,-7.588067660720491,-1.0758212927481867,0.05,0.025,0,1-2
1,False,0.7886784344396698,1.0,-0.8051839690400647,-0.11415739779929018,0.05,0.025,1,2-3
