{
  "data": {
    "name": "normal-1-60",
    "n_dimension": 1,
    "distance": "euclidean",
    "subject": null,
    "n_objects": 60,
    "n_train_triplets": 1965,
    "n_test_triplets": 10000,
    "frac_train_ndlogn": 7.998838276138092,
    "frac_train_triplets": 0.01914085330216248,
    "max_train_score": 0.8712468193384224,
    "max_test_score": 0.8751,
    "noise_sd": 0.5,
    "distance_sd": 1.0070466024216103,
    "distance_mean": 1.3482440583288149,
    "difference_sd": 0.9162808128021179,
    "difference_mean": -0.12801840816778118
  },
  "n_repeats": 10,
  "n_splits": 10,
  "embedding_method": "soe",
  "embedding_dimension": [
    1,
    2,
    3
  ],
  "random_state": 3583443101,
  "alpha": 0.05
}