,reject,pvals,pvals_corrected,tstats,effectsize,alpha,alpha_corrected,step,dimension_step
0,False,0.999999999999235,1.0,-8.091211954425079,-1.1471561000660153,0.05,0.025,0,1-2
1,False,0.9998543973127161,1.0,-3.7564793069213636,-0.5325862399822394,0.05,0.025,1,2-3
