,reject,pvals,pvals_corrected,tstats,effectsize,alpha,alpha_corrected,step,dimension_step
0,False,0.999999999744825,1.0,-6.895010344100451,-0.9775609909622159,0.05,0.025,0,1-2
1,False,0.999999998260978,1.0,-6.4870048584549895,-0.9197147765316801,0.05,0.025,1,2-3
