,reject,pvals,pvals_corrected,tstats,effectsize,alpha,alpha_corrected,step,dimension_step
0,False,0.999930749903117,1.0,-3.9655729222113703,-0.5622311210724705,0.05,0.025,0,1-2
1,False,0.9999555028161844,1.0,-4.086772141278008,-0.5794145077219196,0.05,0.025,1,2-3
