,reject,pvals,pvals_corrected,tstats,effectsize,alpha,alpha_corrected,step,dimension_step
0,False,0.9999999901427526,1.0,-6.110042303190542,-0.8662697676499655,0.05,0.025,0,1-2
1,False,0.9995865124685499,1.0,-3.449371720309167,-0.4890451310182034,0.05,0.025,1,2-3
