,reject,pvals,pvals_corrected,tstats,effectsize,alpha,alpha_corrected,step,dimension_step
0,False,0.032012505683633695,0.06402501136726739,1.872955090471252,0.2655438850552839,0.05,0.025,0,1-2
1,False,0.951236051139825,0.951236051139825,-1.6727805251191854,-0.23716352930448678,0.05,0.025,1,2-3
