,reject,pvals,pvals_corrected,tstats,effectsize,alpha,alpha_corrected,step,dimension_step
0,False,0.9962949940249471,1.0,-2.7341684175147196,-0.3876450149157809,0.05,0.025,0,1-2
1,False,0.9999995628333227,1.0,-5.248859069133533,-0.7441729043138384,0.05,0.025,1,2-3
