,reject,pvals,pvals_corrected,tstats,effectsize,alpha,alpha_corrected,step,dimension_step
0,False,0.9999999999988645,1.0,-8.011215688033671,-1.1358143869221369,0.05,0.025,0,1-2
1,False,0.965624986475045,1.0,-1.8400964275474954,-0.26088524852155853,0.05,0.025,1,2-3
