,reject,pvals,pvals_corrected,tstats,effectsize,alpha,alpha_corrected,step,dimension_step
0,False,0.9964650482163883,0.9964650482163883,-2.7507944459331277,-0.39000222048986266,0.05,0.025,0,1-2
1,False,0.31776324012142065,0.6355264802428413,0.4754319147769659,0.06740580079652794,0.05,0.025,1,2-3
