,reject,pvals,pvals_corrected,tstats,effectsize,alpha,alpha_corrected,step,dimension_step
0,False,0.9999999999271995,1.0,-7.157519073162274,-1.0147789617136995,0.05,0.025,0,1-2
1,False,0.9999726498314071,1.0,-4.217623300675185,-0.5979663274676734,0.05,0.025,1,2-3
