,reject,pvals,pvals_corrected,tstats,effectsize,alpha,alpha_corrected,step,dimension_step
0,False,0.9878420361257597,1.0,-2.2871474507614575,-0.3242672623915796,0.05,0.025,0,1-2
1,False,0.999999735211324,1.0,-5.36635682698338,-0.7608315050797986,0.05,0.025,1,2-3
