,reject,pvals,pvals_corrected,tstats,effectsize,alpha,alpha_corrected,step,dimension_step
0,False,0.9996482256266108,1.0,-3.4980823802300236,-0.4959512324750923,0.05,0.025,0,1-2
1,False,0.9999976608187269,1.0,-4.845481412823529,-0.6869828144147246,0.05,0.025,1,2-3
