,reject,pvals,pvals_corrected,tstats,effectsize,alpha,alpha_corrected,step,dimension_step
0,False,0.9999999999999999,1.0,-9.858500941737157,-1.3977188530619717,0.05,0.025,0,1-2
1,False,0.9999999999998913,1.0,-8.484576335006796,-1.2029265274475671,0.05,0.025,1,2-3
