,reject,pvals,pvals_corrected,tstats,effectsize,alpha,alpha_corrected,step,dimension_step
0,False,0.883925395269088,1.0,-1.2022116804199665,-0.17044720500865598,0.05,0.025,0,1-2
1,False,0.9987245066505851,1.0,-3.096047621733576,-0.43895153598394565,0.05,0.025,1,2-3
