{
  "data": {
    "name": "normal-1-60",
    "n_dimension": 1,
    "distance": "euclidean",
    "subject": null,
    "n_objects": 60,
    "n_train_triplets": 1965,
    "n_test_triplets": 10000,
    "frac_train_ndlogn": 7.998838276138092,
    "frac_train_triplets": 0.01914085330216248,
    "max_train_score": 0.6610687022900763,
    "max_test_score": 0.6631,
    "noise_sd": 2.0,
    "distance_sd": 1.004276719464187,
    "distance_mean": 1.2202726578681384,
    "difference_sd": 0.8562675059812921,
    "difference_mean": -0.09283833279062491
  },
  "n_repeats": 10,
  "n_splits": 10,
  "embedding_method": "soe",
  "embedding_dimension": [
    1,
    2,
    3
  ],
  "random_state": 225172467,
  "alpha": 0.05
}