,reject,pvals,pvals_corrected,tstats,effectsize,alpha,alpha_corrected,step,dimension_step
0,False,0.9999999822027063,1.0,-5.979558388846581,-0.8477700151847858,0.05,0.025,0,1-2
1,False,0.9999923250215283,1.0,-4.548356547214144,-0.6448570359794322,0.05,0.025,1,2-3
