,reject,pvals,pvals_corrected,tstats,effectsize,alpha,alpha_corrected,step,dimension_step
0,False,0.9999999999960894,1.0,-7.759745882193456,-1.1001614929704153,0.05,0.025,0,1-2
1,False,0.9999999999898088,1.0,-7.5637716053490305,-1.07237664585426,0.05,0.025,1,2-3
