,reject,pvals,pvals_corrected,tstats,effectsize,alpha,alpha_corrected,step,dimension_step
0,False,0.9986864776099803,1.0,-3.0864713009303317,-0.4375938240753331,0.05,0.025,0,1-2
1,False,0.9778292700488138,1.0,-2.0367814124869144,-0.2887708584321048,0.05,0.025,1,2-3
