{
  "data": {
    "name": "normal-1-60",
    "n_dimension": 1,
    "distance": "euclidean",
    "subject": null,
    "n_objects": 60,
    "n_train_triplets": 1965,
    "n_test_triplets": 10000,
    "frac_train_ndlogn": 7.998838276138092,
    "frac_train_triplets": 0.01914085330216248,
    "max_train_score": 0.6743002544529262,
    "max_test_score": 0.6795,
    "noise_sd": 2.0,
    "distance_sd": 1.0078273272524882,
    "distance_mean": 1.3822346780449752,
    "difference_sd": 0.897244141500543,
    "difference_mean": -0.06091810384036206
  },
  "n_repeats": 10,
  "n_splits": 10,
  "embedding_method": "soe",
  "embedding_dimension": [
    1,
    2,
    3
  ],
  "random_state": 2316292585,
  "alpha": 0.05
}