,reject,pvals,pvals_corrected,tstats,effectsize,alpha,alpha_corrected,step,dimension_step
0,False,0.9344294754112097,1.0,-1.5222230201243534,-0.21581778267983132,0.05,0.025,0,1-2
1,False,0.9829591095556449,1.0,-2.148884219640934,-0.30466457371055916,0.05,0.025,1,2-3
