,reject,pvals,pvals_corrected,tstats,effectsize,alpha,alpha_corrected,step,dimension_step
0,False,0.9998722946426706,1.0,-3.793913168276776,-0.5378935391414713,0.05,0.025,0,1-2
1,False,0.999958492454429,1.0,-4.1056273332174005,-0.582087759710994,0.05,0.025,1,2-3
