,reject,pvals,pvals_corrected,tstats,effectsize,alpha,alpha_corrected,step,dimension_step
0,False,0.9985937156993374,1.0,-3.0641500970292177,-0.4344291677345761,0.05,0.025,0,1-2
1,False,0.999999999648174,1.0,-6.827295802886721,-0.9679605566324714,0.05,0.025,1,2-3
