{
  "data": {
    "name": "normal-1-60",
    "n_dimension": 1,
    "distance": "euclidean",
    "subject": null,
    "n_objects": 60,
    "n_train_triplets": 491,
    "n_test_triplets": 10000,
    "frac_train_ndlogn": 1.9986919051317065,
    "frac_train_triplets": 0.004782778102474187,
    "max_train_score": 0.8839103869653768,
    "max_test_score": 0.8754,
    "noise_sd": 0.5,
    "distance_sd": 1.0079977912660447,
    "distance_mean": 1.3895490700114144,
    "difference_sd": 0.8932610396913487,
    "difference_mean": -0.1021425486202351
  },
  "n_repeats": 10,
  "n_splits": 10,
  "embedding_method": "soe",
  "embedding_dimension": [
    1,
    2,
    3
  ],
  "random_state": 2322934225,
  "alpha": 0.05
}