,reject,pvals,pvals_corrected,tstats,effectsize,alpha,alpha_corrected,step,dimension_step
0,False,0.9999999999999932,1.0,-9.039829095286258,-1.2816491705597306,0.05,0.025,0,1-2
1,False,0.9999999999032229,1.0,-7.0981872956194145,-1.0063670191123408,0.05,0.025,1,2-3
