,reject,pvals,pvals_corrected,tstats,effectsize,alpha,alpha_corrected,step,dimension_step
0,False,0.9999979095781385,1.0,-4.873071049160811,-0.6908944187332355,0.05,0.025,0,1-2
1,False,0.9999729510920518,1.0,-4.220572170091805,-0.5983844123675164,0.05,0.025,1,2-3
