,reject,pvals,pvals_corrected,tstats,effectsize,alpha,alpha_corrected,step,dimension_step
0,False,0.4570863826609569,0.9141727653219138,0.10805246208656073,0.015319465329536961,0.05,0.025,0,1-2
1,False,0.9989231527574621,0.9989231527574621,-3.1508429241961373,-0.44672030608031077,0.05,0.025,1,2-3
