,reject,pvals,pvals_corrected,tstats,effectsize,alpha,alpha_corrected,step,dimension_step
0,False,0.8695520216214454,1.0,-1.1307410939330067,-0.16031424597537142,0.05,0.025,0,1-2
1,False,0.9997825025670313,1.0,-3.640410102424473,-0.5161301766979748,0.05,0.025,1,2-3
