,reject,pvals,pvals_corrected,tstats,effectsize,alpha,alpha_corrected,step,dimension_step
0,False,0.9999998796118512,1.0,-5.5485799645416405,-0.7866667427426562,0.05,0.025,0,1-2
1,False,0.9997446018235935,1.0,-3.5932704149584205,-0.5094468046226316,0.05,0.025,1,2-3
