,reject,pvals,pvals_corrected,tstats,effectsize,alpha,alpha_corrected,step,dimension_step
0,False,0.9883331473880095,1.0,-2.3036409626802703,-0.3266056800372612,0.05,0.025,0,1-2
1,False,0.9999349000174489,1.0,-3.982645547446582,-0.5646516442639318,0.05,0.025,1,2-3
