,reject,pvals,pvals_corrected,tstats,effectsize,alpha,alpha_corrected,step,dimension_step
0,False,0.9999999823765736,1.0,-5.981736125091123,-0.84807877034178,0.05,0.025,0,1-2
1,False,0.9999963983834732,1.0,-4.738765772097207,-0.6718528809855674,0.05,0.025,1,2-3
