,reject,pvals,pvals_corrected,tstats,effectsize,alpha,alpha_corrected,step,dimension_step
0,False,0.9999999999993616,1.0,-8.127824981301346,-1.1523470229289396,0.05,0.025,0,1-2
1,False,0.9999999999970497,1.0,-7.817195417076972,-1.1083065749134904,0.05,0.025,1,2-3
