,reject,pvals,pvals_corrected,tstats,effectsize,alpha,alpha_corrected,step,dimension_step
0,False,0.9999999999885973,1.0,-7.540715353787901,-1.0691077759035055,0.05,0.025,0,1-2
1,False,0.9999999976104925,1.0,-6.418592295303051,-0.9100153780258755,0.05,0.025,1,2-3
