,reject,pvals,pvals_corrected,tstats,effectsize,alpha,alpha_corrected,step,dimension_step
0,False,0.9999999491327444,1.0,-5.744586314562711,-0.8144561371306471,0.05,0.025,0,1-2
1,False,0.9999908514603836,1.0,-4.503503849340699,-0.6384979087856624,0.05,0.025,1,2-3
