,reject,pvals,pvals_corrected,tstats,effectsize,alpha,alpha_corrected,step,dimension_step
0,False,0.339469408726929,0.678938817453858,0.4151385227945318,0.05885752239325439,0.05,0.025,0,1-2
1,False,0.9891941785673503,0.9891941785673503,-2.3340952855749495,-0.3309234339755825,0.05,0.025,1,2-3
