,reject,pvals,pvals_corrected,tstats,effectsize,alpha,alpha_corrected,step,dimension_step
0,False,0.999999998882469,1.0,-6.581777737628106,-0.9331514887419938,0.05,0.025,0,1-2
1,False,0.9999900048601463,1.0,-4.480802833386182,-0.6352794034397878,0.05,0.025,1,2-3
