,reject,pvals,pvals_corrected,tstats,effectsize,alpha,alpha_corrected,step,dimension_step
0,False,0.9999999985830286,1.0,-6.530958838672167,-0.9259464853056346,0.05,0.025,0,1-2
1,False,0.999999932717407,1.0,-5.6812938790848335,-0.8054826602454231,0.05,0.025,1,2-3
