,reject,pvals,pvals_corrected,tstats,effectsize,alpha,alpha_corrected,step,dimension_step
0,True,0.005561903397290675,0.01112380679458135,2.5873769414264687,0.3668332084545452,0.05,0.025,0,1-2
1,False,0.9944446895929675,0.9944446895929675,-2.5878138242517386,-0.3668951488413309,0.05,0.025,1,2-3
