,reject,pvals,pvals_corrected,tstats,effectsize,alpha,alpha_corrected,step,dimension_step
0,False,0.5956189769076072,1.0,-0.24267135885695848,-0.03440546746174682,0.05,0.025,0,1-2
1,False,0.9527452909656117,1.0,-1.6882585722939254,-0.23935797635810796,0.05,0.025,1,2-3
