,reject,pvals,pvals_corrected,tstats,effectsize,alpha,alpha_corrected,step,dimension_step
0,False,0.9999516459066201,1.0,-4.064166145037082,-0.5762094740839533,0.05,0.025,0,1-2
1,False,0.9999992367130945,1.0,-5.116676270023445,-0.725432287311461,0.05,0.025,1,2-3
