,reject,pvals,pvals_corrected,tstats,effectsize,alpha,alpha_corrected,step,dimension_step
0,False,0.03659815260575551,0.07319630521151102,1.8108543644599642,0.25673936639186956,0.05,0.025,0,1-2
1,False,0.9999915354003158,0.9999915354003158,-4.523379271174417,-0.6413158069604179,0.05,0.025,1,2-3
