,reject,pvals,pvals_corrected,tstats,effectsize,alpha,alpha_corrected,step,dimension_step
0,False,0.7618172683934299,1.0,-0.7148802478148848,-0.10135431400348485,0.05,0.025,0,1-2
1,False,0.9999999366459267,1.0,-5.694935512140891,-0.8074167441210235,0.05,0.025,1,2-3
