,reject,pvals,pvals_corrected,tstats,effectsize,alpha,alpha_corrected,step,dimension_step
0,True,0.0016081263162217893,0.0032162526324435786,3.0199524344902384,0.42816291016082403,0.05,0.025,0,1-2
1,False,0.9999999530464339,0.9999999530464339,-5.762646345607322,-0.8170166527736561,0.05,0.025,1,2-3
