,reject,pvals,pvals_corrected,tstats,effectsize,alpha,alpha_corrected,step,dimension_step
0,False,0.9942488016453777,1.0,-2.5750283377677836,-0.3650824477410515,0.05,0.025,0,1-2
1,False,0.9999944356467731,1.0,-4.629832239650727,-0.6564084992351453,0.05,0.025,1,2-3
