{
  "data": {
    "name": "normal-1-60",
    "n_dimension": 1,
    "distance": "euclidean",
    "subject": null,
    "n_objects": 60,
    "n_train_triplets": 491,
    "n_test_triplets": 10000,
    "frac_train_ndlogn": 1.9986919051317065,
    "frac_train_triplets": 0.004782778102474187,
    "max_train_score": 0.7881873727087576,
    "max_test_score": 0.7752,
    "noise_sd": 1.0,
    "distance_sd": 1.00594110077877,
    "distance_mean": 1.298639953665962,
    "difference_sd": 0.9081102881410845,
    "difference_mean": -0.12599083992541216
  },
  "n_repeats": 10,
  "n_splits": 10,
  "embedding_method": "soe",
  "embedding_dimension": [
    1,
    2,
    3
  ],
  "random_state": 1378279298,
  "alpha": 0.05
}