,reject,pvals,pvals_corrected,tstats,effectsize,alpha,alpha_corrected,step,dimension_step
0,False,0.17901922542503879,0.35803845085007757,0.9234105288562708,0.13091932667309847,0.05,0.025,0,1-2
1,False,0.999976931539951,0.999976931539951,-4.262815235932817,-0.6043735510698469,0.05,0.025,1,2-3
