{
  "data": {
    "name": "normal-1-60",
    "n_dimension": 1,
    "distance": "euclidean",
    "subject": null,
    "n_objects": 60,
    "n_train_triplets": 1965,
    "n_test_triplets": 10000,
    "frac_train_ndlogn": 7.998838276138092,
    "frac_train_triplets": 0.01914085330216248,
    "max_train_score": 0.6763358778625954,
    "max_test_score": 0.68,
    "noise_sd": 2.0,
    "distance_sd": 1.007562113839686,
    "distance_mean": 1.3707796011007747,
    "difference_sd": 0.9107443392767279,
    "difference_mean": -0.0559507190722766
  },
  "n_repeats": 10,
  "n_splits": 10,
  "embedding_method": "soe",
  "embedding_dimension": [
    1,
    2,
    3
  ],
  "random_state": 474197936,
  "alpha": 0.05
}