,reject,pvals,pvals_corrected,tstats,effectsize,alpha,alpha_corrected,step,dimension_step
0,False,0.999998747381689,1.0,-4.997689139464976,-0.7085625262153066,0.05,0.025,0,1-2
1,False,0.9993075044145608,1.0,-3.29079956967211,-0.46656308371447386,0.05,0.025,1,2-3
