,reject,pvals,pvals_corrected,tstats,effectsize,alpha,alpha_corrected,step,dimension_step
0,False,0.9999998405668272,1.0,-5.483972445169035,-0.7775068158521136,0.05,0.025,0,1-2
1,False,0.9999418996541377,1.0,-4.013951071717524,-0.5690900798574445,0.05,0.025,1,2-3
