{
  "data": {
    "name": "normal-1-60",
    "n_dimension": 1,
    "distance": "euclidean",
    "subject": null,
    "n_objects": 60,
    "n_train_triplets": 982,
    "n_test_triplets": 10000,
    "frac_train_ndlogn": 3.997383810263413,
    "frac_train_triplets": 0.009565556204948374,
    "max_train_score": 0.7515274949083504,
    "max_test_score": 0.7876,
    "noise_sd": 1.0,
    "distance_sd": 1.007387104535185,
    "distance_mean": 1.3631695631786134,
    "difference_sd": 0.907150135704338,
    "difference_mean": -0.09286945520871828
  },
  "n_repeats": 10,
  "n_splits": 10,
  "embedding_method": "soe",
  "embedding_dimension": [
    1,
    2,
    3
  ],
  "random_state": 1636923394,
  "alpha": 0.05
}