,reject,pvals,pvals_corrected,tstats,effectsize,alpha,alpha_corrected,step,dimension_step
0,False,0.9997133868516458,1.0,-3.559181074905361,-0.5046136851086007,0.05,0.025,0,1-2
1,False,0.9999998236440062,1.0,-5.460681775513672,-0.7742047105655058,0.05,0.025,1,2-3
