,reject,pvals,pvals_corrected,tstats,effectsize,alpha,alpha_corrected,step,dimension_step
0,False,0.9999999999999999,1.0,-10.022879045400938,-1.421024056954457,0.05,0.025,0,1-2
1,False,0.9998459925320422,1.0,-3.740388473173314,-0.5303049132547734,0.05,0.025,1,2-3
