,reject,pvals,pvals_corrected,tstats,effectsize,alpha,alpha_corrected,step,dimension_step
0,False,0.9999998446818884,1.0,-5.490002009286774,-0.7783616755810842,0.05,0.025,0,1-2
1,False,0.9999725011971674,1.0,-4.216179893388082,-0.5977616840244406,0.05,0.025,1,2-3
