{
  "data": {
    "name": "normal-1-60",
    "n_dimension": 1,
    "distance": "euclidean",
    "subject": null,
    "n_objects": 60,
    "n_train_triplets": 491,
    "n_test_triplets": 10000,
    "frac_train_ndlogn": 1.9986919051317065,
    "frac_train_triplets": 0.004782778102474187,
    "max_train_score": 0.769857433808554,
    "max_test_score": 0.7877,
    "noise_sd": 1.0,
    "distance_sd": 1.0082506673247063,
    "distance_mean": 1.4003315374637304,
    "difference_sd": 0.9664773262442429,
    "difference_mean": -0.0749377330550123
  },
  "n_repeats": 10,
  "n_splits": 10,
  "embedding_method": "soe",
  "embedding_dimension": [
    1,
    2,
    3
  ],
  "random_state": 1268492609,
  "alpha": 0.05
}