,reject,pvals,pvals_corrected,tstats,effectsize,alpha,alpha_corrected,step,dimension_step
0,False,0.999999999961948,1.0,-7.292219663472448,-1.033876546195132,0.05,0.025,0,1-2
1,False,0.9999996725363407,1.0,-5.316728390935039,-0.7537952831305694,0.05,0.025,1,2-3
