,reject,pvals,pvals_corrected,tstats,effectsize,alpha,alpha_corrected,step,dimension_step
0,False,0.9999998876665781,1.0,-5.564452746992712,-0.7889171545865592,0.05,0.025,0,1-2
1,False,0.9639791737237648,1.0,-1.818303008448389,-0.25779542047087173,0.05,0.025,1,2-3
