,reject,pvals,pvals_corrected,tstats,effectsize,alpha,alpha_corrected,step,dimension_step
0,False,0.9999999777409253,1.0,-5.929844039099681,-0.840721612560531,0.05,0.025,0,1-2
1,False,0.9980468042188408,1.0,-2.9550933197444245,-0.4189673125736355,0.05,0.025,1,2-3
