,reject,pvals,pvals_corrected,tstats,effectsize,alpha,alpha_corrected,step,dimension_step
0,False,0.9999999999999833,1.0,-8.861214453101253,-1.2563255382661065,0.05,0.025,0,1-2
1,False,0.9999999927589518,1.0,-6.177709385477347,-0.8758634733464927,0.05,0.025,1,2-3
