,reject,pvals,pvals_corrected,tstats,effectsize,alpha,alpha_corrected,step,dimension_step
0,False,0.9999999868168149,1.0,-6.045980287359426,-0.8571871811774904,0.05,0.025,0,1-2
1,False,0.9985887214808953,1.0,-3.0629874597797686,-0.4342643313144722,0.05,0.025,1,2-3
