,reject,pvals,pvals_corrected,tstats,effectsize,alpha,alpha_corrected,step,dimension_step
0,False,0.730370527999886,1.0,-0.6160750267814492,-0.08734590430351546,0.05,0.025,0,1-2
1,False,0.9745253101435583,1.0,-1.9759001655435555,-0.2801392351099023,0.05,0.025,1,2-3
