,reject,pvals,pvals_corrected,tstats,effectsize,alpha,alpha_corrected,step,dimension_step
0,False,0.999999999999837,1.0,-8.40324575203246,-1.1913956375257042,0.05,0.025,0,1-2
1,False,0.999999998622102,1.0,-6.536951906351837,-0.9267961706414738,0.05,0.025,1,2-3
