,reject,pvals,pvals_corrected,tstats,effectsize,alpha,alpha_corrected,step,dimension_step
0,False,0.999997672989945,1.0,-4.846763414273551,-0.6871645740561689,0.05,0.025,0,1-2
1,False,0.9999999893432818,1.0,-6.092886067666351,-0.8638373903563535,0.05,0.025,1,2-3
