,reject,pvals,pvals_corrected,tstats,effectsize,alpha,alpha_corrected,step,dimension_step
0,False,0.9999999999977032,1.0,-7.868170687178315,-1.115533748342965,0.05,0.025,0,1-2
1,False,0.9999962357600555,1.0,-4.727770728529764,-0.670294025356778,0.05,0.025,1,2-3
