,reject,pvals,pvals_corrected,tstats,effectsize,alpha,alpha_corrected,step,dimension_step
0,False,0.9999999999556243,1.0,-7.260361485605337,-1.0293597564628771,0.05,0.025,0,1-2
1,False,0.9999431532114694,1.0,-4.019936424362582,-0.5699386713708665,0.05,0.025,1,2-3
