,reject,pvals,pvals_corrected,tstats,effectsize,alpha,alpha_corrected,step,dimension_step
0,False,0.9995467506946186,1.0,-3.42149835639434,-0.485093300362381,0.05,0.025,0,1-2
1,False,0.9999999984634783,1.0,-6.51358763941105,-0.9234836308766445,0.05,0.025,1,2-3
