,reject,pvals,pvals_corrected,tstats,effectsize,alpha,alpha_corrected,step,dimension_step
0,False,0.9999999999868969,1.0,-7.512157829349877,-1.0650589463157516,0.05,0.025,0,1-2
1,False,0.9999989939381589,1.0,-5.050521443455191,-0.716052986253221,0.05,0.025,1,2-3
