,reject,pvals,pvals_corrected,tstats,effectsize,alpha,alpha_corrected,step,dimension_step
0,False,0.999957738846146,0.999957738846146,-4.100754539764103,-0.5813969046492558,0.05,0.025,0,1-2
1,False,0.33913410174426384,0.6782682034885277,0.4160578733530431,0.05898786610532568,0.05,0.025,1,2-3
