,reject,pvals,pvals_corrected,tstats,effectsize,alpha,alpha_corrected,step,dimension_step
0,False,0.999999999993971,1.0,-7.671316958195341,-1.0876242142341646,0.05,0.025,0,1-2
1,False,0.9971837071224575,1.0,-2.8302620684204745,-0.4012689835418733,0.05,0.025,1,2-3
