,reject,pvals,pvals_corrected,tstats,effectsize,alpha,alpha_corrected,step,dimension_step
0,False,0.9999999999912457,1.0,-7.594944839405418,-1.0767963256016202,0.05,0.025,0,1-2
1,False,0.9395738599279903,1.0,-1.5646659585409648,-0.22183525892240016,0.05,0.025,1,2-3
