,reject,pvals,pvals_corrected,tstats,effectsize,alpha,alpha_corrected,step,dimension_step
0,False,0.9999998906860842,1.0,-5.570692408673883,-0.7898018015344109,0.05,0.025,0,1-2
1,False,0.9996031264381342,1.0,-3.4617732541077375,-0.4908033960627156,0.05,0.025,1,2-3
