,reject,pvals,pvals_corrected,tstats,effectsize,alpha,alpha_corrected,step,dimension_step
0,False,0.9999999994650918,1.0,-6.738641594409429,-0.9553913375063267,0.05,0.025,0,1-2
1,False,0.999993628958886,1.0,-4.595632997274387,-0.651559797986107,0.05,0.025,1,2-3
