,reject,pvals,pvals_corrected,tstats,effectsize,alpha,alpha_corrected,step,dimension_step
0,False,0.99999999999894,1.0,-8.025154044138576,-1.1377905396073833,0.05,0.025,0,1-2
1,False,0.9999807794738675,1.0,-4.310935271779875,-0.6111959150084356,0.05,0.025,1,2-3
