,reject,pvals,pvals_corrected,tstats,effectsize,alpha,alpha_corrected,step,dimension_step
0,False,0.9999994291842628,1.0,-5.185806577905553,-0.7352334462519372,0.05,0.025,0,1-2
1,False,0.9989673500956473,1.0,-3.164307779067966,-0.4486293266930107,0.05,0.025,1,2-3
