,reject,pvals,pvals_corrected,tstats,effectsize,alpha,alpha_corrected,step,dimension_step
0,False,0.9693889363071851,1.0,-1.8934196853913583,-0.26844531503020147,0.05,0.025,0,1-2
1,False,0.999632949950678,1.0,-3.4853159292788303,-0.4941412301951686,0.05,0.025,1,2-3
