,reject,pvals,pvals_corrected,tstats,effectsize,alpha,alpha_corrected,step,dimension_step
0,False,0.9999968859663015,1.0,-4.774881155271506,-0.6769732489042399,0.05,0.025,0,1-2
1,False,0.9919247391775363,1.0,-2.4474009672291945,-0.3469876904323324,0.05,0.025,1,2-3
