,reject,pvals,pvals_corrected,tstats,effectsize,alpha,alpha_corrected,step,dimension_step
0,False,0.5046601025412238,1.0,-0.011710949790020304,-0.001660355403474681,0.05,0.025,0,1-2
1,False,0.9999977960295112,1.0,-4.860102255033083,-0.6890557286361374,0.05,0.025,1,2-3
