{
  "data": {
    "name": "normal-1-60",
    "n_dimension": 1,
    "distance": "euclidean",
    "subject": null,
    "n_objects": 60,
    "n_train_triplets": 1965,
    "n_test_triplets": 10000,
    "frac_train_ndlogn": 7.998838276138092,
    "frac_train_triplets": 0.01914085330216248,
    "max_train_score": 0.7786259541984732,
    "max_test_score": 0.7814,
    "noise_sd": 1.0,
    "distance_sd": 1.0074611390678507,
    "distance_mean": 1.3663938636114132,
    "difference_sd": 0.9210966615456027,
    "difference_mean": -0.08869102552920623
  },
  "n_repeats": 10,
  "n_splits": 10,
  "embedding_method": "soe",
  "embedding_dimension": [
    1,
    2,
    3
  ],
  "random_state": 788865268,
  "alpha": 0.05
}