,reject,pvals,pvals_corrected,tstats,effectsize,alpha,alpha_corrected,step,dimension_step
0,False,0.9954492912742721,1.0,-2.6605786768558044,-0.377211606376411,0.05,0.025,0,1-2
1,False,0.9997218200762419,1.0,-3.568030746916893,-0.5058683741822271,0.05,0.025,1,2-3
