,reject,pvals,pvals_corrected,tstats,effectsize,alpha,alpha_corrected,step,dimension_step
0,False,0.9999996147843325,1.0,-5.278629298020548,-0.7483936687506696,0.05,0.025,0,1-2
1,False,0.9999997612249921,1.0,-5.390432607895861,-0.7642449218946307,0.05,0.025,1,2-3
