,reject,pvals,pvals_corrected,tstats,effectsize,alpha,alpha_corrected,step,dimension_step
0,False,0.046095632199025426,0.09219126439805085,1.7004209165301243,0.2410823295774088,0.05,0.025,0,1-2
1,False,0.9227781622811834,0.9227781622811834,-1.4349828251884345,-0.2034490396095234,0.05,0.025,1,2-3
