,reject,pvals,pvals_corrected,tstats,effectsize,alpha,alpha_corrected,step,dimension_step
0,False,0.6756881501501427,1.0,-0.4570677806769561,-0.06480217002107466,0.05,0.025,0,1-2
1,False,0.9498726749801705,1.0,-1.6591290767861162,-0.23522805383823703,0.05,0.025,1,2-3
