,reject,pvals,pvals_corrected,tstats,effectsize,alpha,alpha_corrected,step,dimension_step
0,False,0.14924705846093228,0.29849411692186456,1.0451603532635678,0.1481807770636563,0.05,0.025,0,1-2
1,False,0.8898183408508039,0.8898183408508039,-1.2333560541408732,-0.1748627929944749,0.05,0.025,1,2-3
