,reject,pvals,pvals_corrected,tstats,effectsize,alpha,alpha_corrected,step,dimension_step
0,False,0.9999999306266536,1.0,-5.674349436155239,-0.8044980907998177,0.05,0.025,0,1-2
1,False,0.9999999994183709,1.0,-6.720876216955029,-0.9528725972691927,0.05,0.025,1,2-3
