,reject,pvals,pvals_corrected,tstats,effectsize,alpha,alpha_corrected,step,dimension_step
0,False,0.9999999999990946,1.0,-8.057129810820143,-1.1423240008502304,0.05,0.025,0,1-2
1,False,0.9999998159897765,1.0,-5.450858385053042,-0.7728119696073259,0.05,0.025,1,2-3
