,reject,pvals,pvals_corrected,tstats,effectsize,alpha,alpha_corrected,step,dimension_step
0,False,0.9999680454082899,1.0,-4.176064999881389,-0.5920742734054993,0.05,0.025,0,1-2
1,False,0.990545927107178,1.0,-2.3865392014306437,-0.3383588291084842,0.05,0.025,1,2-3
