,reject,pvals,pvals_corrected,tstats,effectsize,alpha,alpha_corrected,step,dimension_step
0,False,0.6209880216178025,1.0,-0.3089300107897157,-0.043799488675743584,0.05,0.025,0,1-2
1,False,0.9999990204617338,1.0,-5.0569412966041805,-0.7169631803926002,0.05,0.025,1,2-3
