,reject,pvals,pvals_corrected,tstats,effectsize,alpha,alpha_corrected,step,dimension_step
0,False,0.9999251260369868,1.0,-3.943936215814845,-0.5591635114402032,0.05,0.025,0,1-2
1,False,0.95550816618193,1.0,-1.7176679619081565,-0.2435275817133023,0.05,0.025,1,2-3
