,reject,pvals,pvals_corrected,tstats,effectsize,alpha,alpha_corrected,step,dimension_step
0,False,0.43776619646411463,0.8755323929282293,0.157040964355016,0.02226495872742304,0.05,0.025,0,1-2
1,False,0.9999998952672375,0.9999998952672375,-5.580489594007322,-0.791190827181253,0.05,0.025,1,2-3
