,reject,pvals,pvals_corrected,tstats,effectsize,alpha,alpha_corrected,step,dimension_step
0,False,0.999999999980475,1.0,-7.430068454870114,-1.0534204764282384,0.05,0.025,0,1-2
1,False,0.9999998699949129,1.0,-5.53093950284074,-0.784165712815106,0.05,0.025,1,2-3
