,reject,pvals,pvals_corrected,tstats,effectsize,alpha,alpha_corrected,step,dimension_step
0,True,0.01075296126499357,0.02150592252998714,2.336033950075854,0.3311982940114734,0.05,0.025,0,1-2
1,False,0.9995416191543924,0.9995416191543924,-3.418070219288857,-0.48460726583324387,0.05,0.025,1,2-3
