,reject,pvals,pvals_corrected,tstats,effectsize,alpha,alpha_corrected,step,dimension_step
0,False,0.20670836499977735,0.26869715833506475,0.8213566423516496,0.11645032757893994,0.05,0.025,0,1-2
1,False,0.13434857916753237,0.26869715833506475,1.1123134305348288,0.15770160814110706,0.05,0.025,1,2-3
