,reject,pvals,pvals_corrected,tstats,effectsize,alpha,alpha_corrected,step,dimension_step
0,False,0.9999999999999998,1.0,-9.670284947087813,-1.3710339599201102,0.05,0.025,0,1-2
1,False,0.9999972818889682,1.0,-4.8085060604177245,-0.6817405217516074,0.05,0.025,1,2-3
