,reject,pvals,pvals_corrected,tstats,effectsize,alpha,alpha_corrected,step,dimension_step
0,False,0.9967660638094671,1.0,-2.782099256453666,-0.39444055488924845,0.05,0.025,0,1-2
1,False,0.9910441969752474,1.0,-2.4075623717760095,-0.34133945280741274,0.05,0.025,1,2-3
