,reject,pvals,pvals_corrected,tstats,effectsize,alpha,alpha_corrected,step,dimension_step
0,False,0.9999999999999852,1.0,-8.884463311748869,-1.259621715670358,0.05,0.025,0,1-2
1,False,0.9999827386829668,1.0,-4.33913457462867,-0.615193956644573,0.05,0.025,1,2-3
