,reject,pvals,pvals_corrected,tstats,effectsize,alpha,alpha_corrected,step,dimension_step
0,False,0.9999999997527148,1.0,-6.90162052388342,-0.9784981692370254,0.05,0.025,0,1-2
1,False,0.9999568134275291,1.0,-4.094883592680177,-0.5805645333310373,0.05,0.025,1,2-3
