,reject,pvals,pvals_corrected,tstats,effectsize,alpha,alpha_corrected,step,dimension_step
0,False,0.9999906984949776,0.9999906984949776,-4.4992557318279545,-0.6378956190488476,0.05,0.025,0,1-2
1,False,0.4519880349294254,0.9039760698588508,0.12094963563191406,0.017148001201480186,0.05,0.025,1,2-3
