{
  "data": {
    "name": "normal-1-60",
    "n_dimension": 1,
    "distance": "euclidean",
    "subject": null,
    "n_objects": 60,
    "n_train_triplets": 982,
    "n_test_triplets": 10000,
    "frac_train_ndlogn": 3.997383810263413,
    "frac_train_triplets": 0.009565556204948374,
    "max_train_score": 0.774949083503055,
    "max_test_score": 0.7746,
    "noise_sd": 1.0,
    "distance_sd": 1.0062242118146534,
    "distance_mean": 1.3115166927693043,
    "difference_sd": 0.886769844535736,
    "difference_mean": -0.11545048907980629
  },
  "n_repeats": 10,
  "n_splits": 10,
  "embedding_method": "soe",
  "embedding_dimension": [
    1,
    2,
    3
  ],
  "random_state": 3228832091,
  "alpha": 0.05
}