,reject,pvals,pvals_corrected,tstats,effectsize,alpha,alpha_corrected,step,dimension_step
0,False,0.9960687497502682,1.0,-2.7130944032774904,-0.3846571826699708,0.05,0.025,0,1-2
1,False,0.9999999999913922,1.0,-7.598405820650067,-1.0772870167081412,0.05,0.025,1,2-3
