,reject,pvals,pvals_corrected,tstats,effectsize,alpha,alpha_corrected,step,dimension_step
0,False,0.9991070148026999,1.0,-3.210697459572988,-0.4552063642581119,0.05,0.025,0,1-2
1,False,0.9528718324173694,1.0,-1.6895744978473133,-0.23954454569213413,0.05,0.025,1,2-3
