,reject,pvals,pvals_corrected,tstats,effectsize,alpha,alpha_corrected,step,dimension_step
0,False,0.6263044640827167,1.0,-0.32298065469951803,-0.04579156130488415,0.05,0.025,0,1-2
1,False,0.8340553463364899,1.0,-0.9750959148573972,-0.13824717893669322,0.05,0.025,1,2-3
