,reject,pvals,pvals_corrected,tstats,effectsize,alpha,alpha_corrected,step,dimension_step
0,False,0.9999823429271074,1.0,-4.333197925003812,-0.6143522701494634,0.05,0.025,0,1-2
1,False,0.9999966682820558,1.0,-4.758124200518715,-0.674597480852251,0.05,0.025,1,2-3
