,reject,pvals,pvals_corrected,tstats,effectsize,alpha,alpha_corrected,step,dimension_step
0,False,0.9858123224083364,1.0,-2.224651745057745,-0.31540674428505094,0.05,0.025,0,1-2
1,False,0.999698531678457,1.0,-3.5441745344307445,-0.5024860873465709,0.05,0.025,1,2-3
