,reject,pvals,pvals_corrected,tstats,effectsize,alpha,alpha_corrected,step,dimension_step
0,False,0.9499431041073936,1.0,-1.659826867773061,-0.23532698527048151,0.05,0.025,0,1-2
1,False,0.9907976124174095,1.0,-2.3970319699309295,-0.3398464731671843,0.05,0.025,1,2-3
