{
  "data": {
    "name": "normal-1-60",
    "n_dimension": 1,
    "distance": "euclidean",
    "subject": null,
    "n_objects": 60,
    "n_train_triplets": 982,
    "n_test_triplets": 10000,
    "frac_train_ndlogn": 3.997383810263413,
    "frac_train_triplets": 0.009565556204948374,
    "max_train_score": 0.8839103869653768,
    "max_test_score": 0.8633,
    "noise_sd": 0.5,
    "distance_sd": 1.0062460482379492,
    "distance_mean": 1.3125047807182288,
    "difference_sd": 0.9001369681298489,
    "difference_mean": -0.14144973729700164
  },
  "n_repeats": 10,
  "n_splits": 10,
  "embedding_method": "soe",
  "embedding_dimension": [
    1,
    2,
    3
  ],
  "random_state": 3904397908,
  "alpha": 0.05
}