,reject,pvals,pvals_corrected,tstats,effectsize,alpha,alpha_corrected,step,dimension_step
0,False,0.9157104008816478,1.0,-1.3869259082263368,-0.19663562454216918,0.05,0.025,0,1-2
1,False,0.9552206010153776,1.0,-1.7145385584816786,-0.24308390105699615,0.05,0.025,1,2-3
