,reject,pvals,pvals_corrected,tstats,effectsize,alpha,alpha_corrected,step,dimension_step
0,False,0.7724126654806539,1.0,-0.7497643748611056,-0.10630011685254562,0.05,0.025,0,1-2
1,False,0.9883435363108123,1.0,-2.3039964228945924,-0.3266560764865802,0.05,0.025,1,2-3
