,reject,pvals,pvals_corrected,tstats,effectsize,alpha,alpha_corrected,step,dimension_step
0,False,0.9999999999999066,1.0,-8.514975474040964,-1.2072364575267969,0.05,0.025,0,1-2
1,False,0.9999999999999494,1.0,-8.637670822122564,-1.2246319624022504,0.05,0.025,1,2-3
