,reject,pvals,pvals_corrected,tstats,effectsize,alpha,alpha_corrected,step,dimension_step
0,False,0.9999962036597811,1.0,-4.725655006062707,-0.6699940623910564,0.05,0.025,0,1-2
1,False,0.9993909763868247,1.0,-3.330768065352252,-0.4722297383378101,0.05,0.025,1,2-3
