,reject,pvals,pvals_corrected,tstats,effectsize,alpha,alpha_corrected,step,dimension_step
0,False,1.0,1.0,-10.999052065726621,-1.559423945783725,0.05,0.025,0,1-2
1,False,0.9999999975268213,1.0,-6.41116650796332,-0.9089625645175227,0.05,0.025,1,2-3
