,reject,pvals,pvals_corrected,tstats,effectsize,alpha,alpha_corrected,step,dimension_step
0,False,0.5644909327727525,1.0,-0.16278678393922824,-0.023079589715096403,0.05,0.025,0,1-2
1,False,0.9951826475291041,1.0,-2.6399484217678655,-0.3742866894290674,0.05,0.025,1,2-3
