,reject,pvals,pvals_corrected,tstats,effectsize,alpha,alpha_corrected,step,dimension_step
0,True,0.013842524449751727,0.027685048899503455,2.2347011048675567,0.3168315227326454,0.05,0.025,0,1-2
1,False,0.6588690332935623,0.6588690332935623,-0.41058803211622813,-0.05821236278437099,0.05,0.025,1,2-3
