,reject,pvals,pvals_corrected,tstats,effectsize,alpha,alpha_corrected,step,dimension_step
0,False,0.9999999905342168,1.0,-6.118949666237332,-0.8675326360449825,0.05,0.025,0,1-2
1,False,0.9999996715131486,1.0,-5.315997901232345,-0.7536917157387867,0.05,0.025,1,2-3
