,reject,pvals,pvals_corrected,tstats,effectsize,alpha,alpha_corrected,step,dimension_step
0,False,0.9999999998222856,1.0,-6.971032582980222,-0.9883392743099795,0.05,0.025,0,1-2
1,False,0.9999997594357101,1.0,-5.388696231899915,-0.7639987419246858,0.05,0.025,1,2-3
