,reject,pvals,pvals_corrected,tstats,effectsize,alpha,alpha_corrected,step,dimension_step
0,False,0.5883678300717801,1.0,-0.22394146952155353,-0.03174998062915675,0.05,0.025,0,1-2
1,False,0.9999999998683529,1.0,-7.0338938027236315,-0.9972516142773937,0.05,0.025,1,2-3
