{
  "data": {
    "name": "normal-1-60",
    "n_dimension": 1,
    "distance": "euclidean",
    "subject": null,
    "n_objects": 60,
    "n_train_triplets": 982,
    "n_test_triplets": 10000,
    "frac_train_ndlogn": 3.997383810263413,
    "frac_train_triplets": 0.009565556204948374,
    "max_train_score": 0.7729124236252546,
    "max_test_score": 0.7728,
    "noise_sd": 1.0,
    "distance_sd": 1.0057326374665452,
    "distance_mean": 1.2890785387992159,
    "difference_sd": 0.8797081066552901,
    "difference_mean": -0.11581531832386006
  },
  "n_repeats": 10,
  "n_splits": 10,
  "embedding_method": "soe",
  "embedding_dimension": [
    1,
    2,
    3
  ],
  "random_state": 3306223750,
  "alpha": 0.05
}