,reject,pvals,pvals_corrected,tstats,effectsize,alpha,alpha_corrected,step,dimension_step
0,False,0.999999999890573,1.0,-7.072540246509528,-1.0027308309861593,0.05,0.025,0,1-2
1,False,0.5591004166622597,1.0,-0.14907314392047327,-0.02113529683409969,0.05,0.025,1,2-3
