,reject,pvals,pvals_corrected,tstats,effectsize,alpha,alpha_corrected,step,dimension_step
0,False,0.9999998526135577,1.0,-5.502078934085403,-0.7800739182007093,0.05,0.025,0,1-2
1,False,0.9777954500599564,1.0,-2.0361200218047983,-0.2886770877634102,0.05,0.025,1,2-3
