,reject,pvals,pvals_corrected,tstats,effectsize,alpha,alpha_corrected,step,dimension_step
0,False,0.5231558202539833,1.0,-0.05822299988402155,-0.008254742287967173,0.05,0.025,0,1-2
1,False,0.9992704440664362,1.0,-3.274483534770774,-0.46424982841089457,0.05,0.025,1,2-3
