,reject,pvals,pvals_corrected,tstats,effectsize,alpha,alpha_corrected,step,dimension_step
0,False,0.9996120456276578,1.0,-3.4686342552926255,-0.4917761353020455,0.05,0.025,0,1-2
1,False,0.9999999999998608,1.0,-8.43489675803087,-1.1958830548383166,0.05,0.025,1,2-3
