,reject,pvals,pvals_corrected,tstats,effectsize,alpha,alpha_corrected,step,dimension_step
0,False,0.9999999360701295,1.0,-5.692884965647609,-0.8071260216765385,0.05,0.025,0,1-2
1,False,0.9998174945918419,1.0,-3.6914339108283127,-0.5233642317924101,0.05,0.025,1,2-3
