,reject,pvals,pvals_corrected,tstats,effectsize,alpha,alpha_corrected,step,dimension_step
0,False,0.9999987626038422,1.0,-5.000643920161999,-0.7089814492048464,0.05,0.025,0,1-2
1,False,0.9999998908537259,1.0,-5.571043767262305,-0.7898516164632854,0.05,0.025,1,2-3
