,reject,pvals,pvals_corrected,tstats,effectsize,alpha,alpha_corrected,step,dimension_step
0,False,0.9999941265135471,1.0,-4.616191387144462,-0.6544745260243577,0.05,0.025,0,1-2
1,False,0.9951086418263234,1.0,-2.634405980089899,-0.37350089296050965,0.05,0.025,1,2-3
