{
  "data": {
    "name": "normal-1-60",
    "n_dimension": 1,
    "distance": "euclidean",
    "subject": null,
    "n_objects": 60,
    "n_train_triplets": 1965,
    "n_test_triplets": 10000,
    "frac_train_ndlogn": 7.998838276138092,
    "frac_train_triplets": 0.01914085330216248,
    "max_train_score": 0.7694656488549618,
    "max_test_score": 0.7709,
    "noise_sd": 1.0,
    "distance_sd": 1.0053076821695248,
    "distance_mean": 1.2693706894552197,
    "difference_sd": 0.861672844919276,
    "difference_mean": -0.13893483696394732
  },
  "n_repeats": 10,
  "n_splits": 10,
  "embedding_method": "soe",
  "embedding_dimension": [
    1,
    2,
    3
  ],
  "random_state": 1556467027,
  "alpha": 0.05
}