,reject,pvals,pvals_corrected,tstats,effectsize,alpha,alpha_corrected,step,dimension_step
0,False,0.9998138992523173,1.0,-3.68578188104235,-0.5225628981376693,0.05,0.025,0,1-2
1,False,0.5883553410853711,1.0,-0.22390928038464922,-0.03174541691670383,0.05,0.025,1,2-3
