,reject,pvals,pvals_corrected,tstats,effectsize,alpha,alpha_corrected,step,dimension_step
0,False,0.9999999999992979,1.0,-8.108576596166134,-1.1496180247827221,0.05,0.025,0,1-2
1,False,0.9996862248106778,1.0,-3.5322623425501214,-0.5007972002357172,0.05,0.025,1,2-3
