,reject,pvals,pvals_corrected,tstats,effectsize,alpha,alpha_corrected,step,dimension_step
0,False,0.9211188693681632,1.0,-1.4234064534664357,-0.2018077644195613,0.05,0.025,0,1-2
1,False,0.999016224220229,1.0,-3.1798371481414467,-0.45083105006438734,0.05,0.025,1,2-3
