,reject,pvals,pvals_corrected,tstats,effectsize,alpha,alpha_corrected,step,dimension_step
0,False,0.9993407096934186,1.0,-3.306128240455888,-0.4687363524774924,0.05,0.025,0,1-2
1,False,0.9999992636908649,1.0,-5.125263387966919,-0.7266497519862624,0.05,0.025,1,2-3
