,reject,pvals,pvals_corrected,tstats,effectsize,alpha,alpha_corrected,step,dimension_step
0,False,0.999999999995944,1.0,-7.752300019700966,-1.0991058332464303,0.05,0.025,0,1-2
1,False,0.9982535156861689,1.0,-2.992532807401011,-0.4242754094187702,0.05,0.025,1,2-3
