,reject,pvals,pvals_corrected,tstats,effectsize,alpha,alpha_corrected,step,dimension_step
0,False,0.9999996144055072,1.0,-5.2783983231046046,-0.7483609215818549,0.05,0.025,0,1-2
1,False,0.9987055617797932,1.0,-3.091244357694218,-0.43827053866561877,0.05,0.025,1,2-3
