,reject,pvals,pvals_corrected,tstats,effectsize,alpha,alpha_corrected,step,dimension_step
0,False,0.08957699557348528,0.17915399114697056,1.3529477907132548,0.19181827394086962,0.05,0.025,0,1-2
1,False,0.9381289043495137,0.9381289043495137,-1.5524645034657627,-0.220105360645351,0.05,0.025,1,2-3
