,reject,pvals,pvals_corrected,tstats,effectsize,alpha,alpha_corrected,step,dimension_step
0,False,0.9999916095625337,1.0,-4.5256270662390286,-0.6416344949189822,0.05,0.025,0,1-2
1,False,0.9999722376013744,1.0,-4.213638432096527,-0.5974013606464212,0.05,0.025,1,2-3
