,reject,pvals,pvals_corrected,tstats,effectsize,alpha,alpha_corrected,step,dimension_step
0,False,0.25371763721378704,0.5074352744275741,0.6652534689453599,0.09431832700580547,0.05,0.025,0,1-2
1,False,0.6896287715032823,0.6896287715032823,-0.4963575475621466,-0.0703725958122157,0.05,0.025,1,2-3
