,reject,pvals,pvals_corrected,tstats,effectsize,alpha,alpha_corrected,step,dimension_step
0,False,0.9999750904829835,1.0,-4.2424702570763175,-0.6014890800249149,0.05,0.025,0,1-2
1,False,0.9906305439467771,1.0,-2.390038900902029,-0.3388550096089594,0.05,0.025,1,2-3
