,reject,pvals,pvals_corrected,tstats,effectsize,alpha,alpha_corrected,step,dimension_step
0,False,0.1882136769527223,0.3764273539054446,0.8884966479431122,0.12596930537936582,0.05,0.025,0,1-2
1,False,0.9944708541862439,0.9944708541862439,-2.5895522369409845,-0.36714161756964175,0.05,0.025,1,2-3
