,reject,pvals,pvals_corrected,tstats,effectsize,alpha,alpha_corrected,step,dimension_step
0,False,0.9999999992184457,1.0,-6.6580681015213425,-0.9439677863262537,0.05,0.025,0,1-2
1,False,0.9785760314423478,1.0,-2.051610244846497,-0.2908732610874757,0.05,0.025,1,2-3
