,reject,pvals,pvals_corrected,tstats,effectsize,alpha,alpha_corrected,step,dimension_step
0,False,0.9999997667808742,1.0,-5.395906558143548,-0.7650210077830566,0.05,0.025,0,1-2
1,False,0.999905452546942,1.0,-3.878837644118932,-0.5499339641180977,0.05,0.025,1,2-3
