,reject,pvals,pvals_corrected,tstats,effectsize,alpha,alpha_corrected,step,dimension_step
0,False,0.9999972556433919,1.0,-4.8061341345943065,-0.6814042347784612,0.05,0.025,0,1-2
1,False,0.9998507528985326,1.0,-3.749396465096332,-0.5315820486137333,0.05,0.025,1,2-3
