,reject,pvals,pvals_corrected,tstats,effectsize,alpha,alpha_corrected,step,dimension_step
0,False,0.989807330908956,1.0,-2.3571181007390454,-0.33418756337979877,0.05,0.025,0,1-2
1,False,0.9993381337641414,1.0,-3.3049135255350257,-0.46856413258767154,0.05,0.025,1,2-3
