,reject,pvals,pvals_corrected,tstats,effectsize,alpha,alpha_corrected,step,dimension_step
0,False,0.9999272989054527,1.0,-3.952105601803415,-0.560321750900913,0.05,0.025,0,1-2
1,False,0.9998127646116819,1.0,-3.6840196763940516,-0.5223130562322481,0.05,0.025,1,2-3
