,reject,pvals,pvals_corrected,tstats,effectsize,alpha,alpha_corrected,step,dimension_step
0,False,0.9999999461776683,1.0,-5.73183269975537,-0.8126479547339257,0.05,0.025,0,1-2
1,False,0.9999999999946977,1.0,-7.697575837128607,-1.0913471463880697,0.05,0.025,1,2-3
