,reject,pvals,pvals_corrected,tstats,effectsize,alpha,alpha_corrected,step,dimension_step
0,False,0.19683217448292067,0.39366434896584135,0.8567278622751966,0.12146518949710813,0.05,0.025,0,1-2
1,False,0.9999950357403048,0.9999950357403048,-4.658548372250724,-0.6604798159758192,0.05,0.025,1,2-3
