{
  "data": {
    "name": "normal-1-60",
    "n_dimension": 1,
    "distance": "euclidean",
    "subject": null,
    "n_objects": 60,
    "n_train_triplets": 1965,
    "n_test_triplets": 10000,
    "frac_train_ndlogn": 7.998838276138092,
    "frac_train_triplets": 0.01914085330216248,
    "max_train_score": 0.7826972010178117,
    "max_test_score": 0.7683,
    "noise_sd": 1.0,
    "distance_sd": 1.005800705711985,
    "distance_mean": 1.2922081296626426,
    "difference_sd": 0.8826583094858098,
    "difference_mean": -0.11850499301266368
  },
  "n_repeats": 10,
  "n_splits": 10,
  "embedding_method": "soe",
  "embedding_dimension": [
    1,
    2,
    3
  ],
  "random_state": 1936853776,
  "alpha": 0.05
}