,reject,pvals,pvals_corrected,tstats,effectsize,alpha,alpha_corrected,step,dimension_step
0,False,0.9999999999995357,1.0,-8.192156710853913,-1.161467848881801,0.05,0.025,0,1-2
1,False,0.9999988030071163,1.0,-5.008661801490577,-0.7101182086331608,0.05,0.025,1,2-3
