,reject,pvals,pvals_corrected,tstats,effectsize,alpha,alpha_corrected,step,dimension_step
0,False,0.9999999982421819,1.0,-6.48469466116363,-0.9193872413082714,0.05,0.025,0,1-2
1,False,0.9996932548541914,1.0,-3.5390117020180343,-0.5017541111322263,0.05,0.025,1,2-3
