,reject,pvals,pvals_corrected,tstats,effectsize,alpha,alpha_corrected,step,dimension_step
0,False,0.99999999904968,1.0,-6.6163939275853485,-0.9380593039981221,0.05,0.025,0,1-2
1,False,0.9999942553590934,1.0,-4.6217902536376805,-0.6552683222921267,0.05,0.025,1,2-3
