,reject,pvals,pvals_corrected,tstats,effectsize,alpha,alpha_corrected,step,dimension_step
0,False,0.9999999943078811,1.0,-6.230307093036972,-0.8833206727643764,0.05,0.025,0,1-2
1,False,0.9999999995308665,1.0,-6.766446826165025,-0.9593335085187591,0.05,0.025,1,2-3
