,reject,pvals,pvals_corrected,tstats,effectsize,alpha,alpha_corrected,step,dimension_step
0,False,0.24065168159633715,0.4813033631926743,0.7068770971157152,0.10021964305480467,0.05,0.025,0,1-2
1,False,0.8692329450529142,0.8692329450529142,-1.1292192957060159,-0.1600984884190257,0.05,0.025,1,2-3
