,reject,pvals,pvals_corrected,tstats,effectsize,alpha,alpha_corrected,step,dimension_step
0,False,0.9973506307970592,1.0,-2.851364338420223,-0.4042608218340605,0.05,0.025,0,1-2
1,False,0.9999999861662615,1.0,-6.035339749105953,-0.8556785866141281,0.05,0.025,1,2-3
