,reject,pvals,pvals_corrected,tstats,effectsize,alpha,alpha_corrected,step,dimension_step
0,False,0.8341127781789213,1.0,-0.9753286946605829,-0.13828018199886744,0.05,0.025,0,1-2
1,False,0.9999999998957603,1.0,-7.082682497202535,-1.0041687793202798,0.05,0.025,1,2-3
