,reject,pvals,pvals_corrected,tstats,effectsize,alpha,alpha_corrected,step,dimension_step
0,False,0.999999999982116,1.0,-7.448156637989102,-1.055984983416924,0.05,0.025,0,1-2
1,False,0.9516531980466411,1.0,-1.6770192235499466,-0.2377644836224031,0.05,0.025,1,2-3
