{
  "data": {
    "name": "normal-1-60",
    "n_dimension": 1,
    "distance": "euclidean",
    "subject": null,
    "n_objects": 60,
    "n_train_triplets": 1965,
    "n_test_triplets": 10000,
    "frac_train_ndlogn": 7.998838276138092,
    "frac_train_triplets": 0.01914085330216248,
    "max_train_score": 0.8666666666666667,
    "max_test_score": 0.862,
    "noise_sd": 0.5,
    "distance_sd": 1.0053908076286249,
    "distance_mean": 1.2732490805484689,
    "difference_sd": 0.8719567031122398,
    "difference_mean": -0.15507066228194097
  },
  "n_repeats": 10,
  "n_splits": 10,
  "embedding_method": "soe",
  "embedding_dimension": [
    1,
    2,
    3
  ],
  "random_state": 3244030522,
  "alpha": 0.05
}