,reject,pvals,pvals_corrected,tstats,effectsize,alpha,alpha_corrected,step,dimension_step
0,False,0.9999486817742692,1.0,-4.0479383736294805,-0.5739087326047333,0.05,0.025,0,1-2
1,False,0.9998384804407496,1.0,-3.72669806969775,-0.5283639148051197,0.05,0.025,1,2-3
