,reject,pvals,pvals_corrected,tstats,effectsize,alpha,alpha_corrected,step,dimension_step
0,False,0.9999999939154922,1.0,-6.215756427151057,-0.8812577080039586,0.05,0.025,0,1-2
1,False,0.9999972798948963,1.0,-4.808325067979303,-0.6817148610000451,0.05,0.025,1,2-3
