,reject,pvals,pvals_corrected,tstats,effectsize,alpha,alpha_corrected,step,dimension_step
0,False,0.9993549344079677,1.0,-3.3129172429812916,-0.4696988838886392,0.05,0.025,0,1-2
1,False,0.6515236378320768,1.0,-0.39057210203125253,-0.0553745436263996,0.05,0.025,1,2-3
