,reject,pvals,pvals_corrected,tstats,effectsize,alpha,alpha_corrected,step,dimension_step
0,False,0.9999968254842031,1.0,-4.770113953292082,-0.6762973643937678,0.05,0.025,0,1-2
1,False,0.9981819012681117,1.0,-2.979119755175433,-0.4223737332832611,0.05,0.025,1,2-3
