,reject,pvals,pvals_corrected,tstats,effectsize,alpha,alpha_corrected,step,dimension_step
0,False,0.9999999991954697,1.0,-6.651897900001572,-0.9430929873033248,0.05,0.025,0,1-2
1,False,0.9999999963740248,1.0,-6.328395022812444,-0.8972273863220706,0.05,0.025,1,2-3
