,reject,pvals,pvals_corrected,tstats,effectsize,alpha,alpha_corrected,step,dimension_step
0,False,0.9999908660893269,1.0,-4.503913712576141,-0.6385560183882012,0.05,0.025,0,1-2
1,False,0.9998862400601586,1.0,-3.8267217621952976,-0.5425450769902156,0.05,0.025,1,2-3
