,reject,pvals,pvals_corrected,tstats,effectsize,alpha,alpha_corrected,step,dimension_step
0,False,0.9999840748960305,1.0,-4.360196400053105,-0.6181800607845038,0.05,0.025,0,1-2
1,False,0.9999558525731278,1.0,-4.088914161465421,-0.5797181991266557,0.05,0.025,1,2-3
