,reject,pvals,pvals_corrected,tstats,effectsize,alpha,alpha_corrected,step,dimension_step
0,False,0.9999663389266601,1.0,-4.162112694724811,-0.5900961430511712,0.05,0.025,0,1-2
1,False,0.9999988894400164,1.0,-5.026738775148654,-0.7126811263665486,0.05,0.025,1,2-3
