,reject,pvals,pvals_corrected,tstats,effectsize,alpha,alpha_corrected,step,dimension_step
0,False,0.9999999999304248,1.0,-7.1669503449953975,-1.016116108864916,0.05,0.025,0,1-2
1,False,0.999958569320318,1.0,-4.1061291048121955,-0.5821588998997632,0.05,0.025,1,2-3
