,reject,pvals,pvals_corrected,tstats,effectsize,alpha,alpha_corrected,step,dimension_step
0,False,0.9998975962351401,1.0,-3.8564049334086787,-0.5467534985614874,0.05,0.025,0,1-2
1,False,0.9999998141770351,1.0,-5.44859059107508,-0.7724904462422026,0.05,0.025,1,2-3
