,reject,pvals,pvals_corrected,tstats,effectsize,alpha,alpha_corrected,step,dimension_step
0,False,0.9946673554690253,1.0,-2.6028504913776125,-0.3690270179006595,0.05,0.025,0,1-2
1,False,0.9990703995700166,1.0,-3.1979145103790305,-0.4533940228898126,0.05,0.025,1,2-3
