,reject,pvals,pvals_corrected,tstats,effectsize,alpha,alpha_corrected,step,dimension_step
0,False,0.9999419170182485,1.0,-4.014033132268257,-0.569101714240758,0.05,0.025,0,1-2
1,False,0.9999010535470045,1.0,-3.8660671438724648,-0.5481233877370628,0.05,0.025,1,2-3
