,reject,pvals,pvals_corrected,tstats,effectsize,alpha,alpha_corrected,step,dimension_step
0,False,0.9999999997785535,1.0,-6.9248321558766035,-0.9817890687195072,0.05,0.025,0,1-2
1,False,0.9999984594171629,1.0,-4.947540471725601,-0.7014525468412097,0.05,0.025,1,2-3
