,reject,pvals,pvals_corrected,tstats,effectsize,alpha,alpha_corrected,step,dimension_step
0,False,0.9999960906087241,1.0,-4.718339630283954,-0.6689569028164289,0.05,0.025,0,1-2
1,False,0.9999967368408468,1.0,-4.763284105658978,-0.6753290420436714,0.05,0.025,1,2-3
