,reject,pvals,pvals_corrected,tstats,effectsize,alpha,alpha_corrected,step,dimension_step
0,False,0.9999999999472435,1.0,-7.224468531705999,-1.0242709241288663,0.05,0.025,0,1-2
1,False,0.9999999998487862,1.0,-7.004884527625542,-0.9931387363705102,0.05,0.025,1,2-3
