,reject,pvals,pvals_corrected,tstats,effectsize,alpha,alpha_corrected,step,dimension_step
0,False,0.9986209472042795,1.0,-3.070557645792582,-0.43533761738238735,0.05,0.025,0,1-2
1,False,0.9884251328138883,1.0,-2.306798022593852,-0.3270532817758559,0.05,0.025,1,2-3
