,reject,pvals,pvals_corrected,tstats,effectsize,alpha,alpha_corrected,step,dimension_step
0,False,0.9999999560177747,0.9999999560177747,-5.77737465540653,-0.8191048035383365,0.05,0.025,0,1-2
1,False,0.24391281869575354,0.4878256373915071,0.6963752436484253,0.0987307109473702,0.05,0.025,1,2-3
