,reject,pvals,pvals_corrected,tstats,effectsize,alpha,alpha_corrected,step,dimension_step
0,False,0.6290723710683219,1.0,-0.33032123196406116,-0.04683229389654753,0.05,0.025,0,1-2
1,False,0.9999999929929438,1.0,-6.184898293542749,-0.8768827025777243,0.05,0.025,1,2-3
