,reject,pvals,pvals_corrected,tstats,effectsize,alpha,alpha_corrected,step,dimension_step
0,False,0.9999999110516555,1.0,-5.617799346879136,-0.7964805304840381,0.05,0.025,0,1-2
1,False,0.9998519008645008,1.0,-3.7516096047894028,-0.5318958232019537,0.05,0.025,1,2-3
