,reject,pvals,pvals_corrected,tstats,effectsize,alpha,alpha_corrected,step,dimension_step
0,False,0.9999999999987282,1.0,-7.9882558893339946,-1.1325591918681726,0.05,0.025,0,1-2
1,False,0.9109304994224522,1.0,-1.3561421138073046,-0.19227115877982345,0.05,0.025,1,2-3
