,reject,pvals,pvals_corrected,tstats,effectsize,alpha,alpha_corrected,step,dimension_step
0,False,0.9999997337084345,1.0,-5.365037607785871,-0.7606444687793936,0.05,0.025,0,1-2
1,False,0.9999999994724391,1.0,-6.741574365627412,-0.9558071400352627,0.05,0.025,1,2-3
