,reject,pvals,pvals_corrected,tstats,effectsize,alpha,alpha_corrected,step,dimension_step
0,False,0.9982884211828958,1.0,-2.999255643892599,-0.42522855993991726,0.05,0.025,0,1-2
1,False,0.9999999740494393,1.0,-5.8956409595363475,-0.8358723672826759,0.05,0.025,1,2-3
