,reject,pvals,pvals_corrected,tstats,effectsize,alpha,alpha_corrected,step,dimension_step
0,False,0.999998487594097,1.0,-4.9520250777038015,-0.7020883654470333,0.05,0.025,0,1-2
1,False,0.9999999994307267,1.0,-6.725433132524373,-0.9535186677864778,0.05,0.025,1,2-3
