,reject,pvals,pvals_corrected,tstats,effectsize,alpha,alpha_corrected,step,dimension_step
0,False,0.9999952481864287,1.0,-4.669527961519264,-0.6620364805245381,0.05,0.025,0,1-2
1,False,0.999997956861831,1.0,-4.878674737926256,-0.6916888986932663,0.05,0.025,1,2-3
