,reject,pvals,pvals_corrected,tstats,effectsize,alpha,alpha_corrected,step,dimension_step
0,False,0.999999970296286,1.0,-5.865460602703879,-0.8315934557132415,0.05,0.025,0,1-2
1,False,0.7199028369537976,1.0,-0.5845287911673293,-0.08287334112970489,0.05,0.025,1,2-3
