,reject,pvals,pvals_corrected,tstats,effectsize,alpha,alpha_corrected,step,dimension_step
0,False,0.9999999926756281,1.0,-6.17520463090595,-0.8755083541749853,0.05,0.025,0,1-2
1,False,0.9999998701396753,1.0,-5.531195426654411,-0.7842019971895184,0.05,0.025,1,2-3
