,reject,pvals,pvals_corrected,tstats,effectsize,alpha,alpha_corrected,step,dimension_step
0,False,0.9999999998432273,1.0,-6.997320658549743,-0.9920663459054875,0.05,0.025,0,1-2
1,False,0.7823414188661602,1.0,-0.7833062953159637,-0.11105562429376103,0.05,0.025,1,2-3
