,reject,pvals,pvals_corrected,tstats,effectsize,alpha,alpha_corrected,step,dimension_step
0,False,0.9998678131485118,1.0,-3.784092057800091,-0.5365011214349261,0.05,0.025,0,1-2
1,False,0.9997589787150273,1.0,-3.610319157880009,-0.5118639418266894,0.05,0.025,1,2-3
