,reject,pvals,pvals_corrected,tstats,effectsize,alpha,alpha_corrected,step,dimension_step
0,False,0.9999999999999005,1.0,-8.50232471101145,-1.2054428572526303,0.05,0.025,0,1-2
1,False,0.9999996893394342,1.0,-5.32905512348549,-0.7555429430013998,0.05,0.025,1,2-3
