,reject,pvals,pvals_corrected,tstats,effectsize,alpha,alpha_corrected,step,dimension_step
0,False,0.9998941879816372,1.0,-3.847179613568789,-0.5454455508783714,0.05,0.025,0,1-2
1,False,0.9998553325583984,1.0,-3.7583241134923466,-0.5328477930256235,0.05,0.025,1,2-3
