,reject,pvals,pvals_corrected,tstats,effectsize,alpha,alpha_corrected,step,dimension_step
0,False,0.9999999999999064,1.0,-8.514501979672655,-1.2071693264275236,0.05,0.025,0,1-2
1,False,0.9999999944432877,1.0,-6.235558904520665,-0.8840652642562135,0.05,0.025,1,2-3
