{
  "data": {
    "name": "normal-1-60",
    "n_dimension": 1,
    "distance": "euclidean",
    "subject": null,
    "n_objects": 60,
    "n_train_triplets": 982,
    "n_test_triplets": 10000,
    "frac_train_ndlogn": 3.997383810263413,
    "frac_train_triplets": 0.009565556204948374,
    "max_train_score": 0.8869653767820774,
    "max_test_score": 0.885,
    "noise_sd": 0.5,
    "distance_sd": 1.0080594678258448,
    "distance_mean": 1.3921863679333764,
    "difference_sd": 0.9436115890956974,
    "difference_mean": -0.0736936010116309
  },
  "n_repeats": 10,
  "n_splits": 10,
  "embedding_method": "soe",
  "embedding_dimension": [
    1,
    2,
    3
  ],
  "random_state": 2691577732,
  "alpha": 0.05
}