,reject,pvals,pvals_corrected,tstats,effectsize,alpha,alpha_corrected,step,dimension_step
0,False,0.9999934138653006,1.0,-4.587223125061249,-0.6503674628619727,0.05,0.025,0,1-2
1,False,0.9956555957973698,1.0,-2.6773063555676857,-0.3795832237289615,0.05,0.025,1,2-3
