,reject,pvals,pvals_corrected,tstats,effectsize,alpha,alpha_corrected,step,dimension_step
0,False,0.999999971762682,1.0,-5.876780068087762,-0.8331983072284098,0.05,0.025,0,1-2
1,False,0.9999999999168409,1.0,-7.129811272020125,-1.01085060422181,0.05,0.025,1,2-3
