,reject,pvals,pvals_corrected,tstats,effectsize,alpha,alpha_corrected,step,dimension_step
0,False,0.9999997678771526,1.0,-5.397001736830825,-0.7651762800610352,0.05,0.025,0,1-2
1,False,0.8828194505220118,1.0,-1.1964947915386166,-0.16963667575907262,0.05,0.025,1,2-3
