,reject,pvals,pvals_corrected,tstats,effectsize,alpha,alpha_corrected,step,dimension_step
0,False,0.9999994466366967,1.0,-5.193166267892757,-0.7362768886077883,0.05,0.025,0,1-2
1,False,0.999795845871649,1.0,-3.6588800862389417,-0.518748814637536,0.05,0.025,1,2-3
