,reject,pvals,pvals_corrected,tstats,effectsize,alpha,alpha_corrected,step,dimension_step
0,False,0.5639649797752659,1.0,-0.161447423332681,-0.022889697805374712,0.05,0.025,0,1-2
1,False,0.9977650852728415,1.0,-2.90956165817306,-0.4125119232435901,0.05,0.025,1,2-3
