,reject,pvals,pvals_corrected,tstats,effectsize,alpha,alpha_corrected,step,dimension_step
0,False,0.9996713617638586,1.0,-3.5184506674539953,-0.49883900813447263,0.05,0.025,0,1-2
1,False,0.9999999918065662,1.0,-6.150636599331968,-0.8720251470305606,0.05,0.025,1,2-3
