,reject,pvals,pvals_corrected,tstats,effectsize,alpha,alpha_corrected,step,dimension_step
0,False,0.9999922602781511,1.0,-4.546217087567391,-0.6445537076031096,0.05,0.025,0,1-2
1,False,0.9999996190378192,1.0,-5.281238061400966,-0.7487635340863364,0.05,0.025,1,2-3
