,reject,pvals,pvals_corrected,tstats,effectsize,alpha,alpha_corrected,step,dimension_step
0,False,0.9256382919227176,1.0,-1.455395855451067,-0.20634315884883025,0.05,0.025,0,1-2
1,False,0.9807102833644887,1.0,-2.096585018957319,-0.29724969600982426,0.05,0.025,1,2-3
