,reject,pvals,pvals_corrected,tstats,effectsize,alpha,alpha_corrected,step,dimension_step
0,False,0.9999936920800612,1.0,-4.598153179660895,-0.651917104482865,0.05,0.025,0,1-2
1,False,0.9999999999948697,1.0,-7.704315080576712,-1.092302623055208,0.05,0.025,1,2-3
