,reject,pvals,pvals_corrected,tstats,effectsize,alpha,alpha_corrected,step,dimension_step
0,False,0.9958870968706052,1.0,-2.696957800294344,-0.38236936687046796,0.05,0.025,0,1-2
1,False,0.5817456961309388,1.0,-0.2069055238354894,-0.029334657791955113,0.05,0.025,1,2-3
