,reject,pvals,pvals_corrected,tstats,effectsize,alpha,alpha_corrected,step,dimension_step
0,False,0.5045251044458032,1.0,-0.011371681336713853,-0.0016122545901524434,0.05,0.025,0,1-2
1,False,0.999246621338325,1.0,-3.2644001410636645,-0.4628202247043507,0.05,0.025,1,2-3
