,reject,pvals,pvals_corrected,tstats,effectsize,alpha,alpha_corrected,step,dimension_step
0,False,0.9997932277374884,1.0,-3.655167520676432,-0.5182224544017744,0.05,0.025,0,1-2
1,False,0.9621852766402519,1.0,-1.795472196409659,-0.2545585128917338,0.05,0.025,1,2-3
