,reject,pvals,pvals_corrected,tstats,effectsize,alpha,alpha_corrected,step,dimension_step
0,False,0.9999998529537343,1.0,-5.50261103352056,-0.7801493582109722,0.05,0.025,0,1-2
1,False,0.9999999873923532,1.0,-6.0558342173418405,-0.8585842519689394,0.05,0.025,1,2-3
