,reject,pvals,pvals_corrected,tstats,effectsize,alpha,alpha_corrected,step,dimension_step
0,False,0.8307132512965255,1.0,-0.9616397525933541,-0.13633939074481016,0.05,0.025,0,1-2
1,False,0.9631721588244068,1.0,-1.8079180523903144,-0.25632306184795584,0.05,0.025,1,2-3
