,reject,pvals,pvals_corrected,tstats,effectsize,alpha,alpha_corrected,step,dimension_step
0,True,0.020312040456373446,0.04062408091274689,2.0745344990057895,0.2941234167064882,0.05,0.025,0,1-2
1,False,0.9987461235377554,0.9987461235377554,-3.1016099291709254,-0.43974014898075486,0.05,0.025,1,2-3
