,reject,pvals,pvals_corrected,tstats,effectsize,alpha,alpha_corrected,step,dimension_step
0,False,0.9999746373553565,1.0,-4.237685060097914,-0.6008106442189178,0.05,0.025,0,1-2
1,False,0.9999952856586379,1.0,-4.671513856125328,-0.6623180367517469,0.05,0.025,1,2-3
