,reject,pvals,pvals_corrected,tstats,effectsize,alpha,alpha_corrected,step,dimension_step
0,False,0.9999999316521002,1.0,-5.677729395175895,-0.8049772947349461,0.05,0.025,0,1-2
1,False,0.996182566938873,1.0,-2.723554080272197,-0.38614013508016387,0.05,0.025,1,2-3
