{
  "data": {
    "name": "normal-1-60",
    "n_dimension": 1,
    "distance": "euclidean",
    "subject": null,
    "n_objects": 60,
    "n_train_triplets": 1965,
    "n_test_triplets": 10000,
    "frac_train_ndlogn": 7.998838276138092,
    "frac_train_triplets": 0.01914085330216248,
    "max_train_score": 0.8804071246819338,
    "max_test_score": 0.8609,
    "noise_sd": 0.5,
    "distance_sd": 1.0054409521416279,
    "distance_mean": 1.27558312927762,
    "difference_sd": 0.9002791228788574,
    "difference_mean": -0.14135786424704727
  },
  "n_repeats": 10,
  "n_splits": 10,
  "embedding_method": "soe",
  "embedding_dimension": [
    1,
    2,
    3
  ],
  "random_state": 3156407662,
  "alpha": 0.05
}