,reject,pvals,pvals_corrected,tstats,effectsize,alpha,alpha_corrected,step,dimension_step
0,False,0.9999999999934799,1.0,-7.655295997532268,-1.0853527939751129,0.05,0.025,0,1-2
1,False,0.9999999997698287,1.0,-6.916707432485263,-0.9806371614338962,0.05,0.025,1,2-3
