,reject,pvals,pvals_corrected,tstats,effectsize,alpha,alpha_corrected,step,dimension_step
0,False,0.9999999999998611,1.0,-8.435310088969711,-1.1959416560850158,0.05,0.025,0,1-2
1,False,0.9999996835414996,1.0,-5.324729610305551,-0.7549296802592751,0.05,0.025,1,2-3
