,reject,pvals,pvals_corrected,tstats,effectsize,alpha,alpha_corrected,step,dimension_step
0,False,0.9718903115765856,1.0,-1.9319915151307347,-0.2739139531063594,0.05,0.025,0,1-2
1,False,0.986037763136266,1.0,-2.231191009481379,-0.31633386831983956,0.05,0.025,1,2-3
