,reject,pvals,pvals_corrected,tstats,effectsize,alpha,alpha_corrected,step,dimension_step
0,False,0.9999723937127803,1.0,-4.215140764825255,-0.597614358422749,0.05,0.025,0,1-2
1,False,0.505242804209977,1.0,-0.013175373934987822,-0.001867978575435304,0.05,0.025,1,2-3
