,reject,pvals,pvals_corrected,tstats,effectsize,alpha,alpha_corrected,step,dimension_step
0,False,0.9937895079499108,1.0,-2.5465238584020278,-0.36104113877920313,0.05,0.025,0,1-2
1,False,0.9333506814595356,1.0,-1.5136580841819558,-0.21460346292546836,0.05,0.025,1,2-3
