,reject,pvals,pvals_corrected,tstats,effectsize,alpha,alpha_corrected,step,dimension_step
0,False,0.9999999999997443,1.0,-8.312512700965767,-1.1785316841902793,0.05,0.025,0,1-2
1,False,0.999217819175925,1.0,-3.2525999211145566,-0.46114721275348514,0.05,0.025,1,2-3
