,reject,pvals,pvals_corrected,tstats,effectsize,alpha,alpha_corrected,step,dimension_step
0,False,0.9999999997449193,1.0,-6.895088055407358,-0.977572008718303,0.05,0.025,0,1-2
1,False,0.9999999999999706,1.0,-8.746528217646949,-1.2400655496097643,0.05,0.025,1,2-3
