,reject,pvals,pvals_corrected,tstats,effectsize,alpha,alpha_corrected,step,dimension_step
0,False,0.9999457837145618,1.0,-4.032918324854976,-0.5717792196625419,0.05,0.025,0,1-2
1,False,0.9999999864665967,1.0,-6.040189426328237,-0.8563661643021471,0.05,0.025,1,2-3
