,reject,pvals,pvals_corrected,tstats,effectsize,alpha,alpha_corrected,step,dimension_step
0,False,0.9999999999756238,1.0,-7.38429845446606,-1.0469312958877608,0.05,0.025,0,1-2
1,False,0.9999994144775678,1.0,-5.1797734313288855,-0.7343780786089933,0.05,0.025,1,2-3
