,reject,pvals,pvals_corrected,tstats,effectsize,alpha,alpha_corrected,step,dimension_step
0,False,0.9990943430875352,1.0,-3.206219129206262,-0.45457143539612715,0.05,0.025,0,1-2
1,False,0.9999999999904974,1.0,-7.578126105762593,-1.0744117986602388,0.05,0.025,1,2-3
