,reject,pvals,pvals_corrected,tstats,effectsize,alpha,alpha_corrected,step,dimension_step
0,False,0.8875147118999045,1.0,-1.2210408704071058,-0.17311677049213536,0.05,0.025,0,1-2
1,False,0.9999926804458259,1.0,-4.560422079959778,-0.6465676634562134,0.05,0.025,1,2-3
