,reject,pvals,pvals_corrected,tstats,effectsize,alpha,alpha_corrected,step,dimension_step
0,False,0.684722660983875,1.0,-0.48244526923875225,-0.06840014038348727,0.05,0.025,0,1-2
1,False,0.8014584372804687,1.0,-0.8505295742956033,-0.12058640843120519,0.05,0.025,1,2-3
