,reject,pvals,pvals_corrected,tstats,effectsize,alpha,alpha_corrected,step,dimension_step
0,False,0.999983717580543,1.0,-4.354402045268841,-0.6173585485717283,0.05,0.025,0,1-2
1,False,0.8775391368243441,1.0,-1.1697209017676857,-0.16584072638261105,0.05,0.025,1,2-3
