{
  "data": {
    "name": "normal-1-60",
    "n_dimension": 1,
    "distance": "euclidean",
    "subject": null,
    "n_objects": 60,
    "n_train_triplets": 491,
    "n_test_triplets": 10000,
    "frac_train_ndlogn": 1.9986919051317065,
    "frac_train_triplets": 0.004782778102474187,
    "max_train_score": 0.8594704684317719,
    "max_test_score": 0.8592,
    "noise_sd": 0.5,
    "distance_sd": 1.0050143338732707,
    "distance_mean": 1.2555907770793169,
    "difference_sd": 0.8564668666179419,
    "difference_mean": -0.12854509281819443
  },
  "n_repeats": 10,
  "n_splits": 10,
  "embedding_method": "soe",
  "embedding_dimension": [
    1,
    2,
    3
  ],
  "random_state": 1812053701,
  "alpha": 0.05
}