,reject,pvals,pvals_corrected,tstats,effectsize,alpha,alpha_corrected,step,dimension_step
0,False,0.9329553452243042,1.0,-1.5105466434200996,-0.21416232898038545,0.05,0.025,0,1-2
1,False,0.9999997513614183,1.0,-5.381014729189165,-0.7629096735945092,0.05,0.025,1,2-3
