,reject,pvals,pvals_corrected,tstats,effectsize,alpha,alpha_corrected,step,dimension_step
0,False,0.999986516337085,1.0,-4.403509215282108,-0.6243208664488283,0.05,0.025,0,1-2
1,False,0.9999999943696861,1.0,-6.232688769430836,-0.8836583421542025,0.05,0.025,1,2-3
