,reject,pvals,pvals_corrected,tstats,effectsize,alpha,alpha_corrected,step,dimension_step
0,False,0.9999996177841396,1.0,-5.2804662022447415,-0.7486541014148848,0.05,0.025,0,1-2
1,False,0.9978817996885057,1.0,-2.9277452425006363,-0.41508995602779314,0.05,0.025,1,2-3
