,reject,pvals,pvals_corrected,tstats,effectsize,alpha,alpha_corrected,step,dimension_step
0,False,0.9998447369055523,1.0,-3.738056583697534,-0.5299743025561675,0.05,0.025,0,1-2
1,False,0.9999986931401151,1.0,-4.987437432490861,-0.7071090593851597,0.05,0.025,1,2-3
