,reject,pvals,pvals_corrected,tstats,effectsize,alpha,alpha_corrected,step,dimension_step
0,False,0.9897917773710099,1.0,-2.3565191211216403,-0.33410264122897737,0.05,0.025,0,1-2
1,False,0.9999983733374327,1.0,-4.934318799187242,-0.6995780041409461,0.05,0.025,1,2-3
