{
  "data": {
    "name": "normal-1-60",
    "n_dimension": 1,
    "distance": "euclidean",
    "subject": null,
    "n_objects": 60,
    "n_train_triplets": 1965,
    "n_test_triplets": 10000,
    "frac_train_ndlogn": 7.998838276138092,
    "frac_train_triplets": 0.01914085330216248,
    "max_train_score": 0.8737913486005089,
    "max_test_score": 0.879,
    "noise_sd": 0.5,
    "distance_sd": 1.007321742118847,
    "distance_mean": 1.3603167902767714,
    "difference_sd": 0.89838193363252,
    "difference_mean": -0.11815880585123202
  },
  "n_repeats": 10,
  "n_splits": 10,
  "embedding_method": "soe",
  "embedding_dimension": [
    1,
    2,
    3
  ],
  "random_state": 67855828,
  "alpha": 0.05
}