{
  "data": {
    "name": "normal-1-60",
    "n_dimension": 1,
    "distance": "euclidean",
    "subject": null,
    "n_objects": 60,
    "n_train_triplets": 491,
    "n_test_triplets": 10000,
    "frac_train_ndlogn": 1.9986919051317065,
    "frac_train_triplets": 0.004782778102474187,
    "max_train_score": 0.8472505091649695,
    "max_test_score": 0.8675,
    "noise_sd": 0.5,
    "distance_sd": 1.0061406232195191,
    "distance_mean": 1.3077276479429905,
    "difference_sd": 0.9020970065862811,
    "difference_mean": -0.14567394737025846
  },
  "n_repeats": 10,
  "n_splits": 10,
  "embedding_method": "soe",
  "embedding_dimension": [
    1,
    2,
    3
  ],
  "random_state": 2821725583,
  "alpha": 0.05
}