,reject,pvals,pvals_corrected,tstats,effectsize,alpha,alpha_corrected,step,dimension_step
0,False,1.0,1.0,-10.254118752678904,-1.453808767363177,0.05,0.025,0,1-2
1,False,0.9814793186029118,1.0,-2.1138468900813328,-0.29969705011079256,0.05,0.025,1,2-3
