,reject,pvals,pvals_corrected,tstats,effectsize,alpha,alpha_corrected,step,dimension_step
0,False,0.9999999967671274,1.0,-6.35326171181469,-0.9007529365286462,0.05,0.025,0,1-2
1,False,0.9999999935438162,1.0,-6.202803305478656,-0.8794212399167193,0.05,0.025,1,2-3
