,reject,pvals,pvals_corrected,tstats,effectsize,alpha,alpha_corrected,step,dimension_step
0,False,0.9818254264100748,1.0,-2.1218185708255843,-0.30082725931122584,0.05,0.025,0,1-2
1,False,0.9939114794530821,1.0,-2.553903618364935,-0.3620874266166935,0.05,0.025,1,2-3
