,reject,pvals,pvals_corrected,tstats,effectsize,alpha,alpha_corrected,step,dimension_step
0,False,0.9999979238830795,1.0,-4.874753239669066,-0.6911329163914217,0.05,0.025,0,1-2
1,False,0.9999999999949741,1.0,-7.708519445835158,-1.0928987096835523,0.05,0.025,1,2-3
