,reject,pvals,pvals_corrected,tstats,effectsize,alpha,alpha_corrected,step,dimension_step
0,False,0.9999999913247042,1.0,-6.13810005515842,-0.8702477404809068,0.05,0.025,0,1-2
1,False,0.9047393305015267,1.0,-1.3180716156943648,-0.18687359851458704,0.05,0.025,1,2-3
