,reject,pvals,pvals_corrected,tstats,effectsize,alpha,alpha_corrected,step,dimension_step
0,False,0.33630961354556965,0.6726192270911393,0.4238162877288255,0.060087838819938746,0.05,0.025,0,1-2
1,False,0.9984426258328524,0.9984426258328524,-3.030560351053699,-0.42966687968520534,0.05,0.025,1,2-3
