,reject,pvals,pvals_corrected,tstats,effectsize,alpha,alpha_corrected,step,dimension_step
0,False,0.9999999967889981,1.0,-6.354731535587384,-0.9009613252491946,0.05,0.025,0,1-2
1,False,0.9999999483955345,1.0,-5.7413377901437554,-0.8139955677345655,0.05,0.025,1,2-3
