,reject,pvals,pvals_corrected,tstats,effectsize,alpha,alpha_corrected,step,dimension_step
0,False,0.8116554414848293,1.0,-0.8880075035368542,-0.1258999554485257,0.05,0.025,0,1-2
1,False,0.9999300965303553,1.0,-3.962974645887789,-0.5618627425710739,0.05,0.025,1,2-3
