{
  "data": {
    "name": "normal-1-60",
    "n_dimension": 1,
    "distance": "euclidean",
    "subject": null,
    "n_objects": 60,
    "n_train_triplets": 491,
    "n_test_triplets": 10000,
    "frac_train_ndlogn": 1.9986919051317065,
    "frac_train_triplets": 0.004782778102474187,
    "max_train_score": 0.6639511201629328,
    "max_test_score": 0.6855,
    "noise_sd": 2.0,
    "distance_sd": 1.0072310997485798,
    "distance_mean": 1.356351039766852,
    "difference_sd": 0.8797845323565079,
    "difference_mean": -0.05765562585392021
  },
  "n_repeats": 10,
  "n_splits": 10,
  "embedding_method": "soe",
  "embedding_dimension": [
    1,
    2,
    3
  ],
  "random_state": 3810397992,
  "alpha": 0.05
}