,reject,pvals,pvals_corrected,tstats,effectsize,alpha,alpha_corrected,step,dimension_step
0,False,0.9996768279583584,1.0,-3.5234603173493917,-0.49954926643311426,0.05,0.025,0,1-2
1,False,0.9999303369782381,1.0,-3.9639281274369957,-0.5619979253078053,0.05,0.025,1,2-3
