,reject,pvals,pvals_corrected,tstats,effectsize,alpha,alpha_corrected,step,dimension_step
0,False,0.9999999991802089,1.0,-6.647895218536092,-0.942525495006051,0.05,0.025,0,1-2
1,False,0.9999996157484674,1.0,-5.279218147319397,-0.7484771546448717,0.05,0.025,1,2-3
