,reject,pvals,pvals_corrected,tstats,effectsize,alpha,alpha_corrected,step,dimension_step
0,False,0.9999999999992647,1.0,-8.099245165604687,-1.1482950329304258,0.05,0.025,0,1-2
1,False,0.9999977791987138,1.0,-4.858235467895445,-0.6887910592312907,0.05,0.025,1,2-3
