,reject,pvals,pvals_corrected,tstats,effectsize,alpha,alpha_corrected,step,dimension_step
0,False,0.9999997016734641,1.0,-5.338525786970475,-0.7568856750234588,0.05,0.025,0,1-2
1,False,0.9999999973494332,1.0,-6.3962113404642285,-0.9068422503148142,0.05,0.025,1,2-3
