,reject,pvals,pvals_corrected,tstats,effectsize,alpha,alpha_corrected,step,dimension_step
0,False,0.9315954378321809,1.0,-1.4999524367014647,-0.21266030321081014,0.05,0.025,0,1-2
1,False,0.7734491062512323,1.0,-0.7532257663703091,-0.10679086612556744,0.05,0.025,1,2-3
