,reject,pvals,pvals_corrected,tstats,effectsize,alpha,alpha_corrected,step,dimension_step
0,False,0.9999987320088682,1.0,-4.994740408925732,-0.7081444610052245,0.05,0.025,0,1-2
1,False,0.999974708799968,1.0,-4.238434052661794,-0.6009168349099291,0.05,0.025,1,2-3
