,reject,pvals,pvals_corrected,tstats,effectsize,alpha,alpha_corrected,step,dimension_step
0,False,0.9997816761762409,1.0,-3.6393018226820275,-0.515973046978189,0.05,0.025,0,1-2
1,False,0.9999999999916727,1.0,-7.605192901041116,-1.0782492756028637,0.05,0.025,1,2-3
