,reject,pvals,pvals_corrected,tstats,effectsize,alpha,alpha_corrected,step,dimension_step
0,False,0.9999999810346257,1.0,-5.965449190646945,-0.8457696408437205,0.05,0.025,0,1-2
1,False,0.9999895567726298,1.0,-4.469529474319684,-0.6336810887875193,0.05,0.025,1,2-3
