,reject,pvals,pvals_corrected,tstats,effectsize,alpha,alpha_corrected,step,dimension_step
0,False,0.9999999999992478,1.0,-8.094639677532815,-1.147642075899367,0.05,0.025,0,1-2
1,False,0.9999999989715941,1.0,-6.5995364198170074,-0.9356692797375677,0.05,0.025,1,2-3
