,reject,pvals,pvals_corrected,tstats,effectsize,alpha,alpha_corrected,step,dimension_step
0,False,0.999999908570361,1.0,-5.6115233710206835,-0.7955907349836306,0.05,0.025,0,1-2
1,False,0.9999999957224878,1.0,-6.292520380313531,-0.8921411501423584,0.05,0.025,1,2-3
