,reject,pvals,pvals_corrected,tstats,effectsize,alpha,alpha_corrected,step,dimension_step
0,False,0.8131755720643852,1.0,-0.8937018933704906,-0.12670729482742274,0.05,0.025,0,1-2
1,False,0.9999984278494799,1.0,-4.942610090353367,-0.7007535270777098,0.05,0.025,1,2-3
