,reject,pvals,pvals_corrected,tstats,effectsize,alpha,alpha_corrected,step,dimension_step
0,False,0.9962426213598602,1.0,-2.729187912522725,-0.38693888872416,0.05,0.025,0,1-2
1,False,0.9717538409625549,1.0,-1.9298138611229498,-0.2736052096087308,0.05,0.025,1,2-3
