,reject,pvals,pvals_corrected,tstats,effectsize,alpha,alpha_corrected,step,dimension_step
0,False,0.8180105617086217,0.8180105617086217,-0.9120101257640468,-0.12930299996900022,0.05,0.025,0,1-2
1,False,0.059055926637147586,0.11811185327429517,1.5764522947270152,0.2235063024606753,0.05,0.025,1,2-3
