{
  "data": {
    "name": "normal-1-60",
    "n_dimension": 1,
    "distance": "euclidean",
    "subject": null,
    "n_objects": 60,
    "n_train_triplets": 491,
    "n_test_triplets": 10000,
    "frac_train_ndlogn": 1.9986919051317065,
    "frac_train_triplets": 0.004782778102474187,
    "max_train_score": 0.8472505091649695,
    "max_test_score": 0.8472,
    "noise_sd": 0.5,
    "distance_sd": 1.0043534448007296,
    "distance_mean": 1.2239926536690409,
    "difference_sd": 0.8589029066605205,
    "difference_mean": -0.15135391943630752
  },
  "n_repeats": 10,
  "n_splits": 10,
  "embedding_method": "soe",
  "embedding_dimension": [
    1,
    2,
    3
  ],
  "random_state": 3890011299,
  "alpha": 0.05
}