{
  "data": {
    "name": "normal-1-60",
    "n_dimension": 1,
    "distance": "euclidean",
    "subject": null,
    "n_objects": 60,
    "n_train_triplets": 1965,
    "n_test_triplets": 10000,
    "frac_train_ndlogn": 7.998838276138092,
    "frac_train_triplets": 0.01914085330216248,
    "max_train_score": 0.8737913486005089,
    "max_test_score": 0.8715,
    "noise_sd": 0.5,
    "distance_sd": 1.0061650856117939,
    "distance_mean": 1.3088376232674772,
    "difference_sd": 0.8719727520492951,
    "difference_mean": -0.1434379741742209
  },
  "n_repeats": 10,
  "n_splits": 10,
  "embedding_method": "soe",
  "embedding_dimension": [
    1,
    2,
    3
  ],
  "random_state": 3182406091,
  "alpha": 0.05
}