,reject,pvals,pvals_corrected,tstats,effectsize,alpha,alpha_corrected,step,dimension_step
0,False,0.9835213802944168,0.9835213802944168,-2.1628922107138857,-0.3066505991044704,0.05,0.025,0,1-2
1,False,0.38427332046028717,0.7685466409205743,0.29508533211486654,0.04183661739208857,0.05,0.025,1,2-3
