{
  "data": {
    "name": "normal-1-60",
    "n_dimension": 1,
    "distance": "euclidean",
    "subject": null,
    "n_objects": 60,
    "n_train_triplets": 491,
    "n_test_triplets": 10000,
    "frac_train_ndlogn": 1.9986919051317065,
    "frac_train_triplets": 0.004782778102474187,
    "max_train_score": 0.8431771894093686,
    "max_test_score": 0.8678,
    "noise_sd": 0.5,
    "distance_sd": 1.006021654610108,
    "distance_mean": 1.302316373411795,
    "difference_sd": 0.9121070823612152,
    "difference_mean": -0.14856722652248525
  },
  "n_repeats": 10,
  "n_splits": 10,
  "embedding_method": "soe",
  "embedding_dimension": [
    1,
    2,
    3
  ],
  "random_state": 931121882,
  "alpha": 0.05
}