,reject,pvals,pvals_corrected,tstats,effectsize,alpha,alpha_corrected,step,dimension_step
0,False,0.9999999995537722,1.0,-6.777045018088399,-0.960836099302816,0.05,0.025,0,1-2
1,False,0.9999999947560879,1.0,-6.248190325037092,-0.8858561221869581,0.05,0.025,1,2-3
