,reject,pvals,pvals_corrected,tstats,effectsize,alpha,alpha_corrected,step,dimension_step
0,False,0.9999999982209158,1.0,-6.482110129084654,-0.9190208114388139,0.05,0.025,0,1-2
1,False,0.9999999961671674,1.0,-6.316359064637027,-0.8955209518696251,0.05,0.025,1,2-3
