,reject,pvals,pvals_corrected,tstats,effectsize,alpha,alpha_corrected,step,dimension_step
0,False,0.9994275863743649,1.0,-3.349944519665239,-0.4749485382736775,0.05,0.025,0,1-2
1,False,0.9996960642580794,1.0,-3.5417498778998184,-0.5021423243175359,0.05,0.025,1,2-3
