,reject,pvals,pvals_corrected,tstats,effectsize,alpha,alpha_corrected,step,dimension_step
0,False,0.6993787767170103,1.0,-0.5242991216752633,-0.07433409717565216,0.05,0.025,0,1-2
1,False,0.9890059842751787,1.0,-2.327260545542329,-0.32995441799071534,0.05,0.025,1,2-3
