,reject,pvals,pvals_corrected,tstats,effectsize,alpha,alpha_corrected,step,dimension_step
0,False,0.999999999734729,1.0,-6.886840991312645,-0.976402756208645,0.05,0.025,0,1-2
1,False,0.897513871176061,1.0,-1.275911489010619,-0.18089621876267425,0.05,0.025,1,2-3
