,reject,pvals,pvals_corrected,tstats,effectsize,alpha,alpha_corrected,step,dimension_step
0,False,0.999978764070516,1.0,-4.284681511509435,-0.6074737085684678,0.05,0.025,0,1-2
1,False,0.9998601769377553,1.0,-3.7680652063547067,-0.5342288659923567,0.05,0.025,1,2-3
