,reject,pvals,pvals_corrected,tstats,effectsize,alpha,alpha_corrected,step,dimension_step
0,False,0.9999288004768503,1.0,-3.9578886146823327,-0.5611416550806796,0.05,0.025,0,1-2
1,False,0.9999002648762708,1.0,-3.8638350007997784,-0.5478069188870963,0.05,0.025,1,2-3
