,reject,pvals,pvals_corrected,tstats,effectsize,alpha,alpha_corrected,step,dimension_step
0,False,0.9430583303853183,1.0,-1.5950735973193857,-0.226146394078635,0.05,0.025,0,1-2
1,False,0.9999999777398406,1.0,-5.929833189753804,-0.840720074361634,0.05,0.025,1,2-3
