{
  "data": {
    "name": "normal-1-60",
    "n_dimension": 1,
    "distance": "euclidean",
    "subject": null,
    "n_objects": 60,
    "n_train_triplets": 982,
    "n_test_triplets": 10000,
    "frac_train_ndlogn": 3.997383810263413,
    "frac_train_triplets": 0.009565556204948374,
    "max_train_score": 0.7942973523421588,
    "max_test_score": 0.7843,
    "noise_sd": 1.0,
    "distance_sd": 1.0075202352908086,
    "distance_mean": 1.368962300445006,
    "difference_sd": 0.9131817172115722,
    "difference_mean": -0.09975227276689068
  },
  "n_repeats": 10,
  "n_splits": 10,
  "embedding_method": "soe",
  "embedding_dimension": [
    1,
    2,
    3
  ],
  "random_state": 3877378163,
  "alpha": 0.05
}