,reject,pvals,pvals_corrected,tstats,effectsize,alpha,alpha_corrected,step,dimension_step
0,False,0.9999999999999983,1.0,-9.312774060279656,-1.3203467702936298,0.05,0.025,0,1-2
1,False,0.9999582406658158,1.0,-4.103989906306917,-0.5818556085475647,0.05,0.025,1,2-3
