,reject,pvals,pvals_corrected,tstats,effectsize,alpha,alpha_corrected,step,dimension_step
0,False,0.9999952395721841,1.0,-4.669073584125196,-0.6619720597922335,0.05,0.025,0,1-2
1,False,0.999727973878671,1.0,-3.574649991753156,-0.5068068376824444,0.05,0.025,1,2-3
