{
  "data": {
    "name": "normal-1-60",
    "n_dimension": 1,
    "distance": "euclidean",
    "subject": null,
    "n_objects": 60,
    "n_train_triplets": 1965,
    "n_test_triplets": 10000,
    "frac_train_ndlogn": 7.998838276138092,
    "frac_train_triplets": 0.01914085330216248,
    "max_train_score": 0.6865139949109414,
    "max_test_score": 0.6823,
    "noise_sd": 2.0,
    "distance_sd": 1.0073719379729618,
    "distance_mean": 1.3625081272572137,
    "difference_sd": 0.9196516406865384,
    "difference_mean": -0.06268499408049916
  },
  "n_repeats": 10,
  "n_splits": 10,
  "embedding_method": "soe",
  "embedding_dimension": [
    1,
    2,
    3
  ],
  "random_state": 2581499063,
  "alpha": 0.05
}