,reject,pvals,pvals_corrected,tstats,effectsize,alpha,alpha_corrected,step,dimension_step
0,False,0.9999995300741461,1.0,-5.231816820210484,-0.7417566878161075,0.05,0.025,0,1-2
1,False,0.9930580119302856,1.0,-2.504818573687512,-0.35512824562614687,0.05,0.025,1,2-3
