,reject,pvals,pvals_corrected,tstats,effectsize,alpha,alpha_corrected,step,dimension_step
0,False,0.35912301922421985,0.7182460384484397,0.36183561135910774,0.05130034055833976,0.05,0.025,0,1-2
1,False,0.9999958254354474,0.9999958254354474,-4.70195573432225,-0.6666340263053228,0.05,0.025,1,2-3
