,reject,pvals,pvals_corrected,tstats,effectsize,alpha,alpha_corrected,step,dimension_step
0,False,0.9997008168937374,1.0,-3.546436925462745,-0.5028068446926536,0.05,0.025,0,1-2
1,False,0.9993535731643106,1.0,-3.312261527595964,-0.4696059178523491,0.05,0.025,1,2-3
