{
  "data": {
    "name": "normal-1-60",
    "n_dimension": 1,
    "distance": "euclidean",
    "subject": null,
    "n_objects": 60,
    "n_train_triplets": 1965,
    "n_test_triplets": 10000,
    "frac_train_ndlogn": 7.998838276138092,
    "frac_train_triplets": 0.01914085330216248,
    "max_train_score": 0.6905852417302799,
    "max_test_score": 0.6714,
    "noise_sd": 2.0,
    "distance_sd": 1.0057431012626232,
    "distance_mean": 1.2895601156353809,
    "difference_sd": 0.8958593019172485,
    "difference_mean": -0.09334053817203032
  },
  "n_repeats": 10,
  "n_splits": 10,
  "embedding_method": "soe",
  "embedding_dimension": [
    1,
    2,
    3
  ],
  "random_state": 3299608008,
  "alpha": 0.05
}