,reject,pvals,pvals_corrected,tstats,effectsize,alpha,alpha_corrected,step,dimension_step
0,False,0.9853901544090603,1.0,-2.2126467519648148,-0.3137047000010332,0.05,0.025,0,1-2
1,False,0.9983609183075907,1.0,-3.013633390100091,-0.4272670084887907,0.05,0.025,1,2-3
