,reject,pvals,pvals_corrected,tstats,effectsize,alpha,alpha_corrected,step,dimension_step
0,False,0.9999999992536793,1.0,-6.667887598212778,-0.9453599752335036,0.05,0.025,0,1-2
1,False,0.9999997521863411,1.0,-5.381788235077287,-0.763019339736367,0.05,0.025,1,2-3
