{
  "data": {
    "name": "normal-1-60",
    "n_dimension": 1,
    "distance": "euclidean",
    "subject": null,
    "n_objects": 60,
    "n_train_triplets": 1965,
    "n_test_triplets": 10000,
    "frac_train_ndlogn": 7.998838276138092,
    "frac_train_triplets": 0.01914085330216248,
    "max_train_score": 0.8636132315521629,
    "max_test_score": 0.8688,
    "noise_sd": 0.5,
    "distance_sd": 1.0061494650736809,
    "distance_mean": 1.3081289505811522,
    "difference_sd": 0.8950208180074145,
    "difference_mean": -0.11346004512459158
  },
  "n_repeats": 10,
  "n_splits": 10,
  "embedding_method": "soe",
  "embedding_dimension": [
    1,
    2,
    3
  ],
  "random_state": 3336878209,
  "alpha": 0.05
}