,reject,pvals,pvals_corrected,tstats,effectsize,alpha,alpha_corrected,step,dimension_step
0,False,0.9999999927801044,1.0,-6.178349769853533,-0.875954265782492,0.05,0.025,0,1-2
1,False,0.9983385551945453,1.0,-3.009136620508759,-0.4266294653498464,0.05,0.025,1,2-3
