,reject,pvals,pvals_corrected,tstats,effectsize,alpha,alpha_corrected,step,dimension_step
0,False,0.9998643155566861,1.0,-3.7766448817412543,-0.5354452754760908,0.05,0.025,0,1-2
1,False,0.9999999880378424,1.0,-6.067427306194381,-0.8602278972807552,0.05,0.025,1,2-3
