,reject,pvals,pvals_corrected,tstats,effectsize,alpha,alpha_corrected,step,dimension_step
0,False,0.9999996424550136,1.0,-5.29613103349776,-0.750875030347364,0.05,0.025,0,1-2
1,False,0.9999841491738548,1.0,-4.361416644424152,-0.6183530646288848,0.05,0.025,1,2-3
