{
  "data": {
    "name": "normal-1-60",
    "n_dimension": 1,
    "distance": "euclidean",
    "subject": null,
    "n_objects": 60,
    "n_train_triplets": 1965,
    "n_test_triplets": 10000,
    "frac_train_ndlogn": 7.998838276138092,
    "frac_train_triplets": 0.01914085330216248,
    "max_train_score": 0.870737913486005,
    "max_test_score": 0.8703,
    "noise_sd": 0.5,
    "distance_sd": 1.0061160450244928,
    "distance_mean": 1.3066114956716226,
    "difference_sd": 0.8837484232035382,
    "difference_mean": -0.1563189689512661
  },
  "n_repeats": 10,
  "n_splits": 10,
  "embedding_method": "soe",
  "embedding_dimension": [
    1,
    2,
    3
  ],
  "random_state": 3112672751,
  "alpha": 0.05
}