,reject,pvals,pvals_corrected,tstats,effectsize,alpha,alpha_corrected,step,dimension_step
0,True,0.021933590663856535,0.04386718132771307,2.0414433940684704,0.2894318250017363,0.05,0.025,0,1-2
1,False,0.9999999629430386,0.9999999629430386,-5.8158955776338805,-0.8245662240476715,0.05,0.025,1,2-3
