,reject,pvals,pvals_corrected,tstats,effectsize,alpha,alpha_corrected,step,dimension_step
0,False,0.3935083926690755,0.787016785338151,0.27091978184453536,0.038410473254447804,0.05,0.025,0,1-2
1,False,0.6930547749058407,0.787016785338151,-0.5061302399380645,-0.07175814889576478,0.05,0.025,1,2-3
