,reject,pvals,pvals_corrected,tstats,effectsize,alpha,alpha_corrected,step,dimension_step
0,False,0.9999999913339264,1.0,-6.138333481229156,-0.870280835169622,0.05,0.025,0,1-2
1,False,0.9999925215153569,1.0,-4.554958346253318,-0.6457930260488872,0.05,0.025,1,2-3
