,reject,pvals,pvals_corrected,tstats,effectsize,alpha,alpha_corrected,step,dimension_step
0,False,0.29855478890018394,0.5971095778003679,0.5302736925820829,0.07518116007545504,0.05,0.025,0,1-2
1,False,0.9867712879219066,0.9867712879219066,-2.2531276763430825,-0.3194440057562661,0.05,0.025,1,2-3
