,reject,pvals,pvals_corrected,tstats,effectsize,alpha,alpha_corrected,step,dimension_step
0,False,0.8735474764460067,1.0,-1.1500225356129727,-0.1630479308134189,0.05,0.025,0,1-2
1,False,0.7804279461770177,1.0,-0.7767740675312893,-0.11012949789978964,0.05,0.025,1,2-3
