{
  "data": {
    "name": "normal-1-60",
    "n_dimension": 1,
    "distance": "euclidean",
    "subject": null,
    "n_objects": 60,
    "n_train_triplets": 1965,
    "n_test_triplets": 10000,
    "frac_train_ndlogn": 7.998838276138092,
    "frac_train_triplets": 0.01914085330216248,
    "max_train_score": 0.6590330788804071,
    "max_test_score": 0.6722,
    "noise_sd": 2.0,
    "distance_sd": 1.006393662487719,
    "distance_mean": 1.319165404020507,
    "difference_sd": 0.9082162289826897,
    "difference_mean": -0.06717464259386274
  },
  "n_repeats": 10,
  "n_splits": 10,
  "embedding_method": "soe",
  "embedding_dimension": [
    1,
    2,
    3
  ],
  "random_state": 419045562,
  "alpha": 0.05
}