,reject,pvals,pvals_corrected,tstats,effectsize,alpha,alpha_corrected,step,dimension_step
0,False,0.9999999939746104,1.0,-6.21788839046632,-0.8815599735651622,0.05,0.025,0,1-2
1,False,0.9994788101286365,1.0,-3.378803937320586,-0.4790401696873841,0.05,0.025,1,2-3
