,reject,pvals,pvals_corrected,tstats,effectsize,alpha,alpha_corrected,step,dimension_step
0,False,0.39714943750229426,0.7942988750045885,0.26143670907929456,0.03706598186906686,0.05,0.025,0,1-2
1,False,0.9595662833525466,0.9595662833525466,-1.7637005795039835,-0.25005399560216096,0.05,0.025,1,2-3
