,reject,pvals,pvals_corrected,tstats,effectsize,alpha,alpha_corrected,step,dimension_step
0,False,0.9999999999757588,1.0,-7.385444463690747,-1.047093774819253,0.05,0.025,0,1-2
1,False,0.9999957795433572,1.0,-4.699223170037531,-0.6662466087211962,0.05,0.025,1,2-3
