,reject,pvals,pvals_corrected,tstats,effectsize,alpha,alpha_corrected,step,dimension_step
0,False,0.9999999920854169,1.0,-6.158227749572644,-0.8731014053654257,0.05,0.025,0,1-2
1,False,0.9999996993470369,1.0,-5.336710480733418,-0.7566283044793355,0.05,0.025,1,2-3
