,reject,pvals,pvals_corrected,tstats,effectsize,alpha,alpha_corrected,step,dimension_step
0,False,0.9999999999962305,1.0,-7.767241589611666,-1.101224219609829,0.05,0.025,0,1-2
1,False,0.999459766692796,1.0,-3.3677760384965025,-0.4774766559049971,0.05,0.025,1,2-3
