,reject,pvals,pvals_corrected,tstats,effectsize,alpha,alpha_corrected,step,dimension_step
0,False,0.9999998592348679,1.0,-5.512658932549337,-0.7815739295519079,0.05,0.025,0,1-2
1,False,0.998937602802846,1.0,-3.1551876473230243,-0.4473362923708912,0.05,0.025,1,2-3
