,reject,pvals,pvals_corrected,tstats,effectsize,alpha,alpha_corrected,step,dimension_step
0,False,0.9775798537380652,1.0,-2.031923942491557,-0.2880821759000629,0.05,0.025,0,1-2
1,False,0.9343648333055653,1.0,-1.5217066929893281,-0.2157445788352268,0.05,0.025,1,2-3
