,reject,pvals,pvals_corrected,tstats,effectsize,alpha,alpha_corrected,step,dimension_step
0,False,0.999999965400191,1.0,-5.831289608389415,-0.8267487594187982,0.05,0.025,0,1-2
1,False,0.999999999539927,1.0,-6.770576495996761,-0.9599190049765727,0.05,0.025,1,2-3
