,reject,pvals,pvals_corrected,tstats,effectsize,alpha,alpha_corrected,step,dimension_step
0,False,0.9999909975893116,1.0,-4.507626747924025,-0.6390824452292082,0.05,0.025,0,1-2
1,False,0.9996791722723952,1.0,-3.525633385094283,-0.4998573596994198,0.05,0.025,1,2-3
