,reject,pvals,pvals_corrected,tstats,effectsize,alpha,alpha_corrected,step,dimension_step
0,False,0.9999997527366069,1.0,-5.382305605881775,-0.7630926915503732,0.05,0.025,0,1-2
1,False,0.9999998968236219,1.0,-5.583913957430615,-0.7916763266851592,0.05,0.025,1,2-3
