,reject,pvals,pvals_corrected,tstats,effectsize,alpha,alpha_corrected,step,dimension_step
0,False,0.999315215101112,1.0,-3.2942967415647186,-0.4670589058598066,0.05,0.025,0,1-2
1,False,0.9965870683158503,1.0,-2.7631795959022525,-0.3917581626672943,0.05,0.025,1,2-3
