,reject,pvals,pvals_corrected,tstats,effectsize,alpha,alpha_corrected,step,dimension_step
0,False,0.05033576346462822,0.10067152692925645,1.6570685687341598,0.23493591906357644,0.05,0.025,0,1-2
1,False,0.9989517214576054,0.9989517214576054,-3.159486191250154,-0.4479457314654525,0.05,0.025,1,2-3
