,reject,pvals,pvals_corrected,tstats,effectsize,alpha,alpha_corrected,step,dimension_step
0,False,0.8685656625728124,1.0,-1.126045171340756,-0.15964846731607032,0.05,0.025,0,1-2
1,False,0.7795348529893122,1.0,-0.773736589053243,-0.10969885018168056,0.05,0.025,1,2-3
