,reject,pvals,pvals_corrected,tstats,effectsize,alpha,alpha_corrected,step,dimension_step
0,False,0.6239253067988471,1.0,-0.3166850730247963,-0.044898986130447995,0.05,0.025,0,1-2
1,False,0.9999993377849762,1.0,-5.150530149674857,-0.7302320237133456,0.05,0.025,1,2-3
