,reject,pvals,pvals_corrected,tstats,effectsize,alpha,alpha_corrected,step,dimension_step
0,False,0.9943681496609125,1.0,-2.5827704598097445,-0.36618011056065336,0.05,0.025,0,1-2
1,False,0.797721506044931,1.0,-0.8370920923692813,-0.1186812687008244,0.05,0.025,1,2-3
