,reject,pvals,pvals_corrected,tstats,effectsize,alpha,alpha_corrected,step,dimension_step
0,False,0.8780571979288796,1.0,-1.1723107871755925,-0.16620791523650422,0.05,0.025,0,1-2
1,False,0.9999827282770799,1.0,-4.338976805690483,-0.6151715884751491,0.05,0.025,1,2-3
