,reject,pvals,pvals_corrected,tstats,effectsize,alpha,alpha_corrected,step,dimension_step
0,False,0.997044976731441,1.0,-2.813578320232123,-0.3989035945724538,0.05,0.025,0,1-2
1,False,0.999999999418797,1.0,-6.72103173724393,-0.9528946466295484,0.05,0.025,1,2-3
