,reject,pvals,pvals_corrected,tstats,effectsize,alpha,alpha_corrected,step,dimension_step
0,False,0.999999974391967,1.0,-5.898606067439184,-0.8362927544431226,0.05,0.025,0,1-2
1,False,0.9761004395909956,1.0,-2.0040269240929423,-0.28412699155810245,0.05,0.025,1,2-3
