,reject,pvals,pvals_corrected,tstats,effectsize,alpha,alpha_corrected,step,dimension_step
0,False,0.9999999491899346,1.0,-5.744840253760093,-0.8144921401300697,0.05,0.025,0,1-2
1,False,0.9997474907508836,1.0,-3.5966220174786305,-0.5099219882289581,0.05,0.025,1,2-3
