,reject,pvals,pvals_corrected,tstats,effectsize,alpha,alpha_corrected,step,dimension_step
0,False,0.9999999993584555,1.0,-6.700055360994789,-0.9499206573054493,0.05,0.025,0,1-2
1,False,0.9999946215291831,1.0,-4.638392611995936,-0.6576221719716843,0.05,0.025,1,2-3
