,reject,pvals,pvals_corrected,tstats,effectsize,alpha,alpha_corrected,step,dimension_step
0,False,0.999698172673272,1.0,-3.543820588399852,-0.5024359055751972,0.05,0.025,0,1-2
1,False,0.9999999999999986,1.0,-9.35217632682279,-1.3259331460647727,0.05,0.025,1,2-3
