,reject,pvals,pvals_corrected,tstats,effectsize,alpha,alpha_corrected,step,dimension_step
0,False,0.9999059024529704,1.0,-3.880175537849005,-0.550123648056961,0.05,0.025,0,1-2
1,False,0.9999999651943281,1.0,-5.82995926759651,-0.8265601463204955,0.05,0.025,1,2-3
