,reject,pvals,pvals_corrected,tstats,effectsize,alpha,alpha_corrected,step,dimension_step
0,False,0.999999999919948,1.0,-7.137745908924153,-1.011975561419512,0.05,0.025,0,1-2
1,False,0.9988474106459811,1.0,-3.128920576042358,-0.44361219872210156,0.05,0.025,1,2-3
