,reject,pvals,pvals_corrected,tstats,effectsize,alpha,alpha_corrected,step,dimension_step
0,False,0.9999977671887377,1.0,-4.8569117745605235,-0.6886033885964927,0.05,0.025,0,1-2
1,False,0.9999999985430713,1.0,-6.524996806032567,-0.9251012000566714,0.05,0.025,1,2-3
