,reject,pvals,pvals_corrected,tstats,effectsize,alpha,alpha_corrected,step,dimension_step
0,False,0.9999650553074434,1.0,-4.152058527639843,-0.5886706830375702,0.05,0.025,0,1-2
1,False,0.9999999998858808,1.0,-7.063768733378396,-1.0014872231247085,0.05,0.025,1,2-3
