,reject,pvals,pvals_corrected,tstats,effectsize,alpha,alpha_corrected,step,dimension_step
0,False,0.9999999799854827,1.0,-5.953487571789006,-0.8440737460733401,0.05,0.025,0,1-2
1,False,0.9999791547284463,1.0,-4.289577347161651,-0.6081678305078009,0.05,0.025,1,2-3
