,reject,pvals,pvals_corrected,tstats,effectsize,alpha,alpha_corrected,step,dimension_step
0,False,0.7104876219065128,1.0,-0.5566470438804276,-0.0789203218958958,0.05,0.025,0,1-2
1,False,0.8941558051602417,1.0,-1.257063178758905,-0.1782239424457295,0.05,0.025,1,2-3
