,reject,pvals,pvals_corrected,tstats,effectsize,alpha,alpha_corrected,step,dimension_step
0,False,0.9999999999999916,1.0,-8.995639495254757,-1.2753840560724146,0.05,0.025,0,1-2
1,False,0.9999995570218444,1.0,-5.24574660372134,-0.7437316250958482,0.05,0.025,1,2-3
