,reject,pvals,pvals_corrected,tstats,effectsize,alpha,alpha_corrected,step,dimension_step
0,False,0.999999999999995,1.0,-9.098258306529923,-1.2899331490882573,0.05,0.025,0,1-2
1,False,0.999999975154089,1.0,-5.905345888257272,-0.8372483129686402,0.05,0.025,1,2-3
