,reject,pvals,pvals_corrected,tstats,effectsize,alpha,alpha_corrected,step,dimension_step
0,False,0.9999999999998956,1.0,-8.4927984788666,-1.2040922468153852,0.05,0.025,0,1-2
1,False,0.9999846625459458,1.0,-4.370004315383269,-0.6195706077091553,0.05,0.025,1,2-3
