,reject,pvals,pvals_corrected,tstats,effectsize,alpha,alpha_corrected,step,dimension_step
0,False,0.9999999271284413,1.0,-5.663177140672446,-0.8029141047434623,0.05,0.025,0,1-2
1,False,0.9618281885534973,1.0,-1.7910351464949161,-0.2539294366909539,0.05,0.025,1,2-3
