,reject,pvals,pvals_corrected,tstats,effectsize,alpha,alpha_corrected,step,dimension_step
0,False,0.9999999999962677,1.0,-7.769265731358277,-1.1015111984413195,0.05,0.025,0,1-2
1,False,0.9999999734388548,1.0,-5.890449636152111,-0.8351363516744844,0.05,0.025,1,2-3
