,reject,pvals,pvals_corrected,tstats,effectsize,alpha,alpha_corrected,step,dimension_step
0,False,0.7452965304972791,1.0,-0.6621603509490656,-0.09387979082634816,0.05,0.025,0,1-2
1,False,0.9998515128639454,1.0,-3.7508597674555655,-0.5317895127411212,0.05,0.025,1,2-3
