,reject,pvals,pvals_corrected,tstats,effectsize,alpha,alpha_corrected,step,dimension_step
0,False,0.9999999999995212,1.0,-8.185942934193275,-1.1605868718611954,0.05,0.025,0,1-2
1,False,0.9999999685970763,1.0,-5.853012001614665,-0.8298285175609329,0.05,0.025,1,2-3
