,reject,pvals,pvals_corrected,tstats,effectsize,alpha,alpha_corrected,step,dimension_step
0,False,0.9989532299997556,1.0,-3.1599486622157062,-0.4480112996883868,0.05,0.025,0,1-2
1,False,0.8472818704874419,1.0,-1.030178985484494,-0.14605674823683784,0.05,0.025,1,2-3
