,reject,pvals,pvals_corrected,tstats,effectsize,alpha,alpha_corrected,step,dimension_step
0,False,0.9661415056663445,1.0,-1.8471153780218879,-0.2618803815001671,0.05,0.025,0,1-2
1,False,0.9995634104753791,1.0,-3.4328853217341218,-0.4867077218883956,0.05,0.025,1,2-3
