,reject,pvals,pvals_corrected,tstats,effectsize,alpha,alpha_corrected,step,dimension_step
0,False,0.9999998032931404,1.0,-5.435414000062537,-0.7706222951119079,0.05,0.025,0,1-2
1,False,0.9969351311951218,1.0,-2.8008691744404515,-0.3971017169052186,0.05,0.025,1,2-3
