,reject,pvals,pvals_corrected,tstats,effectsize,alpha,alpha_corrected,step,dimension_step
0,False,0.9998110013222081,1.0,-3.6813011294899947,-0.5219276260047531,0.05,0.025,0,1-2
1,False,0.9954493486087367,1.0,-2.660583229358892,-0.3772122518213353,0.05,0.025,1,2-3
