,reject,pvals,pvals_corrected,tstats,effectsize,alpha,alpha_corrected,step,dimension_step
0,False,0.9999999999985226,1.0,-7.957826564977326,-1.1282449821733507,0.05,0.025,0,1-2
1,False,0.9997826718457561,1.0,-3.6406376159201934,-0.5161624331134455,0.05,0.025,1,2-3
