,reject,pvals,pvals_corrected,tstats,effectsize,alpha,alpha_corrected,step,dimension_step
0,False,0.9999991400783161,1.0,-5.088175354436795,-0.7213914836151974,0.05,0.025,0,1-2
1,False,0.9983549098661552,1.0,-3.012419667108905,-0.42709492923280634,0.05,0.025,1,2-3
