,reject,pvals,pvals_corrected,tstats,effectsize,alpha,alpha_corrected,step,dimension_step
0,False,0.7873696058075668,0.7873696058075668,-0.8006339637927269,-0.11351230701385334,0.05,0.025,0,1-2
1,False,0.37922664468614453,0.7584532893722891,0.3083639859406371,0.04371923878709069,0.05,0.025,1,2-3
