,reject,pvals,pvals_corrected,tstats,effectsize,alpha,alpha_corrected,step,dimension_step
0,False,0.9999999975525039,1.0,-6.413419100954776,-0.9092819327167084,0.05,0.025,0,1-2
1,False,0.9999999998228741,1.0,-6.971728464702895,-0.9884379350504947,0.05,0.025,1,2-3
