,reject,pvals,pvals_corrected,tstats,effectsize,alpha,alpha_corrected,step,dimension_step
0,False,0.9999999998007285,1.0,-6.947001606247138,-0.984932209743487,0.05,0.025,0,1-2
1,False,0.9999999999494072,1.0,-7.233161974126601,-1.025503463278692,0.05,0.025,1,2-3
