,reject,pvals,pvals_corrected,tstats,effectsize,alpha,alpha_corrected,step,dimension_step
0,False,0.9999684934577795,1.0,-4.179846948565797,-0.5926104706436749,0.05,0.025,0,1-2
1,False,0.9999999998651167,1.0,-7.028812392409341,-0.9965311819278507,0.05,0.025,1,2-3
