,reject,pvals,pvals_corrected,tstats,effectsize,alpha,alpha_corrected,step,dimension_step
0,False,0.9999999933425308,1.0,-6.19609213766324,-0.8784697437575053,0.05,0.025,0,1-2
1,False,0.9997871924426958,1.0,-3.646776348335089,-0.5170327705086448,0.05,0.025,1,2-3
