,reject,pvals,pvals_corrected,tstats,effectsize,alpha,alpha_corrected,step,dimension_step
0,False,0.9999999999996801,1.0,-8.267383124102935,-1.1721333016385427,0.05,0.025,0,1-2
1,False,0.999999999993512,1.0,-7.6563063731500085,-1.085496043040862,0.05,0.025,1,2-3
