,reject,pvals,pvals_corrected,tstats,effectsize,alpha,alpha_corrected,step,dimension_step
0,False,0.9996509820886416,1.0,-3.500441612468544,-0.49628571977676417,0.05,0.025,0,1-2
1,False,0.999930337652284,1.0,-3.9639308047457336,-0.5619983048913668,0.05,0.025,1,2-3
