,reject,pvals,pvals_corrected,tstats,effectsize,alpha,alpha_corrected,step,dimension_step
0,False,0.9999999227519069,1.0,-5.649918787751656,-0.8010343615707977,0.05,0.025,0,1-2
1,False,0.9858399410643237,1.0,-2.225447961190256,-0.31551963024064394,0.05,0.025,1,2-3
