,reject,pvals,pvals_corrected,tstats,effectsize,alpha,alpha_corrected,step,dimension_step
0,False,0.9999999967643535,1.0,-6.35307599540736,-0.900726606022073,0.05,0.025,0,1-2
1,False,0.9999999765624831,1.0,-5.918354285751459,-0.8390926179530596,0.05,0.025,1,2-3
