,reject,pvals,pvals_corrected,tstats,effectsize,alpha,alpha_corrected,step,dimension_step
0,False,0.9999998693602296,1.0,-5.529820740857087,-0.7840070969438003,0.05,0.025,0,1-2
1,False,0.9999674473413245,1.0,-4.171095394948268,-0.5913696926027644,0.05,0.025,1,2-3
