,reject,pvals,pvals_corrected,tstats,effectsize,alpha,alpha_corrected,step,dimension_step
0,False,0.9999618664926968,1.0,-4.128539764197721,-0.5853362390629707,0.05,0.025,0,1-2
1,False,0.9999958574817563,1.0,-4.703881211849899,-0.6669070167181094,0.05,0.025,1,2-3
