,reject,pvals,pvals_corrected,tstats,effectsize,alpha,alpha_corrected,step,dimension_step
0,False,0.9999999793675154,1.0,-5.946727510531634,-0.8431153178981922,0.05,0.025,0,1-2
1,False,0.9991168925879041,1.0,-3.214229701108122,-0.45570715850831306,0.05,0.025,1,2-3
