{
  "data": {
    "name": "normal-1-60",
    "n_dimension": 1,
    "distance": "euclidean",
    "subject": null,
    "n_objects": 60,
    "n_train_triplets": 491,
    "n_test_triplets": 10000,
    "frac_train_ndlogn": 1.9986919051317065,
    "frac_train_triplets": 0.004782778102474187,
    "max_train_score": 0.7637474541751528,
    "max_test_score": 0.7815,
    "noise_sd": 1.0,
    "distance_sd": 1.006761999751002,
    "distance_mean": 1.3356448097263351,
    "difference_sd": 0.9043053802763743,
    "difference_mean": -0.061653200429171905
  },
  "n_repeats": 10,
  "n_splits": 10,
  "embedding_method": "soe",
  "embedding_dimension": [
    1,
    2,
    3
  ],
  "random_state": 2259998961,
  "alpha": 0.05
}