,reject,pvals,pvals_corrected,tstats,effectsize,alpha,alpha_corrected,step,dimension_step
0,True,0.01888099247112609,0.03776198494225218,2.1056837316896266,0.29853969358650456,0.05,0.025,0,1-2
1,False,0.9999997767459323,0.9999997767459323,-5.40605248882305,-0.7664594778584168,0.05,0.025,1,2-3
