,reject,pvals,pvals_corrected,tstats,effectsize,alpha,alpha_corrected,step,dimension_step
0,False,0.9999999995355242,1.0,-6.768559768705904,-0.9596330773520206,0.05,0.025,0,1-2
1,False,0.9997443907700861,1.0,-3.5930269684979113,-0.5094122892627837,0.05,0.025,1,2-3
