,reject,pvals,pvals_corrected,tstats,effectsize,alpha,alpha_corrected,step,dimension_step
0,False,0.999999472970292,1.0,-5.204711853883013,-0.7379137990573181,0.05,0.025,0,1-2
1,False,0.9999765527910813,1.0,-4.258505144800575,-0.6037624748352801,0.05,0.025,1,2-3
