,reject,pvals,pvals_corrected,tstats,effectsize,alpha,alpha_corrected,step,dimension_step
0,False,0.9613699836008635,1.0,-1.7853917173660945,-0.25312932242044867,0.05,0.025,0,1-2
1,False,0.9778966879337886,1.0,-2.038102433570392,-0.2889581502003545,0.05,0.025,1,2-3
