,reject,pvals,pvals_corrected,tstats,effectsize,alpha,alpha_corrected,step,dimension_step
0,False,0.9999999999085065,1.0,-7.1098991210513365,-1.0080274986626003,0.05,0.025,0,1-2
1,False,0.9999968665399726,1.0,-4.773340239835028,-0.6767547809475731,0.05,0.025,1,2-3
