,reject,pvals,pvals_corrected,tstats,effectsize,alpha,alpha_corrected,step,dimension_step
0,False,0.9999952645553057,1.0,-4.670393579403672,-0.6621592061238697,0.05,0.025,0,1-2
1,False,0.9998725621774632,1.0,-3.7945097935678898,-0.5379781275005465,0.05,0.025,1,2-3
