,reject,pvals,pvals_corrected,tstats,effectsize,alpha,alpha_corrected,step,dimension_step
0,False,0.9689665845223647,1.0,-1.887170863814285,-0.2675593694103437,0.05,0.025,0,1-2
1,False,0.9071966368721731,1.0,-1.3329529127934043,-0.18898343951741994,0.05,0.025,1,2-3
