,reject,pvals,pvals_corrected,tstats,effectsize,alpha,alpha_corrected,step,dimension_step
0,False,0.8049253475447173,1.0,-0.8631352843532542,-0.12237362118372604,0.05,0.025,0,1-2
1,False,0.8959912640302939,1.0,-1.2673098590410885,-0.1796766966013915,0.05,0.025,1,2-3
