,reject,pvals,pvals_corrected,tstats,effectsize,alpha,alpha_corrected,step,dimension_step
0,False,0.9979927232312579,1.0,-2.945902740005234,-0.41766429027359686,0.05,0.025,0,1-2
1,False,0.9999051809650406,1.0,-3.878032972968039,-0.5498198794266457,0.05,0.025,1,2-3
