,reject,pvals,pvals_corrected,tstats,effectsize,alpha,alpha_corrected,step,dimension_step
0,True,0.011456088318715937,0.022912176637431874,2.310907550739712,0.32763592258510305,0.05,0.025,0,1-2
1,False,0.9967131060257999,0.9967131060257999,-2.7764040864739634,-0.3936331049027782,0.05,0.025,1,2-3
