,reject,pvals,pvals_corrected,tstats,effectsize,alpha,alpha_corrected,step,dimension_step
0,False,0.9999986309497183,1.0,-4.97618158615113,-0.7055132276528112,0.05,0.025,0,1-2
1,False,0.9999988822384941,1.0,-5.02518113992732,-0.7124602879117047,0.05,0.025,1,2-3
