,reject,pvals,pvals_corrected,tstats,effectsize,alpha,alpha_corrected,step,dimension_step
0,False,0.42244471032838304,0.8448894206567661,0.19615693501616555,0.027810744032107888,0.05,0.025,0,1-2
1,False,0.9922813661353611,0.9922813661353611,-2.4646478043451596,-0.3494329130412401,0.05,0.025,1,2-3
