,reject,pvals,pvals_corrected,tstats,effectsize,alpha,alpha_corrected,step,dimension_step
0,False,0.9999856829702768,1.0,-4.387930038905586,-0.6221120814960923,0.05,0.025,0,1-2
1,False,0.8791533067774419,1.0,-1.1778164227011718,-0.16698849340124436,0.05,0.025,1,2-3
