,reject,pvals,pvals_corrected,tstats,effectsize,alpha,alpha_corrected,step,dimension_step
0,False,0.2916440363935351,0.5832880727870702,0.5503952629530584,0.07803395670517976,0.05,0.025,0,1-2
1,False,0.7639894658383661,0.7639894658383661,-0.7219597049613312,-0.10235802549892535,0.05,0.025,1,2-3
