{
  "data": {
    "name": "normal-1-60",
    "n_dimension": 1,
    "distance": "euclidean",
    "subject": null,
    "n_objects": 60,
    "n_train_triplets": 982,
    "n_test_triplets": 10000,
    "frac_train_ndlogn": 3.997383810263413,
    "frac_train_triplets": 0.009565556204948374,
    "max_train_score": 0.8686354378818737,
    "max_test_score": 0.8731,
    "noise_sd": 0.5,
    "distance_sd": 1.006317546379741,
    "distance_mean": 1.3157349954630413,
    "difference_sd": 0.8636358441528604,
    "difference_mean": -0.13903098290555269
  },
  "n_repeats": 10,
  "n_splits": 10,
  "embedding_method": "soe",
  "embedding_dimension": [
    1,
    2,
    3
  ],
  "random_state": 314572923,
  "alpha": 0.05
}