,reject,pvals,pvals_corrected,tstats,effectsize,alpha,alpha_corrected,step,dimension_step
0,False,0.999998855259091,1.0,-5.019431398261893,-0.7116451008590788,0.05,0.025,0,1-2
1,False,0.9999999999125899,1.0,-7.119419861301432,-1.0093773304698201,0.05,0.025,1,2-3
