,reject,pvals,pvals_corrected,tstats,effectsize,alpha,alpha_corrected,step,dimension_step
0,False,0.9998289829116296,1.0,-3.710230295748702,-0.5260291462381157,0.05,0.025,0,1-2
1,False,0.9987642168480138,1.0,-3.106334464297028,-0.4404099842687701,0.05,0.025,1,2-3
