,reject,pvals,pvals_corrected,tstats,effectsize,alpha,alpha_corrected,step,dimension_step
0,False,0.9987434559626063,1.0,-3.100918732431572,-0.4396421524679504,0.05,0.025,0,1-2
1,False,0.9997364057886708,1.0,-3.583953404169044,-0.5081258571772284,0.05,0.025,1,2-3
