,reject,pvals,pvals_corrected,tstats,effectsize,alpha,alpha_corrected,step,dimension_step
0,False,0.9999999995209872,1.0,-6.762033013916292,-0.9587077269085134,0.05,0.025,0,1-2
1,False,0.9998072150259919,1.0,-3.675544021567929,-0.5211113945787645,0.05,0.025,1,2-3
