,reject,pvals,pvals_corrected,tstats,effectsize,alpha,alpha_corrected,step,dimension_step
0,False,0.9999995523890604,1.0,-5.243293870075679,-0.7433838813487672,0.05,0.025,0,1-2
1,False,0.9973577705563431,1.0,-2.852293859695052,-0.40439260753026607,0.05,0.025,1,2-3
