,reject,pvals,pvals_corrected,tstats,effectsize,alpha,alpha_corrected,step,dimension_step
0,False,0.9999898005240752,1.0,-4.475602639648695,-0.6345421302103774,0.05,0.025,0,1-2
1,False,0.9998000760901178,1.0,-3.6649751056843476,-0.5196129544939878,0.05,0.025,1,2-3
