,reject,pvals,pvals_corrected,tstats,effectsize,alpha,alpha_corrected,step,dimension_step
0,False,0.9999999974048253,1.0,-6.400772423611834,-0.9074889117031397,0.05,0.025,0,1-2
1,False,0.9998595742322799,1.0,-3.766835952862911,-0.5340545848525741,0.05,0.025,1,2-3
