,reject,pvals,pvals_corrected,tstats,effectsize,alpha,alpha_corrected,step,dimension_step
0,False,0.999999968138263,1.0,-5.849764228919479,-0.8293680547427672,0.05,0.025,0,1-2
1,False,0.9999875077774224,1.0,-4.423302248860014,-0.6271270837788896,0.05,0.025,1,2-3
