,reject,pvals,pvals_corrected,tstats,effectsize,alpha,alpha_corrected,step,dimension_step
0,False,0.9510992546432303,1.0,-1.6713969204916388,-0.2369673645645801,0.05,0.025,0,1-2
1,False,0.9999971179547705,1.0,-4.794040837060079,-0.6796896708646194,0.05,0.025,1,2-3
