,reject,pvals,pvals_corrected,tstats,effectsize,alpha,alpha_corrected,step,dimension_step
0,False,0.8138378499341743,1.0,-0.8961918773439463,-0.12706031985263597,0.05,0.025,0,1-2
1,False,0.6695282617016782,1.0,-0.43993451926215604,-0.06237304995145833,0.05,0.025,1,2-3
