,reject,pvals,pvals_corrected,tstats,effectsize,alpha,alpha_corrected,step,dimension_step
0,False,0.9999999756438206,1.0,-5.909785023412992,-0.8378776848107802,0.05,0.025,0,1-2
1,False,0.9999974403977919,1.0,-4.8233224493039835,-0.6838411601958304,0.05,0.025,1,2-3
