,reject,pvals,pvals_corrected,tstats,effectsize,alpha,alpha_corrected,step,dimension_step
0,False,0.9999994087021575,1.0,-5.177444560262738,-0.7340478958545621,0.05,0.025,0,1-2
1,False,0.9998923732756408,1.0,-3.8423825877239755,-0.5447654379989848,0.05,0.025,1,2-3
