,reject,pvals,pvals_corrected,tstats,effectsize,alpha,alpha_corrected,step,dimension_step
0,False,0.9999416456313682,1.0,-4.012753269332735,-0.5689202577936888,0.05,0.025,0,1-2
1,False,0.9999999897839805,1.0,-6.102179789185212,-0.8651550358948374,0.05,0.025,1,2-3
