{
  "n_repeats": 10,
  "n_splits": 10,
  "embedding_method": "soe",
  "embedding_dimension": [
    1,
    2,
    3,
    4,
    5,
    6,
    7,
    8,
    9,
    10
  ],
  "random_state": 70682064,
  "alpha": 0.05,
  "data.name": "normal-8-100",
  "data.n_dimension": 8,
  "data.distance": "euclidean",
  "data.subject": null,
  "data.n_objects": 100,
  "data.n_train_triplets": 7368,
  "data.n_test_triplets": 10000,
  "data.frac_train_ndlogn": 1.9999260891644746,
  "data.frac_train_triplets": 0.015188620902906617,
  "data.max_train_score": 0.8697068403908795,
  "data.max_test_score": 0.8742,
  "data.noise_sd": 0.5,
  "data.distance_sd": 1.0617845509893373,
  "data.distance_mean": 3.6879881831756496,
  "data.difference_sd": 0.9137078364486619,
  "data.difference_mean": -0.1598734779965241,
  "correct_reject": [
    true,
    true,
    true,
    true,
    true,
    true,
    true,
    false,
    false
  ],
  "fwer": 0,
  "type1_error": [
    0.0,
    0.0,
    0.0,
    0.0,
    0.0,
    0.0,
    0.0,
    0.0,
    0.0
  ],
  "type2_error": [
    0.0,
    0.0,
    0.0,
    0.0,
    0.0,
    0.01,
    0.11,
    0.0,
    0.0
  ],
  "power": [
    1.0,
    1.0,
    1.0,
    1.0,
    1.0,
    0.99,
    0.89,
    1.0,
    1.0
  ],
  "dataset": "normal-8-100",
  "n_test_repetition": 100,
  "test_steps": [
    1,
    2,
    3,
    4,
    5,
    6,
    7,
    8,
    9
  ]
}