{
  "n_repeats": 10,
  "n_splits": 10,
  "embedding_method": "soe",
  "embedding_dimension": [
    1,
    2,
    3,
    4,
    5,
    6,
    7,
    8,
    9,
    10
  ],
  "random_state": 2255164436,
  "alpha": 0.05,
  "data.name": "normal-8-100",
  "data.n_dimension": 8,
  "data.distance": "euclidean",
  "data.subject": null,
  "data.n_objects": 100,
  "data.n_train_triplets": 29473,
  "data.n_test_triplets": 10000,
  "data.frac_train_ndlogn": 7.999975790709088,
  "data.frac_train_triplets": 0.06075654504225933,
  "data.max_train_score": 0.7824788789739762,
  "data.max_test_score": 0.7817,
  "data.noise_sd": 1.0,
  "data.distance_sd": 1.0705090103165247,
  "data.distance_mean": 3.9297537550993753,
  "data.difference_sd": 0.9484040787948911,
  "data.difference_mean": -0.12565461744875508,
  "correct_reject": [
    true,
    true,
    true,
    true,
    true,
    true,
    true,
    false,
    false
  ],
  "fwer": 0,
  "type1_error": [
    0.0,
    0.0,
    0.0,
    0.0,
    0.0,
    0.0,
    0.0,
    0.0,
    0.0
  ],
  "type2_error": [
    0.0,
    0.0,
    0.0,
    0.0,
    0.0,
    0.0,
    0.0,
    0.0,
    0.0
  ],
  "power": [
    1.0,
    1.0,
    1.0,
    1.0,
    1.0,
    1.0,
    1.0,
    1.0,
    1.0
  ],
  "dataset": "normal-8-100",
  "n_test_repetition": 100,
  "test_steps": [
    1,
    2,
    3,
    4,
    5,
    6,
    7,
    8,
    9
  ]
}