{
  "n_repeats": 10,
  "n_splits": 10,
  "embedding_method": "soe",
  "embedding_dimension": [
    1,
    2,
    3,
    4,
    5,
    6,
    7,
    8,
    9,
    10
  ],
  "random_state": 2445999401,
  "alpha": 0.05,
  "data.name": "normal-8-100",
  "data.n_dimension": 8,
  "data.distance": "euclidean",
  "data.subject": null,
  "data.n_objects": 100,
  "data.n_train_triplets": 14736,
  "data.n_test_triplets": 10000,
  "data.frac_train_ndlogn": 3.999852178328949,
  "data.frac_train_triplets": 0.030377241805813235,
  "data.max_train_score": 0.6744706840390879,
  "data.max_test_score": 0.6674,
  "data.noise_sd": 2.0,
  "data.distance_sd": 1.0748985467475813,
  "data.distance_mean": 4.046638320162328,
  "data.difference_sd": 0.9732201879087023,
  "data.difference_mean": -0.07426777825999933,
  "correct_reject": [
    true,
    true,
    true,
    true,
    true,
    true,
    true,
    false,
    false
  ],
  "fwer": 0,
  "type1_error": [
    0.0,
    0.0,
    0.0,
    0.0,
    0.0,
    0.0,
    0.0,
    0.0,
    0.0
  ],
  "type2_error": [
    0.0,
    0.0,
    0.02,
    0.14,
    0.34,
    0.54,
    0.78,
    0.0,
    0.0
  ],
  "power": [
    1.0,
    1.0,
    0.98,
    0.86,
    0.6599999999999999,
    0.45999999999999996,
    0.21999999999999997,
    1.0,
    1.0
  ],
  "dataset": "normal-8-100",
  "n_test_repetition": 100,
  "test_steps": [
    1,
    2,
    3,
    4,
    5,
    6,
    7,
    8,
    9
  ]
}