{
  "n_repeats": 10,
  "n_splits": 10,
  "embedding_method": "soe",
  "embedding_dimension": [
    1,
    2,
    3,
    4,
    5,
    6,
    7,
    8,
    9,
    10
  ],
  "random_state": 701374219,
  "alpha": 0.05,
  "data.name": "normal-8-100",
  "data.n_dimension": 8,
  "data.distance": "euclidean",
  "data.subject": null,
  "data.n_objects": 100,
  "data.n_train_triplets": 29473,
  "data.n_test_triplets": 10000,
  "data.frac_train_ndlogn": 7.999975790709088,
  "data.frac_train_triplets": 0.06075654504225933,
  "data.max_train_score": 0.6754996098123707,
  "data.max_test_score": 0.6743,
  "data.noise_sd": 2.0,
  "data.distance_sd": 1.0741880607077392,
  "data.distance_mean": 4.027917450362942,
  "data.difference_sd": 0.9645864352379294,
  "data.difference_mean": -0.07848738940899991,
  "correct_reject": [
    true,
    true,
    true,
    true,
    true,
    true,
    true,
    false,
    false
  ],
  "fwer": 0,
  "type1_error": [
    0.0,
    0.0,
    0.0,
    0.0,
    0.0,
    0.0,
    0.0,
    0.0,
    0.0
  ],
  "type2_error": [
    0.0,
    0.0,
    0.0,
    0.0,
    0.02,
    0.07,
    0.33,
    0.0,
    0.0
  ],
  "power": [
    1.0,
    1.0,
    1.0,
    1.0,
    0.98,
    0.9299999999999999,
    0.6699999999999999,
    1.0,
    1.0
  ],
  "dataset": "normal-8-100",
  "n_test_repetition": 100,
  "test_steps": [
    1,
    2,
    3,
    4,
    5,
    6,
    7,
    8,
    9
  ]
}