{
  "n_repeats": 10,
  "n_splits": 10,
  "embedding_method": "soe",
  "embedding_dimension": [
    1,
    2,
    3,
    4,
    5,
    6,
    7,
    8,
    9,
    10
  ],
  "random_state": 4172228779,
  "alpha": 0.05,
  "data.name": "normal-8-100",
  "data.n_dimension": 8,
  "data.distance": "euclidean",
  "data.subject": null,
  "data.n_objects": 100,
  "data.n_train_triplets": 14736,
  "data.n_test_triplets": 10000,
  "data.frac_train_ndlogn": 3.999852178328949,
  "data.frac_train_triplets": 0.030377241805813235,
  "data.max_train_score": 0.7795874049945711,
  "data.max_test_score": 0.7825,
  "data.noise_sd": 1.0,
  "data.distance_sd": 1.0571733875910732,
  "data.distance_mean": 3.554425631750901,
  "data.difference_sd": 0.8980976874683184,
  "data.difference_mean": -0.1611101090859154,
  "correct_reject": [
    true,
    true,
    true,
    true,
    true,
    true,
    true,
    false,
    false
  ],
  "fwer": 0,
  "type1_error": [
    0.0,
    0.0,
    0.0,
    0.0,
    0.0,
    0.0,
    0.0,
    0.0,
    0.0
  ],
  "type2_error": [
    0.0,
    0.0,
    0.0,
    0.0,
    0.0,
    0.02,
    0.08,
    0.0,
    0.0
  ],
  "power": [
    1.0,
    1.0,
    1.0,
    1.0,
    1.0,
    0.98,
    0.92,
    1.0,
    1.0
  ],
  "dataset": "normal-8-100",
  "n_test_repetition": 100,
  "test_steps": [
    1,
    2,
    3,
    4,
    5,
    6,
    7,
    8,
    9
  ]
}