{
  "n_repeats": 10,
  "n_splits": 10,
  "embedding_method": "soe",
  "embedding_dimension": [
    1,
    2,
    3,
    4,
    5,
    6,
    7,
    8,
    9,
    10
  ],
  "random_state": 904571570,
  "alpha": 0.05,
  "data.name": "normal-8-100",
  "data.n_dimension": 8,
  "data.distance": "euclidean",
  "data.subject": null,
  "data.n_objects": 100,
  "data.n_train_triplets": 7368,
  "data.n_test_triplets": 10000,
  "data.frac_train_ndlogn": 1.9999260891644746,
  "data.frac_train_triplets": 0.015188620902906617,
  "data.max_train_score": 0.7789087947882736,
  "data.max_test_score": 0.7846,
  "data.noise_sd": 1.0,
  "data.distance_sd": 1.0684161140904724,
  "data.distance_mean": 3.87295575652115,
  "data.difference_sd": 0.9411680908148581,
  "data.difference_mean": -0.12891472502942167,
  "correct_reject": [
    true,
    true,
    true,
    true,
    true,
    true,
    true,
    false,
    false
  ],
  "fwer": 0,
  "type1_error": [
    0.0,
    0.0,
    0.0,
    0.0,
    0.0,
    0.0,
    0.0,
    0.0,
    0.0
  ],
  "type2_error": [
    0.0,
    0.0,
    0.0,
    0.04,
    0.09,
    0.27,
    0.65,
    0.0,
    0.0
  ],
  "power": [
    1.0,
    1.0,
    1.0,
    0.96,
    0.91,
    0.73,
    0.35,
    1.0,
    1.0
  ],
  "dataset": "normal-8-100",
  "n_test_repetition": 100,
  "test_steps": [
    1,
    2,
    3,
    4,
    5,
    6,
    7,
    8,
    9
  ]
}