{
  "n_repeats": 10,
  "n_splits": 10,
  "embedding_method": "soe",
  "embedding_dimension": [
    1,
    2,
    3,
    4,
    5,
    6,
    7,
    8,
    9,
    10
  ],
  "random_state": 1968630587,
  "alpha": 0.05,
  "data.name": "normal-8-100",
  "data.n_dimension": 8,
  "data.distance": "euclidean",
  "data.subject": null,
  "data.n_objects": 100,
  "data.n_train_triplets": 7368,
  "data.n_test_triplets": 10000,
  "data.frac_train_ndlogn": 1.9999260891644746,
  "data.frac_train_triplets": 0.015188620902906617,
  "data.max_train_score": 0.6699239956568946,
  "data.max_test_score": 0.6808,
  "data.noise_sd": 2.0,
  "data.distance_sd": 1.0694030591825114,
  "data.distance_mean": 3.8998291495785438,
  "data.difference_sd": 0.9503148914356485,
  "data.difference_mean": -0.08755615907963507,
  "correct_reject": [
    true,
    true,
    true,
    true,
    true,
    true,
    true,
    false,
    false
  ],
  "fwer": 0,
  "type1_error": [
    0.0,
    0.0,
    0.0,
    0.0,
    0.0,
    0.0,
    0.0,
    0.0,
    0.0
  ],
  "type2_error": [
    0.0,
    0.2,
    0.53,
    0.75,
    0.88,
    0.99,
    1.0,
    0.0,
    0.0
  ],
  "power": [
    1.0,
    0.8,
    0.47,
    0.25,
    0.12,
    0.010000000000000009,
    0.0,
    1.0,
    1.0
  ],
  "dataset": "normal-8-100",
  "n_test_repetition": 100,
  "test_steps": [
    1,
    2,
    3,
    4,
    5,
    6,
    7,
    8,
    9
  ]
}