{
  "data": {
    "name": "normal-8-60",
    "n_dimension": 8,
    "distance": "euclidean",
    "subject": null,
    "n_objects": 60,
    "n_train_triplets": 3930,
    "n_test_triplets": 10000,
    "frac_train_ndlogn": 1.999709569034523,
    "frac_train_triplets": 0.03828170660432496,
    "max_train_score": 0.7895674300254453,
    "max_test_score": 0.7897,
    "noise_sd": 1.0,
    "distance_sd": 1.11903233164338,
    "distance_mean": 3.9831019984257603,
    "difference_sd": 1.0125175836828173,
    "difference_mean": -0.1254030119500056
  },
  "n_repeats": 10,
  "n_splits": 10,
  "embedding_method": "soe",
  "embedding_dimension": [
    1,
    2,
    3,
    4,
    5,
    6,
    7,
    8,
    9,
    10
  ],
  "random_state": 1727860220
}