{
  "data": {
    "name": "normal-3-60",
    "n_dimension": 3,
    "distance": "euclidean",
    "subject": null,
    "n_objects": 60,
    "n_train_triplets": 2947,
    "n_test_triplets": 10000,
    "frac_train_ndlogn": 3.998740695467169,
    "frac_train_triplets": 0.028706409507110852,
    "max_train_score": 0.8829317950458093,
    "max_test_score": 0.8753,
    "noise_sd": 0.5,
    "distance_sd": 1.036897284605678,
    "distance_mean": 2.327560113910796,
    "difference_sd": 0.9092727450853652,
    "difference_mean": -0.1704627531898969
  },
  "n_repeats": 10,
  "n_splits": 10,
  "embedding_method": "soe",
  "embedding_dimension": [
    1,
    2,
    3,
    4,
    5
  ],
  "random_state": 29197622
}