{
  "data": {
    "name": "normal-3-20",
    "n_dimension": 3,
    "distance": "euclidean",
    "subject": null,
    "n_objects": 20,
    "n_train_triplets": 718,
    "n_test_triplets": 10000,
    "frac_train_ndlogn": 3.994571468320831,
    "frac_train_triplets": 0.20994152046783626,
    "max_train_score": 0.6852367688022284,
    "max_test_score": 0.6816,
    "noise_sd": 2.0,
    "distance_sd": 1.118820584822612,
    "distance_mean": 2.3944582935255774,
    "difference_sd": 1.070752465059008,
    "difference_mean": -0.08065932477709771
  },
  "n_repeats": 10,
  "n_splits": 10,
  "embedding_method": "soe",
  "embedding_dimension": [
    1,
    2,
    3,
    4,
    5
  ],
  "random_state": 49920261
}