{
  "data": {
    "name": "normal-2-20",
    "n_dimension": 2,
    "distance": "euclidean",
    "subject": null,
    "n_objects": 20,
    "n_train_triplets": 239,
    "n_test_triplets": 10000,
    "frac_train_ndlogn": 1.9945039991546212,
    "frac_train_triplets": 0.06988304093567252,
    "max_train_score": 0.8200836820083682,
    "max_test_score": 0.7915,
    "noise_sd": 1.0,
    "distance_sd": 1.0561961342816844,
    "distance_mean": 1.7735431224979836,
    "difference_sd": 0.9804794580133899,
    "difference_mean": -0.10031501292558236
  },
  "n_repeats": 10,
  "n_splits": 10,
  "embedding_method": "soe",
  "embedding_dimension": [
    1,
    2,
    3,
    4
  ],
  "random_state": 2550968916
}