{
  "data": {
    "name": "normal-3-20",
    "n_dimension": 3,
    "distance": "euclidean",
    "subject": null,
    "n_objects": 20,
    "n_train_triplets": 718,
    "n_test_triplets": 10000,
    "frac_train_ndlogn": 3.994571468320831,
    "frac_train_triplets": 0.20994152046783626,
    "max_train_score": 0.7618384401114207,
    "max_test_score": 0.7646,
    "noise_sd": 1.0,
    "distance_sd": 1.082919825314567,
    "distance_mean": 2.0570832781215524,
    "difference_sd": 0.929655328218382,
    "difference_mean": -0.14593875646778223
  },
  "n_repeats": 10,
  "n_splits": 10,
  "embedding_method": "soe",
  "embedding_dimension": [
    1,
    2,
    3,
    4,
    5
  ],
  "random_state": 2812546106
}