{
  "data": {
    "name": "color-circle",
    "n_dimension": 2,
    "distance": "euclidean",
    "subject": null,
    "n_objects": 14,
    "n_train_triplets": 591,
    "n_test_triplets": 10000,
    "frac_train_ndlogn": 7.997985727812899,
    "frac_train_triplets": 0.5412087912087912,
    "max_train_score": 0.8764805414551607,
    "max_test_score": 0.891,
    "noise_sd": 0.5,
    "distance_sd": 1.139948668074264,
    "distance_mean": 2.1958711220258755,
    "difference_sd": 1.1577588630474815,
    "difference_mean": -0.004485804271669036
  },
  "n_repeats": 10,
  "n_splits": 10,
  "embedding_method": "soe",
  "embedding_dimension": [
    1,
    2,
    3,
    4
  ],
  "random_state": 3195676374
}