{
  "data": {
    "name": "color-circle",
    "n_dimension": 2,
    "distance": "euclidean",
    "subject": null,
    "n_objects": 14,
    "n_train_triplets": 591,
    "n_test_triplets": 10000,
    "frac_train_ndlogn": 7.997985727812899,
    "frac_train_triplets": 0.5412087912087912,
    "max_train_score": 0.6903553299492385,
    "max_test_score": 0.7082,
    "noise_sd": 2.0,
    "distance_sd": 1.139765402868056,
    "distance_mean": 2.194634066318618,
    "difference_sd": 1.1604551936055874,
    "difference_mean": -0.0016202730479580637
  },
  "n_repeats": 10,
  "n_splits": 10,
  "embedding_method": "soe",
  "embedding_dimension": [
    1,
    2,
    3,
    4
  ],
  "random_state": 1892777276
}