{
  "data": {
    "name": "normal-2-60",
    "n_dimension": 2,
    "distance": "euclidean",
    "subject": null,
    "n_objects": 60,
    "n_train_triplets": 1965,
    "n_test_triplets": 10000,
    "frac_train_ndlogn": 3.999419138069046,
    "frac_train_triplets": 0.01914085330216248,
    "max_train_score": 0.6610687022900763,
    "max_test_score": 0.6744,
    "noise_sd": 2.0,
    "distance_sd": 1.0218913761387827,
    "distance_mean": 1.8959932558728751,
    "difference_sd": 0.9134605749961895,
    "difference_mean": -0.07106366092720431
  },
  "n_repeats": 10,
  "n_splits": 10,
  "embedding_method": "soe",
  "embedding_dimension": [
    1,
    2,
    3,
    4
  ],
  "random_state": 3728511923
}