{
  "data": {
    "name": "normal-2-60",
    "n_dimension": 2,
    "distance": "euclidean",
    "subject": null,
    "n_objects": 60,
    "n_train_triplets": 982,
    "n_test_triplets": 10000,
    "frac_train_ndlogn": 1.9986919051317065,
    "frac_train_triplets": 0.009565556204948374,
    "max_train_score": 0.8044806517311609,
    "max_test_score": 0.7892,
    "noise_sd": 1.0,
    "distance_sd": 1.0253510570711997,
    "distance_mean": 2.0031664826763413,
    "difference_sd": 0.9373070372709946,
    "difference_mean": -0.1017171741769269
  },
  "n_repeats": 10,
  "n_splits": 10,
  "embedding_method": "soe",
  "embedding_dimension": [
    1,
    2,
    3,
    4
  ],
  "random_state": 3328693505
}