{
  "data": {
    "name": "normal-3-100",
    "n_dimension": 3,
    "distance": "euclidean",
    "subject": null,
    "n_objects": 100,
    "n_train_triplets": 2763,
    "n_test_triplets": 10000,
    "frac_train_ndlogn": 1.9999260891644743,
    "frac_train_triplets": 0.0056957328385899815,
    "max_train_score": 0.8678972131740862,
    "max_test_score": 0.873,
    "noise_sd": 0.5,
    "distance_sd": 1.0213866270693994,
    "distance_mean": 2.2956118037822133,
    "difference_sd": 0.8849193218542816,
    "difference_mean": -0.14951896143373866
  },
  "n_repeats": 10,
  "n_splits": 10,
  "embedding_method": "soe",
  "embedding_dimension": [
    1,
    2,
    3,
    4,
    5
  ],
  "random_state": 157568520
}