{
  "data": {
    "name": "color-circle",
    "n_dimension": 2,
    "distance": "euclidean",
    "subject": null,
    "n_objects": 14,
    "n_train_triplets": 147,
    "n_test_triplets": 10000,
    "frac_train_ndlogn": 1.9893467038722439,
    "frac_train_triplets": 0.1346153846153846,
    "max_train_score": 0.8163265306122449,
    "max_test_score": 0.8064,
    "noise_sd": 1.0,
    "distance_sd": 1.139813537914629,
    "distance_mean": 2.1949590302204847,
    "difference_sd": 1.1502777626421836,
    "difference_mean": 0.0005790169225567296
  },
  "n_repeats": 10,
  "n_splits": 10,
  "embedding_method": "soe",
  "embedding_dimension": [
    1,
    2,
    3,
    4
  ],
  "random_state": 631989768
}