{
  "data": {
    "name": "normal-3-20",
    "n_dimension": 3,
    "distance": "euclidean",
    "subject": null,
    "n_objects": 20,
    "n_train_triplets": 359,
    "n_test_triplets": 10000,
    "frac_train_ndlogn": 1.9972857341604155,
    "frac_train_triplets": 0.10497076023391813,
    "max_train_score": 0.8857938718662952,
    "max_test_score": 0.882,
    "noise_sd": 0.5,
    "distance_sd": 1.1195407039526695,
    "distance_mean": 2.400844928005542,
    "difference_sd": 1.0374357021493754,
    "difference_mean": -0.13930533308774679
  },
  "n_repeats": 10,
  "n_splits": 10,
  "embedding_method": "soe",
  "embedding_dimension": [
    1,
    2,
    3,
    4,
    5
  ],
  "random_state": 417795933
}