{
  "data": {
    "name": "normal-1-20",
    "n_dimension": 1,
    "distance": "euclidean",
    "subject": null,
    "n_objects": 20,
    "n_train_triplets": 239,
    "n_test_triplets": 10000,
    "frac_train_ndlogn": 3.9890079983092424,
    "frac_train_triplets": 0.06988304093567252,
    "max_train_score": 0.9205020920502092,
    "max_test_score": 0.8868,
    "noise_sd": 0.5,
    "distance_sd": 1.0253691517407189,
    "distance_mean": 1.3878962675532125,
    "difference_sd": 0.9320668918246209,
    "difference_mean": -0.0964871320642719
  },
  "n_repeats": 10,
  "n_splits": 10,
  "embedding_method": "soe",
  "embedding_dimension": [
    1,
    2,
    3
  ],
  "random_state": 1124151122
}