{
  "data": {
    "name": "normal-2-60",
    "n_dimension": 2,
    "distance": "euclidean",
    "subject": null,
    "n_objects": 60,
    "n_train_triplets": 1965,
    "n_test_triplets": 10000,
    "frac_train_ndlogn": 3.999419138069046,
    "frac_train_triplets": 0.01914085330216248,
    "max_train_score": 0.8783715012722646,
    "max_test_score": 0.8758,
    "noise_sd": 0.5,
    "distance_sd": 1.0206674050874571,
    "distance_mean": 1.8566875046714693,
    "difference_sd": 0.8881073297053772,
    "difference_mean": -0.15036047842580963
  },
  "n_repeats": 10,
  "n_splits": 10,
  "embedding_method": "soe",
  "embedding_dimension": [
    1,
    2,
    3,
    4
  ],
  "random_state": 4019557159
}