{
  "data": {
    "name": "normal-3-20",
    "n_dimension": 3,
    "distance": "euclidean",
    "subject": null,
    "n_objects": 20,
    "n_train_triplets": 359,
    "n_test_triplets": 10000,
    "frac_train_ndlogn": 1.9972857341604155,
    "frac_train_triplets": 0.10497076023391813,
    "max_train_score": 0.6629526462395543,
    "max_test_score": 0.6823,
    "noise_sd": 2.0,
    "distance_sd": 1.1191171225929295,
    "distance_mean": 2.3970898079823555,
    "difference_sd": 1.0389905221066746,
    "difference_mean": -0.08646275164932855
  },
  "n_repeats": 10,
  "n_splits": 10,
  "embedding_method": "soe",
  "embedding_dimension": [
    1,
    2,
    3,
    4,
    5
  ],
  "random_state": 2459900443
}