{
  "data": {
    "name": "normal-8-60",
    "n_dimension": 8,
    "distance": "euclidean",
    "subject": null,
    "n_objects": 60,
    "n_train_triplets": 15722,
    "n_test_triplets": 10000,
    "frac_train_ndlogn": 7.999855940040909,
    "frac_train_triplets": 0.15314630820183128,
    "max_train_score": 0.8764152143493195,
    "max_test_score": 0.8759,
    "noise_sd": 0.5,
    "distance_sd": 1.1050696214816296,
    "distance_mean": 3.746049461006209,
    "difference_sd": 0.9786078421433756,
    "difference_mean": -0.15304482900937094
  },
  "n_repeats": 10,
  "n_splits": 10,
  "embedding_method": "soe",
  "embedding_dimension": [
    1,
    2,
    3,
    4,
    5,
    6,
    7,
    8,
    9,
    10
  ],
  "random_state": 1306577671
}