{
  "data": {
    "name": "normal-8-100",
    "n_dimension": 8,
    "distance": "euclidean",
    "subject": null,
    "n_objects": 100,
    "n_train_triplets": 7368,
    "n_test_triplets": 10000,
    "frac_train_ndlogn": 1.9999260891644746,
    "frac_train_triplets": 0.015188620902906617,
    "max_train_score": 0.7843376764386536,
    "max_test_score": 0.7823,
    "noise_sd": 1.0,
    "distance_sd": 1.0678051115716005,
    "distance_mean": 3.8562375281542716,
    "difference_sd": 0.9379552953351378,
    "difference_mean": -0.12969547843968968
  },
  "n_repeats": 10,
  "n_splits": 10,
  "embedding_method": "soe",
  "embedding_dimension": [
    1,
    2,
    3,
    4,
    5,
    6,
    7,
    8,
    9,
    10
  ],
  "random_state": 1758218747
}