{
  "data": {
    "name": "normal-2-60",
    "n_dimension": 2,
    "distance": "euclidean",
    "subject": null,
    "n_objects": 60,
    "n_train_triplets": 982,
    "n_test_triplets": 10000,
    "frac_train_ndlogn": 1.9986919051317065,
    "frac_train_triplets": 0.009565556204948374,
    "max_train_score": 0.6659877800407332,
    "max_test_score": 0.6867,
    "noise_sd": 2.0,
    "distance_sd": 1.0217126796973048,
    "distance_mean": 1.8903027600714988,
    "difference_sd": 0.8988010745654628,
    "difference_mean": -0.07974267352527131
  },
  "n_repeats": 10,
  "n_splits": 10,
  "embedding_method": "soe",
  "embedding_dimension": [
    1,
    2,
    3,
    4
  ],
  "random_state": 2788076717
}