{
  "data": {
    "name": "normal-1-20",
    "n_dimension": 1,
    "distance": "euclidean",
    "subject": null,
    "n_objects": 20,
    "n_train_triplets": 239,
    "n_test_triplets": 10000,
    "frac_train_ndlogn": 3.9890079983092424,
    "frac_train_triplets": 0.06988304093567252,
    "max_train_score": 0.7824267782426778,
    "max_test_score": 0.7995,
    "noise_sd": 1.0,
    "distance_sd": 1.0245226459915013,
    "distance_mean": 1.3759674381463805,
    "difference_sd": 0.9695021266103674,
    "difference_mean": -0.08769798152736041
  },
  "n_repeats": 10,
  "n_splits": 10,
  "embedding_method": "soe",
  "embedding_dimension": [
    1,
    2,
    3
  ],
  "random_state": 2919336095
}