{
  "data": {
    "name": "normal-2-60",
    "n_dimension": 2,
    "distance": "euclidean",
    "subject": null,
    "n_objects": 60,
    "n_train_triplets": 1965,
    "n_test_triplets": 10000,
    "frac_train_ndlogn": 3.999419138069046,
    "frac_train_triplets": 0.01914085330216248,
    "max_train_score": 0.7944020356234097,
    "max_test_score": 0.7976,
    "noise_sd": 1.0,
    "distance_sd": 1.026429008147159,
    "distance_mean": 2.035477180055086,
    "difference_sd": 0.964895910975937,
    "difference_mean": -0.07000921826871845
  },
  "n_repeats": 10,
  "n_splits": 10,
  "embedding_method": "soe",
  "embedding_dimension": [
    1,
    2,
    3,
    4
  ],
  "random_state": 62261094
}