{
  "data": {
    "name": "normal-2-20",
    "n_dimension": 2,
    "distance": "euclidean",
    "subject": null,
    "n_objects": 20,
    "n_train_triplets": 479,
    "n_test_triplets": 10000,
    "frac_train_ndlogn": 3.9973532033266257,
    "frac_train_triplets": 0.14005847953216374,
    "max_train_score": 0.7828810020876826,
    "max_test_score": 0.797,
    "noise_sd": 1.0,
    "distance_sd": 1.0733453511642725,
    "distance_mean": 1.95942201030129,
    "difference_sd": 1.020666141935073,
    "difference_mean": -0.07999153522380721
  },
  "n_repeats": 10,
  "n_splits": 10,
  "embedding_method": "soe",
  "embedding_dimension": [
    1,
    2,
    3,
    4
  ],
  "random_state": 3560950214
}