{
  "data": {
    "name": "normal-3-20",
    "n_dimension": 3,
    "distance": "euclidean",
    "subject": null,
    "n_objects": 20,
    "n_train_triplets": 1437,
    "n_test_triplets": 10000,
    "frac_train_ndlogn": 7.9947064066532505,
    "frac_train_triplets": 0.4201754385964912,
    "max_train_score": 0.8733472512178149,
    "max_test_score": 0.8699,
    "noise_sd": 0.5,
    "distance_sd": 1.1168577120372778,
    "distance_mean": 2.376983767257512,
    "difference_sd": 1.0285348935827727,
    "difference_mean": -0.15341392828052305
  },
  "n_repeats": 10,
  "n_splits": 10,
  "embedding_method": "soe",
  "embedding_dimension": [
    1,
    2,
    3,
    4,
    5
  ],
  "random_state": 2669194157
}