{
  "data": {
    "name": "normal-8-60",
    "n_dimension": 8,
    "distance": "euclidean",
    "subject": null,
    "n_objects": 60,
    "n_train_triplets": 3930,
    "n_test_triplets": 10000,
    "frac_train_ndlogn": 1.999709569034523,
    "frac_train_triplets": 0.03828170660432496,
    "max_train_score": 0.6900763358778625,
    "max_test_score": 0.6691,
    "noise_sd": 2.0,
    "distance_sd": 1.1021090985568591,
    "distance_mean": 3.6942329075899183,
    "difference_sd": 0.9907175599386321,
    "difference_mean": -0.09463385973532298
  },
  "n_repeats": 10,
  "n_splits": 10,
  "embedding_method": "soe",
  "embedding_dimension": [
    1,
    2,
    3,
    4,
    5,
    6,
    7,
    8,
    9,
    10
  ],
  "random_state": 1747573388
}