{
  "data": {
    "name": "normal-8-60",
    "n_dimension": 8,
    "distance": "euclidean",
    "subject": null,
    "n_objects": 60,
    "n_train_triplets": 7861,
    "n_test_triplets": 10000,
    "frac_train_ndlogn": 3.9999279700204546,
    "frac_train_triplets": 0.07657315410091564,
    "max_train_score": 0.8806767586821015,
    "max_test_score": 0.8777,
    "noise_sd": 0.5,
    "distance_sd": 1.108615851262611,
    "distance_mean": 3.807367931774656,
    "difference_sd": 0.9785395904208086,
    "difference_mean": -0.16316663367061546
  },
  "n_repeats": 10,
  "n_splits": 10,
  "embedding_method": "soe",
  "embedding_dimension": [
    1,
    2,
    3,
    4,
    5,
    6,
    7,
    8,
    9,
    10
  ],
  "random_state": 646437622
}