{
  "data": {
    "name": "normal-8-100",
    "n_dimension": 8,
    "distance": "euclidean",
    "subject": null,
    "n_objects": 100,
    "n_train_triplets": 29473,
    "n_test_triplets": 10000,
    "frac_train_ndlogn": 7.999975790709088,
    "frac_train_triplets": 0.06075654504225933,
    "max_train_score": 0.8701862721813185,
    "max_test_score": 0.8704,
    "noise_sd": 0.5,
    "distance_sd": 1.0655927474826876,
    "distance_mean": 3.7951683026293557,
    "difference_sd": 0.9252068553059348,
    "difference_mean": -0.1604681429526616
  },
  "n_repeats": 10,
  "n_splits": 10,
  "embedding_method": "soe",
  "embedding_dimension": [
    1,
    2,
    3,
    4,
    5,
    6,
    7,
    8,
    9,
    10
  ],
  "random_state": 3327441462
}