,reject,pvals,pvals_corrected,tstats,effectsize,alpha,alpha_corrected,step,dimension_step
0,True,6.991915698609456e-15,6.292724128748511e-14,9.03384873249392,1.2808012864978027,0.05,0.005555555555555556,0,1-2
1,True,3.5404642709074235e-07,2.4783249896351963e-06,5.298437598702082,0.7512020506206237,0.05,0.005555555555555556,1,2-3
2,True,1.2142557392031883e-08,9.714045913625506e-08,6.064126409891767,0.8597599027021237,0.05,0.005555555555555556,2,3-4
3,False,0.12839778755446765,0.770386725326806,1.1405821830063119,0.16170949620800945,0.05,0.005555555555555556,3,4-5
4,False,0.8638278427729498,1.0,-1.1038262221049076,-0.1564983084404249,0.05,0.005555555555555556,4,5-6
5,False,0.9724193905804569,1.0,-1.9405194157917143,-0.2751230220714419,0.05,0.005555555555555556,5,6-7
6,False,0.8175177666557094,1.0,-0.9101301276949292,-0.1290364575442994,0.05,0.005555555555555556,6,7-8
7,False,0.8037036541281339,1.0,-0.8586775936947237,-0.12174161857893162,0.05,0.005555555555555556,7,8-9
8,False,0.8980907862319669,1.0,-1.2791952732980774,-0.1813617872334889,0.05,0.005555555555555556,8,9-10
