,reject,pvals,pvals_corrected,tstats,effectsize,alpha,alpha_corrected,step,dimension_step
0,True,1.9835411239493265e-64,1.7851870115543938e-63,41.20722307090311,5.842278953861171,0.05,0.005555555555555556,0,1-2
1,True,7.534340161657509e-47,6.0274721293260075e-46,26.360114331094696,3.7372851092863897,0.05,0.005555555555555556,1,2-3
2,True,4.5033304281667e-37,2.70199825690002e-36,20.129571922133852,2.8539310738936416,0.05,0.005555555555555556,2,3-4
3,True,4.377301283336535e-40,3.0641108983355746e-39,21.928524433218847,3.1089830189476335,0.05,0.005555555555555556,3,4-5
4,True,2.0124600340351038e-32,1.006230017017552e-31,17.53188764554769,2.4856365117543247,0.05,0.005555555555555556,4,5-6
5,True,1.4476139092833423e-16,4.342841727850027e-16,9.806265614097567,1.3903130311556589,0.05,0.005555555555555556,5,6-7
6,True,3.920072391292794e-22,1.5680289565171176e-21,12.382941402001926,1.7556290511334,0.05,0.005555555555555556,6,7-8
7,False,0.9999997261771373,1.0,-5.358534566651796,-0.7597224804112787,0.05,0.005555555555555556,7,8-9
8,False,0.9978956473100535,1.0,-2.929963503885472,-0.4154044567593879,0.05,0.005555555555555556,8,9-10
