,reject,pvals,pvals_corrected,tstats,effectsize,alpha,alpha_corrected,step,dimension_step
0,True,6.3232034727918375e-65,5.05856277823347e-64,41.71328374692412,5.91402724012174,0.05,0.005555555555555556,0,1-2
1,True,7.256805052201035e-65,5.079763536540724e-64,41.65203185742355,5.905343067827536,0.05,0.005555555555555556,1,2-3
2,True,2.006901984012424e-66,1.8062117856111815e-65,43.27443875477177,6.135364723367572,0.05,0.005555555555555556,2,3-4
3,True,8.500141398691138e-52,5.100084839214683e-51,30.00016235082807,4.253363950613327,0.05,0.005555555555555556,3,4-5
4,True,2.0509620431466524e-46,1.0254810215733262e-45,26.057226537632285,3.6943422742867558,0.05,0.005555555555555556,4,5-6
5,True,1.5056230251569669e-41,6.022492100627867e-41,22.839171790987816,3.238092808353453,0.05,0.005555555555555556,5,6-7
6,True,3.5618408970610847e-22,1.0685522691183254e-21,12.402546992212052,1.758408693111836,0.05,0.005555555555555556,6,7-8
7,False,0.9999996170162635,1.0,-5.279994661646649,-0.7485872473173061,0.05,0.005555555555555556,7,8-9
8,False,0.7877250157066422,1.0,-0.8018678607115722,-0.11368724648958071,0.05,0.005555555555555556,8,9-10
