,reject,pvals,pvals_corrected,tstats,effectsize,alpha,alpha_corrected,step,dimension_step
0,True,4.787835646067572e-22,4.309052081460815e-21,12.342054264167002,1.7498321532340786,0.05,0.005555555555555556,0,1-2
1,True,1.6080757049208904e-08,9.648454229525342e-08,6.002040585736393,0.8509574967945004,0.05,0.005555555555555556,1,2-3
2,True,6.929659416306746e-11,4.850761591414722e-10,7.1677854519871005,1.016234508689953,0.05,0.005555555555555556,2,3-4
3,True,3.615079351363216e-20,2.892063481090573e-19,11.464700274424343,1.625442631995531,0.05,0.005555555555555556,3,4-5
4,False,0.028724401998371046,0.14362200999185523,1.922252059291649,0.2725331122335628,0.05,0.005555555555555556,4,5-6
5,False,0.2724315023154126,1.0,0.6075712730068918,0.08614025883644698,0.05,0.005555555555555556,5,6-7
6,False,0.3853806300632395,1.0,0.2921789072064664,0.04142455019105182,0.05,0.005555555555555556,6,7-8
7,False,0.999999996514762,1.0,-6.336977645367253,-0.8984442136495179,0.05,0.005555555555555556,7,8-9
8,False,0.9999998942430116,1.0,-5.578263214008768,-0.79087517540859,0.05,0.005555555555555556,8,9-10
