,reject,pvals,pvals_corrected,tstats,effectsize,alpha,alpha_corrected,step,dimension_step
0,True,8.522034037509257e-46,7.669830633758332e-45,25.63091419550747,3.633900549789049,0.05,0.005555555555555556,0,1-2
1,True,2.2604430190094375e-28,1.80835441520755e-27,15.421085923237184,2.186371199534432,0.05,0.005555555555555556,1,2-3
2,True,4.6602413076235586e-26,3.262168915336491e-25,14.268109153679605,2.0229044232489546,0.05,0.005555555555555556,2,3-4
3,True,1.1277179205169482e-12,6.76630752310169e-12,8.012622159853029,1.1360137937274752,0.05,0.005555555555555556,3,4-5
4,True,5.724602369547923e-10,2.8623011847739615e-09,6.724248479074452,0.9533507099528189,0.05,0.005555555555555556,4,5-6
5,False,0.021764787960433175,0.0870591518417327,2.0447883233587545,0.2899060624906628,0.05,0.005555555555555556,5,6-7
6,False,0.159430365267738,0.47829109580321394,1.0018453780208594,0.14203966515684158,0.05,0.005555555555555556,6,7-8
7,False,0.9999968394741038,1.0,-4.7712087468363285,-0.6764525820669259,0.05,0.005555555555555556,7,8-9
8,False,0.9999912626667995,1.0,-4.515273648797101,-0.6401666077789672,0.05,0.005555555555555556,8,9-10
