,reject,pvals,pvals_corrected,tstats,effectsize,alpha,alpha_corrected,step,dimension_step
0,True,5.0008174729940107e-42,4.50073572569461e-41,23.142512790800154,3.2810998980570587,0.05,0.005555555555555556,0,1-2
1,True,1.9330678736397693e-23,9.665339368198847e-23,13.002220920401724,1.8434292819492237,0.05,0.005555555555555556,1,2-3
2,True,6.847943823601649e-24,4.793560676521154e-23,13.217586150129677,1.87396334018625,0.05,0.005555555555555556,2,3-4
3,True,1.599869349428478e-23,9.599216096570869e-23,13.041409625974662,1.8489853794664939,0.05,0.005555555555555556,3,4-5
4,True,1.7597047006802323e-33,1.407763760544186e-32,18.10547101869263,2.5669580330673094,0.05,0.005555555555555556,4,5-6
5,True,3.30731155140919e-23,1.322924620563676e-22,12.891153606472256,1.8276823768613581,0.05,0.005555555555555556,5,6-7
6,True,1.8641002221683723e-10,5.592300666505117e-10,6.961008789217531,0.9869181205662086,0.05,0.005555555555555556,6,7-8
7,False,0.999999999520133,1.0,-6.7616556035091895,-0.9586542184040798,0.05,0.005555555555555556,7,8-9
8,False,0.9999999683062103,1.0,-5.8509476989370794,-0.8295358447917218,0.05,0.005555555555555556,8,9-10
