{
  "data": {
    "name": "normal-8-100",
    "n_dimension": 8,
    "distance": "euclidean",
    "subject": null,
    "n_objects": 100,
    "n_train_triplets": 14736,
    "n_test_triplets": 10000,
    "frac_train_ndlogn": 3.999852178328949,
    "frac_train_triplets": 0.030377241805813235,
    "max_train_score": 0.6726384364820847,
    "max_test_score": 0.6668,
    "noise_sd": 2.0,
    "distance_sd": 1.057828430808194,
    "distance_mean": 3.57366729195465,
    "difference_sd": 0.913567018702459,
    "difference_mean": -0.09798708402466136
  },
  "n_repeats": 10,
  "n_splits": 10,
  "embedding_method": "soe",
  "embedding_dimension": [
    1,
    2,
    3,
    4,
    5,
    6,
    7,
    8,
    9,
    10
  ],
  "random_state": 3928475721,
  "alpha": 0.05
}