,reject,pvals,pvals_corrected,tstats,effectsize,alpha,alpha_corrected,step,dimension_step
0,True,1.3330951779369095e-35,1.1997856601432186e-34,19.28540030442907,2.734246084029667,0.05,0.005555555555555556,0,1-2
1,True,2.4037860681643555e-17,1.4422716408986134e-16,10.16373606310743,1.4409944875907152,0.05,0.005555555555555556,1,2-3
2,True,8.26623336449249e-24,6.612986691593992e-23,13.178448374972898,1.8684144634831061,0.05,0.005555555555555556,2,3-4
3,True,7.40905365412481e-18,5.186337557887368e-17,10.3983011609189,1.4742506653218952,0.05,0.005555555555555556,3,4-5
4,True,5.463375502254579e-05,0.00024370421429210256,4.030818317429647,0.571481484744495,0.05,0.005555555555555556,4,5-6
5,True,4.874084285842051e-05,0.00024370421429210256,4.061995561422879,0.5759017330128058,0.05,0.005555555555555556,5,6-7
6,True,0.007328038837364571,0.021984116512093713,2.484374309722119,0.3522296981339589,0.05,0.005555555555555556,6,7-8
7,False,0.9999996442463757,1.0,-5.297309289459043,-0.7510420811576799,0.05,0.005555555555555556,7,8-9
8,False,0.999981020136521,1.0,-4.314245901589817,-0.6116652895845718,0.05,0.005555555555555556,8,9-10
