,reject,pvals,pvals_corrected,tstats,effectsize,alpha,alpha_corrected,step,dimension_step
0,True,6.923985846764672e-33,4.84679009273527e-32,17.781826425625603,2.5210723398879122,0.05,0.005555555555555556,0,1-2
1,True,5.080637996617472e-35,4.064510397293978e-34,18.957886184339717,2.687811776927777,0.05,0.005555555555555556,1,2-3
2,True,2.2931265884232516e-35,2.0638139295809264e-34,19.15223067686665,2.71536555643229,0.05,0.005555555555555556,2,3-4
3,True,5.76873957826658e-30,3.461243746959948e-29,16.236188186805332,2.301934793603728,0.05,0.005555555555555556,3,4-5
4,True,8.52313878399591e-16,4.261569391997955e-15,9.453353161624644,1.3402777984953451,0.05,0.005555555555555556,4,5-6
5,True,1.314404232884568e-12,3.943212698653704e-12,7.981555377399012,1.131609206478706,0.05,0.005555555555555556,5,6-7
6,True,4.1838582207456084e-14,1.6735432882982434e-13,8.676130723321846,1.2300847314703705,0.05,0.005555555555555556,6,7-8
7,False,0.9999999999999994,1.0,-9.525028395891704,-1.35043977208796,0.05,0.005555555555555556,7,8-9
8,False,0.9999999798766798,1.0,-5.952282585525968,-0.8439029054934707,0.05,0.005555555555555556,8,9-10
