,reject,pvals,pvals_corrected,tstats,effectsize,alpha,alpha_corrected,step,dimension_step
0,True,9.30759282393668e-11,8.376833541543012e-10,7.106322619009274,1.0075204292448714,0.05,0.005555555555555556,0,1-2
1,True,0.0001075750655874971,0.0007530254591124797,3.8425180738043596,0.5447846469487023,0.05,0.005555555555555556,1,2-3
2,True,1.237185277639896e-05,9.897482221119167e-05,4.425807830597564,0.6274823202243854,0.05,0.005555555555555556,2,3-4
3,False,0.3168490784115927,1.0,0.47800823837808937,0.06777106688415731,0.05,0.005555555555555556,3,4-5
4,False,0.6844979713178085,1.0,-0.4818103842046094,-0.06831012763337518,0.05,0.005555555555555556,4,5-6
5,False,0.9931453091395397,1.0,-2.50958253083364,-0.3558036700905431,0.05,0.005555555555555556,5,6-7
6,False,0.897853539061998,1.0,-1.2778432112739702,-0.18117009454179345,0.05,0.005555555555555556,6,7-8
7,False,0.9999971243622204,1.0,-4.794591031732872,-0.6797676763820467,0.05,0.005555555555555556,7,8-9
8,False,0.9665349982095631,1.0,-1.852522782381364,-0.262647032643585,0.05,0.005555555555555556,8,9-10
