{
  "data": {
    "name": "normal-8-100",
    "n_dimension": 8,
    "distance": "euclidean",
    "subject": null,
    "n_objects": 100,
    "n_train_triplets": 14736,
    "n_test_triplets": 10000,
    "frac_train_ndlogn": 3.999852178328949,
    "frac_train_triplets": 0.030377241805813235,
    "max_train_score": 0.6716205211726385,
    "max_test_score": 0.678,
    "noise_sd": 2.0,
    "distance_sd": 1.0710865010990829,
    "distance_mean": 3.9453013814955797,
    "difference_sd": 0.9533601431725611,
    "difference_mean": -0.08328768171282402
  },
  "n_repeats": 10,
  "n_splits": 10,
  "embedding_method": "soe",
  "embedding_dimension": [
    1,
    2,
    3,
    4,
    5,
    6,
    7,
    8,
    9,
    10
  ],
  "random_state": 3573339803,
  "alpha": 0.05
}