,reject,pvals,pvals_corrected,tstats,effectsize,alpha,alpha_corrected,step,dimension_step
0,True,7.521172507354941e-55,6.769055256619447e-54,32.43912620753517,4.59915544412771,0.05,0.005555555555555556,0,1-2
1,True,1.7212237075249016e-43,1.204856595267431e-42,24.087141285072025,3.4150274660906104,0.05,0.005555555555555556,1,2-3
2,True,5.801530551003902e-44,4.641224440803121e-43,24.39778200570323,3.4590694958394543,0.05,0.005555555555555556,2,3-4
3,True,1.9529415276060397e-35,9.764707638030199e-35,19.1915991291212,2.7209471380801746,0.05,0.005555555555555556,3,4-5
4,True,2.766982197783129e-34,1.1067928791132516e-33,18.547591944741633,2.629641067468179,0.05,0.005555555555555556,4,5-6
5,True,6.568636254867553e-36,3.9411817529205317e-35,19.45998300045131,2.7589980749348553,0.05,0.005555555555555556,5,6-7
6,True,5.206166437333391e-24,1.5618499312000174e-23,13.27463899514362,1.8820521802206622,0.05,0.005555555555555556,6,7-8
7,False,0.9999999999222917,1.0,-7.143935287043218,-1.012853079262932,0.05,0.005555555555555556,7,8-9
8,False,0.9999997840271502,1.0,-5.413750254996293,-0.7675508519902844,0.05,0.005555555555555556,8,9-10
