,reject,pvals,pvals_corrected,tstats,effectsize,alpha,alpha_corrected,step,dimension_step
0,True,3.499807277860805e-68,3.1498265500747245e-67,45.17356191399577,6.404618665688164,0.05,0.005555555555555556,0,1-2
1,True,2.964955637604442e-43,2.0754689463231094e-42,23.93286125610587,3.3931539473465993,0.05,0.005555555555555556,1,2-3
2,True,6.545889668505233e-44,5.2367117348041866e-43,24.363159296616686,3.454160756314009,0.05,0.005555555555555556,2,3-4
3,True,2.541873731977989e-41,1.5251242391867936e-40,22.69600288894786,3.217794603308278,0.05,0.005555555555555556,3,4-5
4,True,9.217335708238766e-22,4.6086678541193826e-21,12.20833713888272,1.7308740024876674,0.05,0.005555555555555556,4,5-6
5,True,1.842181299981501e-09,5.5265438999445034e-09,6.474617639451909,0.9179585410106879,0.05,0.005555555555555556,5,6-7
6,True,2.8958099090484234e-11,1.1583239636193694e-10,7.3487215739315355,1.0418872758130946,0.05,0.005555555555555556,6,7-8
7,False,0.9592991948049883,1.0,-1.7605567932762458,-0.24960827578061057,0.05,0.005555555555555556,7,8-9
8,False,0.9993770089441091,1.0,-3.3237356594497665,-0.47123269767509895,0.05,0.005555555555555556,8,9-10
