,reject,pvals,pvals_corrected,tstats,effectsize,alpha,alpha_corrected,step,dimension_step
0,True,8.834964389233218e-12,7.951467950309896e-11,7.593063804225075,1.0765296361373318,0.05,0.005555555555555556,0,1-2
1,True,1.1694027987870083e-06,8.185819591509058e-06,5.014289946348908,0.7109161559298892,0.05,0.005555555555555556,1,2-3
2,True,6.593428925212371e-07,5.274743140169897e-06,5.1515642816581275,0.7303786409098254,0.05,0.005555555555555556,2,3-4
3,True,0.00036001836654634453,0.002160110199278067,3.491129070167533,0.49496540586484333,0.05,0.005555555555555556,3,4-5
4,False,0.014378394041642347,0.07189197020821174,2.219190295582307,0.31463243073150166,0.05,0.005555555555555556,4,5-6
5,False,0.8952332562774624,1.0,-1.2630622011016832,-0.17907447202198004,0.05,0.005555555555555556,5,6-7
6,False,0.9287829745887513,1.0,-1.478554854287225,-0.20962659610593867,0.05,0.005555555555555556,6,7-8
7,False,0.9446149928106752,1.0,-1.6091403177568906,-0.22814074600622006,0.05,0.005555555555555556,7,8-9
8,False,0.9962746185227715,1.0,-2.732223188241447,-0.3873692241393891,0.05,0.005555555555555556,8,9-10
