,reject,pvals,pvals_corrected,tstats,effectsize,alpha,alpha_corrected,step,dimension_step
0,True,5.845373908446366e-19,5.26083651760173e-18,10.905704207527261,1.5461892702413385,0.05,0.005555555555555556,0,1-2
1,True,1.4452307896369118e-05,0.00010116615527458383,4.385484009682451,0.6217652882888368,0.05,0.005555555555555556,1,2-3
2,True,3.381127713599981e-07,2.704902170879985e-06,5.309232602005606,0.752732544934655,0.05,0.005555555555555556,2,3-4
3,False,0.9209129880449503,1.0,-1.4219831915484267,-0.20160597714709433,0.05,0.005555555555555556,3,4-5
4,False,0.9946423788234356,1.0,-2.601135896153159,-0.3687839259656126,0.05,0.005555555555555556,4,5-6
5,False,0.9997722977715281,1.0,-3.6269955313661257,-0.5142282852253461,0.05,0.005555555555555556,5,6-7
6,False,0.9597611560890877,1.0,-1.7660051620364414,-0.25038073477610745,0.05,0.005555555555555556,6,7-8
7,False,0.9757477969785754,1.0,-1.997595531976361,-0.2832151614466174,0.05,0.005555555555555556,7,8-9
8,False,0.6754657303138087,1.0,-0.45644680809781313,-0.06471412975144016,0.05,0.005555555555555556,8,9-10
