,reject,pvals,pvals_corrected,tstats,effectsize,alpha,alpha_corrected,step,dimension_step
0,True,8.958205192604548e-63,8.062384673344093e-62,39.559763499761225,5.608705379557017,0.05,0.005555555555555556,0,1-2
1,True,1.991935849695815e-49,1.593548679756652e-48,28.21077800254142,3.9996685608420752,0.05,0.005555555555555556,1,2-3
2,True,3.307063545733482e-30,1.984238127440089e-29,16.36146775681272,2.319696684375731,0.05,0.005555555555555556,2,3-4
3,True,1.2781572717559149e-40,8.947100902291404e-40,22.258301581868402,3.155738173783099,0.05,0.005555555555555556,3,4-5
4,True,2.913923720653078e-25,1.456961860326539e-24,13.879187623158526,1.967763894401448,0.05,0.005555555555555556,4,5-6
5,True,4.339998617847349e-18,1.7359994471389396e-17,10.504994960124973,1.4893775021033158,0.05,0.005555555555555556,5,6-7
6,True,8.928860673251837e-14,2.678658201975551e-13,8.524097784275492,1.2085298007108807,0.05,0.005555555555555556,6,7-8
7,False,0.9993261554312279,1.0,-3.2993225157727455,-0.46777145023174577,0.05,0.005555555555555556,7,8-9
8,False,0.9820537115901139,1.0,-2.127148703547473,-0.30158295503400717,0.05,0.005555555555555556,8,9-10
