{
  "data": {
    "name": "normal-8-100",
    "n_dimension": 8,
    "distance": "euclidean",
    "subject": null,
    "n_objects": 100,
    "n_train_triplets": 7368,
    "n_test_triplets": 10000,
    "frac_train_ndlogn": 1.9999260891644746,
    "frac_train_triplets": 0.015188620902906617,
    "max_train_score": 0.6744028230184582,
    "max_test_score": 0.6722,
    "noise_sd": 2.0,
    "distance_sd": 1.0636277578153472,
    "distance_mean": 3.7402000898795515,
    "difference_sd": 0.929538832867679,
    "difference_mean": -0.0862638572347672
  },
  "n_repeats": 10,
  "n_splits": 10,
  "embedding_method": "soe",
  "embedding_dimension": [
    1,
    2,
    3,
    4,
    5,
    6,
    7,
    8,
    9,
    10
  ],
  "random_state": 756707524,
  "alpha": 0.05
}