,reject,pvals,pvals_corrected,tstats,effectsize,alpha,alpha_corrected,step,dimension_step
0,True,1.057869049924303e-22,9.520821449318727e-22,12.651541759624063,1.7937106809883236,0.05,0.005555555555555556,0,1-2
1,True,6.314178668771994e-05,0.0004419925068140396,3.991065862288278,0.5658454599233825,0.05,0.005555555555555556,1,2-3
2,True,0.0036461513535072537,0.021876908121043523,2.7398424243942654,0.3884494644395791,0.05,0.005555555555555556,2,3-4
3,False,0.10578985206276141,0.5289492603138071,1.2573646715819393,0.1782666875045684,0.05,0.005555555555555556,3,4-5
4,True,8.874747035215571e-06,7.099797628172457e-05,4.511281982235056,0.639600677153015,0.05,0.005555555555555556,4,5-6
5,False,0.7945219222752151,1.0,-0.8257061864443063,-0.11706699737655517,0.05,0.005555555555555556,5,6-7
6,False,0.9964812625264385,1.0,-2.752417546777893,-0.3902323405319012,0.05,0.005555555555555556,6,7-8
7,False,0.949509472971766,1.0,-1.655543122198359,-0.23471964425719083,0.05,0.005555555555555556,7,8-9
8,False,0.9994464207515297,1.0,-3.360262991222681,-0.4764114708549954,0.05,0.005555555555555556,8,9-10
