{
  "data": {
    "name": "normal-8-100",
    "n_dimension": 8,
    "distance": "euclidean",
    "subject": null,
    "n_objects": 100,
    "n_train_triplets": 29473,
    "n_test_triplets": 10000,
    "frac_train_ndlogn": 7.999975790709088,
    "frac_train_triplets": 0.06075654504225933,
    "max_train_score": 0.8792793404132596,
    "max_test_score": 0.8693,
    "noise_sd": 0.5,
    "distance_sd": 1.0678111791906757,
    "distance_mean": 3.85640385930384,
    "difference_sd": 0.9335759220226849,
    "difference_mean": -0.15868477134180056
  },
  "n_repeats": 10,
  "n_splits": 10,
  "embedding_method": "soe",
  "embedding_dimension": [
    1,
    2,
    3,
    4,
    5,
    6,
    7,
    8,
    9,
    10
  ],
  "random_state": 2655058195,
  "alpha": 0.05
}