,reject,pvals,pvals_corrected,tstats,effectsize,alpha,alpha_corrected,step,dimension_step
0,True,3.4769381045987823e-35,3.129244294138904e-34,19.050402288080555,2.70092852796068,0.05,0.005555555555555556,0,1-2
1,True,6.065436389939231e-33,4.852349111951385e-32,17.812968171767558,2.5254875553407605,0.05,0.005555555555555556,1,2-3
2,True,2.0926628339795184e-29,1.4648639837856628e-28,15.947745789093993,2.2610399983720613,0.05,0.005555555555555556,2,3-4
3,True,2.4195339367922336e-20,1.4517203620753402e-19,11.545674246107593,1.6369229622706776,0.05,0.005555555555555556,3,4-5
4,True,1.0124115057334498e-19,5.062057528667249e-19,11.257427401316672,1.596055892147042,0.05,0.005555555555555556,4,5-6
5,True,3.3613798668275446e-13,1.3445519467310178e-12,8.257360554359991,1.1707123214338815,0.05,0.005555555555555556,5,6-7
6,True,4.473667897590238e-09,1.3421003692770714e-08,6.282772951672411,0.8907591789013871,0.05,0.005555555555555556,6,7-8
7,False,0.9999999999999982,1.0,-9.313684109864514,-1.3204757953319692,0.05,0.005555555555555556,7,8-9
8,False,0.9998990656624269,1.0,-3.8604729665036075,-0.5473302562841132,0.05,0.005555555555555556,8,9-10
