,reject,pvals,pvals_corrected,tstats,effectsize,alpha,alpha_corrected,step,dimension_step
0,True,3.154701123488832e-46,2.839231011139949e-45,25.927797876637094,3.6759921335636703,0.05,0.005555555555555556,0,1-2
1,True,3.699450251153093e-24,2.589615175807165e-23,13.345853144520362,1.8921487821053604,0.05,0.005555555555555556,1,2-3
2,True,7.24200451936259e-37,5.793603615490072e-36,20.00987985767314,2.8369613686567754,0.05,0.005555555555555556,2,3-4
3,True,6.936416168360528e-22,4.161849701016317e-21,12.2663367336988,1.7390970708449651,0.05,0.005555555555555556,3,4-5
4,True,5.0471722771604115e-17,2.5235861385802057e-16,10.016013103636034,1.42005061724942,0.05,0.005555555555555556,4,5-6
5,True,9.121511012788291e-12,3.6486044051153165e-11,7.586519305185683,1.0756017699490275,0.05,0.005555555555555556,5,6-7
6,True,3.8481494248023834e-11,1.1544448274407151e-10,7.289895220391813,1.0335469912317685,0.05,0.005555555555555556,6,7-8
7,False,1.0,1.0,-10.736908423702745,-1.5222577363536596,0.05,0.005555555555555556,7,8-9
8,False,0.9999997637619743,1.0,-5.392916536346727,-0.7645970883797738,0.05,0.005555555555555556,8,9-10
