,reject,pvals,pvals_corrected,tstats,effectsize,alpha,alpha_corrected,step,dimension_step
0,True,2.1673052364939093e-37,1.9505747128445185e-36,20.314679856600648,2.8801753123822986,0.05,0.005555555555555556,0,1-2
1,True,4.732776373926557e-23,3.786221099141246e-22,12.817175711887232,1.8171939366225829,0.05,0.005555555555555556,1,2-3
2,True,8.383189341864754e-10,5.0299136051188525e-09,6.643133516610743,0.9418503902824165,0.05,0.005555555555555556,2,3-4
3,True,4.363028984717137e-20,3.0541202893019955e-19,11.42680841354979,1.6200703985662332,0.05,0.005555555555555556,3,4-5
4,True,2.1519923899264234e-07,1.0759961949632117e-06,5.414583007795167,0.7676689180424972,0.05,0.005555555555555556,4,5-6
5,False,0.6900138411341576,1.0,-0.49745356383536893,-0.0705279868414806,0.05,0.005555555555555556,5,6-7
6,False,0.2891237987713786,1.0,0.5577890363816997,0.07908223134425076,0.05,0.005555555555555556,6,7-8
7,False,0.9999335457333326,1.0,-3.9769626476704,-0.5638459339227577,0.05,0.005555555555555556,7,8-9
8,False,0.9997731887911008,1.0,-3.628143872810345,-0.5143910948143317,0.05,0.005555555555555556,8,9-10
