,reject,pvals,pvals_corrected,tstats,effectsize,alpha,alpha_corrected,step,dimension_step
0,True,2.76031853255001e-75,2.484286679295009e-74,53.64715254766157,7.605987662029413,0.05,0.005555555555555556,0,1-2
1,True,1.0158710919943243e-62,8.126968735954594e-62,39.506396105535785,5.601139055479095,0.05,0.005555555555555556,1,2-3
2,True,4.642837556153705e-55,3.2499862893075935e-54,32.612284727222864,4.623705518116257,0.05,0.005555555555555556,2,3-4
3,True,3.613485638862923e-49,2.168091383317754e-48,28.02069172712453,3.972718502975397,0.05,0.005555555555555556,3,4-5
4,True,4.7585495898678015e-40,1.9034198359471206e-39,21.90627120807535,3.1058280005012873,0.05,0.005555555555555556,4,5-6
5,True,6.995401688046531e-47,3.4977008440232654e-46,26.382667055834137,3.7404825901957617,0.05,0.005555555555555556,5,6-7
6,True,4.224315772859342e-38,1.2672947318578025e-37,20.732377474960767,2.9393956583062244,0.05,0.005555555555555556,6,7-8
7,False,0.9998245723849658,1.0,-3.7028762356280955,-0.5249865020736662,0.05,0.005555555555555556,7,8-9
8,False,0.9999999589673276,1.0,-5.792995687336366,-0.8213195226890118,0.05,0.005555555555555556,8,9-10
