,reject,pvals,pvals_corrected,tstats,effectsize,alpha,alpha_corrected,step,dimension_step
0,True,1.9780210262896662e-45,1.3846147184027664e-44,25.38133940548787,3.5985163274492673,0.05,0.005555555555555556,0,1-2
1,True,1.9176843310229304e-51,1.7259158979206373e-50,29.727784085258225,4.214746696407921,0.05,0.005555555555555556,1,2-3
2,True,7.320407339189035e-47,5.856325871351228e-46,26.36886567965236,3.7385258582543157,0.05,0.005555555555555556,2,3-4
3,True,1.5385755868064934e-39,9.23145352083896e-39,21.595139846813023,3.0617164086897883,0.05,0.005555555555555556,3,4-5
4,True,9.33256488650223e-39,4.666282443251115e-38,21.122839688458715,2.994754622152732,0.05,0.005555555555555556,4,5-6
5,True,1.2431294122052984e-19,3.729388236615895e-19,11.216171145267309,1.5902066613940362,0.05,0.005555555555555556,5,6-7
6,True,2.4493942481733076e-30,9.79757699269323e-30,16.429252904976014,2.3293071292197665,0.05,0.005555555555555556,6,7-8
7,False,0.9999999992973009,1.0,-6.680700552650237,-0.947176570686149,0.05,0.005555555555555556,7,8-9
8,False,0.9997231172973596,1.0,-3.569414485458316,-0.5060645579081795,0.05,0.005555555555555556,8,9-10
