,reject,pvals,pvals_corrected,tstats,effectsize,alpha,alpha_corrected,step,dimension_step
0,True,1.7997143705165854e-36,1.4397714964132683e-35,19.781744404106107,2.804616773227209,0.05,0.005555555555555556,0,1-2
1,True,1.5348856785325563e-37,1.3813971106793006e-36,20.40237328219942,2.8926083136036174,0.05,0.005555555555555556,1,2-3
2,True,1.8141604209678856e-17,1.26991229467752e-16,10.219800673442737,1.448943217658131,0.05,0.005555555555555556,2,3-4
3,True,3.332859239003354e-14,1.9997155434020124e-13,8.721677790780127,1.2365423050167303,0.05,0.005555555555555556,3,4-5
4,True,0.012556670643269319,0.037670011929807956,2.2741830238426797,0.32242919146876775,0.05,0.005555555555555556,4,5-6
5,True,5.4153686490795845e-05,0.00021661474596318338,4.033234552292415,0.571824053766,0.05,0.005555555555555556,5,6-7
6,True,1.9177317202376483e-07,9.588658601188242e-07,5.441296113971879,0.7714562496406476,0.05,0.005555555555555556,6,7-8
7,False,0.9999999999577237,1.0,-7.270409360497666,-1.0307843243817947,0.05,0.005555555555555556,7,8-9
8,False,0.9979677702484152,1.0,-2.941738914426174,-0.41707395128117714,0.05,0.005555555555555556,8,9-10
