{
  "data": {
    "name": "normal-8-100",
    "n_dimension": 8,
    "distance": "euclidean",
    "subject": null,
    "n_objects": 100,
    "n_train_triplets": 7368,
    "n_test_triplets": 10000,
    "frac_train_ndlogn": 1.9999260891644746,
    "frac_train_triplets": 0.015188620902906617,
    "max_train_score": 0.7858306188925082,
    "max_test_score": 0.7856,
    "noise_sd": 1.0,
    "distance_sd": 1.0713303972622243,
    "distance_mean": 3.951851868391008,
    "difference_sd": 0.94247993783851,
    "difference_mean": -0.13053772721992363
  },
  "n_repeats": 10,
  "n_splits": 10,
  "embedding_method": "soe",
  "embedding_dimension": [
    1,
    2,
    3,
    4,
    5,
    6,
    7,
    8,
    9,
    10
  ],
  "random_state": 2572934037,
  "alpha": 0.05
}