,reject,pvals,pvals_corrected,tstats,effectsize,alpha,alpha_corrected,step,dimension_step
0,True,4.853014197433582e-38,4.367712777690223e-37,20.696730480369784,2.9343416975986814,0.05,0.005555555555555556,0,1-2
1,True,1.8750135183751144e-30,1.5000108147000916e-29,16.48969913403046,2.3378770765621883,0.05,0.005555555555555556,1,2-3
2,True,1.332844267367676e-13,9.329909871573732e-13,8.44361519552591,1.197119137740583,0.05,0.005555555555555556,2,3-4
3,True,7.67314842841164e-09,4.603889057046984e-08,6.165016392001017,0.8740638857227244,0.05,0.005555555555555556,3,4-5
4,False,0.32332986607367264,1.0,0.45981150404762383,0.06519116971843568,0.05,0.005555555555555556,4,5-6
5,False,0.8795652726037657,1.0,-1.1798949034900281,-0.16728317631515596,0.05,0.005555555555555556,5,6-7
6,False,0.9947183928629192,1.0,-2.6063767644509155,-0.3695269659540937,0.05,0.005555555555555556,6,7-8
7,False,0.9857000526257451,1.0,-2.2214290187854617,-0.3149498324994104,0.05,0.005555555555555556,7,8-9
8,False,0.9999994468115958,1.0,-5.193241164342437,-0.7362875072789599,0.05,0.005555555555555556,8,9-10
