,reject,pvals,pvals_corrected,tstats,effectsize,alpha,alpha_corrected,step,dimension_step
0,True,3.983781539479857e-70,3.5854033855318713e-69,47.360643458665216,6.71469878093434,0.05,0.005555555555555556,0,1-2
1,True,1.6783572118333472e-58,1.174850048283343e-57,35.5701971643268,5.043072519598548,0.05,0.005555555555555556,1,2-3
2,True,9.589518071970285e-63,7.671614457576228e-62,39.53085682724923,5.604607048442776,0.05,0.005555555555555556,2,3-4
3,True,3.448047335154926e-52,2.068828401092956e-51,30.304562464458325,4.296521199388742,0.05,0.005555555555555556,3,4-5
4,True,3.628331647179222e-52,2.068828401092956e-51,30.287302382872333,4.294074099004951,0.05,0.005555555555555556,4,5-6
5,True,2.0268535162648725e-51,8.10741406505949e-51,29.709321272595886,4.21212907518019,0.05,0.005555555555555556,5,6-7
6,True,6.418464806960976e-38,1.925539442088293e-37,20.62501571057058,2.9241741187361607,0.05,0.005555555555555556,6,7-8
7,False,0.9996694035723328,1.0,-3.5166751459113805,-0.49858727818599496,0.05,0.005555555555555556,7,8-9
8,False,0.9999952259150284,1.0,-4.668354838684993,-0.6618701574788634,0.05,0.005555555555555556,8,9-10
