{
  "data": {
    "name": "normal-8-100",
    "n_dimension": 8,
    "distance": "euclidean",
    "subject": null,
    "n_objects": 100,
    "n_train_triplets": 29473,
    "n_test_triplets": 10000,
    "frac_train_ndlogn": 7.999975790709088,
    "frac_train_triplets": 0.06075654504225933,
    "max_train_score": 0.7855325212906729,
    "max_test_score": 0.7824,
    "noise_sd": 1.0,
    "distance_sd": 1.0707778123996254,
    "distance_mean": 3.936997235102586,
    "difference_sd": 0.9551546304330925,
    "difference_mean": -0.12098032749329199
  },
  "n_repeats": 10,
  "n_splits": 10,
  "embedding_method": "soe",
  "embedding_dimension": [
    1,
    2,
    3,
    4,
    5,
    6,
    7,
    8,
    9,
    10
  ],
  "random_state": 1911719992,
  "alpha": 0.05
}