,reject,pvals,pvals_corrected,tstats,effectsize,alpha,alpha_corrected,step,dimension_step
0,True,1.7109348678897426e-56,1.5398413811007683e-55,33.817974972804336,4.794645907244544,0.05,0.005555555555555556,0,1-2
1,True,2.424112564208499e-54,1.9392900513667992e-53,32.02219657055698,4.540043981092032,0.05,0.005555555555555556,1,2-3
2,True,7.575995740967148e-45,5.303197018677003e-44,24.987016185357103,3.5426099576843155,0.05,0.005555555555555556,2,3-4
3,True,6.32873413364e-34,3.16436706682e-33,18.349141104671247,2.601505098093966,0.05,0.005555555555555556,3,4-5
4,True,1.8779407717652759e-44,1.1267644630591656e-43,24.723004990558152,3.5051789702988354,0.05,0.005555555555555556,4,5-6
5,True,2.0041821836903391e-19,8.016728734761357e-19,11.120270216141018,1.576610016482385,0.05,0.005555555555555556,5,6-7
6,True,1.6764577076475177e-13,5.029373122942553e-13,8.397488521041323,1.1905793886512253,0.05,0.005555555555555556,6,7-8
7,False,0.9824827383427163,1.0,-2.1373267184125213,-0.30302597394202346,0.05,0.005555555555555556,7,8-9
8,False,0.9999994441882057,1.0,-5.192120179044938,-0.7361285761905947,0.05,0.005555555555555556,8,9-10
