,reject,pvals,pvals_corrected,tstats,effectsize,alpha,alpha_corrected,step,dimension_step
0,True,6.598692595808036e-67,5.938823336227233e-66,43.788815819555545,6.208292090852742,0.05,0.005555555555555556,0,1-2
1,True,1.7757384490737152e-60,1.4205907592589721e-59,37.36902949717292,5.298107426018451,0.05,0.005555555555555556,1,2-3
2,True,1.4797551112028417e-51,7.398775556014209e-51,29.81435499243817,4.227020549177952,0.05,0.005555555555555556,2,3-4
3,True,1.5922554069199106e-56,9.553532441519465e-56,33.844643537642945,4.798426923859476,0.05,0.005555555555555556,3,4-5
4,True,1.7328910617402776e-58,1.2130237432181943e-57,35.557820937357945,5.041317842506525,0.05,0.005555555555555556,4,5-6
5,True,7.68300765678212e-42,3.073203062712848e-41,23.024004481335584,3.264298023272844,0.05,0.005555555555555556,5,6-7
6,True,3.083706298338573e-32,9.251118895015719e-32,17.432429684509085,2.4715355578616056,0.05,0.005555555555555556,6,7-8
7,False,0.9999840207648182,1.0,-4.359310579320625,-0.6180544708651502,0.05,0.005555555555555556,7,8-9
8,False,0.9911569690554983,1.0,-2.4124644739056844,-0.34203446319558184,0.05,0.005555555555555556,8,9-10
