,reject,pvals,pvals_corrected,tstats,effectsize,alpha,alpha_corrected,step,dimension_step
0,True,2.8145015963963086e-73,2.533051436756678e-72,51.11332951027014,7.246747220646376,0.05,0.005555555555555556,0,1-2
1,True,1.0779096988404788e-65,8.62327759072383e-65,42.50738351512752,6.026613141750153,0.05,0.005555555555555556,1,2-3
2,True,1.1390889776979329e-61,7.973622843885531e-61,38.49294245560955,5.4574535923871,0.05,0.005555555555555556,2,3-4
3,True,4.545505801618416e-61,2.727303480971049e-60,37.923006491135105,5.376649193494015,0.05,0.005555555555555556,3,4-5
4,True,8.152590934146263e-44,3.2610363736585054e-43,24.300294740140657,3.4452479432712138,0.05,0.005555555555555556,4,5-6
5,True,2.7624492736243043e-47,1.381224636812152e-46,26.66623864422682,3.7806868116723935,0.05,0.005555555555555556,5,6-7
6,True,2.368871038505612e-35,7.106613115516836e-35,19.144269195595037,2.714236793293005,0.05,0.005555555555555556,6,7-8
7,False,0.9999960713009676,1.0,-4.717110814008137,-0.6687826836642669,0.05,0.005555555555555556,7,8-9
8,False,0.9994678488252441,1.0,-3.372411021723297,-0.47813379470104767,0.05,0.005555555555555556,8,9-10
