,reject,pvals,pvals_corrected,tstats,effectsize,alpha,alpha_corrected,step,dimension_step
0,True,2.181789023043301e-63,1.963610120738971e-62,40.163519016052554,5.694304647919196,0.05,0.005555555555555556,0,1-2
1,True,1.1383624664942152e-60,9.106899731953722e-60,37.54900807792796,5.323624434837068,0.05,0.005555555555555556,1,2-3
2,True,4.751819108889802e-50,2.375909554444901e-49,28.67233630628246,4.06510738838176,0.05,0.005555555555555556,2,3-4
3,True,6.031639886312381e-51,3.618983931787429e-50,29.34752755244356,4.1608346738746675,0.05,0.005555555555555556,3,4-5
4,True,5.198161238033153e-55,3.638712866623207e-54,32.57166157267801,4.617946047248043,0.05,0.005555555555555556,4,5-6
5,True,1.0783787878718902e-45,4.313515151487561e-45,25.560963664233796,3.623983101191059,0.05,0.005555555555555556,5,6-7
6,True,4.314542390221049e-40,1.2943627170663148e-39,21.93237410711179,3.1095288181325302,0.05,0.005555555555555556,6,7-8
7,False,0.9991998372069075,1.0,-3.2454370191607906,-0.46013167061755783,0.05,0.005555555555555556,7,8-9
8,False,0.9998442712941134,1.0,-3.7371964254444525,-0.529852351012616,0.05,0.005555555555555556,8,9-10
