,reject,pvals,pvals_corrected,tstats,effectsize,alpha,alpha_corrected,step,dimension_step
0,True,1.312708155317864e-34,1.1814373397860776e-33,18.72747305537121,2.6551442571643173,0.05,0.005555555555555556,0,1-2
1,True,2.5039087289639663e-14,1.5023452373783797e-13,8.778920970571244,1.2446581303410988,0.05,0.005555555555555556,1,2-3
2,True,9.402545497109763e-17,7.52203639768781e-16,9.892157769155952,1.4024906517862934,0.05,0.005555555555555556,2,3-4
3,True,3.743856226691728e-16,2.6206993586842095e-15,9.617137047740428,1.3634987553938336,0.05,0.005555555555555556,3,4-5
4,False,0.7050848606682631,1.0,-0.5408435375281034,-0.07667973188087514,0.05,0.005555555555555556,4,5-6
5,True,2.456878423330308e-07,1.2284392116651538e-06,5.3837932271167555,0.763303603560083,0.05,0.005555555555555556,5,6-7
6,False,0.999999972956384,1.0,-5.8864299282771535,-0.8345664454063981,0.05,0.005555555555555556,6,7-8
7,False,0.9999238196209428,1.0,-3.9391328420385245,-0.5584824985635859,0.05,0.005555555555555556,7,8-9
8,False,0.95232078127043,1.0,-1.6838648632174948,-0.23873504493604994,0.05,0.005555555555555556,8,9-10
