,reject,pvals,pvals_corrected,tstats,effectsize,alpha,alpha_corrected,step,dimension_step
0,True,5.24285996022187e-40,4.7185739641996833e-39,21.880462354768785,3.102168872094678,0.05,0.005555555555555556,0,1-2
1,True,7.256159970108997e-32,5.8049279760871974e-31,17.233883327002516,2.4433860462133556,0.05,0.005555555555555556,1,2-3
2,True,8.888209826737565e-20,5.332925896042539e-19,11.283601945358084,1.5997668674660277,0.05,0.005555555555555556,2,3-4
3,True,7.47230484334564e-25,5.2306133903419475e-24,13.680785205691965,1.939634790288666,0.05,0.005555555555555556,3,4-5
4,True,1.264721579183878e-08,5.058886316735512e-08,6.055142700843556,0.8584862101213432,0.05,0.005555555555555556,4,5-6
5,True,4.441559863796573e-06,1.332467959138972e-05,4.686449281384714,0.6644355519385806,0.05,0.005555555555555556,5,6-7
6,True,2.3178773254506804e-13,1.1589386627253402e-12,8.332275589138415,1.1813336275641364,0.05,0.005555555555555556,6,7-8
7,False,0.9999989985943077,1.0,-5.051636399371036,-0.7162110625077267,0.05,0.005555555555555556,7,8-9
8,False,0.9999299315289715,1.0,-3.9623221554351167,-0.5617702337593862,0.05,0.005555555555555556,8,9-10
