,reject,pvals,pvals_corrected,tstats,effectsize,alpha,alpha_corrected,step,dimension_step
0,True,8.906208343203136e-73,8.015587508882823e-72,50.49971058858736,7.159749538087911,0.05,0.005555555555555556,0,1-2
1,True,2.290559126986852e-56,1.6033913888907963e-55,33.70992334165824,4.77932655972411,0.05,0.005555555555555556,1,2-3
2,True,1.883491814358252e-58,1.5067934514866017e-57,35.525582864651106,5.036747192031871,0.05,0.005555555555555556,2,3-4
3,True,2.8326527274062026e-47,1.4163263637031014e-46,26.658549207689273,3.7795966184998746,0.05,0.005555555555555556,3,4-5
4,True,2.6691899626445213e-48,1.6015139775867127e-47,27.38971788093457,3.8832602733905115,0.05,0.005555555555555556,4,5-6
5,True,1.065042694370059e-41,4.260170777480236e-41,22.934153098978538,3.25155907119115,0.05,0.005555555555555556,5,6-7
6,True,6.708313512295244e-37,2.012494053688573e-36,20.02913659783755,2.839691551362582,0.05,0.005555555555555556,6,7-8
7,False,0.9999996337942035,1.0,-5.290514662207213,-0.750078752283895,0.05,0.005555555555555556,7,8-9
8,False,0.9911660857138039,1.0,-2.4128631924695663,-0.3420909927285298,0.05,0.005555555555555556,8,9-10
