,reject,pvals,pvals_corrected,tstats,effectsize,alpha,alpha_corrected,step,dimension_step
0,True,2.6399508242953082e-46,2.3759557418657773e-45,25.981284279167777,3.6835753304047945,0.05,0.005555555555555556,0,1-2
1,True,1.4862299696740425e-36,1.188983975739234e-35,19.829576608126803,2.81139832893617,0.05,0.005555555555555556,1,2-3
2,True,1.8491758017855165e-23,1.10950548107131e-22,13.011408620238887,1.8447318959424233,0.05,0.005555555555555556,2,3-4
3,True,6.717306923783959e-26,4.702114846648772e-25,14.190237323320936,2.011863908462984,0.05,0.005555555555555556,3,4-5
4,True,1.250168436768536e-14,5.000673747074144e-14,8.917800511703229,1.264348198242088,0.05,0.005555555555555556,4,5-6
5,True,6.78178216109209e-15,3.390891080546045e-14,9.039939350024584,1.2816648022594495,0.05,0.005555555555555556,5,6-7
6,True,4.920926762809226e-10,1.4762780288427678e-09,6.756325849248339,0.9578985763387593,0.05,0.005555555555555556,6,7-8
7,False,0.999999999999518,1.0,-8.184613444683267,-1.160398379456106,0.05,0.005555555555555556,7,8-9
8,False,0.9999999996542942,1.0,-6.831000971843555,-0.9684858681920435,0.05,0.005555555555555556,8,9-10
