,reject,pvals,pvals_corrected,tstats,effectsize,alpha,alpha_corrected,step,dimension_step
0,True,6.586524205932339e-60,5.927871785339105e-59,36.842782795364755,5.223497204766158,0.05,0.005555555555555556,0,1-2
1,True,2.4774731232636773e-45,1.9819784986109419e-44,25.314912644925762,3.589098472124791,0.05,0.005555555555555556,1,2-3
2,True,2.225972423938252e-37,1.5581806967567765e-36,20.307901091195085,2.8792142323698466,0.05,0.005555555555555556,2,3-4
3,True,1.0922517607442047e-34,5.461258803721024e-34,18.771974894545938,2.661453640302591,0.05,0.005555555555555556,3,4-5
4,True,5.257213975020799e-36,3.1543283850124793e-35,19.51510761023451,2.7668135335747652,0.05,0.005555555555555556,4,5-6
5,True,1.103760724304167e-22,4.415042897216668e-22,12.64281176239993,1.7924729591704263,0.05,0.005555555555555556,5,6-7
6,True,9.311487734794327e-06,2.7934463204382982e-05,4.498980847538633,0.6378566464955288,0.05,0.005555555555555556,6,7-8
7,False,0.9479285175370707,1.0,-1.6401728166014558,-0.23254047259234234,0.05,0.005555555555555556,7,8-9
8,False,0.9908853326383954,1.0,-2.4007490020524704,-0.3403734666628911,0.05,0.005555555555555556,8,9-10
