,reject,pvals,pvals_corrected,tstats,effectsize,alpha,alpha_corrected,step,dimension_step
0,True,1.2880893594176636e-44,1.1592804234758973e-43,24.832406189845155,3.5206896569331145,0.05,0.005555555555555556,0,1-2
1,True,1.6309044213853731e-24,1.3047235371082985e-23,13.517034598806816,1.9164185516539733,0.05,0.005555555555555556,1,2-3
2,True,7.561684346298728e-22,5.2931790424091096e-21,12.248722770994837,1.7365997978930268,0.05,0.005555555555555556,2,3-4
3,True,3.112264322633721e-21,1.8673585935802327e-20,11.960744200806076,1.6957707632142782,0.05,0.005555555555555556,3,4-5
4,True,2.055120299312433e-10,1.0275601496562165e-09,6.94052474361511,0.984013932911849,0.05,0.005555555555555556,4,5-6
5,True,3.8128964083333304e-08,1.5251585633333321e-07,5.809491549383557,0.8236582735312676,0.05,0.005555555555555556,5,6-7
6,True,3.738698763114816e-05,0.00011216096289344449,4.133871563073245,0.5860921710097339,0.05,0.005555555555555556,6,7-8
7,False,0.9999999957188048,1.0,-6.292333335300344,-0.8921146312686627,0.05,0.005555555555555556,7,8-9
8,False,0.9999979584965581,1.0,-4.87887072120144,-0.6917166848161492,0.05,0.005555555555555556,8,9-10
