,reject,pvals,pvals_corrected,tstats,effectsize,alpha,alpha_corrected,step,dimension_step
0,True,3.4322666521374547e-13,3.089039986923709e-12,8.253151291534147,1.1701155404380745,0.05,0.005555555555555556,0,1-2
1,True,7.063172860240039e-06,5.650538288192031e-05,4.569482815010231,0.6478522766319348,0.05,0.005555555555555556,1,2-3
2,False,0.360358570292879,1.0,0.3585206112322721,0.050830346367279254,0.05,0.005555555555555556,2,3-4
3,False,0.8869561086697213,1.0,-1.2180822062291683,-0.1726972969103178,0.05,0.005555555555555556,3,4-5
4,False,0.7863454502935296,1.0,-0.7970851644893342,-0.11300916523586908,0.05,0.005555555555555556,4,5-6
5,False,0.31239466447963504,1.0,0.4906081022531127,0.06955745077641581,0.05,0.005555555555555556,5,6-7
6,False,0.5445255305804212,1.0,-0.11212801744800108,-0.01589728954429828,0.05,0.005555555555555556,6,7-8
7,False,0.2543080013009893,1.0,0.663400393398531,0.09405560160330687,0.05,0.005555555555555556,7,8-9
8,False,0.9328718850501059,1.0,-1.5098916240579239,-0.21406946162488746,0.05,0.005555555555555556,8,9-10
