,reject,pvals,pvals_corrected,tstats,effectsize,alpha,alpha_corrected,step,dimension_step
0,True,4.88501012948139e-46,4.3965091165332507e-45,25.796848984476334,3.6574264574591226,0.05,0.005555555555555556,0,1-2
1,True,1.814723118093125e-38,1.4517784944745e-37,20.95030046939875,2.9702923513878416,0.05,0.005555555555555556,1,2-3
2,True,4.769271805502903e-35,3.338490263852032e-34,18.973294647854768,2.689996358547131,0.05,0.005555555555555556,2,3-4
3,True,1.749211181938316e-14,8.74605590969158e-14,8.850665638341058,1.2548299480790261,0.05,0.005555555555555556,3,4-5
4,True,5.287308706176959e-12,2.1149234824707837e-11,7.698156024031615,1.091429404144845,0.05,0.005555555555555556,4,5-6
5,True,1.7379686676910395e-18,1.0427812006146237e-17,10.687745685412311,1.5152875401156316,0.05,0.005555555555555556,5,6-7
6,True,2.5235086000999806e-07,7.570525800299941e-07,5.377564637174598,0.7624205263415894,0.05,0.005555555555555556,6,7-8
7,False,0.9999592952909331,1.0,-4.1109127043619695,-0.5828371092254744,0.05,0.005555555555555556,7,8-9
8,False,0.9999903920359346,1.0,-4.490944331078741,-0.6367172450149875,0.05,0.005555555555555556,8,9-10
