{
  "data": {
    "name": "normal-8-100",
    "n_dimension": 8,
    "distance": "euclidean",
    "subject": null,
    "n_objects": 100,
    "n_train_triplets": 14736,
    "n_test_triplets": 10000,
    "frac_train_ndlogn": 3.999852178328949,
    "frac_train_triplets": 0.030377241805813235,
    "max_train_score": 0.7897665580890336,
    "max_test_score": 0.7903,
    "noise_sd": 1.0,
    "distance_sd": 1.0743475490023038,
    "distance_mean": 4.0321263557431495,
    "difference_sd": 0.9640912684360636,
    "difference_mean": -0.1201626226499583
  },
  "n_repeats": 10,
  "n_splits": 10,
  "embedding_method": "soe",
  "embedding_dimension": [
    1,
    2,
    3,
    4,
    5,
    6,
    7,
    8,
    9,
    10
  ],
  "random_state": 1154592242,
  "alpha": 0.05
}