,reject,pvals,pvals_corrected,tstats,effectsize,alpha,alpha_corrected,step,dimension_step
0,True,1.344640156032006e-16,1.2101761404288054e-15,9.820952747685597,1.3923953440381904,0.05,0.005555555555555556,0,1-2
1,True,4.035733797923819e-10,3.228587038339055e-09,6.798300417769966,0.9638496480197934,0.05,0.005555555555555556,1,2-3
2,True,0.003662940096725317,0.025640580677077217,2.738215415442852,0.3882187903138747,0.05,0.005555555555555556,2,3-4
3,False,0.31642215784810107,1.0,0.47921249646894853,0.06794180422520885,0.05,0.005555555555555556,3,4-5
4,False,0.08455768169874353,0.5073460901924611,1.3851647480127607,0.19638593071464655,0.05,0.005555555555555556,4,5-6
5,False,0.9741387257636012,1.0,-1.9692238241963596,-0.2791926765787826,0.05,0.005555555555555556,5,6-7
6,False,0.6940903025080678,1.0,-0.5090936549324223,-0.0721782960389805,0.05,0.005555555555555556,6,7-8
7,False,0.9986522004024436,1.0,-3.078057721100095,-0.4364009632925464,0.05,0.005555555555555556,7,8-9
8,False,0.997354933345342,1.0,-2.851924209345296,-0.40434019923148434,0.05,0.005555555555555556,8,9-10
