,reject,pvals,pvals_corrected,tstats,effectsize,alpha,alpha_corrected,step,dimension_step
0,True,1.3627711234075747e-36,1.0902168987260597e-35,19.85127374402036,2.8144745061435468,0.05,0.005555555555555556,0,1-2
1,True,6.312004128129805e-39,5.680803715316825e-38,21.224724593000204,3.0091996633168674,0.05,0.005555555555555556,1,2-3
2,True,4.960714223023149e-31,3.472499956116204e-30,16.79203968109758,2.3807423240453742,0.05,0.005555555555555556,2,3-4
3,True,3.203540157804228e-18,1.922124094682537e-17,10.5655978370169,1.4979696586677107,0.05,0.005555555555555556,3,4-5
4,True,3.685062248794435e-11,1.8425311243972174e-10,7.298862954548474,1.034818418923878,0.05,0.005555555555555556,4,5-6
5,True,3.845074765940487e-11,1.8425311243972174e-10,7.290060772151687,1.0335704628343276,0.05,0.005555555555555556,5,6-7
6,True,3.1356055859689294e-10,9.406816757906788e-10,6.851595615449286,0.9714057362135553,0.05,0.005555555555555556,6,7-8
7,False,0.9999762838426779,1.0,-4.2554850600935366,-0.6033342931717779,0.05,0.005555555555555556,7,8-9
8,False,0.9999841545365303,1.0,-4.36150495638379,-0.6183655853246446,0.05,0.005555555555555556,8,9-10
