,reject,pvals,pvals_corrected,tstats,effectsize,alpha,alpha_corrected,step,dimension_step
0,True,2.6103115331588e-46,2.3492803798429202e-45,25.984677206542578,3.68405637296764,0.05,0.005555555555555556,0,1-2
1,True,1.24117799092659e-33,9.92942392741272e-33,18.188450204119494,2.578722658598949,0.05,0.005555555555555556,1,2-3
2,True,1.0572730800068364e-27,7.400911560047855e-27,15.083670664331562,2.1385331284655793,0.05,0.005555555555555556,2,3-4
3,True,3.318021456383705e-14,1.327208582553482e-13,8.72257121727568,1.2366689732661975,0.05,0.005555555555555556,3,4-5
4,True,9.753750074354906e-15,4.876875037177453e-14,8.967383381667279,1.2713779599216017,0.05,0.005555555555555556,4,5-6
5,True,9.178896442940703e-16,5.5073378657644224e-15,9.438592749863966,1.3381850963777733,0.05,0.005555555555555556,5,6-7
6,True,1.727834452125964e-05,5.183503356377892e-05,4.338876459931572,0.615157361651022,0.05,0.005555555555555556,6,7-8
7,False,0.996610009375283,1.0,-2.765553138872298,-0.39209467891630534,0.05,0.005555555555555556,7,8-9
8,False,0.9999980168974987,1.0,-4.885974319273473,-0.6927238189644882,0.05,0.005555555555555556,8,9-10
