,reject,pvals,pvals_corrected,tstats,effectsize,alpha,alpha_corrected,step,dimension_step
0,True,1.5823882802022767e-49,1.424149452182049e-48,28.284510796119275,4.010122251142635,0.05,0.005555555555555556,0,1-2
1,True,3.0357197920457586e-43,2.125003854432031e-42,23.926185834305556,3.392207519187026,0.05,0.005555555555555556,1,2-3
2,True,7.023071933730592e-45,5.618457546984473e-44,25.009149093156392,3.5457479177744933,0.05,0.005555555555555556,2,3-4
3,True,8.962701357077136e-42,5.377620814246282e-41,22.981589102652663,3.258284454395055,0.05,0.005555555555555556,3,4-5
4,True,2.945410730554331e-41,1.4727053652771656e-40,22.655831517377585,3.212099185340682,0.05,0.005555555555555556,4,5-6
5,True,1.0179519488127752e-34,4.071807795251101e-34,18.78904313714915,2.6638735421331163,0.05,0.005555555555555556,5,6-7
6,True,5.024436800816446e-29,1.507331040244934e-28,15.753008738136014,2.2334305627061055,0.05,0.005555555555555556,6,7-8
7,False,0.999999903746635,1.0,-5.59978695978138,-0.7939267697060077,0.05,0.005555555555555556,7,8-9
8,False,0.9999993739835693,1.0,-5.163896182331088,-0.7321270335068897,0.05,0.005555555555555556,8,9-10
