,reject,pvals,pvals_corrected,tstats,effectsize,alpha,alpha_corrected,step,dimension_step
0,True,2.720330637008243e-56,2.4482975733074188e-55,33.64637520552319,4.770316830103163,0.05,0.005555555555555556,0,1-2
1,True,3.4255230298922166e-50,2.7404184239137733e-49,28.778563839810452,4.080168118933375,0.05,0.005555555555555556,1,2-3
2,True,2.5200204809108834e-38,1.51201228854653e-37,20.86544500406152,2.9582617105847286,0.05,0.005555555555555556,2,3-4
3,True,1.3215007692337674e-43,9.250505384636371e-43,24.162367036658967,3.425692825038205,0.05,0.005555555555555556,3,4-5
4,True,2.7397074711834906e-24,1.3698537355917453e-23,13.408546423215187,1.9010373117215664,0.05,0.005555555555555556,4,5-6
5,True,1.656666750941812e-11,4.970000252825436e-11,7.4639121421475405,1.0582187677754071,0.05,0.005555555555555556,5,6-7
6,True,8.342700489431684e-23,3.3370801957726736e-22,12.700383636971814,1.800635386193643,0.05,0.005555555555555556,6,7-8
7,False,0.9999996211372059,1.0,-5.282536180091875,-0.7489475787984604,0.05,0.005555555555555556,7,8-9
8,False,0.981158057234212,1.0,-2.106561901882391,-0.29866419882740053,0.05,0.005555555555555556,8,9-10
