,reject,pvals,pvals_corrected,tstats,effectsize,alpha,alpha_corrected,step,dimension_step
0,True,3.151260378563027e-17,2.5210083028504216e-16,10.109807595753983,1.4333486156694037,0.05,0.005555555555555556,0,1-2
1,True,3.0549617735540934e-13,2.1384732414878653e-12,8.276635295008408,1.1734450562128695,0.05,0.005555555555555556,1,2-3
2,True,1.6712746343904103e-22,1.5041471709513692e-21,12.557604799113486,1.78039248368014,0.05,0.005555555555555556,2,3-4
3,True,4.282242783612933e-06,1.9248208473305966e-05,4.695589403221453,0.6657314204165565,0.05,0.005555555555555556,3,4-5
4,True,3.849641694661193e-06,1.9248208473305966e-05,4.722179972431348,0.6695013789648153,0.05,0.005555555555555556,4,5-6
5,True,7.709007208471913e-06,2.3127021625415736e-05,4.54722989187771,0.6446973010041105,0.05,0.005555555555555556,5,6-7
6,True,2.424462817933078e-08,1.4546776907598468e-07,5.910808445706856,0.8380227836085823,0.05,0.005555555555555556,6,7-8
7,False,0.9999990662285955,1.0,-5.06842825110918,-0.7185917781855901,0.05,0.005555555555555556,7,8-9
8,False,0.9999525638208622,1.0,-4.069385181365337,-0.5769494187787835,0.05,0.005555555555555556,8,9-10
