,reject,pvals,pvals_corrected,tstats,effectsize,alpha,alpha_corrected,step,dimension_step
0,True,4.309143566559207e-53,3.878229209903287e-52,31.015698971379468,4.397344733179384,0.05,0.005555555555555556,0,1-2
1,True,5.344358158648442e-41,3.741050711053909e-40,22.493892090135684,3.1891397321897674,0.05,0.005555555555555556,1,2-3
2,True,4.709082170956056e-47,3.767265736764845e-46,26.503172646643186,3.757567635596539,0.05,0.005555555555555556,2,3-4
3,True,4.634082627704681e-30,2.7804495766228085e-29,16.285449192433163,2.3089189219913733,0.05,0.005555555555555556,3,4-5
4,True,1.3389273358720912e-26,5.355709343488365e-26,14.53489259166914,2.060728453815711,0.05,0.005555555555555556,4,5-6
5,True,7.220079261806959e-30,3.610039630903479e-29,16.185784701823565,2.294788686742716,0.05,0.005555555555555556,5,6-7
6,True,4.027609590753585e-14,1.2082828772260753e-13,8.683755821892204,1.2311658029325767,0.05,0.005555555555555556,6,7-8
7,False,0.9999960642992265,1.0,-4.716666645060363,-0.6687197102653782,0.05,0.005555555555555556,7,8-9
8,False,0.9984248105023686,1.0,-3.0268007325856843,-0.42913384838114405,0.05,0.005555555555555556,8,9-10
