,reject,pvals,pvals_corrected,tstats,effectsize,alpha,alpha_corrected,step,dimension_step
0,True,1.2551320051215598e-59,1.1296188046094039e-58,36.5862806426584,5.187130834583971,0.05,0.005555555555555556,0,1-2
1,True,6.906587669039619e-56,5.525270135231695e-55,33.30379763925344,4.721746857260319,0.05,0.005555555555555556,1,2-3
2,True,1.0569057470364402e-34,6.341434482218641e-34,18.779943780309477,2.662583453236162,0.05,0.005555555555555556,2,3-4
3,True,2.112659588669603e-28,1.0563297943348014e-27,15.435944654158693,2.1884778411490453,0.05,0.005555555555555556,3,4-5
4,True,1.0168292623931985e-40,7.117804836752389e-40,22.319939303023038,3.16447704852955,0.05,0.005555555555555556,4,5-6
5,True,4.083608152573329e-23,1.6334432610293316e-22,12.84761632082767,1.8215097462234733,0.05,0.005555555555555556,5,6-7
6,True,1.4328964815021337e-16,4.2986894445064014e-16,9.80829953077284,1.3906013958572894,0.05,0.005555555555555556,6,7-8
7,False,0.9999296485762796,1.0,-3.961206644012288,-0.5616120787461942,0.05,0.005555555555555556,7,8-9
8,False,0.9999517053492569,1.0,-4.064501233858857,-0.5762569823173462,0.05,0.005555555555555556,8,9-10
