,reject,pvals,pvals_corrected,tstats,effectsize,alpha,alpha_corrected,step,dimension_step
0,True,6.541883118715274e-23,5.887694806843746e-22,12.750448366549275,1.8077334649804098,0.05,0.005555555555555556,0,1-2
1,True,1.5252488716568416e-20,1.2201990973254733e-19,11.638837092587615,1.6501314072157667,0.05,0.005555555555555556,1,2-3
2,True,1.6398847582780683e-09,9.83930854966841e-09,6.499613179214339,0.9215023594243474,0.05,0.005555555555555556,2,3-4
3,True,4.1724061702782386e-10,2.920684319194767e-09,6.791256973855936,0.9628510424095382,0.05,0.005555555555555556,3,4-5
4,True,0.00930188209669138,0.0465094104834569,2.392853932263823,0.3392541192129036,0.05,0.005555555555555556,4,5-6
5,False,0.020549728832474766,0.08219891532989906,2.0695450646643763,0.2934160245292878,0.05,0.005555555555555556,5,6-7
6,False,0.9989240437013116,1.0,-3.1511092316516547,-0.4467580626270198,0.05,0.005555555555555556,6,7-8
7,False,0.9457931240780333,1.0,-1.6199986536495343,-0.22968021949004094,0.05,0.005555555555555556,7,8-9
8,False,0.9065772334834599,1.0,-1.329174268227918,-0.18844771073071967,0.05,0.005555555555555556,8,9-10
