,reject,pvals,pvals_corrected,tstats,effectsize,alpha,alpha_corrected,step,dimension_step
0,True,1.1203578599834658e-55,1.0083220739851192e-54,33.127085132186764,4.696692905938648,0.05,0.005555555555555556,0,1-2
1,True,2.9095795419877376e-52,2.32766363359019e-51,30.36212516965433,4.3046823263959,0.05,0.005555555555555556,1,2-3
2,True,5.126654813535556e-41,3.588658369474889e-40,22.505170373716354,3.1907387450299596,0.05,0.005555555555555556,2,3-4
3,True,1.966995768826577e-33,1.1801974612959463e-32,18.079043209071024,2.56321115025302,0.05,0.005555555555555556,3,4-5
4,True,2.8591796864804783e-25,1.429589843240239e-24,13.883193004423603,1.968331769470993,0.05,0.005555555555555556,4,5-6
5,True,4.320476976977435e-24,1.728190790790974e-23,13.31349383806931,1.8875609433491491,0.05,0.005555555555555556,5,6-7
6,True,6.451507669394281e-22,1.9354523008182842e-21,12.281131037391308,1.7411945780939018,0.05,0.005555555555555556,6,7-8
7,False,0.9832288442964358,1.0,-2.155553278323118,-0.3056100997197723,0.05,0.005555555555555556,7,8-9
8,False,0.9998108074063768,1.0,-3.68100363054079,-0.5218854471894822,0.05,0.005555555555555556,8,9-10
