,reject,pvals,pvals_corrected,tstats,effectsize,alpha,alpha_corrected,step,dimension_step
0,True,1.8585588623753368e-33,1.6727029761378032e-32,18.092497825900157,2.565118719336185,0.05,0.005555555555555556,0,1-2
1,True,5.808612088037934e-17,3.48516725282276e-16,9.988037547673676,1.416084298006305,0.05,0.005555555555555556,1,2-3
2,True,2.644222854281355e-19,2.115378283425084e-18,11.064669560214304,1.5687270649575373,0.05,0.005555555555555556,2,3-4
3,True,3.972104576628773e-17,2.780473203640141e-16,10.06370743675736,1.426812625893723,0.05,0.005555555555555556,3,4-5
4,False,0.0995944426571368,0.2987833279714104,1.2925108250783326,0.18324963994782928,0.05,0.005555555555555556,4,5-6
5,True,0.0006426147412634927,0.003213073706317463,3.314101100941955,0.4698667289393975,0.05,0.005555555555555556,5,6-7
6,True,0.009320922423504152,0.03728368969401661,2.3920589073056857,0.339141402139668,0.05,0.005555555555555556,6,7-8
7,False,0.9411331199164524,1.0,-1.578095477883429,-0.22373926973331917,0.05,0.005555555555555556,7,8-9
8,False,0.9999995695505318,1.0,-5.252507405456199,-0.7446901582544362,0.05,0.005555555555555556,8,9-10
