,reject,pvals,pvals_corrected,tstats,effectsize,alpha,alpha_corrected,step,dimension_step
0,True,1.347235713023412e-40,1.2125121417210708e-39,22.244133679453007,3.1537294764739063,0.05,0.005555555555555556,0,1-2
1,True,2.1427119586940216e-27,1.7141695669552172e-26,14.930186168104825,2.1167723987870337,0.05,0.005555555555555556,1,2-3
2,True,2.5241444850153146e-25,1.76690113951072e-24,13.909523695243035,1.9720648829727279,0.05,0.005555555555555556,2,3-4
3,True,9.702983160133204e-12,5.821789896079923e-11,7.573844608600423,1.07380477642245,0.05,0.005555555555555556,3,4-5
4,True,1.6074697476751846e-05,6.429878990700738e-05,4.3577554321144065,0.6178339851561906,0.05,0.005555555555555556,4,5-6
5,True,0.00017800495283252195,0.0005340148584975659,3.6986596680909583,0.5243886854302742,0.05,0.005555555555555556,5,6-7
6,True,4.1918864656376514e-08,2.0959432328188258e-07,5.788189347077119,0.8206380892302859,0.05,0.005555555555555556,6,7-8
7,False,0.9999995666328019,1.0,-5.250915902999133,-0.7444645181695915,0.05,0.005555555555555556,7,8-9
8,False,0.9988952419913065,1.0,-3.1426023992163605,-0.4455519806734936,0.05,0.005555555555555556,8,9-10
