,reject,pvals,pvals_corrected,tstats,effectsize,alpha,alpha_corrected,step,dimension_step
0,True,5.409203374492312e-29,4.32736269959385e-28,15.736651188039788,2.2311114214599344,0.05,0.005555555555555556,0,1-2
1,True,8.236648368917654e-35,7.412983532025889e-34,18.840407093858527,2.671155822784591,0.05,0.005555555555555556,1,2-3
2,True,5.409651450026981e-13,2.7048257250134904e-12,8.161300393549157,1.157093100967508,0.05,0.005555555555555556,2,3-4
3,True,2.6778840354393897e-15,1.8745188248075728e-14,9.225276866572555,1.30794159044355,0.05,0.005555555555555556,3,4-5
4,True,0.0003864393127691804,0.0015457572510767215,3.469814446677662,0.4919434605129306,0.05,0.005555555555555556,4,5-6
5,True,9.20562546379155e-14,5.52337527827493e-13,8.517968659961356,1.2076608255332897,0.05,0.005555555555555556,5,6-7
6,False,0.030315343232944256,0.09094602969883277,1.8978382423397517,0.26907176933462323,0.05,0.005555555555555556,6,7-8
7,False,0.9999843956282648,1.0,-4.365505306727521,-0.6189327471200666,0.05,0.005555555555555556,7,8-9
8,False,0.9999992321733393,1.0,-5.115260428282863,-0.7252315520571398,0.05,0.005555555555555556,8,9-10
