,reject,pvals,pvals_corrected,tstats,effectsize,alpha,alpha_corrected,step,dimension_step
0,True,5.358694067519996e-64,4.8228246607679965e-63,40.77175036804864,5.780538491455099,0.05,0.005555555555555556,0,1-2
1,True,5.886477865134703e-62,4.709182292107763e-61,38.76744620694707,5.4963721937797665,0.05,0.005555555555555556,1,2-3
2,True,3.48988144138259e-54,2.0939288648295537e-53,31.893286495826192,4.521767364508467,0.05,0.005555555555555556,2,3-4
3,True,9.341202089101466e-61,6.538841462371026e-60,37.62929296121953,5.335007067516792,0.05,0.005555555555555556,3,4-5
4,True,3.1815890621663677e-41,1.272635624866547e-40,22.63482207609641,3.209120508121443,0.05,0.005555555555555556,4,5-6
5,True,1.5231335004163592e-51,7.615667502081797e-51,29.804696465623653,4.225651182262917,0.05,0.005555555555555556,5,6-7
6,True,1.8346771908073698e-40,5.504031572422109e-40,22.161131900830828,3.1419616477235186,0.05,0.005555555555555556,6,7-8
7,False,0.9999674917758731,1.0,-4.171461592436774,-0.5914216113616765,0.05,0.005555555555555556,7,8-9
8,False,0.9999997938871699,1.0,-5.424589659995562,-0.7690876414893159,0.05,0.005555555555555556,8,9-10
