,reject,pvals,pvals_corrected,tstats,effectsize,alpha,alpha_corrected,step,dimension_step
0,True,5.55919063858238e-31,5.003271574724142e-30,16.76603637045777,2.3770556258609252,0.05,0.005555555555555556,0,1-2
1,True,9.841500665606084e-23,7.873200532484867e-22,12.666394439745838,1.7958164647324641,0.05,0.005555555555555556,1,2-3
2,True,7.105819684449933e-18,4.9740737791149534e-17,10.40663508069743,1.4754322320593942,0.05,0.005555555555555556,2,3-4
3,True,1.8120343787502046e-09,9.060171893751023e-09,6.478165285325587,0.9184615192576783,0.05,0.005555555555555556,3,4-5
4,True,8.878268792340434e-16,5.32696127540426e-15,9.445224143605664,1.339125282325883,0.05,0.005555555555555556,4,5-6
5,False,0.9492983782653567,1.0,-1.6534685259308977,-0.23442551208307433,0.05,0.005555555555555556,5,6-7
6,False,0.09378395224015812,0.3751358089606325,1.3269795350568987,0.18813654578295494,0.05,0.005555555555555556,6,7-8
7,False,0.9999924585980418,1.0,-4.5528263608311255,-0.6454907573534068,0.05,0.005555555555555556,7,8-9
8,False,0.9999995082604264,1.0,-5.221101171081077,-0.7402374441806416,0.05,0.005555555555555556,8,9-10
