,reject,pvals,pvals_corrected,tstats,effectsize,alpha,alpha_corrected,step,dimension_step
0,True,5.515091239609527e-55,4.963582115648574e-54,32.55039826055786,4.614931376721102,0.05,0.005555555555555556,0,1-2
1,True,1.8107720379018148e-45,1.2675404265312704e-44,25.407439629730785,3.60221676585355,0.05,0.005555555555555556,1,2-3
2,True,3.751258822099519e-47,3.001007057679615e-46,26.57260233370991,3.7674112399283604,0.05,0.005555555555555556,2,3-4
3,True,1.1864964922018178e-40,7.1189789532109065e-40,22.278342099693166,3.1585794789424066,0.05,0.005555555555555556,3,4-5
4,True,4.070201293011047e-30,2.0351006465055234e-29,16.314664269642982,2.313060978116453,0.05,0.005555555555555556,4,5-6
5,True,1.5203569410375537e-24,6.0814277641502146e-24,13.531735069230871,1.9185027554068574,0.05,0.005555555555555556,5,6-7
6,True,2.681952279672554e-23,8.045856839017663e-23,12.93447044219767,1.8338237525437475,0.05,0.005555555555555556,6,7-8
7,False,0.9999999998692967,1.0,-7.035399100245459,-0.9974650323962497,0.05,0.005555555555555556,7,8-9
8,False,0.9999840235370602,1.0,-4.359355874826456,-0.6180608927727843,0.05,0.005555555555555556,8,9-10
