,reject,pvals,pvals_corrected,tstats,effectsize,alpha,alpha_corrected,step,dimension_step
0,True,1.0370913795825884e-17,9.333822416243295e-17,10.331246728230038,1.4647438198791152,0.05,0.005555555555555556,0,1-2
1,True,7.218548968102667e-05,0.0005052984277671867,3.9540783758442455,0.5606014469202161,0.05,0.005555555555555556,1,2-3
2,False,0.17422017383373184,0.8544982628686754,0.9420889561909559,0.1335675173245503,0.05,0.005555555555555556,2,3-4
3,True,2.0306790873020565e-05,0.00016245432698416452,4.296472609583592,0.609145427237863,0.05,0.005555555555555556,3,4-5
4,True,0.00018916450449873542,0.0011349870269924125,3.681046705978043,0.5218915543401644,0.05,0.005555555555555556,4,5-6
5,False,0.580520252207426,1.0,-0.2037597608707093,-0.028888657712518848,0.05,0.005555555555555556,5,6-7
6,False,0.17089965257373507,0.8544982628686754,0.9552077348142339,0.1354274719281222,0.05,0.005555555555555556,6,7-8
7,False,0.9999503631262069,1.0,-4.057029454579129,-0.5751976481622944,0.05,0.005555555555555556,7,8-9
8,False,0.8810767131551365,1.0,-1.1875643870410815,-0.16837054059253537,0.05,0.005555555555555556,8,9-10
