,reject,pvals,pvals_corrected,tstats,effectsize,alpha,alpha_corrected,step,dimension_step
0,True,1.2384758787742126e-69,1.1146282908967913e-68,46.797424793032235,6.634846747445269,0.05,0.005555555555555556,0,1-2
1,True,8.077238329172998e-60,6.461790663338399e-59,36.76145409396535,5.211966581610284,0.05,0.005555555555555556,1,2-3
2,True,9.583921276908464e-59,6.708744893835925e-58,35.78766713377992,5.073904983689774,0.05,0.005555555555555556,2,3-4
3,True,5.098486847740283e-47,3.0202201333079412e-46,26.478947285512444,3.7541330115928706,0.05,0.005555555555555556,3,4-5
4,True,5.033700222179902e-47,3.0202201333079412e-46,26.482845487122972,3.7546856909420208,0.05,0.005555555555555556,4,5-6
5,True,4.1831668264657305e-45,1.6732667305862922e-44,25.16085468311587,3.567256437624965,0.05,0.005555555555555556,5,6-7
6,True,1.569785232599064e-30,4.709355697797192e-30,16.52994776296688,2.3435834479270437,0.05,0.005555555555555556,6,7-8
7,False,0.9982617658174174,1.0,-2.994110513531168,-0.42449909348754944,0.05,0.005555555555555556,7,8-9
8,False,0.9999908335696179,1.0,-4.503003459303576,-0.6384269644714198,0.05,0.005555555555555556,8,9-10
