,reject,pvals,pvals_corrected,tstats,effectsize,alpha,alpha_corrected,step,dimension_step
0,True,1.693799087827146e-74,1.5244191790444316e-73,52.63951718891482,7.463127104805181,0.05,0.005555555555555556,0,1-2
1,True,6.618591799625755e-60,5.294873439700604e-59,36.84084493574032,5.223222458844068,0.05,0.005555555555555556,1,2-3
2,True,2.1558927023134257e-55,1.509124891619398e-54,32.8892297169915,4.662970233487118,0.05,0.005555555555555556,2,3-4
3,True,4.995825867301051e-45,2.497912933650526e-44,25.108798302199176,3.5598759864326954,0.05,0.005555555555555556,3,4-5
4,True,1.9197152592046374e-36,5.759145777613912e-36,19.76562760559198,2.802331765266331,0.05,0.005555555555555556,4,5-6
5,True,3.514556835584026e-48,2.1087341013504153e-47,27.30376777723133,3.871074436915105,0.05,0.005555555555555556,5,6-7
6,True,2.8692819733289665e-37,1.1477127893315866e-36,20.243539579961134,2.870089184028836,0.05,0.005555555555555556,6,7-8
7,False,0.9998986606990672,1.0,-3.8593462380304118,-0.5471705109396056,0.05,0.005555555555555556,7,8-9
8,False,0.994617808760664,1.0,-2.5994562371889613,-0.36854578722475856,0.05,0.005555555555555556,8,9-10
