,reject,pvals,pvals_corrected,tstats,effectsize,alpha,alpha_corrected,step,dimension_step
0,True,2.6901029576944905e-10,2.1520823661555924e-09,6.883893222065316,0.9759848272886381,0.05,0.005555555555555556,0,1-2
1,True,2.794620157309937e-21,2.5151581415789435e-20,11.98260723304324,1.6988704608786172,0.05,0.005555555555555556,1,2-3
2,False,0.3786601874012935,1.0,0.30985781744634194,0.04393103127675634,0.05,0.005555555555555556,2,3-4
3,False,0.9989127405557715,1.0,-3.1477457759902085,-0.44628119850566655,0.05,0.005555555555555556,3,4-5
4,False,0.8846250499243846,1.0,-1.2058486548822058,-0.17096284808705298,0.05,0.005555555555555556,4,5-6
5,False,0.6737407596452984,1.0,-0.4516368687390908,-0.06403218601947695,0.05,0.005555555555555556,5,6-7
6,False,0.7417833113932941,1.0,-0.6511886978877454,-0.09232425145746313,0.05,0.005555555555555556,6,7-8
7,False,0.8995766076315527,1.0,-1.287716265311911,-0.1825698767041815,0.05,0.005555555555555556,7,8-9
8,False,0.9707183854606615,1.0,-1.9135745107094388,-0.27130282648085086,0.05,0.005555555555555556,8,9-10
