,reject,pvals,pvals_corrected,tstats,effectsize,alpha,alpha_corrected,step,dimension_step
0,True,8.657926047135265e-36,6.926340837708212e-35,19.39175267732611,2.7493245140612284,0.05,0.005555555555555556,0,1-2
1,True,4.375060565772032e-42,3.9375545091948286e-41,23.179491883795016,3.286342721053528,0.05,0.005555555555555556,1,2-3
2,True,1.3640185443530454e-30,9.548129810471318e-30,16.561808618320228,2.3481006172680257,0.05,0.005555555555555556,2,3-4
3,True,1.5840738557870042e-24,9.504443134722026e-24,13.523135979270467,1.9172835933630676,0.05,0.005555555555555556,3,4-5
4,True,8.800650843354846e-17,4.400325421677423e-16,9.90532626891352,1.4043576557543884,0.05,0.005555555555555556,4,5-6
5,True,5.559987663310515e-13,2.223995065324206e-12,8.155761017224021,1.1563077390986394,0.05,0.005555555555555556,5,6-7
6,True,1.5332556585750163e-12,4.599766975725049e-12,7.9502988475567715,1.1271777172188293,0.05,0.005555555555555556,6,7-8
7,False,0.9997231261016487,1.0,-3.569423897870527,-0.5060658923814506,0.05,0.005555555555555556,7,8-9
8,False,0.9999203771772414,1.0,-3.926843099942121,-0.5567400831264996,0.05,0.005555555555555556,8,9-10
