,reject,pvals,pvals_corrected,tstats,effectsize,alpha,alpha_corrected,step,dimension_step
0,True,5.117686747630709e-14,4.605918072867638e-13,8.635755880307746,1.2243604657220852,0.05,0.005555555555555556,0,1-2
1,True,6.969543869653477e-07,3.484771934826738e-06,5.138357455239824,0.7285062030632325,0.05,0.005555555555555556,1,2-3
2,True,1.0408606219037927e-09,7.286024353326549e-09,6.59696528086892,0.9353047487198378,0.05,0.005555555555555556,2,3-4
3,True,9.902715558762321e-09,5.941629335257393e-08,6.109030402693767,0.8661263023898693,0.05,0.005555555555555556,3,4-5
4,True,1.0681393007376189e-12,8.545114405900951e-12,8.023624481954833,1.1375736812925357,0.05,0.005555555555555556,4,5-6
5,False,0.5238975437985359,1.0,-0.060090223439126976,-0.008519473567223143,0.05,0.005555555555555556,5,6-7
6,False,0.9974945178441116,1.0,-2.8705566017464936,-0.4069818631407047,0.05,0.005555555555555556,6,7-8
7,False,0.9126035997338591,1.0,-1.3667715382230727,-0.193778177645158,0.05,0.005555555555555556,7,8-9
8,False,0.9995168417014284,1.0,-3.402009370807373,-0.48233019035783326,0.05,0.005555555555555556,8,9-10
