,reject,pvals,pvals_corrected,tstats,effectsize,alpha,alpha_corrected,step,dimension_step
0,True,4.6690663157658075e-18,3.735253052612646e-17,10.490410767592346,1.487309784000938,0.05,0.005555555555555556,0,1-2
1,True,7.744881590670612e-22,6.970393431603551e-21,12.243838413986772,1.735907303373261,0.05,0.005555555555555556,1,2-3
2,True,1.2738983772687205e-16,8.917288640881044e-16,9.83170983339428,1.3939204624702815,0.05,0.005555555555555556,2,3-4
3,True,1.7497141654405684e-08,1.049828499264341e-07,5.983331177079859,0.8483049136722363,0.05,0.005555555555555556,3,4-5
4,True,1.407358347461909e-06,7.036791737309545e-06,4.969493536628802,0.7045650091596736,0.05,0.005555555555555556,4,5-6
5,True,9.310226707878097e-05,0.00031918917233919255,3.883157037691327,0.5505463592343138,0.05,0.005555555555555556,5,6-7
6,True,7.979729308479814e-05,0.00031918917233919255,3.9262338298257182,0.5566537020089913,0.05,0.005555555555555556,6,7-8
7,False,0.9999329852732088,1.0,-3.97464316789754,-0.5635170826473983,0.05,0.005555555555555556,7,8-9
8,False,0.9999978375763501,1.0,-4.864770439361223,-0.6897175746189669,0.05,0.005555555555555556,8,9-10
