,reject,pvals,pvals_corrected,tstats,effectsize,alpha,alpha_corrected,step,dimension_step
0,True,4.307886977872329e-55,3.8770982800850964e-54,32.63923136345742,4.627525959146209,0.05,0.005555555555555556,0,1-2
1,True,4.920845975089263e-53,3.936676780071411e-52,30.96990683814968,4.3908524146904515,0.05,0.005555555555555556,1,2-3
2,True,2.357386703135777e-37,1.1786933515678884e-36,20.29334800732481,2.877150924792367,0.05,0.005555555555555556,2,3-4
3,True,1.45740488004063e-38,8.74442928024378e-38,21.007092617218355,2.978344230287328,0.05,0.005555555555555556,3,4-5
4,True,9.251404584049513e-40,6.47598320883466e-39,21.729643876993926,3.080786125263101,0.05,0.005555555555555556,4,5-6
5,True,6.600195762955548e-30,2.640078305182219e-29,16.205937825918888,2.2976459569973526,0.05,0.005555555555555556,5,6-7
6,True,6.346380042848614e-24,1.9039140128545843e-23,13.233411151492712,1.8762069777215677,0.05,0.005555555555555556,6,7-8
7,False,0.9999618993707843,1.0,-4.12877246882228,-0.5853692314664672,0.05,0.005555555555555556,7,8-9
8,False,0.9993246543630578,1.0,-3.298628451153494,-0.467673047116576,0.05,0.005555555555555556,8,9-10
