,reject,pvals,pvals_corrected,tstats,effectsize,alpha,alpha_corrected,step,dimension_step
0,True,3.371463275281433e-16,3.0343169477532896e-15,9.637991670042453,1.3664554826830324,0.05,0.005555555555555556,0,1-2
1,True,7.888365417857373e-11,5.521855792500161e-10,7.140808396564178,1.0124097548873658,0.05,0.005555555555555556,1,2-3
2,False,0.016150466514422264,0.09690279908653358,2.171260668593425,0.307837062585928,0.05,0.005555555555555556,2,3-4
3,True,1.2426867955330403e-15,9.941494364264322e-15,9.378255737779117,1.3296306336022632,0.05,0.005555555555555556,3,4-5
4,False,0.9999494402130334,1.0,-4.052003372027012,-0.5744850600739372,0.05,0.005555555555555556,4,5-6
5,False,0.9988631595479698,1.0,-3.1333661649703415,-0.4442424855673662,0.05,0.005555555555555556,5,6-7
6,False,0.8540248234455505,1.0,-1.0594998143056797,-0.15021379761716205,0.05,0.005555555555555556,6,7-8
7,False,0.9908394454947039,1.0,-2.3988006471374916,-0.34009723273917225,0.05,0.005555555555555556,7,8-9
8,False,0.8684701439533191,1.0,-1.1255917341342654,-0.15958417988170914,0.05,0.005555555555555556,8,9-10
