,reject,pvals,pvals_corrected,tstats,effectsize,alpha,alpha_corrected,step,dimension_step
0,True,1.3824777336326705e-60,1.2442299602694034e-59,37.47027092647669,5.312461236530324,0.05,0.005555555555555556,0,1-2
1,True,9.457418129897327e-52,7.565934503917862e-51,29.964322793855565,4.248282688790469,0.05,0.005555555555555556,1,2-3
2,True,2.7346140140237357e-47,1.6407684084142415e-46,26.669342175709982,3.781126824255516,0.05,0.005555555555555556,2,3-4
3,True,4.370118009813533e-48,3.0590826068694733e-47,27.23585274788424,3.8614455777725554,0.05,0.005555555555555556,3,4-5
4,True,3.641655774948933e-32,1.8208278874744667e-31,17.39375172747919,2.466051873267153,0.05,0.005555555555555556,4,5-6
5,True,5.3952075690830427e-17,2.158083027633217e-16,10.002736623530993,1.418168304040263,0.05,0.005555555555555556,5,6-7
6,True,1.9475691368479465e-15,5.8427074105438394e-15,9.28874299104642,1.3169396926126478,0.05,0.005555555555555556,6,7-8
7,False,0.9999999893250958,1.0,-6.092510736562128,-0.8637841766513883,0.05,0.005555555555555556,7,8-9
8,False,0.9987197980415454,1.0,-3.0948476517428025,-0.43878140660128134,0.05,0.005555555555555556,8,9-10
