,reject,pvals,pvals_corrected,tstats,effectsize,alpha,alpha_corrected,step,dimension_step
0,True,9.323588875470436e-61,8.391229987923392e-60,37.63005995225574,5.3351158099957745,0.05,0.005555555555555556,0,1-2
1,True,2.1668688623058833e-43,1.30012131738353e-42,24.021735559371404,3.4057543710784746,0.05,0.005555555555555556,1,2-3
2,True,3.432560134555232e-38,1.7162800672776162e-37,20.785775486398585,2.9469663232322354,0.05,0.005555555555555556,2,3-4
3,True,7.945900456204562e-44,5.562130319343193e-43,24.30764340484864,3.446289822484685,0.05,0.005555555555555556,3,4-5
4,True,1.2243200289514066e-45,9.794560231611253e-45,25.523303483117036,3.6186437148616655,0.05,0.005555555555555556,4,5-6
5,True,9.893242716271181e-29,3.9572970865084724e-28,15.603088380309183,2.2121751495524467,0.05,0.005555555555555556,5,6-7
6,True,2.462268271283265e-16,7.386804813849795e-16,9.700543970815657,1.375324024727083,0.05,0.005555555555555556,6,7-8
7,False,0.9999999912047,1.0,-6.135084718853565,-0.8698202320365169,0.05,0.005555555555555556,7,8-9
8,False,0.9999947688433983,1.0,-4.64538300016719,-0.6586132554431903,0.05,0.005555555555555556,8,9-10
