,reject,pvals,pvals_corrected,tstats,effectsize,alpha,alpha_corrected,step,dimension_step
0,True,2.677606342109479e-56,2.409845707898531e-55,33.65222115337386,4.771145657079312,0.05,0.005555555555555556,0,1-2
1,True,1.147186967688131e-50,9.177495741505049e-50,29.135897399614898,4.130830167486409,0.05,0.005555555555555556,1,2-3
2,True,9.18819472631314e-30,4.59409736315657e-29,16.13172366519584,2.2871240194107143,0.05,0.005555555555555556,2,3-4
3,True,6.836907886377317e-30,4.1021447318263897e-29,16.19802570975831,2.2965241927463156,0.05,0.005555555555555556,3,4-5
4,True,9.099115065214483e-33,6.369380545650138e-32,17.71765440685535,2.5119741574153114,0.05,0.005555555555555556,4,5-6
5,True,9.910581241552444e-24,3.9642324966209775e-23,13.14075714127245,1.863070674579537,0.05,0.005555555555555556,5,6-7
6,True,5.9417547443072445e-09,1.7825264232921733e-08,6.220940003843644,0.8819926253014606,0.05,0.005555555555555556,6,7-8
7,False,0.999998703246088,1.0,-4.989315657223155,-0.7073753503896572,0.05,0.005555555555555556,7,8-9
8,False,0.9989910463555909,1.0,-3.1717495329337777,-0.4496844039039948,0.05,0.005555555555555556,8,9-10
