,reject,pvals,pvals_corrected,tstats,effectsize,alpha,alpha_corrected,step,dimension_step
0,True,2.2181524998094638e-53,1.774521999847571e-52,31.245613616237065,4.4299415788470675,0.05,0.005555555555555556,0,1-2
1,True,4.481427355152188e-55,4.033284619636969e-54,32.62501620730693,4.625510562295493,0.05,0.005555555555555556,1,2-3
2,True,1.8781861179915257e-49,1.314730282594068e-48,28.229599739707144,4.002337069679208,0.05,0.005555555555555556,2,3-4
3,True,1.2921979376901105e-27,7.753187626140663e-27,15.040008821916004,2.1323428384139467,0.05,0.005555555555555556,3,4-5
4,True,9.493737945152222e-19,2.8481213835456667e-18,10.80864204581876,1.5324279880605391,0.05,0.005555555555555556,4,5-6
5,True,1.180034845241043e-25,5.900174226205214e-25,14.070524231846044,1.9948912220574475,0.05,0.005555555555555556,5,6-7
6,True,4.302681825094644e-22,1.7210727300378576e-21,12.363895815427979,1.7529288053679077,0.05,0.005555555555555556,6,7-8
7,False,0.9996398994813271,1.0,-3.491060538481967,-0.4949556895773962,0.05,0.005555555555555556,7,8-9
8,False,0.9999950208904445,1.0,-4.657798034646089,-0.660373434587578,0.05,0.005555555555555556,8,9-10
