,reject,pvals,pvals_corrected,tstats,effectsize,alpha,alpha_corrected,step,dimension_step
0,True,3.545971562514665e-25,3.1913744062631986e-24,13.837750987687263,1.961889089809155,0.05,0.005555555555555556,0,1-2
1,True,8.60448992088154e-16,6.883591936705232e-15,9.451461514820219,1.3400096045358876,0.05,0.005555555555555556,1,2-3
2,True,2.3703877130200993e-13,1.6592713991140694e-12,8.327763495370936,1.18069391179367,0.05,0.005555555555555556,2,3-4
3,True,4.859145604912519e-10,2.9154873629475113e-09,6.759002598407245,0.9582780805642427,0.05,0.005555555555555556,3,4-5
4,True,2.899608402654231e-05,0.00014498042013271156,4.202044067417619,0.595757534450455,0.05,0.005555555555555556,4,5-6
5,False,0.9751208120773162,1.0,-1.9863550722108392,-0.2816215111924657,0.05,0.005555555555555556,5,6-7
6,False,0.904772956533098,1.0,-1.318273302688511,-0.18690219329951444,0.05,0.005555555555555556,6,7-8
7,False,0.9745431598984813,1.0,-1.97621050690983,-0.28018323469777984,0.05,0.005555555555555556,7,8-9
8,False,0.8132924104189658,1.0,-0.8941407700947515,-0.12676951790528163,0.05,0.005555555555555556,8,9-10
