,reject,pvals,pvals_corrected,tstats,effectsize,alpha,alpha_corrected,step,dimension_step
0,True,8.997990228753026e-06,7.198392183002421e-05,4.507752473285332,0.6391002703233929,0.05,0.005555555555555556,0,1-2
1,True,1.5074950823973194e-07,1.3567455741575875e-06,5.496882308800192,0.7793371508994366,0.05,0.005555555555555556,1,2-3
2,True,3.656049221704747e-05,0.0002559234455193323,4.139895106005068,0.5869461770668205,0.05,0.005555555555555556,2,3-4
3,False,0.010707796226767525,0.05353898113383763,2.337697077904404,0.33143408900046356,0.05,0.005555555555555556,3,4-5
4,False,0.00873586029516516,0.05241516177099095,2.417174906000973,0.34270229898365584,0.05,0.005555555555555556,4,5-6
5,False,0.1747536933747047,0.6990147734988188,0.9399962275461181,0.1332708143776703,0.05,0.005555555555555556,5,6-7
6,False,0.9981998755826221,1.0,-2.982439776063502,-0.4228444393079639,0.05,0.005555555555555556,6,7-8
7,False,0.988911762118563,1.0,-2.323877372035053,-0.32947475831200296,0.05,0.005555555555555556,7,8-9
8,False,0.9990486187009262,1.0,-3.190531475947998,-0.4523472708046785,0.05,0.005555555555555556,8,9-10
