,reject,pvals,pvals_corrected,tstats,effectsize,alpha,alpha_corrected,step,dimension_step
0,True,1.313633514067367e-76,1.1822701626606304e-75,55.379084394826506,7.851537549310179,0.05,0.005555555555555556,0,1-2
1,True,5.799735153326465e-66,4.639788122661172e-65,42.788765380756644,6.066506908644724,0.05,0.005555555555555556,1,2-3
2,True,6.341058270109998e-64,4.4387407890769986e-63,40.698401394869194,5.770139218454919,0.05,0.005555555555555556,2,3-4
3,True,3.307800756546206e-48,1.653900378273103e-47,27.322690031716096,3.873757196899823,0.05,0.005555555555555556,3,4-5
4,True,4.343496817765896e-53,2.6060980906595374e-52,31.012958140757224,4.3969561436102,0.05,0.005555555555555556,4,5-6
5,True,1.1344096920937353e-43,4.537638768374941e-43,24.205897885902083,3.4318645431357617,0.05,0.005555555555555556,5,6-7
6,True,4.818893759171495e-41,1.4456681277514486e-40,22.521966570337565,3.1931200767167893,0.05,0.005555555555555556,6,7-8
7,False,0.9999130488480584,1.0,-3.902287660973629,-0.5532586613368876,0.05,0.005555555555555556,7,8-9
8,False,0.9942990445613219,1.0,-2.578269789595939,-0.36554201439913475,0.05,0.005555555555555556,8,9-10
