,reject,pvals,pvals_corrected,tstats,effectsize,alpha,alpha_corrected,step,dimension_step
0,True,3.0027433167867012e-43,2.702468985108031e-42,23.929276873279584,3.3926457606067997,0.05,0.005555555555555556,0,1-2
1,True,6.3957194138152916e-21,5.116575531052233e-20,11.81466389578368,1.6750597851865305,0.05,0.005555555555555556,1,2-3
2,True,3.577635995247675e-15,2.146581597148605e-14,9.167524264615954,1.2997535402475635,0.05,0.005555555555555556,2,3-4
3,True,1.2358875222030097e-15,8.651212655421069e-15,9.379348556038494,1.3297855712234217,0.05,0.005555555555555556,3,4-5
4,True,3.3199845192741505e-09,1.6599922596370753e-08,6.347503176778701,0.8999365027692554,0.05,0.005555555555555556,4,5-6
5,False,0.043815488482752636,0.17526195393101054,1.7250939830663181,0.24458042837197194,0.05,0.005555555555555556,5,6-7
6,False,0.08011262017380112,0.24033786052140338,1.4149352599705496,0.20060673528469472,0.05,0.005555555555555556,6,7-8
7,False,0.9996820355149234,1.0,-3.528307905001031,-0.5002365478659213,0.05,0.005555555555555556,7,8-9
8,False,0.9998872106868799,1.0,-3.8291457917056184,-0.5428887511215037,0.05,0.005555555555555556,8,9-10
