,reject,pvals,pvals_corrected,tstats,effectsize,alpha,alpha_corrected,step,dimension_step
0,True,7.941841421403352e-16,7.147657279263017e-15,9.46741937255486,1.3422720781859898,0.05,0.005555555555555556,0,1-2
1,False,0.05714308250037219,0.40000157750260534,1.5932760927856704,0.22589154742496154,0.05,0.005555555555555556,1,2-3
2,True,0.003387201195362149,0.027097609562897192,2.7658427391359277,0.3921357378714872,0.05,0.005555555555555556,2,3-4
3,False,0.32297891402623125,1.0,0.46079293158500867,0.06533031458234795,0.05,0.005555555555555556,3,4-5
4,False,0.8425764177439321,1.0,-1.0102314284047194,-0.14322862286892385,0.05,0.005555555555555556,4,5-6
5,False,0.9761552645074543,1.0,-2.0050340657564987,-0.28426978212019466,0.05,0.005555555555555556,5,6-7
6,False,0.669181106977601,1.0,-0.4389728462789277,-0.06223670584933952,0.05,0.005555555555555556,6,7-8
7,False,0.9817282605904499,1.0,-2.1195674476283455,-0.30050809949657037,0.05,0.005555555555555556,7,8-9
8,False,0.9087136578845059,1.0,-1.342288105498009,-0.19030696475896577,0.05,0.005555555555555556,8,9-10
