,reject,pvals,pvals_corrected,tstats,effectsize,alpha,alpha_corrected,step,dimension_step
0,True,4.654606131594061e-50,4.189145518434654e-49,28.679036364756,4.066057309480356,0.05,0.005555555555555556,0,1-2
1,True,1.9559242757215765e-35,1.5647394205772612e-34,19.19122475076165,2.7208940594534727,0.05,0.005555555555555556,1,2-3
2,True,8.073153965380875e-30,5.651207775766612e-29,16.16072833984436,2.291236245074916,0.05,0.005555555555555556,2,3-4
3,True,2.2072026101370317e-29,1.324321566082219e-28,15.935867597268437,2.259355931722072,0.05,0.005555555555555556,3,4-5
4,True,9.261458081053225e-17,4.630729040526612e-16,9.895167265228007,1.4029173322139756,0.05,0.005555555555555556,4,5-6
5,True,1.0602923571612954e-12,4.241169428645182e-12,8.025118899616311,1.1377855568862127,0.05,0.005555555555555556,5,6-7
6,True,3.772185395211956e-05,0.00011316556185635868,4.1314673556641015,0.5857513072169229,0.05,0.005555555555555556,6,7-8
7,False,0.999999546398162,1.0,-5.24015863982484,-0.7429393745767757,0.05,0.005555555555555556,7,8-9
8,False,0.999982211755861,1.0,-4.331258527762887,-0.614077306227135,0.05,0.005555555555555556,8,9-10
