,reject,pvals,pvals_corrected,tstats,effectsize,alpha,alpha_corrected,step,dimension_step
0,True,7.86572042806243e-37,7.079148385256186e-36,19.989109909755676,2.8340166463351038,0.05,0.005555555555555556,0,1-2
1,True,2.735054863198209e-29,2.188043890558567e-28,15.888111374361104,2.2525851484657644,0.05,0.005555555555555556,1,2-3
2,True,9.337049503245927e-19,6.535934652272149e-18,10.811971262571289,1.5328999978567992,0.05,0.005555555555555556,2,3-4
3,True,1.4896477103416378e-17,8.937886262049827e-17,10.259071441757524,1.4545109498693665,0.05,0.005555555555555556,3,4-5
4,True,1.293597653817045e-07,6.467988269085225e-07,5.532082520823464,0.7843277676542022,0.05,0.005555555555555556,4,5-6
5,True,0.01177113475291352,0.03531340425874056,2.300088284654966,0.32610198834172116,0.05,0.005555555555555556,5,6-7
6,True,4.736507625008858e-06,1.894603050003543e-05,4.670337281546789,0.6621512243245661,0.05,0.005555555555555556,6,7-8
7,False,0.9399505521388815,1.0,-1.567884838206423,-0.22229162534369867,0.05,0.005555555555555556,7,8-9
8,False,0.9990962066983039,1.0,-3.206874070030834,-0.4546642916167183,0.05,0.005555555555555556,8,9-10
