,reject,pvals,pvals_corrected,tstats,effectsize,alpha,alpha_corrected,step,dimension_step
0,True,1.7974464963887084e-40,1.258212547472096e-39,22.166635784435282,3.1427419775043313,0.05,0.005555555555555556,0,1-2
1,True,1.742704348702133e-43,1.3941634789617063e-42,24.083614884319122,3.414527499935014,0.05,0.005555555555555556,1,2-3
2,True,1.0015365749934703e-43,9.013829174941232e-43,24.241463403104213,3.436906952139535,0.05,0.005555555555555556,2,3-4
3,True,5.873749244257832e-09,2.3494996977031327e-08,6.223452733050673,0.8823488751011066,0.05,0.005555555555555556,3,4-5
4,True,7.796517358496931e-17,3.8982586792484653e-16,9.92944228138882,1.407776776520985,0.05,0.005555555555555556,4,5-6
5,True,3.0511671503960684e-21,1.830700290237641e-20,11.964770056373647,1.696341541090119,0.05,0.005555555555555556,5,6-7
6,True,0.0018540660220148686,0.0055621980660446055,2.972566265342392,0.4214445923979353,0.05,0.005555555555555556,6,7-8
7,False,0.9999993866530963,1.0,-5.168753248088775,-0.7328156587269107,0.05,0.005555555555555556,7,8-9
8,False,0.9999939591342352,1.0,-4.609093171244996,-0.6534681549498483,0.05,0.005555555555555556,8,9-10
