,reject,pvals,pvals_corrected,tstats,effectsize,alpha,alpha_corrected,step,dimension_step
0,True,6.865054307181413e-26,6.178548876463272e-25,14.185608200763042,2.011207600581031,0.05,0.005555555555555556,0,1-2
1,True,1.4789559439247662e-18,1.183164755139813e-17,10.719999465991032,1.5198604176214339,0.05,0.005555555555555556,1,2-3
2,True,6.850856186096898e-07,3.425428093048449e-06,5.1424483212745224,0.7290861979951032,0.05,0.005555555555555556,2,3-4
3,True,4.0642966733460657e-08,2.438578004007639e-07,5.795141671815909,0.8216237761432805,0.05,0.005555555555555556,3,4-5
4,False,0.9912985483119091,1.0,-2.418698164077185,-0.34291826351454985,0.05,0.005555555555555556,4,5-6
5,True,2.9377961403541575e-08,2.0564572982479104e-07,5.867926923634835,0.8319431258388793,0.05,0.005555555555555556,5,6-7
6,False,0.9990451285465942,1.0,-3.1893630982605035,-0.4521816205165709,0.05,0.005555555555555556,6,7-8
7,False,0.9478807022674092,1.0,-1.639713850348228,-0.23247540126062094,0.05,0.005555555555555556,7,8-9
8,False,0.9997895692271503,1.0,-3.650053649324982,-0.5174974197902956,0.05,0.005555555555555556,8,9-10
