,reject,pvals,pvals_corrected,tstats,effectsize,alpha,alpha_corrected,step,dimension_step
0,True,2.0041626842082342e-39,1.8037464157874107e-38,21.52544980929474,3.0518358923835502,0.05,0.005555555555555556,0,1-2
1,True,1.491049368905972e-13,1.0437345582341804e-12,8.421062835559116,1.1939217085479585,0.05,0.005555555555555556,1,2-3
2,True,2.729624435838094e-15,2.1836995486704753e-14,9.221462126363177,1.3074007440875277,0.05,0.005555555555555556,2,3-4
3,True,2.6345589655314624e-08,1.3172794827657312e-07,5.892268805280624,0.8353942698917527,0.05,0.005555555555555556,3,4-5
4,True,3.537140626415258e-10,2.1222843758491546e-09,6.826165619965727,0.9678003215231563,0.05,0.005555555555555556,4,5-6
5,True,6.958485758010365e-05,0.0002783394303204146,3.9642387605860545,0.5620419662640715,0.05,0.005555555555555556,5,6-7
6,False,0.999806601901373,1.0,-3.6746218643133077,-0.5209806529388449,0.05,0.005555555555555556,6,7-8
7,False,0.9999997850538984,1.0,-5.4148561339417975,-0.7677076413298068,0.05,0.005555555555555556,7,8-9
8,False,0.9994326905059223,1.0,-3.3527089901808598,-0.4753404794604008,0.05,0.005555555555555556,8,9-10
