,reject,pvals,pvals_corrected,tstats,effectsize,alpha,alpha_corrected,step,dimension_step
0,True,3.3489280002622606e-31,3.0140352002360345e-30,16.881889428071492,2.393481044265667,0.05,0.005555555555555556,0,1-2
1,True,7.89892812122578e-28,6.319142496980624e-27,15.147202995363774,2.147540617270165,0.05,0.005555555555555556,1,2-3
2,True,2.455422539831028e-15,1.7187957778817194e-14,9.242563980408343,1.3103925234064933,0.05,0.005555555555555556,2,3-4
3,True,7.898115035160749e-13,4.738869021096449e-12,8.084766612904689,1.1462422922355233,0.05,0.005555555555555556,3,4-5
4,True,0.00019977141902951788,0.0009988570951475894,3.665197095387691,0.5196444277570511,0.05,0.005555555555555556,4,5-6
5,True,0.0003321178190208042,0.0013284712760832167,3.5153025167488985,0.4983926695259155,0.05,0.005555555555555556,5,6-7
6,False,0.9999905584888207,1.0,-4.495426312083392,-0.6373526914572295,0.05,0.005555555555555556,6,7-8
7,False,0.9999105274209775,1.0,-3.894294234038623,-0.5521253690043454,0.05,0.005555555555555556,7,8-9
8,False,0.9999658704726606,1.0,-4.158401434280771,-0.5895699678525366,0.05,0.005555555555555556,8,9-10
