,reject,pvals,pvals_corrected,tstats,effectsize,alpha,alpha_corrected,step,dimension_step
0,True,1.6436742833651294e-20,1.4793068550286165e-19,11.623730808158516,1.6479896679522568,0.05,0.005555555555555556,0,1-2
1,True,1.457099325980036e-15,1.1656794607840289e-14,9.346548945391815,1.3251353070052718,0.05,0.005555555555555556,1,2-3
2,True,4.23842289106666e-12,2.9668960237466616e-11,7.743319385478083,1.0978325766083308,0.05,0.005555555555555556,2,3-4
3,True,0.0001027564487708947,0.0006165386926253682,3.8554368316973764,0.5466162430069598,0.05,0.005555555555555556,3,4-5
4,False,0.07072446805275467,0.21217340415826402,1.4822540386197054,0.21015105917725305,0.05,0.005555555555555556,4,5-6
5,True,0.00038469110134642555,0.0018354566192322673,3.4711816880368276,0.49213730530086397,0.05,0.005555555555555556,5,6-7
6,True,0.00036709132384645345,0.0018354566192322673,3.4852821183857583,0.49413643655331935,0.05,0.005555555555555556,6,7-8
7,False,0.9999999999937392,1.0,-7.663600416397663,-1.086530178131232,0.05,0.005555555555555556,7,8-9
8,False,0.9986501190102239,1.0,-3.0775532449349274,-0.4363294396551149,0.05,0.005555555555555556,8,9-10
