,reject,pvals,pvals_corrected,tstats,effectsize,alpha,alpha_corrected,step,dimension_step
0,True,9.023610060438654e-44,8.121249054394789e-43,24.27126188854486,3.441131722734905,0.05,0.005555555555555556,0,1-2
1,True,1.546927357184129e-41,1.2375418857473031e-40,22.83175793270533,3.237041686123349,0.05,0.005555555555555556,1,2-3
2,True,1.7505096421605887e-36,1.225356749512412e-35,19.788668304898646,2.805598430249068,0.05,0.005555555555555556,2,3-4
3,True,1.1686104556335743e-19,7.011662733801446e-19,11.228591571915507,1.5919676050295704,0.05,0.005555555555555556,3,4-5
4,True,3.559550970046632e-15,1.4238203880186527e-14,9.168534820393589,1.2998968148560275,0.05,0.005555555555555556,4,5-6
5,True,1.4519220664837696e-18,7.259610332418848e-18,10.723687099443687,1.5203832430317494,0.05,0.005555555555555556,5,6-7
6,False,0.10250965377839279,0.3075289613351784,1.2757778755583025,0.1808772753104771,0.05,0.005555555555555556,6,7-8
7,False,0.9999998790269201,1.0,-5.547468193598119,-0.7865091180472558,0.05,0.005555555555555556,7,8-9
8,False,0.999769824991626,1.0,-3.623830782591152,-0.5137795933751219,0.05,0.005555555555555556,8,9-10
