,reject,pvals,pvals_corrected,tstats,effectsize,alpha,alpha_corrected,step,dimension_step
0,True,6.680727486928021e-62,6.012654738235219e-61,38.71468408148902,5.488891683515967,0.05,0.005555555555555556,0,1-2
1,True,6.322186273169507e-53,5.0577490185356056e-52,30.883612106909563,4.378617717601406,0.05,0.005555555555555556,1,2-3
2,True,1.6868618153954076e-46,1.1808032707767854e-45,26.116132379690683,3.7026938285937545,0.05,0.005555555555555556,2,3-4
3,True,3.500925555163298e-28,1.4003702220653191e-27,15.325092794674257,2.1727614827681867,0.05,0.005555555555555556,3,4-5
4,True,1.7418097595820065e-28,8.709048797910032e-28,15.478396716540832,2.1944966109694826,0.05,0.005555555555555556,4,5-6
5,True,1.44954692711808e-29,8.69728156270848e-29,16.029700603859755,2.272659390648259,0.05,0.005555555555555556,5,6-7
6,True,6.089610330315536e-13,1.826883099094661e-12,8.137369169239067,1.1537001791031447,0.05,0.005555555555555556,6,7-8
7,False,0.9999999991786623,1.0,-6.647493680731749,-0.9424685657667412,0.05,0.005555555555555556,7,8-9
8,False,0.9993795917775442,1.0,-3.325024865005321,-0.4714154787004415,0.05,0.005555555555555556,8,9-10
