,reject,pvals,pvals_corrected,tstats,effectsize,alpha,alpha_corrected,step,dimension_step
0,True,3.0429098952055206e-47,2.7386189056849685e-46,26.636619888656554,3.7764875228241745,0.05,0.005555555555555556,0,1-2
1,True,1.4633851716919062e-36,1.170708137353525e-35,19.833451091303772,2.8119476455325088,0.05,0.005555555555555556,1,2-3
2,True,1.6834751106451305e-30,1.0100850663870783e-29,16.514103142242146,2.3413370287972533,0.05,0.005555555555555556,2,3-4
3,True,6.578894927880707e-23,3.289447463940353e-22,12.74928622328873,1.80756869859708,0.05,0.005555555555555556,3,4-5
4,True,2.372721340466878e-20,9.490885361867512e-20,11.54961645976748,1.6374818815615297,0.05,0.005555555555555556,4,5-6
5,True,4.867176781192302e-33,3.407023746834611e-32,17.86480585864931,2.5328370005233443,0.05,0.005555555555555556,5,6-7
6,True,0.0008522560461439039,0.002556768138431712,3.225504427520252,0.45730566702015313,0.05,0.005555555555555556,6,7-8
7,False,0.9999999999996194,1.0,-8.232320027991397,-1.1671621249077744,0.05,0.005555555555555556,7,8-9
8,False,0.999999999946528,1.0,-7.221671076981966,-1.0238743065060172,0.05,0.005555555555555556,8,9-10
