,reject,pvals,pvals_corrected,tstats,effectsize,alpha,alpha_corrected,step,dimension_step
0,True,3.393802140232778e-58,3.0544219262095e-57,35.29851217462569,5.004553556680817,0.05,0.005555555555555556,0,1-2
1,True,1.2586940430680337e-54,1.006955234454427e-53,32.25512936688455,4.573068734332673,0.05,0.005555555555555556,1,2-3
2,True,5.390572785826432e-48,3.773400950078502e-47,27.170558686327034,3.8521883142828166,0.05,0.005555555555555556,2,3-4
3,True,3.6873320925578734e-31,1.8436660462789368e-30,16.859854515725992,2.390356977777984,0.05,0.005555555555555556,3,4-5
4,True,6.196462792116663e-35,3.717877675269998e-34,18.909560425967378,2.680960246054602,0.05,0.005555555555555556,4,5-6
5,True,6.306491048366364e-17,1.8919473145099092e-16,9.971665243543649,1.413763064962271,0.05,0.005555555555555556,5,6-7
6,True,8.651938513664225e-20,3.46077540546569e-19,11.289019522794371,1.600534960928246,0.05,0.005555555555555556,6,7-8
7,False,0.9995816996164874,1.0,-3.4458667958437865,-0.4885482097283671,0.05,0.005555555555555556,7,8-9
8,False,0.9999999996191294,1.0,-6.810539486818267,-0.9655848791318902,0.05,0.005555555555555556,8,9-10
