,reject,pvals,pvals_corrected,tstats,effectsize,alpha,alpha_corrected,step,dimension_step
0,True,2.6231135601704745e-45,2.360802204153427e-44,25.29807928166858,3.586711871025491,0.05,0.005555555555555556,0,1-2
1,True,3.049489411926385e-33,2.439591529541108e-32,17.97519070244221,2.548487146338967,0.05,0.005555555555555556,1,2-3
2,True,5.532080914015769e-27,3.8724566398110387e-26,14.725065137281836,2.0876907429008926,0.05,0.005555555555555556,2,3-4
3,True,3.346594946506844e-18,1.3386379786027376e-17,10.556876211455691,1.4967331237676995,0.05,0.005555555555555556,3,4-5
4,True,1.3755734086454782e-19,6.877867043227391e-19,11.195833826205245,1.5873232763396778,0.05,0.005555555555555556,4,5-6
5,True,2.2471472640895064e-20,1.3482883584537039e-19,11.560589486713488,1.6390376157170807,0.05,0.005555555555555556,5,6-7
6,True,0.006327218077749893,0.01898165423324968,2.5395824997397205,0.360057006614941,0.05,0.005555555555555556,6,7-8
7,False,0.9999987196009774,1.0,-4.992385687380016,-0.7078106132206974,0.05,0.005555555555555556,7,8-9
8,False,0.9986740100776157,1.0,-3.0833877360692505,-0.4371566423205771,0.05,0.005555555555555556,8,9-10
