,reject,pvals,pvals_corrected,tstats,effectsize,alpha,alpha_corrected,step,dimension_step
0,True,1.4800423480887725e-37,1.184033878471018e-36,20.411634688715477,2.893921377584629,0.05,0.005555555555555556,0,1-2
1,True,3.488698076812953e-31,2.4420886537690673e-30,16.87252822169146,2.392153830856438,0.05,0.005555555555555556,1,2-3
2,True,1.0622277309280087e-12,6.3733663855680525e-12,8.024749295514248,1.1377331551443377,0.05,0.005555555555555556,2,3-4
3,True,1.1304147795197576e-37,1.0173733015677818e-36,20.480310376584335,2.9036580813947306,0.05,0.005555555555555556,3,4-5
4,True,1.1003888507806238e-10,4.401555403122495e-10,7.0713755309936355,1.0025656999135308,0.05,0.005555555555555556,4,5-6
5,True,4.0786538123171394e-11,2.0393269061585698e-10,7.277843574568595,1.0318383326155054,0.05,0.005555555555555556,5,6-7
6,True,1.384388584352839e-09,4.153165753058517e-09,6.535944844420228,0.92665339138362,0.05,0.005555555555555556,6,7-8
7,False,0.9999999361440515,1.0,-5.693147201713617,-0.807163200989659,0.05,0.005555555555555556,7,8-9
8,False,0.9999998455056426,1.0,-5.491227797056666,-0.7785354653576392,0.05,0.005555555555555556,8,9-10
