{
  "data": {
    "name": "normal-8-100",
    "n_dimension": 8,
    "distance": "euclidean",
    "subject": null,
    "n_objects": 100,
    "n_train_triplets": 7368,
    "n_test_triplets": 10000,
    "frac_train_ndlogn": 1.9999260891644746,
    "frac_train_triplets": 0.015188620902906617,
    "max_train_score": 0.6704668838219326,
    "max_test_score": 0.6748,
    "noise_sd": 2.0,
    "distance_sd": 1.071130151126143,
    "distance_mean": 3.946474409457115,
    "difference_sd": 0.9605654896599677,
    "difference_mean": -0.0737084309603182
  },
  "n_repeats": 10,
  "n_splits": 10,
  "embedding_method": "soe",
  "embedding_dimension": [
    1,
    2,
    3,
    4,
    5,
    6,
    7,
    8,
    9,
    10
  ],
  "random_state": 2041197532,
  "alpha": 0.05
}