,reject,pvals,pvals_corrected,tstats,effectsize,alpha,alpha_corrected,step,dimension_step
0,True,2.6736943395423466e-71,2.406324905588112e-70,48.72716245746711,6.908441154037589,0.05,0.005555555555555556,0,1-2
1,True,6.850852297940758e-58,4.7955966085585304e-57,35.029256613951546,4.966379033427212,0.05,0.005555555555555556,1,2-3
2,True,1.8282802236334566e-54,1.0969681341800738e-53,32.12228313669979,4.554234057378761,0.05,0.005555555555555556,2,3-4
3,True,8.846896227755548e-60,7.077516982204439e-59,36.7252229058974,5.206829795101798,0.05,0.005555555555555556,3,4-5
4,True,4.4128648315845394e-51,2.2064324157922697e-50,29.45083887639424,4.175481949974153,0.05,0.005555555555555556,4,5-6
5,True,2.3879027698206054e-45,9.551611079282422e-45,25.325768464649364,3.5906375888711195,0.05,0.005555555555555556,5,6-7
6,True,2.1551352508022405e-44,6.465405752406722e-44,24.683141376524887,3.499527185588891,0.05,0.005555555555555556,6,7-8
7,False,0.9997626051029314,1.0,-3.6147714579464414,-0.5124951801639497,0.05,0.005555555555555556,7,8-9
8,False,0.9260610919743769,1.0,-1.4584647570089777,-0.2067782616693334,0.05,0.005555555555555556,8,9-10
