,reject,pvals,pvals_corrected,tstats,effectsize,alpha,alpha_corrected,step,dimension_step
0,True,8.827086215569316e-15,7.944377594012384e-14,8.987318534858789,1.2742043266906595,0.05,0.005555555555555556,0,1-2
1,True,1.8134519278254666e-12,1.4507615422603733e-11,7.9162088337676835,1.1223445021838308,0.05,0.005555555555555556,1,2-3
2,False,0.34836959869161954,1.0,0.39086188177787157,0.05541562802832629,0.05,0.005555555555555556,2,3-4
3,True,0.007245772518829971,0.04347463511297983,2.4886486712641402,0.35283570869757236,0.05,0.005555555555555556,3,4-5
4,True,6.890259657647291e-08,4.823181760353104e-07,5.675894934335948,0.8047172084889386,0.05,0.005555555555555556,4,5-6
5,False,0.7340181960641241,1.0,-0.6272128558896222,-0.08892500378513833,0.05,0.005555555555555556,5,6-7
6,False,0.9995250752403936,1.0,-3.4072586896405026,-0.48307442844658127,0.05,0.005555555555555556,6,7-8
7,False,0.906369845534492,1.0,-1.3279133062062416,-0.18826893401800154,0.05,0.005555555555555556,7,8-9
8,False,0.950003108960428,1.0,-1.6604220053761778,-0.23541136270808166,0.05,0.005555555555555556,8,9-10
