,reject,pvals,pvals_corrected,tstats,effectsize,alpha,alpha_corrected,step,dimension_step
0,True,2.1541978638079493e-68,1.9387780774271544e-67,45.40617267532124,6.437597761440263,0.05,0.005555555555555556,0,1-2
1,True,1.1551903968773665e-63,9.241523175018932e-63,40.43798411399857,5.733217769110119,0.05,0.005555555555555556,1,2-3
2,True,2.0523745433696544e-62,1.436662180358758e-61,39.20913715232983,5.558994266368367,0.05,0.005555555555555556,2,3-4
3,True,3.745354924619047e-49,2.247212954771428e-48,28.0092835097781,3.971101068381723,0.05,0.005555555555555556,3,4-5
4,True,1.940459091098639e-44,7.761836364394556e-44,24.71351859357874,3.503834007612914,0.05,0.005555555555555556,4,5-6
5,True,1.5113869448775028e-39,4.5341608346325084e-39,21.59984510542325,3.062383510991336,0.05,0.005555555555555556,5,6-7
6,True,1.5091347327254994e-45,7.545673663627497e-45,25.461336262160103,3.6098581242819985,0.05,0.005555555555555556,6,7-8
7,False,0.9999997878843933,1.0,-5.417931771542036,-0.7681436991731285,0.05,0.005555555555555556,7,8-9
8,False,0.9998404319938454,1.0,-3.7301955487980436,-0.5288597805057532,0.05,0.005555555555555556,8,9-10
