,reject,pvals,pvals_corrected,tstats,effectsize,alpha,alpha_corrected,step,dimension_step
0,True,1.8649716578519696e-66,1.4919773262815757e-65,43.30818871417584,6.140149726161398,0.05,0.005555555555555556,0,1-2
1,True,2.1681579222270063e-68,1.9513421300043056e-67,45.40306935216282,6.437157778393012,0.05,0.005555555555555556,1,2-3
2,True,1.2729911429650436e-59,8.910938000755305e-59,36.580677591398434,5.1863364450082114,0.05,0.005555555555555556,2,3-4
3,True,1.264197164364116e-55,7.585182986184695e-55,33.08308451232784,4.690454584688115,0.05,0.005555555555555556,3,4-5
4,True,6.130902237907913e-51,3.0654511189539564e-50,29.34213908592778,4.1600707077014425,0.05,0.005555555555555556,4,5-6
5,True,3.855507362195872e-39,1.1566522086587615e-38,21.353607049690773,3.0274723642690677,0.05,0.005555555555555556,5,6-7
6,True,1.4611936778815845e-41,5.844774711526338e-41,22.8473790546776,3.239256418040063,0.05,0.005555555555555556,6,7-8
7,False,0.9999999988556226,1.0,-6.576702317450221,-0.9324319056621964,0.05,0.005555555555555556,7,8-9
8,False,0.9885420907121576,1.0,-2.310844265594671,-0.3276269501418416,0.05,0.005555555555555556,8,9-10
