{
  "data": {
    "name": "normal-8-100",
    "n_dimension": 8,
    "distance": "euclidean",
    "subject": null,
    "n_objects": 100,
    "n_train_triplets": 29473,
    "n_test_triplets": 10000,
    "frac_train_ndlogn": 7.999975790709088,
    "frac_train_triplets": 0.06075654504225933,
    "max_train_score": 0.7854985919315984,
    "max_test_score": 0.7847,
    "noise_sd": 1.0,
    "distance_sd": 1.0738467772657774,
    "distance_mean": 4.018898257404074,
    "difference_sd": 0.9549079901488366,
    "difference_mean": -0.12095294557629069
  },
  "n_repeats": 10,
  "n_splits": 10,
  "embedding_method": "soe",
  "embedding_dimension": [
    1,
    2,
    3,
    4,
    5,
    6,
    7,
    8,
    9,
    10
  ],
  "random_state": 769869519,
  "alpha": 0.05
}