,reject,pvals,pvals_corrected,tstats,effectsize,alpha,alpha_corrected,step,dimension_step
0,True,6.311227389688073e-16,5.680104650719266e-15,9.513177652491972,1.348759597021741,0.05,0.005555555555555556,0,1-2
1,True,3.1964087413972044e-05,0.00025571269931177635,4.175985400045621,0.5920629878975088,0.05,0.005555555555555556,1,2-3
2,False,0.04104691947538856,0.2873284363277199,1.756508013345743,0.24903424773372926,0.05,0.005555555555555556,2,3-4
3,False,0.9569381507653586,1.0,-1.7334800790164944,-0.24576939254435684,0.05,0.005555555555555556,3,4-5
4,False,0.8685820486230345,1.0,-1.1261229808972784,-0.1596594990017944,0.05,0.005555555555555556,4,5-6
5,False,0.9335316434236574,1.0,-1.5150871603816516,-0.21480607453534512,0.05,0.005555555555555556,5,6-7
6,False,0.9072834830828466,1.0,-1.333484226109019,-0.18905876807320204,0.05,0.005555555555555556,6,7-8
7,False,0.9548400621736644,1.0,-1.7104225317803134,-0.24250033889534453,0.05,0.005555555555555556,7,8-9
8,False,0.9758822071258019,1.0,-2.0000373993974696,-0.2835613646017758,0.05,0.005555555555555556,8,9-10
