,reject,pvals,pvals_corrected,tstats,effectsize,alpha,alpha_corrected,step,dimension_step
0,True,2.9315894753804116e-08,2.052112632766288e-07,5.868399888337254,0.8320101818431654,0.05,0.005555555555555556,0,1-2
1,True,2.4488511466696617e-12,2.2039660320026954e-11,7.855124536647169,1.1136840908072978,0.05,0.005555555555555556,1,2-3
2,True,1.1295319621045457e-08,9.036255696836366e-08,6.0800697990703245,0.8620203250288317,0.05,0.005555555555555556,2,3-4
3,False,0.9996986401085584,1.0,-3.5442815148204487,-0.5025012548155888,0.05,0.005555555555555556,3,4-5
4,False,0.8446945497577427,1.0,-1.0191605383764881,-0.14449457450014677,0.05,0.005555555555555556,4,5-6
5,False,0.6394731801858697,1.0,-0.3580695036255399,-0.050766389218985054,0.05,0.005555555555555556,5,6-7
6,False,0.9442532003208822,1.0,-1.6058430219278994,-0.22767326189564985,0.05,0.005555555555555556,6,7-8
7,False,0.9935110182901721,1.0,-2.5301507270747816,-0.35871978845677577,0.05,0.005555555555555556,7,8-9
8,False,0.8740953545633879,1.0,-1.15269989178965,-0.16342752110068667,0.05,0.005555555555555556,8,9-10
