,reject,pvals,pvals_corrected,tstats,effectsize,alpha,alpha_corrected,step,dimension_step
0,True,1.2396859515513985e-55,1.1157173563962587e-54,33.09021342677115,4.691465308141728,0.05,0.005555555555555556,0,1-2
1,True,4.7704687075957375e-42,3.81637496607659e-41,23.155552736685532,3.2829486759102657,0.05,0.005555555555555556,1,2-3
2,True,4.72744535763364e-39,2.8364672145801843e-38,21.30024068507646,3.0199061861673835,0.05,0.005555555555555556,2,3-4
3,True,7.619716140841857e-31,3.0478864563367428e-30,16.69416036152705,2.366865186831803,0.05,0.005555555555555556,3,4-5
4,True,9.070658383313009e-38,4.535329191656505e-37,20.53651348444706,2.911626447368895,0.05,0.005555555555555556,4,5-6
5,True,6.758041805777859e-30,2.0274125417333577e-29,16.20063076971787,2.296893533018265,0.05,0.005555555555555556,5,6-7
6,True,1.997566023466311e-39,1.3982962164264176e-38,21.526317997663735,3.0519589824211253,0.05,0.005555555555555556,6,7-8
7,False,0.9999999982087685,1.0,-6.480647502192644,-0.918813443077839,0.05,0.005555555555555556,7,8-9
8,False,0.9999999930647064,1.0,-6.187150530639838,-0.8772020203189073,0.05,0.005555555555555556,8,9-10
