,reject,pvals,pvals_corrected,tstats,effectsize,alpha,alpha_corrected,step,dimension_step
0,True,6.621602860474266e-13,5.959442574426839e-12,8.120433456321662,1.1512990670705348,0.05,0.005555555555555556,0,1-2
1,True,6.25368816840547e-07,5.002950534724376e-06,5.1641421180252625,0.7321619017853855,0.05,0.005555555555555556,1,2-3
2,True,9.245477369565583e-07,6.471834158695908e-06,5.07080964926951,0.7189294081280136,0.05,0.005555555555555556,2,3-4
3,False,0.34953910104977615,1.0,0.3876893910394932,0.05496583853777372,0.05,0.005555555555555556,3,4-5
4,False,0.9264025590727998,1.0,-1.4609532539407764,-0.20713107586470833,0.05,0.005555555555555556,4,5-6
5,False,0.5733993164196247,1.0,-0.18551922643620425,-0.026302550654284766,0.05,0.005555555555555556,5,6-7
6,False,0.8868361002030943,1.0,-1.2174479598524017,-0.17260737470779106,0.05,0.005555555555555556,6,7-8
7,False,0.9956722926299333,1.0,-2.6786914994989925,-0.3797796067083246,0.05,0.005555555555555556,7,8-9
8,False,0.7366796242341371,1.0,-0.6353888919777855,-0.09008418608387504,0.05,0.005555555555555556,8,9-10
