,reject,pvals,pvals_corrected,tstats,effectsize,alpha,alpha_corrected,step,dimension_step
0,True,2.2044622109154074e-38,1.9840159898238668e-37,20.899993920237144,2.9631599878965544,0.05,0.005555555555555556,0,1-2
1,True,6.831645124955503e-07,3.4158225624777514e-06,5.143116976334713,0.7291809985930182,0.05,0.005555555555555556,1,2-3
2,True,0.0004058288520379603,0.001217486556113881,3.455029108014414,0.4898472243081911,0.05,0.005555555555555556,2,3-4
3,True,3.4117648802462795e-11,2.7294119041970236e-10,7.314813076838973,1.0370797958579403,0.05,0.005555555555555556,3,4-5
4,True,3.722262085073954e-08,2.2333572510443722e-07,5.814894141671325,0.8244242424286333,0.05,0.005555555555555556,4,5-6
5,True,8.623997505573338e-05,0.0003449599002229335,3.9045822545730866,0.5535839842995806,0.05,0.005555555555555556,5,6-7
6,True,5.486240487207635e-10,3.840368341045345e-09,6.733271849731476,0.9546300256784068,0.05,0.005555555555555556,6,7-8
7,False,0.999997966358013,1.0,-4.879815348430354,-0.6918506122047828,0.05,0.005555555555555556,7,8-9
8,False,0.9990361541948658,1.0,-3.186376990710331,-0.4517582560674713,0.05,0.005555555555555556,8,9-10
