,reject,pvals,pvals_corrected,tstats,effectsize,alpha,alpha_corrected,step,dimension_step
0,True,9.417911627571389e-23,8.47612046481425e-22,12.675442804448632,1.7970993240646507,0.05,0.005555555555555556,0,1-2
1,False,0.017603280167267043,0.1232229611708693,2.135268882393657,0.3027342180029537,0.05,0.005555555555555556,1,2-3
2,False,0.046209465578423085,0.2772567934705385,1.6992154841458702,0.2409114257473518,0.05,0.005555555555555556,2,3-4
3,False,0.013897848282469157,0.11118278625975325,2.2330756623712196,0.3166010706958576,0.05,0.005555555555555556,3,4-5
4,False,0.27981838041611,1.0,0.5853612690243802,0.08299136820120727,0.05,0.005555555555555556,4,5-6
5,False,0.5264005923508329,1.0,-0.06639302815930952,-0.009413072810823235,0.05,0.005555555555555556,5,6-7
6,False,0.3277693032579347,1.0,0.4474348146758505,0.06343642706783843,0.05,0.005555555555555556,6,7-8
7,False,0.23436162507848612,1.0,0.7273580623041538,0.10312339397413482,0.05,0.005555555555555556,7,8-9
8,False,0.9997367751046935,1.0,-3.584367296836408,-0.5081845380646917,0.05,0.005555555555555556,8,9-10
