{
  "data": {
    "name": "normal-8-100",
    "n_dimension": 8,
    "distance": "euclidean",
    "subject": null,
    "n_objects": 100,
    "n_train_triplets": 14736,
    "n_test_triplets": 10000,
    "frac_train_ndlogn": 3.999852178328949,
    "frac_train_triplets": 0.030377241805813235,
    "max_train_score": 0.6816639522258415,
    "max_test_score": 0.6794,
    "noise_sd": 2.0,
    "distance_sd": 1.0736934329906622,
    "distance_mean": 4.0148401234270965,
    "difference_sd": 0.9597656380535671,
    "difference_mean": -0.07931697390639433
  },
  "n_repeats": 10,
  "n_splits": 10,
  "embedding_method": "soe",
  "embedding_dimension": [
    1,
    2,
    3,
    4,
    5,
    6,
    7,
    8,
    9,
    10
  ],
  "random_state": 809402007,
  "alpha": 0.05
}