,reject,pvals,pvals_corrected,tstats,effectsize,alpha,alpha_corrected,step,dimension_step
0,True,4.794218188178059e-39,4.314796369360253e-38,21.29657262451725,3.019386135763364,0.05,0.005555555555555556,0,1-2
1,True,3.8416188512065167e-32,3.0732950809652133e-31,17.381328941780314,2.464290595170058,0.05,0.005555555555555556,1,2-3
2,True,1.9262744578419535e-10,9.631372289209767e-10,6.954121804644333,0.985941697453243,0.05,0.005555555555555556,2,3-4
3,True,8.854068376172591e-21,6.197847863320814e-20,11.748809613272313,1.6657230946729333,0.05,0.005555555555555556,3,4-5
4,True,1.3785351727998198e-11,8.271211036798919e-11,7.501723465703896,1.0635795827823014,0.05,0.005555555555555556,4,5-6
5,False,0.025934648658469762,0.10373859463387905,1.967966227903232,0.2790143770524313,0.05,0.005555555555555556,5,6-7
6,False,0.5658115837380877,1.0,-0.16615118094054007,-0.023556587297762364,0.05,0.005555555555555556,6,7-8
7,False,0.9976301660882934,1.0,-2.8895999351067636,-0.4096817894499985,0.05,0.005555555555555556,7,8-9
8,False,0.9828912259192293,1.0,-2.14722026789136,-0.30442866190766843,0.05,0.005555555555555556,8,9-10
