{
  "data": {
    "name": "normal-8-100",
    "n_dimension": 8,
    "distance": "euclidean",
    "subject": null,
    "n_objects": 100,
    "n_train_triplets": 29473,
    "n_test_triplets": 10000,
    "frac_train_ndlogn": 7.999975790709088,
    "frac_train_triplets": 0.06075654504225933,
    "max_train_score": 0.677365724561463,
    "max_test_score": 0.67,
    "noise_sd": 2.0,
    "distance_sd": 1.076600356774048,
    "distance_mean": 4.09118130769033,
    "difference_sd": 0.9735956845030174,
    "difference_mean": -0.07794470868605406
  },
  "n_repeats": 10,
  "n_splits": 10,
  "embedding_method": "soe",
  "embedding_dimension": [
    1,
    2,
    3,
    4,
    5,
    6,
    7,
    8,
    9,
    10
  ],
  "random_state": 3582502029,
  "alpha": 0.05
}