{
  "data": {
    "name": "normal-8-100",
    "n_dimension": 8,
    "distance": "euclidean",
    "subject": null,
    "n_objects": 100,
    "n_train_triplets": 29473,
    "n_test_triplets": 10000,
    "frac_train_ndlogn": 7.999975790709088,
    "frac_train_triplets": 0.06075654504225933,
    "max_train_score": 0.874732806297289,
    "max_test_score": 0.881,
    "noise_sd": 0.5,
    "distance_sd": 1.066876444833796,
    "distance_mean": 3.830706136677514,
    "difference_sd": 0.9278566294346059,
    "difference_mean": -0.16108661364854893
  },
  "n_repeats": 10,
  "n_splits": 10,
  "embedding_method": "soe",
  "embedding_dimension": [
    1,
    2,
    3,
    4,
    5,
    6,
    7,
    8,
    9,
    10
  ],
  "random_state": 1212701394,
  "alpha": 0.05
}