{
  "data": {
    "name": "normal-8-100",
    "n_dimension": 8,
    "distance": "euclidean",
    "subject": null,
    "n_objects": 100,
    "n_train_triplets": 29473,
    "n_test_triplets": 10000,
    "frac_train_ndlogn": 7.999975790709088,
    "frac_train_triplets": 0.06075654504225933,
    "max_train_score": 0.8733077732161639,
    "max_test_score": 0.8674,
    "noise_sd": 0.5,
    "distance_sd": 1.0636567542422597,
    "distance_mean": 3.7410163583807945,
    "difference_sd": 0.9129711139583638,
    "difference_mean": -0.17013532315467578
  },
  "n_repeats": 10,
  "n_splits": 10,
  "embedding_method": "soe",
  "embedding_dimension": [
    1,
    2,
    3,
    4,
    5,
    6,
    7,
    8,
    9,
    10
  ],
  "random_state": 2423043547,
  "alpha": 0.05
}