,reject,pvals,pvals_corrected,tstats,effectsize,alpha,alpha_corrected,step,dimension_step
0,True,8.734086229768558e-31,7.860677606791703e-30,16.66309001409414,2.3624600941473455,0.05,0.005555555555555556,0,1-2
1,True,5.395121801989899e-25,4.316097441591919e-24,13.749302237867363,1.949349000206927,0.05,0.005555555555555556,1,2-3
2,True,4.395262630889338e-10,2.6371575785336027e-09,6.780247726907788,0.9612901730533977,0.05,0.005555555555555556,2,3-4
3,True,1.9665283604566006e-14,1.3765698523196203e-13,8.827248554186049,1.2515099199935567,0.05,0.005555555555555556,3,4-5
4,True,0.004722582881424368,0.02361291440712184,2.6471595469495433,0.375309068559301,0.05,0.005555555555555556,4,5-6
5,False,0.03100618066048158,0.12402472264192632,1.8875716488077894,0.26761619191761493,0.05,0.005555555555555556,5,6-7
6,False,0.7505713713402158,1.0,-0.6787859243294662,-0.09623693188603714,0.05,0.005555555555555556,6,7-8
7,False,0.9999998550871632,1.0,-5.505975879963206,-0.7806264195145456,0.05,0.005555555555555556,7,8-9
8,False,0.9999709872566594,1.0,-4.201890769331287,-0.5957358001496044,0.05,0.005555555555555556,8,9-10
