,reject,pvals,pvals_corrected,tstats,effectsize,alpha,alpha_corrected,step,dimension_step
0,True,3.3650206876756064e-22,3.0285186189080457e-21,12.414179463953237,1.7600579220520627,0.05,0.005555555555555556,0,1-2
1,True,1.2821197774096785e-11,7.69271866445807e-11,7.5166278734689485,1.0656927003698589,0.05,0.005555555555555556,1,2-3
2,True,8.857079536892635e-22,7.085663629514108e-21,12.216467132219945,1.7320266569358298,0.05,0.005555555555555556,2,3-4
3,True,1.0097131774038786e-11,7.06799224182715e-11,7.565675332757378,1.072646552577956,0.05,0.005555555555555556,3,4-5
4,True,2.9040193686525053e-11,1.4520096843262527e-10,7.348136475413399,1.0418043216971968,0.05,0.005555555555555556,4,5-6
5,True,3.3898529663402444e-06,1.3559411865360978e-05,4.753828963489273,0.6739885106031328,0.05,0.005555555555555556,5,6-7
6,True,3.7315267856145193e-06,1.3559411865360978e-05,4.729944939143518,0.6706022806567805,0.05,0.005555555555555556,6,7-8
7,False,0.9999999995967229,1.0,-6.798455739586522,-0.9638716692411308,0.05,0.005555555555555556,7,8-9
8,False,0.9999999999325404,1.0,-7.173375292426522,-1.017027025261586,0.05,0.005555555555555556,8,9-10
