,reject,pvals,pvals_corrected,tstats,effectsize,alpha,alpha_corrected,step,dimension_step
0,True,4.031058868138598e-61,3.6279529813247384e-60,37.97217742809837,5.383620552123735,0.05,0.005555555555555556,0,1-2
1,True,7.052745143002733e-49,4.9369216001019127e-48,27.808439139178827,3.94262574896176,0.05,0.005555555555555556,1,2-3
2,True,2.2157885347932354e-53,1.7726308278345884e-52,31.245983912219266,4.429994078682346,0.05,0.005555555555555556,2,3-4
3,True,6.525252981975278e-35,3.915151789185167e-34,18.896987775711757,2.6791777204557214,0.05,0.005555555555555556,3,4-5
4,True,1.6736964235684858e-28,8.368482117842429e-28,15.487175988198535,2.1957413188195547,0.05,0.005555555555555556,4,5-6
5,True,8.303631224397023e-27,3.321452489758809e-26,14.63756923898757,2.075285746711894,0.05,0.005555555555555556,5,6-7
6,True,4.515740038778974e-15,1.3547220116336921e-14,9.121081951125797,1.293169040481459,0.05,0.005555555555555556,6,7-8
7,False,0.999999824161781,1.0,-5.461361287356746,-0.774301050416722,0.05,0.005555555555555556,7,8-9
8,False,0.9993811403027854,1.0,-3.325800216498233,-0.47152540650851266,0.05,0.005555555555555556,8,9-10
