{
  "data": {
    "name": "normal-8-100",
    "n_dimension": 8,
    "distance": "euclidean",
    "subject": null,
    "n_objects": 100,
    "n_train_triplets": 7368,
    "n_test_triplets": 10000,
    "frac_train_ndlogn": 1.9999260891644746,
    "frac_train_triplets": 0.015188620902906617,
    "max_train_score": 0.7878664495114006,
    "max_test_score": 0.7845,
    "noise_sd": 1.0,
    "distance_sd": 1.0780944336281038,
    "distance_mean": 4.129948325847466,
    "difference_sd": 0.9669054443082887,
    "difference_mean": -0.11287274307977123
  },
  "n_repeats": 10,
  "n_splits": 10,
  "embedding_method": "soe",
  "embedding_dimension": [
    1,
    2,
    3,
    4,
    5,
    6,
    7,
    8,
    9,
    10
  ],
  "random_state": 4264849959,
  "alpha": 0.05
}