,reject,pvals,pvals_corrected,tstats,effectsize,alpha,alpha_corrected,step,dimension_step
0,True,1.1899270250753402e-48,1.0709343225678062e-47,27.6432961683083,3.919212103702654,0.05,0.005555555555555556,0,1-2
1,True,3.007762691803526e-29,1.8046576150821156e-28,15.866963619947834,2.2495868614829826,0.05,0.005555555555555556,1,2-3
2,True,2.1122569680292552e-32,1.6898055744234042e-31,17.520593704782325,2.484035279069314,0.05,0.005555555555555556,2,3-4
3,True,1.696688022465659e-31,1.1876816157259613e-30,17.037939289688715,2.4156054863983134,0.05,0.005555555555555556,3,4-5
4,True,5.508765627580217e-19,2.7543828137901086e-18,10.917580483338352,1.5478730652425692,0.05,0.005555555555555556,4,5-6
5,True,2.0652759871978864e-12,8.261103948791546e-12,7.889778163595217,1.1185972138062725,0.05,0.005555555555555556,5,6-7
6,True,1.2943621725248582e-07,3.8830865175745746e-07,5.531946814858259,0.7843085275296475,0.05,0.005555555555555556,6,7-8
7,False,0.9999997129133511,1.0,-5.3474960814881305,-0.7581574657185091,0.05,0.005555555555555556,7,8-9
8,False,0.9999987180839683,1.0,-4.992099321837561,-0.7077700128779147,0.05,0.005555555555555556,8,9-10
