,reject,pvals,pvals_corrected,tstats,effectsize,alpha,alpha_corrected,step,dimension_step
0,True,3.4888694310779724e-45,3.1399824879701753e-44,25.214152920654954,3.574812956804059,0.05,0.005555555555555556,0,1-2
1,True,7.464892733717381e-34,5.971914186973905e-33,18.309678089982125,2.595910109570292,0.05,0.005555555555555556,1,2-3
2,True,6.097096749958537e-23,4.267967724970976e-22,12.764954933968658,1.8097901775470686,0.05,0.005555555555555556,2,3-4
3,True,2.550734003693907e-08,1.2753670018469536e-07,5.899485144364164,0.8364173882387267,0.05,0.005555555555555556,3,4-5
4,True,1.3257543946018254e-12,7.954526367610953e-12,7.979810983215979,1.1313618897059832,0.05,0.005555555555555556,4,5-6
5,True,3.483369311231532e-05,0.00013933477244926128,4.1529138196917,0.5887919446606932,0.05,0.005555555555555556,5,6-7
6,True,0.009199947250439244,0.02759984175131773,2.39713494926595,0.3398610733745469,0.05,0.005555555555555556,6,7-8
7,False,0.9999896504046242,1.0,-4.471845985987837,-0.6340095192508374,0.05,0.005555555555555556,7,8-9
8,False,0.9992594807306601,1.0,-3.2698054360344306,-0.4635865767827905,0.05,0.005555555555555556,8,9-10
