,reject,pvals,pvals_corrected,tstats,effectsize,alpha,alpha_corrected,step,dimension_step
0,True,4.0917762661911887e-29,3.68259863957207e-28,15.798566728418416,2.239889684868963,0.05,0.005555555555555556,0,1-2
1,True,1.2248748088571232e-12,8.574123661999862e-12,7.995864841661811,1.1336379741479017,0.05,0.005555555555555556,1,2-3
2,True,1.4960501110440694e-13,1.1968400888352555e-12,8.420389497830937,1.1938262440505958,0.05,0.005555555555555556,2,3-4
3,True,2.581497192466052e-07,1.5488983154796312e-06,5.372273506365912,0.7616703602332708,0.05,0.005555555555555556,3,4-5
4,True,0.006662450543695231,0.033312252718476154,2.520268248964717,0.3573186701679971,0.05,0.005555555555555556,4,5-6
5,False,0.0431579860845767,0.1726319443383068,1.7324036568969678,0.24561677953562389,0.05,0.005555555555555556,5,6-7
6,False,0.9999986650954982,1.0,-4.982298439388006,-0.7063804630612291,0.05,0.005555555555555556,6,7-8
7,False,0.9996389628313824,1.0,-3.4902802214341078,-0.4948450577627213,0.05,0.005555555555555556,7,8-9
8,False,0.9960528378988954,1.0,-2.7116541262020237,-0.3844529830219807,0.05,0.005555555555555556,8,9-10
