,reject,pvals,pvals_corrected,tstats,effectsize,alpha,alpha_corrected,step,dimension_step
0,True,7.062336879145612e-25,6.3561031912310506e-24,13.692647625917411,1.9413166208722443,0.05,0.005555555555555556,0,1-2
1,True,4.24005033533341e-22,3.392040268266728e-21,12.366894163859236,1.7533539053050264,0.05,0.005555555555555556,1,2-3
2,True,0.0015856808194000844,0.007928404097000422,3.0246050877608774,0.42882255418090026,0.05,0.005555555555555556,2,3-4
3,True,5.015467615727985e-17,3.5108273310095895e-16,10.01726774251066,1.4202284974787989,0.05,0.005555555555555556,3,4-5
4,False,0.019001559446778345,0.07600623778711338,2.10298222043821,0.29815667864029927,0.05,0.005555555555555556,4,5-6
5,True,3.5810225011692175e-08,2.1486135007015305e-07,5.823576588490076,0.8256552226436779,0.05,0.005555555555555556,5,6-7
6,False,0.9367771726832028,1.0,-1.5412529951657785,-0.2185158150729805,0.05,0.005555555555555556,6,7-8
7,False,0.9999990256503923,1.0,-5.05821697772535,-0.717144043950264,0.05,0.005555555555555556,7,8-9
8,False,0.9775641194669384,1.0,-2.0316190663914875,-0.28803895116686723,0.05,0.005555555555555556,8,9-10
