,reject,pvals,pvals_corrected,tstats,effectsize,alpha,alpha_corrected,step,dimension_step
0,True,1.9611966840096033e-35,1.765077015608643e-34,19.190564391401026,2.720800435003509,0.05,0.005555555555555556,0,1-2
1,True,3.969199406773431e-34,3.1753595254187445e-33,18.460901117856697,2.617350212718485,0.05,0.005555555555555556,1,2-3
2,True,1.5184400568365489e-30,1.0629080397855842e-29,16.537486153047908,2.3446522260303535,0.05,0.005555555555555556,2,3-4
3,True,1.922072370548182e-26,1.1532434223289092e-25,14.457372840518564,2.049737856126653,0.05,0.005555555555555556,3,4-5
4,True,4.059512086480627e-20,1.6238048345922507e-19,11.441334749509364,1.6221299138775978,0.05,0.005555555555555556,4,5-6
5,True,7.753257037321698e-22,3.876628518660849e-21,12.243617890781955,1.7358760380274716,0.05,0.005555555555555556,5,6-7
6,False,0.16418587571796783,0.4925576271539035,0.9822486517674245,0.13926127989273326,0.05,0.005555555555555556,6,7-8
7,False,0.9996998820176006,1.0,-3.545509419908027,-0.5026753447812765,0.05,0.005555555555555556,7,8-9
8,False,0.9999998417894255,1.0,-5.4857477720144905,-0.7777585181968114,0.05,0.005555555555555556,8,9-10
