,reject,pvals,pvals_corrected,tstats,effectsize,alpha,alpha_corrected,step,dimension_step
0,True,1.2205297280165317e-62,1.0984767552148786e-61,39.42862485705746,5.590112800994083,0.05,0.005555555555555556,0,1-2
1,True,6.527040864978599e-53,5.221632691982879e-52,30.87264457071126,4.377062761913254,0.05,0.005555555555555556,1,2-3
2,True,5.309752358585264e-37,3.716826651009685e-36,20.088020932923275,2.8480400564533404,0.05,0.005555555555555556,2,3-4
3,True,1.1162619647184028e-30,6.697571788310417e-30,16.60731355057963,2.354552216968848,0.05,0.005555555555555556,3,4-5
4,True,3.3801308768617545e-24,1.3520523507447018e-23,13.36468738335191,1.8948190634040594,0.05,0.005555555555555556,4,5-6
5,True,3.446338183804565e-30,1.7231690919022825e-29,16.352164012713715,2.318377617855568,0.05,0.005555555555555556,5,6-7
6,True,1.909262243171638e-17,5.727786729514915e-17,10.209620785156064,1.4474999331400853,0.05,0.005555555555555556,6,7-8
7,False,0.998902924879156,1.0,-3.1448512376398554,-0.4458708165574262,0.05,0.005555555555555556,7,8-9
8,False,0.9999969838830437,1.0,-4.782792993842449,-0.6780949737991652,0.05,0.005555555555555556,8,9-10
