,reject,pvals,pvals_corrected,tstats,effectsize,alpha,alpha_corrected,step,dimension_step
0,True,4.383324299641021e-55,3.944991869676919e-54,32.63298236237874,4.626639988076967,0.05,0.005555555555555556,0,1-2
1,True,2.2918585897892643e-54,1.8334868718314114e-53,32.042081373837505,4.542863209349845,0.05,0.005555555555555556,1,2-3
2,True,1.5268336486125953e-48,1.0687835540288167e-47,27.56485220715064,3.908090473338474,0.05,0.005555555555555556,2,3-4
3,True,2.205251189149312e-42,1.3231507134895872e-41,23.369643076534615,3.3133019827704033,0.05,0.005555555555555556,3,4-5
4,True,4.421459135296407e-32,2.2107295676482034e-31,17.34868145991439,2.4596618994709165,0.05,0.005555555555555556,4,5-6
5,True,1.2021798222769978e-27,4.808719289107991e-27,15.055715499285492,2.134569700206428,0.05,0.005555555555555556,5,6-7
6,True,4.987684285718521e-18,1.4963052857155563e-17,10.47723911350887,1.485442332818726,0.05,0.005555555555555556,6,7-8
7,False,0.9499271064779101,1.0,-1.6596682982675,-0.23530450359819144,0.05,0.005555555555555556,7,8-9
8,False,0.9999999461475528,1.0,-5.731706299738621,-0.8126300339884207,0.05,0.005555555555555556,8,9-10
