,reject,pvals,pvals_corrected,tstats,effectsize,alpha,alpha_corrected,step,dimension_step
0,True,1.1239093817416695e-43,1.0115184435675025e-42,24.208551454445402,3.432240760859208,0.05,0.005555555555555556,0,1-2
1,True,1.3379364040860568e-38,1.0703491232688454e-37,21.029271111253845,2.9814886535043192,0.05,0.005555555555555556,1,2-3
2,True,1.3579536159441369e-36,9.505675311608958e-36,19.852160058902903,2.8146001661225233,0.05,0.005555555555555556,2,3-4
3,True,4.734392162353918e-33,2.840635297412351e-32,17.871326366630715,2.5337614653066836,0.05,0.005555555555555556,3,4-5
4,True,1.2563810574104681e-12,5.0255242296418724e-12,7.990713862350579,1.132907678442947,0.05,0.005555555555555556,4,5-6
5,True,2.745252983881864e-19,1.372626491940932e-18,11.057149651705611,1.5676609071351648,0.05,0.005555555555555556,5,6-7
6,True,7.372045907414071e-07,2.211613772224221e-06,5.124973468857322,0.7266086478257269,0.05,0.005555555555555556,6,7-8
7,False,0.9993577629061071,1.0,-3.314283895635227,-0.4698926452111041,0.05,0.005555555555555556,7,8-9
8,False,0.9999999999994251,1.0,-8.149009125979777,-1.1553504692518668,0.05,0.005555555555555556,8,9-10
