,reject,pvals,pvals_corrected,tstats,effectsize,alpha,alpha_corrected,step,dimension_step
0,True,1.0149016356085955e-31,9.13411472047736e-31,17.156349010178584,2.432393383431808,0.05,0.005555555555555556,0,1-2
1,True,5.357459924287257e-31,4.2859679394298054e-30,16.774472547681352,2.3782516904576485,0.05,0.005555555555555556,1,2-3
2,True,1.2626616903775082e-25,8.838631832642557e-25,14.056168416601883,1.9928558828373752,0.05,0.005555555555555556,2,3-4
3,True,4.091011099642735e-13,1.636404439857094e-12,8.217725671270681,1.1650929657468216,0.05,0.005555555555555556,3,4-5
4,True,1.2835946239945276e-24,7.701567743967165e-24,13.567209438676542,1.9235322416611809,0.05,0.005555555555555556,4,5-6
5,True,4.6564977075006866e-17,2.3282488537503435e-16,10.032053988997248,1.422324862392944,0.05,0.005555555555555556,5,6-7
6,True,3.881304333392994e-05,0.00011643913000178982,4.123772773908653,0.5846603845655405,0.05,0.005555555555555556,6,7-8
7,False,0.9999999999982306,1.0,-7.9212032104151735,-1.1230525950714558,0.05,0.005555555555555556,7,8-9
8,False,0.999942987185434,1.0,-4.019136482422644,-0.5698252571776322,0.05,0.005555555555555556,8,9-10
