,reject,pvals,pvals_corrected,tstats,effectsize,alpha,alpha_corrected,step,dimension_step
0,True,6.200388078003708e-73,5.580349270203337e-72,50.691871025498514,7.186993666487417,0.05,0.005555555555555556,0,1-2
1,True,2.016741647051195e-65,1.613393317640956e-64,42.224664864760925,5.986529848147505,0.05,0.005555555555555556,1,2-3
2,True,7.015183642263536e-57,4.910628549584476e-56,34.14997026938174,4.841715546725896,0.05,0.005555555555555556,2,3-4
3,True,8.859570970071414e-56,5.315742582042849e-55,33.212733506544524,4.708835963821529,0.05,0.005555555555555556,3,4-5
4,True,2.128177485920748e-49,1.064088742960374e-48,28.189612553869857,3.996667765202191,0.05,0.005555555555555556,4,5-6
5,True,9.025388501694243e-41,2.707616550508273e-40,22.352115330693657,3.16903890238113,0.05,0.005555555555555556,5,6-7
6,True,5.003628141228076e-41,2.0014512564912306e-40,22.51175937748117,3.1916729210106087,0.05,0.005555555555555556,6,7-8
7,False,0.9998086318210907,1.0,-3.6776856106093536,-0.5214150248564711,0.05,0.005555555555555556,7,8-9
8,False,0.9999912908872002,1.0,-4.516100919973433,-0.6402838966575286,0.05,0.005555555555555556,8,9-10
