,reject,pvals,pvals_corrected,tstats,effectsize,alpha,alpha_corrected,step,dimension_step
0,True,5.802877915931822e-54,5.22259012433864e-53,31.71412084447611,4.496365611220303,0.05,0.005555555555555556,0,1-2
1,True,5.0342763220486444e-40,3.523993425434051e-39,21.891270114270096,3.103701174957316,0.05,0.005555555555555556,1,2-3
2,True,1.3134486874627746e-29,5.253794749851098e-29,16.05173885356821,2.275783930300691,0.05,0.005555555555555556,2,3-4
3,True,3.428800178998744e-45,2.743040143198995e-44,25.21925750719504,3.5755366750332636,0.05,0.005555555555555556,3,4-5
4,True,1.0629240255276599e-39,6.377544153165959e-39,21.692878556972936,3.075573610577969,0.05,0.005555555555555556,4,5-6
5,True,1.7837460405966597e-22,5.351238121789979e-22,12.544240922885383,1.77849777962073,0.05,0.005555555555555556,5,6-7
6,True,1.731242337352937e-30,8.656211686764685e-30,16.507764924234078,2.340438408727422,0.05,0.005555555555555556,6,7-8
7,False,0.999996692937001,1.0,-4.759967820087771,-0.6748588656048388,0.05,0.005555555555555556,7,8-9
8,False,0.9995587848142536,1.0,-3.429683224905114,-0.4862537349046052,0.05,0.005555555555555556,8,9-10
