,reject,pvals,pvals_corrected,tstats,effectsize,alpha,alpha_corrected,step,dimension_step
0,True,6.126305819126033e-10,5.513675237213429e-09,6.709851291570224,0.9513095050551722,0.05,0.005555555555555556,0,1-2
1,True,6.490010301929081e-09,5.1920082415432647e-08,6.201661180909278,0.8792593117440083,0.05,0.005555555555555556,1,2-3
2,False,0.35329174843699324,1.0,0.3775359774653142,0.053526307552339274,0.05,0.005555555555555556,2,3-4
3,False,0.6348749095773849,1.0,-0.345768762584677,-0.04902241437320919,0.05,0.005555555555555556,3,4-5
4,False,0.966271846876496,1.0,-1.8489006949295264,-0.2621335002162117,0.05,0.005555555555555556,4,5-6
5,False,0.9074949600482128,1.0,-1.334779578102991,-0.18924242052848161,0.05,0.005555555555555556,5,6-7
6,False,0.9338466302484433,1.0,-1.517581956278618,-0.21515978178559944,0.05,0.005555555555555556,6,7-8
7,False,0.9057517787666151,1.0,-1.3241677041380877,-0.18773788993151552,0.05,0.005555555555555556,7,8-9
8,False,0.9858586324169816,1.0,-2.225987583838358,-0.3155961368772258,0.05,0.005555555555555556,8,9-10
