,reject,pvals,pvals_corrected,tstats,effectsize,alpha,alpha_corrected,step,dimension_step
0,True,4.973991177824647e-38,4.476592060042183e-37,20.69040826477292,2.9334453463192034,0.05,0.005555555555555556,0,1-2
1,True,2.8048474649323748e-27,2.2438779719458999e-26,14.87184023596298,2.108500227405594,0.05,0.005555555555555556,1,2-3
2,True,1.1519338933147939e-24,8.063537253203557e-24,13.589903549239443,1.9267497679742278,0.05,0.005555555555555556,2,3-4
3,True,1.9202029565779964e-21,1.1521217739467978e-20,12.058880012626666,1.7096842653940538,0.05,0.005555555555555556,3,4-5
4,True,3.8682735188825505e-11,1.9341367594412753e-10,7.288814890337945,1.033393824163799,0.05,0.005555555555555556,4,5-6
5,False,0.6980674943968141,1.0,-0.5205176484823816,-0.07379796735172907,0.05,0.005555555555555556,5,6-7
6,False,0.5509034729369233,1.0,-0.1282731175708111,-0.01818631005153255,0.05,0.005555555555555556,6,7-8
7,False,0.9975296829473916,1.0,-2.8754006922886264,-0.4076686487602114,0.05,0.005555555555555556,7,8-9
8,False,0.9962414168750671,1.0,-2.7290741143325925,-0.3869227546408209,0.05,0.005555555555555556,8,9-10
