,reject,pvals,pvals_corrected,tstats,effectsize,alpha,alpha_corrected,step,dimension_step
0,True,2.0877355767777362e-22,1.8789620190999625e-21,12.511965293511897,1.773921804435824,0.05,0.005555555555555556,0,1-2
1,True,2.7386741934294624e-16,2.19093935474357e-15,9.679367879850076,1.3723217202437068,0.05,0.005555555555555556,1,2-3
2,True,1.3848769015480835e-09,9.694138310836586e-09,6.535869267001117,0.9266426761659433,0.05,0.005555555555555556,2,3-4
3,True,1.7032233958210971e-06,8.516116979105486e-06,4.923119490446334,0.6979901881980416,0.05,0.005555555555555556,3,4-5
4,True,0.00034292193562355464,0.0013716877424942186,3.50572215735958,0.49703438503452096,0.05,0.005555555555555556,4,5-6
5,True,6.186138172092584e-07,3.71168290325555e-06,5.166722302866224,0.7325277153119968,0.05,0.005555555555555556,5,6-7
6,True,0.0090839952724581,0.0272519858173743,2.4020561973407375,0.3405587982371175,0.05,0.005555555555555556,6,7-8
7,False,0.999998146642761,1.0,-4.902513304364584,-0.6950686837070059,0.05,0.005555555555555556,7,8-9
8,False,0.9794386698209002,1.0,-2.0693028080652076,-0.293381677865638,0.05,0.005555555555555556,8,9-10
