,reject,pvals,pvals_corrected,tstats,effectsize,alpha,alpha_corrected,step,dimension_step
0,True,2.1493478490721648e-46,1.7194782792577318e-45,26.04311896423254,3.69234213030662,0.05,0.005555555555555556,0,1-2
1,True,9.577334101321058e-42,5.746400460792635e-41,22.963344606749157,3.2556977856875458,0.05,0.005555555555555556,1,2-3
2,True,7.595762144471882e-47,6.836185930024694e-46,26.35764802177119,3.736935440806433,0.05,0.005555555555555556,2,3-4
3,True,3.63861520172204e-39,1.81930760086102e-38,21.36877803146414,3.029623276194665,0.05,0.005555555555555556,3,4-5
4,True,2.2537489821152956e-44,1.577624287480707e-43,24.6701967874461,3.497691927235974,0.05,0.005555555555555556,4,5-6
5,True,7.105225055424207e-24,2.842090022169683e-23,13.209914852070622,1.8728757186514988,0.05,0.005555555555555556,5,6-7
6,True,1.9462849599935646e-21,5.838854879980694e-21,12.056136173444083,1.7092952492771074,0.05,0.005555555555555556,6,7-8
7,False,0.9999999998929255,1.0,-7.0770795829757445,-1.0033744091728145,0.05,0.005555555555555556,7,8-9
8,False,0.999436822453851,1.0,-3.3549640608197673,-0.47566019893556394,0.05,0.005555555555555556,8,9-10
