,reject,pvals,pvals_corrected,tstats,effectsize,alpha,alpha_corrected,step,dimension_step
0,True,1.9650197100004947e-30,1.7685177390004452e-29,16.4790858541631,2.33637234663914,0.05,0.005555555555555556,0,1-2
1,True,5.664901132790625e-20,4.5319209062325e-19,11.3742247933507,1.6126151964265898,0.05,0.005555555555555556,1,2-3
2,True,1.4127923066928387e-11,9.889546146849871e-11,7.496676053568319,1.062863970627597,0.05,0.005555555555555556,2,3-4
3,True,1.5847601295873247e-08,9.508560777523948e-08,6.005275175518538,0.8514160905652111,0.05,0.005555555555555556,3,4-5
4,False,0.3201621149860677,0.9604863449582032,0.46868635869382713,0.06644942913642354,0.05,0.005555555555555556,4,5-6
5,True,0.009485252917560298,0.03794101167024119,2.385256624031083,0.3381769878100483,0.05,0.005555555555555556,5,6-7
6,True,0.0001886225571584988,0.0009431127857924941,3.681878987320507,0.5220095535502156,0.05,0.005555555555555556,6,7-8
7,False,0.9642110230932582,1.0,-1.8213222740110135,-0.2582234859976918,0.05,0.005555555555555556,7,8-9
8,False,0.9855005094333561,1.0,-2.2157552967569463,-0.3141454233612304,0.05,0.005555555555555556,8,9-10
