,reject,pvals,pvals_corrected,tstats,effectsize,alpha,alpha_corrected,step,dimension_step
0,True,6.720586156360612e-40,6.048527540724551e-39,21.814434893914257,3.0928076286965593,0.05,0.005555555555555556,0,1-2
1,True,1.9595781047824564e-36,1.567662483825965e-35,19.76049768463679,2.8016044551736337,0.05,0.005555555555555556,1,2-3
2,True,2.0746745132329274e-27,1.4522721592630492e-26,14.937183901349616,2.1177645236286042,0.05,0.005555555555555556,2,3-4
3,True,3.2147469825379845e-23,1.9288481895227906e-22,12.897018180953058,1.8285138446844527,0.05,0.005555555555555556,3,4-5
4,True,3.680245272978774e-17,1.840122636489387e-16,10.078904571847392,1.4289672457850635,0.05,0.005555555555555556,4,5-6
5,True,5.4777590167474255e-12,2.1911036066989702e-11,7.690922910578838,1.0904039075608276,0.05,0.005555555555555556,5,6-7
6,True,6.414775637423952e-07,1.9244326912271855e-06,5.158097306637589,0.731304880328504,0.05,0.005555555555555556,6,7-8
7,False,0.999981134906079,1.0,-4.315838976865241,-0.6118911526605066,0.05,0.005555555555555556,7,8-9
8,False,0.9853259415003403,1.0,-2.210847393023641,-0.31344959043312143,0.05,0.005555555555555556,8,9-10
