,reject,pvals,pvals_corrected,tstats,effectsize,alpha,alpha_corrected,step,dimension_step
0,True,9.970048684971113e-36,8.973043816474002e-35,19.356944416725145,2.744389467407402,0.05,0.005555555555555556,0,1-2
1,True,5.5819278434156184e-27,4.465542274732495e-26,14.723130474815212,2.0874164502655423,0.05,0.005555555555555556,1,2-3
2,True,4.19631552378102e-19,2.937420866646714e-18,10.972090873043257,1.5556014409691203,0.05,0.005555555555555556,2,3-4
3,True,6.5028526046875956e-18,3.901711562812557e-17,10.424320596191802,1.477939649625076,0.05,0.005555555555555556,3,4-5
4,True,4.3744649649386195e-10,2.18723248246931e-09,6.781251489414267,0.9614324845252525,0.05,0.005555555555555556,4,5-6
5,True,1.1332275473349689e-08,4.5329101893398754e-08,6.079350140292407,0.8619182932242387,0.05,0.005555555555555556,5,6-7
6,True,0.00015617378039690927,0.0004685213411907278,3.736376488383374,0.5297361019504749,0.05,0.005555555555555556,6,7-8
7,False,0.999994466818625,1.0,-4.631248259748323,-0.6566092597765726,0.05,0.005555555555555556,7,8-9
8,False,0.9999971251342106,1.0,-4.79465740132465,-0.6797770861320934,0.05,0.005555555555555556,8,9-10
