,reject,pvals,pvals_corrected,tstats,effectsize,alpha,alpha_corrected,step,dimension_step
0,True,5.131659927154525e-44,4.618493934439072e-43,24.433007943935728,3.4640637600055113,0.05,0.005555555555555556,0,1-2
1,True,1.2876408209376378e-32,1.0301126567501102e-31,17.63626782238984,2.500435327712292,0.05,0.005555555555555556,1,2-3
2,True,1.2161010996817066e-17,7.29660659809024e-17,10.299506844798762,1.4602438016990624,0.05,0.005555555555555556,2,3-4
3,True,8.612890712945138e-23,6.029023499061597e-22,12.693824964596098,1.7997055105376205,0.05,0.005555555555555556,3,4-5
4,True,6.012093651393051e-17,3.006046825696525e-16,9.981182703843995,1.4151124317446733,0.05,0.005555555555555556,4,5-6
5,True,2.173746916810393e-05,8.694987667241572e-05,4.278521693112973,0.6066003816443183,0.05,0.005555555555555556,5,6-7
6,True,0.011590739122450448,0.034772217367351345,2.3062517020250812,0.32697582552126925,0.05,0.005555555555555556,6,7-8
7,False,0.9998406587222582,1.0,-3.730604512558236,-0.5289177625824623,0.05,0.005555555555555556,7,8-9
8,False,0.9858306162275812,1.0,-2.2251789844160577,-0.315481495243188,0.05,0.005555555555555556,8,9-10
