,reject,pvals,pvals_corrected,tstats,effectsize,alpha,alpha_corrected,step,dimension_step
0,True,9.84991732820203e-46,8.864925595381828e-45,25.587864827005998,3.6277970950830523,0.05,0.005555555555555556,0,1-2
1,True,3.836236848224662e-33,3.0689894785797296e-32,17.920956780994665,2.5407979677376047,0.05,0.005555555555555556,1,2-3
2,True,8.128511306092167e-29,4.8771067836553e-28,15.646498709270647,2.218329780521764,0.05,0.005555555555555556,2,3-4
3,True,5.188437375262731e-30,3.631906162683912e-29,16.260025857268094,2.305314451587816,0.05,0.005555555555555556,3,4-5
4,True,1.6865134466497565e-11,6.746053786599026e-11,7.460236073211069,1.057697581959427,0.05,0.005555555555555556,4,5-6
5,True,3.8052525530808996e-20,1.9026262765404498e-19,11.454367955564825,1.6239777361709888,0.05,0.005555555555555556,5,6-7
6,True,3.710863848816122e-09,1.1132591546448365e-08,6.323375804904074,0.8965157714893879,0.05,0.005555555555555556,6,7-8
7,False,0.9996335403872496,1.0,-3.4857999906376067,-0.49420985946154483,0.05,0.005555555555555556,7,8-9
8,False,0.9999994428663834,1.0,-5.191557315433782,-0.7360487744960302,0.05,0.005555555555555556,8,9-10
