,reject,pvals,pvals_corrected,tstats,effectsize,alpha,alpha_corrected,step,dimension_step
0,True,3.192686138565716e-22,2.8734175247091444e-21,12.42493996231978,1.7615835243240656,0.05,0.005555555555555556,0,1-2
1,True,4.0462781470549787e-11,2.8323947029384853e-10,7.279494879477178,1.0320724513741808,0.05,0.005555555555555556,1,2-3
2,True,1.9266947009174892e-09,1.1560168205504936e-08,6.4649698258224735,0.9165906929899407,0.05,0.005555555555555556,2,3-4
3,True,8.224692571333899e-14,6.579754057067119e-13,8.540588972337618,1.2108678888847366,0.05,0.005555555555555556,3,4-5
4,True,5.9858550121732634e-05,0.00029929275060866316,4.005761219282643,0.5679289387042733,0.05,0.005555555555555556,4,5-6
5,True,0.01068002241718086,0.04272008966872344,2.3387228842490577,0.33157952580429273,0.05,0.005555555555555556,5,6-7
6,True,0.016529237530860885,0.049587712592582656,2.1616142912076275,0.30646941819297596,0.05,0.005555555555555556,6,7-8
7,False,0.942445490757346,1.0,-1.589619999451996,-0.22537319371061576,0.05,0.005555555555555556,7,8-9
8,False,0.9991839374897286,1.0,-3.2392277733660846,-0.4592513359742031,0.05,0.005555555555555556,8,9-10
