,reject,pvals,pvals_corrected,tstats,effectsize,alpha,alpha_corrected,step,dimension_step
0,True,2.9973231294348685e-45,2.6975908164913817e-44,25.2588125513823,3.581144711317986,0.05,0.005555555555555556,0,1-2
1,True,1.7454220225090108e-34,1.3963376180072086e-33,18.658628750829113,2.6453836472142744,0.05,0.005555555555555556,1,2-3
2,True,9.436248785735899e-29,6.60537415001513e-28,15.613532965993238,2.213655962346329,0.05,0.005555555555555556,2,3-4
3,True,1.130344760609182e-25,6.782068563655091e-25,14.07965249450835,1.996185409165022,0.05,0.005555555555555556,3,4-5
4,True,1.0473580273499833e-19,5.236790136749916e-19,11.25060628664418,1.595088807938907,0.05,0.005555555555555556,4,5-6
5,True,1.4511658938996117e-18,5.804663575598447e-18,10.723791233446745,1.5203980069456728,0.05,0.005555555555555556,5,6-7
6,True,1.7756626356838017e-06,5.326987907051405e-06,4.912965404262275,0.6965505618513027,0.05,0.005555555555555556,6,7-8
7,False,0.9999999951842385,1.0,-6.266741273671842,-0.8884862391593268,0.05,0.005555555555555556,7,8-9
8,False,0.9999984833047713,1.0,-4.951337170602132,-0.7019908353325828,0.05,0.005555555555555556,8,9-10
