{
  "data": {
    "name": "normal-8-100",
    "n_dimension": 8,
    "distance": "euclidean",
    "subject": null,
    "n_objects": 100,
    "n_train_triplets": 7368,
    "n_test_triplets": 10000,
    "frac_train_ndlogn": 1.9999260891644746,
    "frac_train_triplets": 0.015188620902906617,
    "max_train_score": 0.877985884907709,
    "max_test_score": 0.8794,
    "noise_sd": 0.5,
    "distance_sd": 1.0708440467366482,
    "distance_mean": 3.9387803024160624,
    "difference_sd": 0.9473000213249989,
    "difference_mean": -0.14732632439824125
  },
  "n_repeats": 10,
  "n_splits": 10,
  "embedding_method": "soe",
  "embedding_dimension": [
    1,
    2,
    3,
    4,
    5,
    6,
    7,
    8,
    9,
    10
  ],
  "random_state": 2262690446,
  "alpha": 0.05
}