,reject,pvals,pvals_corrected,tstats,effectsize,alpha,alpha_corrected,step,dimension_step
0,True,3.1037091890063165e-29,2.793338270105685e-28,15.85997947489032,2.2485966631478504,0.05,0.005555555555555556,0,1-2
1,True,1.627612582053123e-21,1.139328807437186e-20,12.092511621780245,1.7144524887223853,0.05,0.005555555555555556,1,2-3
2,True,1.1590702840282581e-21,9.272562272226065e-21,12.161638430634516,1.7242531515775843,0.05,0.005555555555555556,2,3-4
3,True,3.890273992562594e-12,2.3341643955375563e-11,7.7608106528810845,1.1003124540620743,0.05,0.005555555555555556,3,4-5
4,True,0.0004359454996034347,0.0017437819984137389,3.4333336755881176,0.48677128861504876,0.05,0.005555555555555556,4,5-6
5,False,0.1870329811952483,0.561098943585745,0.8929189388611298,0.1265962890786491,0.05,0.005555555555555556,5,6-7
6,True,8.031867144919164e-09,4.0159335724595824e-08,6.155003300174309,0.8726442492783661,0.05,0.005555555555555556,6,7-8
7,False,0.9999999987590918,1.0,-6.559377698542111,-0.9299756553039434,0.05,0.005555555555555556,7,8-9
8,False,0.998587232323478,1.0,-3.062641527063368,-0.43421528565504974,0.05,0.005555555555555556,8,9-10
