,reject,pvals,pvals_corrected,tstats,effectsize,alpha,alpha_corrected,step,dimension_step
0,True,2.960501213592196e-68,2.6644510922329764e-67,45.253653789827574,6.415973934150256,0.05,0.005555555555555556,0,1-2
1,True,2.326691176387862e-61,1.8613529411102896e-60,38.1978776887876,5.415619890701751,0.05,0.005555555555555556,1,2-3
2,True,3.6368573613747417e-60,2.545800152962319e-59,37.080414593747804,5.257188173266332,0.05,0.005555555555555556,2,3-4
3,True,7.013712023580005e-60,4.2082272141480025e-59,36.817716243579056,5.219943318407656,0.05,0.005555555555555556,3,4-5
4,True,1.2130694641484397e-46,6.0653473207421985e-46,26.21573580276862,3.7168154058080085,0.05,0.005555555555555556,4,5-6
5,True,2.1820721718853433e-42,8.728288687541373e-42,23.372584375831362,3.3137189943935557,0.05,0.005555555555555556,5,6-7
6,True,5.168380767903276e-38,1.5505142303709829e-37,20.680567116186754,2.9320500876489493,0.05,0.005555555555555556,6,7-8
7,False,0.9996627381347704,1.0,-3.510705011792169,-0.49774084432520355,0.05,0.005555555555555556,7,8-9
8,False,0.9999969669259311,1.0,-4.781405131243125,-0.6778982053724034,0.05,0.005555555555555556,8,9-10
