,reject,pvals,pvals_corrected,tstats,effectsize,alpha,alpha_corrected,step,dimension_step
0,True,2.2846330095622093e-74,2.0561697086059885e-73,52.47502576386913,7.439805834430286,0.05,0.005555555555555556,0,1-2
1,True,5.254939005839747e-64,4.2039512046717974e-63,40.78027785905752,5.7817475023405125,0.05,0.005555555555555556,1,2-3
2,True,1.1767483226623648e-51,7.06048993597419e-51,29.891035764146977,4.237892198013627,0.05,0.005555555555555556,2,3-4
3,True,3.0863721925093126e-51,1.5431860962546563e-50,29.569393648826317,4.19229041218642,0.05,0.005555555555555556,3,4-5
4,True,6.849219119118935e-57,4.794453383383255e-56,34.15892369770941,4.842984946165738,0.05,0.005555555555555556,4,5-6
5,True,7.4427939169554e-48,2.97711756678216e-47,27.070423988249797,3.8379914139451916,0.05,0.005555555555555556,5,6-7
6,True,7.221100833455142e-42,2.1663302500365425e-41,23.041090306812812,3.2667204179686284,0.05,0.005555555555555556,6,7-8
7,False,0.999833211815645,1.0,-3.71745265465041,-0.5270531180630571,0.05,0.005555555555555556,7,8-9
8,False,0.9992412162740318,1.0,-3.2621539008242624,-0.46250175718584324,0.05,0.005555555555555556,8,9-10
