,reject,pvals,pvals_corrected,tstats,effectsize,alpha,alpha_corrected,step,dimension_step
0,True,1.1467514416257336e-46,1.0320762974631603e-45,26.232747867669673,3.7192273428745306,0.05,0.005555555555555556,0,1-2
1,True,8.593335622061401e-29,6.01533493544298e-28,15.634206768039054,2.2165870532956204,0.05,0.005555555555555556,1,2-3
2,True,1.700460568561724e-31,1.3603684548493792e-30,17.03742841436359,2.4155330555005827,0.05,0.005555555555555556,2,3-4
3,True,8.14352713010592e-14,4.07176356505296e-13,8.542579642018515,1.2111501221126537,0.05,0.005555555555555556,3,4-5
4,True,2.3562165721346056e-14,1.4137299432807633e-13,8.791085344667582,1.2463827713499736,0.05,0.005555555555555556,4,5-6
5,True,0.0003842075575506495,0.0011526226726519485,3.4715608918398027,0.49219106806943325,0.05,0.005555555555555556,5,6-7
6,True,2.782038091895024e-07,1.1128152367580095e-06,5.354831815936421,0.7591975117052193,0.05,0.005555555555555556,6,7-8
7,False,0.9999999997141925,1.0,-6.8711334697357875,-0.9741757747261052,0.05,0.005555555555555556,7,8-9
8,False,0.9999999999088537,1.0,-7.110692139427779,-1.008139931246634,0.05,0.005555555555555556,8,9-10
