{
  "data": {
    "name": "normal-8-100",
    "n_dimension": 8,
    "distance": "euclidean",
    "subject": null,
    "n_objects": 100,
    "n_train_triplets": 29473,
    "n_test_triplets": 10000,
    "frac_train_ndlogn": 7.999975790709088,
    "frac_train_triplets": 0.06075654504225933,
    "max_train_score": 0.7850235809045567,
    "max_test_score": 0.7957,
    "noise_sd": 1.0,
    "distance_sd": 1.0779903730108071,
    "distance_mean": 4.1272583134683885,
    "difference_sd": 0.9727376176458903,
    "difference_mean": -0.11133577178384926
  },
  "n_repeats": 10,
  "n_splits": 10,
  "embedding_method": "soe",
  "embedding_dimension": [
    1,
    2,
    3,
    4,
    5,
    6,
    7,
    8,
    9,
    10
  ],
  "random_state": 3972079093,
  "alpha": 0.05
}