,reject,pvals,pvals_corrected,tstats,effectsize,alpha,alpha_corrected,step,dimension_step
0,True,7.225987682277408e-17,6.503388914049667e-16,9.944570103730197,1.4099215693872915,0.05,0.005555555555555556,0,1-2
1,True,1.2262469883260975e-06,9.80997590660878e-06,5.002830648959771,0.7092914793083319,0.05,0.005555555555555556,1,2-3
2,False,0.6747733636402395,1.0,-0.4545149276644898,-0.06444023154729374,0.05,0.005555555555555556,2,3-4
3,False,0.10916265033325721,0.6549759019995433,1.2388634919310513,0.17564362668074135,0.05,0.005555555555555556,3,4-5
4,False,0.009090746693305028,0.06363522685313519,2.4017681262182013,0.34051795608054913,0.05,0.005555555555555556,4,5-6
5,False,0.16503233107217508,0.8251616553608754,0.9787999668860795,0.13877233214039109,0.05,0.005555555555555556,5,6-7
6,False,0.9895992308511992,1.0,-2.3491701425564346,-0.3330607175174474,0.05,0.005555555555555556,6,7-8
7,False,0.6908415578393652,1.0,-0.49981151974343624,-0.07086229318753383,0.05,0.005555555555555556,7,8-9
8,False,0.8795823182599396,1.0,-1.1799810129325892,-0.16729538474238093,0.05,0.005555555555555556,8,9-10
