,reject,pvals,pvals_corrected,tstats,effectsize,alpha,alpha_corrected,step,dimension_step
0,True,1.2457062052893265e-25,1.1211355847603939e-24,14.059035731141003,1.99326240504726,0.05,0.005555555555555556,0,1-2
1,True,3.0085595000158224e-11,1.8051357000094936e-10,7.340826067464926,1.0407678664517654,0.05,0.005555555555555556,1,2-3
2,True,1.7724429480411833e-16,1.4179543584329466e-15,9.765972161985282,1.3846003048491817,0.05,0.005555555555555556,2,3-4
3,True,1.0873632155447466e-11,7.611542508813226e-11,7.5504692199836025,1.0704906598482904,0.05,0.005555555555555556,3,4-5
4,False,0.23377985220259562,0.9351194088103825,0.729267812352445,0.10339415457586403,0.05,0.005555555555555556,4,5-6
5,True,0.0010339378781611262,0.005169689390805631,3.163907866293415,0.44857262784722535,0.05,0.005555555555555556,5,6-7
6,False,0.4356701068684256,1.0,0.1623766587600777,0.023021442974694196,0.05,0.005555555555555556,6,7-8
7,False,0.9999999999749578,1.0,-7.378733262097281,-1.0461422738710537,0.05,0.005555555555555556,7,8-9
8,False,0.999999816634576,1.0,-5.451670328739962,-0.7729270853846171,0.05,0.005555555555555556,8,9-10
