{
  "data": {
    "name": "normal-8-100",
    "n_dimension": 8,
    "distance": "euclidean",
    "subject": null,
    "n_objects": 100,
    "n_train_triplets": 7368,
    "n_test_triplets": 10000,
    "frac_train_ndlogn": 1.9999260891644746,
    "frac_train_triplets": 0.015188620902906617,
    "max_train_score": 0.8821932681867535,
    "max_test_score": 0.8766,
    "noise_sd": 0.5,
    "distance_sd": 1.0732549682546872,
    "distance_mean": 4.003217014034292,
    "difference_sd": 0.9522879111238274,
    "difference_mean": -0.14217447027679075
  },
  "n_repeats": 10,
  "n_splits": 10,
  "embedding_method": "soe",
  "embedding_dimension": [
    1,
    2,
    3,
    4,
    5,
    6,
    7,
    8,
    9,
    10
  ],
  "random_state": 4001088957,
  "alpha": 0.05
}