,reject,pvals,pvals_corrected,tstats,effectsize,alpha,alpha_corrected,step,dimension_step
0,True,1.8938901128683318e-47,1.7045011015814986e-46,26.78210382938216,3.797113949496108,0.05,0.005555555555555556,0,1-2
1,True,7.717694412357815e-27,4.630616647414689e-26,14.653319860168331,2.0775188387714163,0.05,0.005555555555555556,1,2-3
2,True,1.4672762633203635e-29,1.0270933843242544e-28,16.026984230023206,2.2722742685139967,0.05,0.005555555555555556,2,3-4
3,True,1.1357408104478583e-32,9.085926483582867e-32,17.665667942762262,2.5046036188926326,0.05,0.005555555555555556,3,4-5
4,True,6.3000612301967056e-18,3.150030615098353e-17,10.43063982641551,1.4788355776442257,0.05,0.005555555555555556,4,5-6
5,True,2.8363293508922164e-13,1.1345317403568866e-12,8.291604372817515,1.175567342591944,0.05,0.005555555555555556,5,6-7
6,True,2.443591237674053e-07,7.330773713022158e-07,5.385055068116775,0.7634825048926199,0.05,0.005555555555555556,6,7-8
7,False,0.9224229558129863,1.0,-1.4324886526714684,-0.20309542074085815,0.05,0.005555555555555556,7,8-9
8,False,0.9999975050211453,1.0,-4.829620554961584,-0.6847340932155896,0.05,0.005555555555555556,8,9-10
