,reject,pvals,pvals_corrected,tstats,effectsize,alpha,alpha_corrected,step,dimension_step
0,True,2.15650417814915e-72,1.940853760334235e-71,50.03329208924563,7.093621641585226,0.05,0.005555555555555556,0,1-2
1,True,3.3926850157601447e-68,2.7141480126081157e-67,45.18842976894556,6.4067266008895425,0.05,0.005555555555555556,1,2-3
2,True,3.506022663630255e-63,2.4542158645411784e-62,39.95985650551622,5.665429778167609,0.05,0.005555555555555556,2,3-4
3,True,8.166151406616696e-47,3.2664605626466784e-46,26.335661147813834,3.7338181851068377,0.05,0.005555555555555556,3,4-5
4,True,3.6924926365637315e-48,1.8462463182818658e-47,27.288361402818094,3.868890151484493,0.05,0.005555555555555556,4,5-6
5,True,3.143925387750693e-51,1.886355232650416e-50,29.563257831093793,4.191420488029149,0.05,0.005555555555555556,5,6-7
6,True,5.304463852260163e-40,1.591339155678049e-39,21.87735316393993,3.101728057140666,0.05,0.005555555555555556,6,7-8
7,False,0.9999999186011111,1.0,-5.6380086758353585,-0.7993457693531908,0.05,0.005555555555555556,7,8-9
8,False,0.9997808879542209,1.0,-3.6382484293435975,-0.5158236989446985,0.05,0.005555555555555556,8,9-10
