,reject,pvals,pvals_corrected,tstats,effectsize,alpha,alpha_corrected,step,dimension_step
0,True,2.1502086882216719e-38,1.935187819399505e-37,20.90643305523655,2.9640729157787216,0.05,0.005555555555555556,0,1-2
1,True,5.720144023797888e-37,4.576115219038311e-36,20.069259179529073,2.8453800519972314,0.05,0.005555555555555556,1,2-3
2,True,1.7378336694017099e-32,1.216483568581197e-31,17.566147508262077,2.4904938076355356,0.05,0.005555555555555556,2,3-4
3,True,5.481663733197249e-23,3.2889982399183496e-22,12.786884632751871,1.812899327063046,0.05,0.005555555555555556,3,4-5
4,True,5.136838188619834e-21,2.5684190943099172e-20,11.859082371070299,1.6813573491568836,0.05,0.005555555555555556,4,5-6
5,True,5.654052973070098e-13,2.2616211892280394e-12,8.15237038994065,1.1558270226382281,0.05,0.005555555555555556,5,6-7
6,True,8.29062581754305e-13,2.487187745262915e-12,8.074948833650115,1.1448503468230902,0.05,0.005555555555555556,6,7-8
7,False,0.9999999953351874,1.0,-6.273672022218553,-0.8894688670422899,0.05,0.005555555555555556,7,8-9
8,False,0.9999977773586308,1.0,-4.858032210120552,-0.6887622417441617,0.05,0.005555555555555556,8,9-10
