,reject,pvals,pvals_corrected,tstats,effectsize,alpha,alpha_corrected,step,dimension_step
0,True,1.673815086723786e-30,1.5064335780514072e-29,16.51540691461799,2.341521875077696,0.05,0.005555555555555556,0,1-2
1,True,4.6233878018901585e-18,3.698710241512127e-17,10.49237254732569,1.4875879212689722,0.05,0.005555555555555556,1,2-3
2,True,3.452465285386785e-14,2.4167256997707497e-13,8.714617591847015,1.2355413239128588,0.05,0.005555555555555556,2,3-4
3,True,3.529723012864532e-07,1.4118892051458128e-06,5.299150232860871,0.7513030864885475,0.05,0.005555555555555556,3,4-5
4,True,7.943657961745497e-08,3.971828980872749e-07,5.64356306967546,0.8001332603757634,0.05,0.005555555555555556,4,5-6
5,False,0.024396963886854507,0.07319089166056353,1.9949784911700201,0.28284412255380065,0.05,0.005555555555555556,5,6-7
6,True,3.755153959130355e-08,2.253092375478213e-07,5.812918698739827,0.824144168019266,0.05,0.005555555555555556,6,7-8
7,False,0.9993010519038669,1.0,-3.287900946506671,-0.46615212262919314,0.05,0.005555555555555556,7,8-9
8,False,0.9999999467675612,1.0,-5.734322695674961,-0.8130009814528385,0.05,0.005555555555555556,8,9-10
