,reject,pvals,pvals_corrected,tstats,effectsize,alpha,alpha_corrected,step,dimension_step
0,True,3.516212557120817e-09,2.8129700456966537e-08,6.335059721988118,0.8981722942490342,0.05,0.005555555555555556,0,1-2
1,True,0.003987926435230562,0.027915485046613932,2.7079882484768905,0.3839332420958784,0.05,0.005555555555555556,1,2-3
2,True,2.9930776247398686e-14,2.6937698622658815e-13,8.743205959698479,1.2395945264190424,0.05,0.005555555555555556,2,3-4
3,False,0.21828289169180415,1.0,0.7811713425765044,0.11075293489788085,0.05,0.005555555555555556,3,4-5
4,False,0.9475496058558706,1.0,-1.6365450231263914,-0.23202613117623055,0.05,0.005555555555555556,4,5-6
5,False,0.9998664494909493,1.0,-3.781166465957056,-0.5360863367836347,0.05,0.005555555555555556,5,6-7
6,False,0.9633193881296879,1.0,-1.8097984587179103,-0.2565896621547399,0.05,0.005555555555555556,6,7-8
7,False,0.9987150975844755,1.0,-3.093653838952626,-0.43861215017439475,0.05,0.005555555555555556,7,8-9
8,False,0.9136150470212141,1.0,-1.3732723679985896,-0.19469985249121077,0.05,0.005555555555555556,8,9-10
