,reject,pvals,pvals_corrected,tstats,effectsize,alpha,alpha_corrected,step,dimension_step
0,True,4.659926782306764e-21,4.1939341040760877e-20,11.87883788919409,1.6841582476197248,0.05,0.005555555555555556,0,1-2
1,False,0.08695661185028287,0.5217396711016973,1.3695911216173642,0.19417793262730715,0.05,0.005555555555555556,1,2-3
2,True,3.409613268208809e-05,0.0002727690614567047,4.158664374183808,0.5896072469542855,0.05,0.005555555555555556,2,3-4
3,False,0.008610700460107533,0.060274903220752726,2.4227415654839684,0.34349152900492796,0.05,0.005555555555555556,3,4-5
4,False,0.5834150436078136,1.0,-0.21119413979897644,-0.029942689319378404,0.05,0.005555555555555556,4,5-6
5,False,0.8096916450768341,1.0,-0.8806935821795135,-0.12486300207890252,0.05,0.005555555555555556,5,6-7
6,False,0.9960589925200989,1.0,-2.7122105906732674,-0.3845318774590876,0.05,0.005555555555555556,6,7-8
7,False,0.8598163625239282,1.0,-1.085430005571164,-0.15389012908068414,0.05,0.005555555555555556,7,8-9
8,False,0.9923300569215274,1.0,-2.4670575162004664,-0.3497745572435904,0.05,0.005555555555555556,8,9-10
