,reject,pvals,pvals_corrected,tstats,effectsize,alpha,alpha_corrected,step,dimension_step
0,True,9.06758399164329e-08,8.16082559247896e-07,5.613412113082826,0.7958585171144464,0.05,0.005555555555555556,0,1-2
1,True,6.102187718208896e-06,4.271531402746227e-05,4.606540233555482,0.6531062044707223,0.05,0.005555555555555556,1,2-3
2,True,5.3439363139999416e-05,0.0003206361788399965,4.036868059989111,0.5723392053332039,0.05,0.005555555555555556,2,3-4
3,True,1.4549729988218813e-06,1.163978399057505e-05,4.961423603748766,0.703420869964878,0.05,0.005555555555555556,3,4-5
4,False,0.6535090528451524,1.0,-0.395966404265853,-0.05613933717634948,0.05,0.005555555555555556,4,5-6
5,False,0.9998089045481812,1.0,-3.6780995833115893,-0.5214737170911209,0.05,0.005555555555555556,5,6-7
6,False,0.9901852994362673,1.0,-2.371928794542848,-0.3362873943864442,0.05,0.005555555555555556,6,7-8
7,False,0.9972962907768409,1.0,-2.84436415944237,-0.40326835024127194,0.05,0.005555555555555556,7,8-9
8,False,0.7034663354140119,1.0,-0.5361357606938488,-0.0760122725504826,0.05,0.005555555555555556,8,9-10
