{
  "data": {
    "name": "normal-8-100",
    "n_dimension": 8,
    "distance": "euclidean",
    "subject": null,
    "n_objects": 100,
    "n_train_triplets": 14736,
    "n_test_triplets": 10000,
    "frac_train_ndlogn": 3.999852178328949,
    "frac_train_triplets": 0.030377241805813235,
    "max_train_score": 0.7835912052117264,
    "max_test_score": 0.7809,
    "noise_sd": 1.0,
    "distance_sd": 1.0639191978513562,
    "distance_mean": 3.748397243637693,
    "difference_sd": 0.9250232137064854,
    "difference_mean": -0.13078471626698343
  },
  "n_repeats": 10,
  "n_splits": 10,
  "embedding_method": "soe",
  "embedding_dimension": [
    1,
    2,
    3,
    4,
    5,
    6,
    7,
    8,
    9,
    10
  ],
  "random_state": 3814017871,
  "alpha": 0.05
}