{
  "data": {
    "name": "normal-8-100",
    "n_dimension": 8,
    "distance": "euclidean",
    "subject": null,
    "n_objects": 100,
    "n_train_triplets": 7368,
    "n_test_triplets": 10000,
    "frac_train_ndlogn": 1.9999260891644746,
    "frac_train_triplets": 0.015188620902906617,
    "max_train_score": 0.7934310532030402,
    "max_test_score": 0.7858,
    "noise_sd": 1.0,
    "distance_sd": 1.0757457196670608,
    "distance_mean": 4.0688642745633885,
    "difference_sd": 0.9692453445690448,
    "difference_mean": -0.11362354725397156
  },
  "n_repeats": 10,
  "n_splits": 10,
  "embedding_method": "soe",
  "embedding_dimension": [
    1,
    2,
    3,
    4,
    5,
    6,
    7,
    8,
    9,
    10
  ],
  "random_state": 1779737372,
  "alpha": 0.05
}