,reject,pvals,pvals_corrected,tstats,effectsize,alpha,alpha_corrected,step,dimension_step
0,True,9.413949418101717e-65,8.472554476291546e-64,41.53649663460854,5.888962711414769,0.05,0.005555555555555556,0,1-2
1,True,3.1330465487611565e-44,2.506437239008925e-43,24.575042948091745,3.484201203241239,0.05,0.005555555555555556,1,2-3
2,True,1.4233508882687684e-39,9.963456217881378e-39,21.61568804185088,3.0646296913247997,0.05,0.005555555555555556,2,3-4
3,True,4.0428013030964153e-36,2.4256807818578493e-35,19.580241621034073,2.7760481053832105,0.05,0.005555555555555556,3,4-5
4,True,8.781523437215855e-36,4.3907617186079274e-35,19.38825448398179,2.7488285470964833,0.05,0.005555555555555556,4,5-6
5,True,4.0933277016861943e-17,1.6373310806744777e-16,10.057721266959522,1.4259639185259885,0.05,0.005555555555555556,5,6-7
6,True,3.618973137022169e-13,1.0856919411066508e-12,8.24246602471507,1.1686006043467472,0.05,0.005555555555555556,6,7-8
7,False,0.9999767902649053,1.0,-4.261199641440998,-0.6041444952637498,0.05,0.005555555555555556,7,8-9
8,False,0.9999985314154795,1.0,-4.959163914460246,-0.7031004956666665,0.05,0.005555555555555556,8,9-10
