,reject,pvals,pvals_corrected,tstats,effectsize,alpha,alpha_corrected,step,dimension_step
0,True,6.890500325309112e-68,6.201450292778201e-67,44.85066074642681,6.358838373912148,0.05,0.005555555555555556,0,1-2
1,True,1.5786287473187474e-43,1.2629029978549979e-42,24.11173977086705,3.418514990974533,0.05,0.005555555555555556,1,2-3
2,True,6.45430432005411e-40,4.518013024037877e-39,21.82517612975526,3.0943304999656176,0.05,0.005555555555555556,2,3-4
3,True,1.5771550362049706e-32,7.885775181024852e-32,17.588820737499315,2.4937083734353434,0.05,0.005555555555555556,3,4-5
4,True,2.3064054730454007e-34,1.3838432838272404e-33,18.59142310577487,2.6358553631800534,0.05,0.005555555555555556,4,5-6
5,True,1.5577985586197309e-22,4.673395675859193e-22,12.572036200148155,1.7824385393047693,0.05,0.005555555555555556,5,6-7
6,True,1.2825795015026636e-29,5.130318006010654e-29,16.05705695691601,2.2765379205224985,0.05,0.005555555555555556,6,7-8
7,False,0.9999999967289303,1.0,-6.350718061406399,-0.9003923027819661,0.05,0.005555555555555556,7,8-9
8,False,0.999818746232823,1.0,-3.693426368462997,-0.5236467185128947,0.05,0.005555555555555556,8,9-10
