,reject,pvals,pvals_corrected,tstats,effectsize,alpha,alpha_corrected,step,dimension_step
0,True,3.2877500110998805e-29,2.9589750099898926e-28,15.84717067356275,2.246780656514948,0.05,0.005555555555555556,0,1-2
1,True,4.084140592041731e-17,3.267312473633385e-16,10.058168686744622,1.4260273528221927,0.05,0.005555555555555556,1,2-3
2,True,3.2733620220311296e-08,2.2913534154217908e-07,5.843717271175678,0.82851072897974,0.05,0.005555555555555556,2,3-4
3,True,1.2284176466757433e-07,7.37050588005446e-07,5.5439514004413155,0.7860105140377178,0.05,0.005555555555555556,3,4-5
4,True,0.0004300438545607552,0.0017201754182430207,3.437471532231902,0.4873579457829555,0.05,0.005555555555555556,4,5-6
5,False,0.7918228559240428,1.0,-0.8161842635668916,-0.1157169978987624,0.05,0.005555555555555556,5,6-7
6,True,5.3348336802686995e-06,2.6674168401343498e-05,4.64044375109101,0.6579129784340846,0.05,0.005555555555555556,6,7-8
7,False,0.7606385231972437,1.0,-0.7110536126360827,-0.10081178120211766,0.05,0.005555555555555556,7,8-9
8,False,0.999999431709349,1.0,-5.186857695722281,-0.7353824716664412,0.05,0.005555555555555556,8,9-10
