,reject,pvals,pvals_corrected,tstats,effectsize,alpha,alpha_corrected,step,dimension_step
0,True,6.19208030439998e-42,5.572872273959982e-41,23.083491817254306,3.272732020634453,0.05,0.005555555555555556,0,1-2
1,True,5.367367123019392e-18,3.757156986113574e-17,10.462601601758596,1.4833670552226506,0.05,0.005555555555555556,1,2-3
2,True,4.291921195492096e-34,3.433536956393677e-33,18.44214904051899,2.614691580114615,0.05,0.005555555555555556,2,3-4
3,True,1.9200187269821237e-16,1.1520112361892742e-15,9.750054040825166,1.3823434649723783,0.05,0.005555555555555556,3,4-5
4,True,0.007714941321210843,0.030859765284843372,2.464830072008397,0.3494587545916661,0.05,0.005555555555555556,4,5-6
5,True,1.2703729587857701e-11,6.351864793928851e-11,7.518519381283918,1.0659608746236648,0.05,0.005555555555555556,5,6-7
6,False,0.2638724702972315,0.7916174108916945,0.6336893328382084,0.08984322593533728,0.05,0.005555555555555556,6,7-8
7,False,0.9999999998922403,1.0,-7.075747326103433,-1.0031855244165462,0.05,0.005555555555555556,7,8-9
8,False,0.9999892607587234,1.0,-4.462335739175572,-0.6326611751825724,0.05,0.005555555555555556,8,9-10
