,reject,pvals,pvals_corrected,tstats,effectsize,alpha,alpha_corrected,step,dimension_step
0,True,7.0976029656022184e-37,6.387842669041996e-36,20.014945337449646,2.837679542406037,0.05,0.005555555555555556,0,1-2
1,True,1.289868764022509e-21,1.0318950112180072e-20,12.139858486956463,1.7211652340455625,0.05,0.005555555555555556,1,2-3
2,True,1.269451512222224e-20,8.886160585555568e-20,11.675936395170092,1.6553912732908864,0.05,0.005555555555555556,2,3-4
3,True,1.9660506282000525e-14,9.830253141000262e-14,8.827297144482115,1.2515168090300632,0.05,0.005555555555555556,3,4-5
4,True,8.15520582689441e-16,4.893123496136646e-15,9.462140335892096,1.341523626761868,0.05,0.005555555555555556,4,5-6
5,True,7.668444482587141e-05,0.00030673777930348564,3.9373005320836207,0.558222717265825,0.05,0.005555555555555556,5,6-7
6,True,0.00043344917851494206,0.0013003475355448262,3.4350774626600633,0.48701851931275714,0.05,0.005555555555555556,6,7-8
7,False,0.9996485614261472,1.0,-3.4983688534665642,-0.49599184808653024,0.05,0.005555555555555556,7,8-9
8,False,0.9998592052873871,1.0,-3.7660859418326744,-0.533948249765408,0.05,0.005555555555555556,8,9-10
