,reject,pvals,pvals_corrected,tstats,effectsize,alpha,alpha_corrected,step,dimension_step
0,True,1.0587438074346104e-49,9.528694266911494e-49,28.413600772710986,4.028424373857832,0.05,0.005555555555555556,0,1-2
1,True,1.1117343433990991e-28,8.893874747192793e-28,15.577338514748808,2.2085243843123505,0.05,0.005555555555555556,1,2-3
2,True,9.038992733189028e-22,5.4233956399134166e-21,12.212321200451601,1.7314388548926622,0.05,0.005555555555555556,2,3-4
3,True,1.9212718830493396e-27,1.3448903181345377e-26,14.953847825176798,2.1201271019391292,0.05,0.005555555555555556,3,4-5
4,True,7.291904255323157e-11,2.916761702129263e-10,7.157180700772451,1.0147309879424937,0.05,0.005555555555555556,4,5-6
5,True,2.5518815399893353e-18,1.2759407699946677e-17,10.611009990749649,1.5044081044116966,0.05,0.005555555555555556,5,6-7
6,True,2.8835772140092885e-06,8.650731642027865e-06,4.793909464713451,0.6796710451519743,0.05,0.005555555555555556,6,7-8
7,False,0.9999999999999997,1.0,-9.65069618950681,-1.3682567044386895,0.05,0.005555555555555556,7,8-9
8,False,0.9999949569323399,1.0,-4.6545909431549015,-0.6599187394704177,0.05,0.005555555555555556,8,9-10
