,reject,pvals,pvals_corrected,tstats,effectsize,alpha,alpha_corrected,step,dimension_step
0,True,2.5556815792155434e-59,2.300113421293989e-58,36.30520263092246,5.147280147496115,0.05,0.005555555555555556,0,1-2
1,True,4.59820345011105e-52,3.67856276008884e-51,30.207178907104595,4.2827143503661596,0.05,0.005555555555555556,1,2-3
2,True,9.760992537298156e-37,5.856595522378894e-36,19.934898833700913,2.8263307067085495,0.05,0.005555555555555556,2,3-4
3,True,6.648681819562057e-39,4.6540772736934394e-38,21.211167504191895,3.007277565958253,0.05,0.005555555555555556,3,4-5
4,True,4.522384447075403e-34,2.2611922235377013e-33,18.42960760794341,2.6129134804969456,0.05,0.005555555555555556,4,5-6
5,True,4.770454649569435e-22,1.4311363948708305e-21,12.342797610447006,1.7499375434060789,0.05,0.005555555555555556,5,6-7
6,True,4.43568165796683e-25,1.774272663186732e-24,13.790547299817577,1.9551966438825954,0.05,0.005555555555555556,6,7-8
7,False,0.9999986973245685,1.0,-4.988213403025407,-0.7072190749597349,0.05,0.005555555555555556,7,8-9
8,False,0.9996491731198198,1.0,-3.4988913583895034,-0.4960659278057417,0.05,0.005555555555555556,8,9-10
