,reject,pvals,pvals_corrected,tstats,effectsize,alpha,alpha_corrected,step,dimension_step
0,True,9.172618361110803e-55,8.255356524999723e-54,32.36809541361344,4.589084838018414,0.05,0.005555555555555556,0,1-2
1,True,8.160974297627761e-47,5.712682008339433e-46,26.335853657992494,3.733845478820934,0.05,0.005555555555555556,1,2-3
2,True,1.6726208029209779e-40,1.0035724817525867e-39,22.185965687453194,3.145482533095457,0.05,0.005555555555555556,2,3-4
3,True,1.3407977029059986e-47,1.0726381623247989e-46,26.88844601657072,3.8121909354179766,0.05,0.005555555555555556,3,4-5
4,True,1.399299215746985e-37,6.996496078734925e-37,20.425919151702185,2.8959466006221257,0.05,0.005555555555555556,4,5-6
5,True,2.437631744477779e-22,9.750526977911116e-22,12.480204774134377,1.769418860531943,0.05,0.005555555555555556,5,6-7
6,True,6.535183085737838e-12,1.9605549257213514e-11,7.654822457692391,1.0852856564289703,0.05,0.005555555555555556,6,7-8
7,False,0.999999981562337,1.0,-5.971714305475073,-0.846657896488633,0.05,0.005555555555555556,7,8-9
8,False,0.9999958374361617,1.0,-4.702675102893875,-0.6667360169650389,0.05,0.005555555555555556,8,9-10
