,reject,pvals,pvals_corrected,tstats,effectsize,alpha,alpha_corrected,step,dimension_step
0,True,7.345203298884871e-34,5.876162639107897e-33,18.31353926904707,2.5964575399358227,0.05,0.005555555555555556,0,1-2
1,True,1.2141238224199353e-44,1.0927114401779418e-43,24.84959828781022,3.523127118732984,0.05,0.005555555555555556,1,2-3
2,True,3.5543289850957276e-16,2.1325973910574365e-15,9.62747788566118,1.3649648590341044,0.05,0.005555555555555556,2,3-4
3,True,1.5230982036653046e-22,1.0661687425657133e-21,12.576660626433545,1.783094181358453,0.05,0.005555555555555556,3,4-5
4,True,3.474125028422687e-12,1.7370625142113435e-11,7.783885777740751,1.1035839998319357,0.05,0.005555555555555556,4,5-6
5,False,0.31458527545014675,0.9437558263504402,0.48440200333492506,0.06867756229101797,0.05,0.005555555555555556,5,6-7
6,True,0.002046598860637048,0.008186395442548192,2.9393625118216486,0.4167370295988199,0.05,0.005555555555555556,6,7-8
7,False,0.9999869015227709,1.0,-4.411026685736287,-0.6253866786086323,0.05,0.005555555555555556,7,8-9
8,False,0.9999214517518046,1.0,-3.9306239917808488,-0.5572761305271754,0.05,0.005555555555555556,8,9-10
