,reject,pvals,pvals_corrected,tstats,effectsize,alpha,alpha_corrected,step,dimension_step
0,True,1.2865639027765725e-61,1.1579075124989153e-60,38.442504873783456,5.450302651342633,0.05,0.005555555555555556,0,1-2
1,True,3.490863871588625e-60,2.7926910972709e-59,37.09685653203252,5.259519278903715,0.05,0.005555555555555556,1,2-3
2,True,1.3442611544986398e-56,9.40982808149048e-56,33.90752164903948,4.807341658692213,0.05,0.005555555555555556,2,3-4
3,True,1.0234003497608045e-53,6.140402098564827e-53,31.51518847904101,4.468161372127959,0.05,0.005555555555555556,3,4-5
4,True,1.685317439595825e-49,8.426587197979125e-49,28.264308548660342,4.007258016274225,0.05,0.005555555555555556,4,5-6
5,True,3.865425962389732e-45,1.5461703849558927e-44,25.18404340245223,3.5705440885960753,0.05,0.005555555555555556,5,6-7
6,True,2.92641390877044e-40,8.779241726311321e-40,22.036031118389467,3.1242251051006114,0.05,0.005555555555555556,6,7-8
7,False,0.9833570745479514,1.0,-2.1587564261142433,-0.3060642357069025,0.05,0.005555555555555556,7,8-9
8,False,0.9995920248896318,1.0,-3.453433615787311,-0.48962101856160595,0.05,0.005555555555555556,8,9-10
