,reject,pvals,pvals_corrected,tstats,effectsize,alpha,alpha_corrected,step,dimension_step
0,True,9.065913755538123e-38,8.15932237998431e-37,20.536647187141725,2.9116454034736967,0.05,0.005555555555555556,0,1-2
1,True,2.401300956244482e-31,1.9210407649955855e-30,16.95813849501753,2.4042914868500627,0.05,0.005555555555555556,1,2-3
2,True,4.173455366905521e-21,2.9214187568338646e-20,11.901199616270487,1.6873286492564872,0.05,0.005555555555555556,2,3-4
3,True,1.1900383648285837e-18,7.140230188971503e-18,10.76345352443255,1.5260212484703344,0.05,0.005555555555555556,3,4-5
4,True,6.650133997084611e-18,3.325066998542306e-17,10.419853611153224,1.4773063292813782,0.05,0.005555555555555556,4,5-6
5,True,1.8275183430287025e-17,7.31007337211481e-17,10.21833900293522,1.4487359848914663,0.05,0.005555555555555556,5,6-7
6,True,0.0021865895041862124,0.006559768512558637,2.916981969809034,0.4135639604174454,0.05,0.005555555555555556,6,7-8
7,False,0.9999221734505807,1.0,-3.9331911289599306,-0.5576400941819749,0.05,0.005555555555555556,7,8-9
8,False,0.9999889114228112,1.0,-4.454088666206669,-0.6314919214147494,0.05,0.005555555555555556,8,9-10
