,reject,pvals,pvals_corrected,tstats,effectsize,alpha,alpha_corrected,step,dimension_step
0,True,3.536568798613988e-15,3.182911918752589e-14,9.169826443223133,1.300079938597717,0.05,0.005555555555555556,0,1-2
1,True,0.0011458662267368287,0.0080210635871578,3.1308114229320956,0.4438802792712295,0.05,0.005555555555555556,1,2-3
2,False,0.11689800002219415,0.7013880001331649,1.1979516500633742,0.1698432262922959,0.05,0.005555555555555556,2,3-4
3,True,0.00048149095853879066,0.0038519276683103253,3.40306556151857,0.48247993499732705,0.05,0.005555555555555556,3,4-5
4,False,0.9852790093589866,1.0,-2.209536616580845,-0.3132637511298569,0.05,0.005555555555555556,4,5-6
5,False,0.7622067633953586,1.0,-0.7161470031702902,-0.10153391208365255,0.05,0.005555555555555556,5,6-7
6,False,0.9639561648053772,1.0,-1.8180042563492207,-0.2577530639864663,0.05,0.005555555555555556,6,7-8
7,False,0.7054697738007432,1.0,-0.5419649030013782,-0.0768387168698133,0.05,0.005555555555555556,7,8-9
8,False,0.8149401277804449,1.0,-0.9003485329132277,-0.12764964229518633,0.05,0.005555555555555556,8,9-10
