,reject,pvals,pvals_corrected,tstats,effectsize,alpha,alpha_corrected,step,dimension_step
0,True,1.6601137245966354e-35,1.494102352136972e-34,19.23147415798049,2.7266005411616776,0.05,0.005555555555555556,0,1-2
1,True,2.0062738791111558e-30,1.6050191032889246e-29,16.474383788185303,2.335705696982732,0.05,0.005555555555555556,1,2-3
2,True,8.888764742086383e-26,6.222135319460468e-25,14.130681050644533,2.003420137383601,0.05,0.005555555555555556,2,3-4
3,True,5.969216778992711e-17,2.984608389496355e-16,9.982607625586203,1.415314454343747,0.05,0.005555555555555556,3,4-5
4,True,6.52519635449501e-20,3.915117812697006e-19,11.345769100671715,1.6085808043451353,0.05,0.005555555555555556,4,5-6
5,True,1.2608537680223322e-13,5.043415072089329e-13,8.454776452411831,1.198701558766408,0.05,0.005555555555555556,5,6-7
6,True,1.0046793811008285e-05,3.0140381433024854e-05,4.479478642309217,0.6350916622361029,0.05,0.005555555555555556,6,7-8
7,False,0.9999999999995457,1.0,-8.196538099352404,-1.162089033516577,0.05,0.005555555555555556,7,8-9
8,False,0.9999999999918182,1.0,-7.608806500517117,-1.078761604621735,0.05,0.005555555555555556,8,9-10
