,reject,pvals,pvals_corrected,tstats,effectsize,alpha,alpha_corrected,step,dimension_step
0,True,6.085185282216385e-50,5.476666753994746e-49,28.592262234018783,4.053754644074504,0.05,0.005555555555555556,0,1-2
1,True,3.0503115130743692e-21,2.1352180591520586e-20,11.964827009102638,1.6963496157359008,0.05,0.005555555555555556,1,2-3
2,True,4.5024602721974123e-26,3.60196821775793e-25,14.275452837019193,2.023945596213822,0.05,0.005555555555555556,2,3-4
3,True,1.228609925229293e-14,7.371659551375758e-14,8.921276079250015,1.264840957365807,0.05,0.005555555555555556,3,4-5
4,True,3.114369596631256e-05,0.00012457478386525023,4.182947770414444,0.5930500990601506,0.05,0.005555555555555556,4,5-6
5,True,6.243451609340404e-09,3.121725804670202e-08,6.210124203600424,0.8804591824382663,0.05,0.005555555555555556,5,6-7
6,False,0.13341948952160548,0.40025846856481645,1.1166684497597494,0.15831905419219466,0.05,0.005555555555555556,6,7-8
7,False,0.9969059962154162,1.0,-2.7975681768802465,-0.39663370797048525,0.05,0.005555555555555556,7,8-9
8,False,0.9999944232585096,1.0,-4.629271620921313,-0.6563290158154943,0.05,0.005555555555555556,8,9-10
