{
  "data": {
    "name": "normal-8-100",
    "n_dimension": 8,
    "distance": "euclidean",
    "subject": null,
    "n_objects": 100,
    "n_train_triplets": 29473,
    "n_test_triplets": 10000,
    "frac_train_ndlogn": 7.999975790709088,
    "frac_train_triplets": 0.06075654504225933,
    "max_train_score": 0.7837342652597292,
    "max_test_score": 0.7828,
    "noise_sd": 1.0,
    "distance_sd": 1.0727591361603106,
    "distance_mean": 3.99003812730232,
    "difference_sd": 0.9518218789682434,
    "difference_mean": -0.11933732372691713
  },
  "n_repeats": 10,
  "n_splits": 10,
  "embedding_method": "soe",
  "embedding_dimension": [
    1,
    2,
    3,
    4,
    5,
    6,
    7,
    8,
    9,
    10
  ],
  "random_state": 173243157,
  "alpha": 0.05
}