,reject,pvals,pvals_corrected,tstats,effectsize,alpha,alpha_corrected,step,dimension_step
0,True,2.6891824565006517e-45,2.420264210850587e-44,25.29075144601232,3.5856729449139624,0.05,0.005555555555555556,0,1-2
1,True,2.573347650723316e-41,2.058678120578653e-40,22.692645992571165,3.2173186691494022,0.05,0.005555555555555556,1,2-3
2,True,9.16599066209351e-18,4.582995331046755e-17,10.355869165309839,1.4682347405290355,0.05,0.005555555555555556,2,3-4
3,True,4.528968592398609e-19,2.7173811554391657e-18,10.956806911671451,1.5534345110185026,0.05,0.005555555555555556,3,4-5
4,True,8.142753532187415e-29,5.699927472531191e-28,15.646111690516813,2.218274909764849,0.05,0.005555555555555556,4,5-6
5,True,2.0532346949358764e-09,6.159704084807629e-09,6.451279091373394,0.9146496476155136,0.05,0.005555555555555556,5,6-7
6,True,1.1419161265261834e-13,4.567664506104734e-13,8.474687771320411,1.2015245463577595,0.05,0.005555555555555556,6,7-8
7,False,0.9999999998669249,1.0,-7.03163655355703,-0.9969315859348634,0.05,0.005555555555555556,7,8-9
8,False,0.9999999989729859,1.0,-6.599825646532157,-0.9357102857317816,0.05,0.005555555555555556,8,9-10
