,reject,pvals,pvals_corrected,tstats,effectsize,alpha,alpha_corrected,step,dimension_step
0,True,1.013996448597728e-64,8.111971588781824e-64,41.50356842685276,5.884294214951686,0.05,0.005555555555555556,0,1-2
1,True,8.533008080040221e-69,7.679707272036199e-68,45.853081564609944,6.50095962384221,0.05,0.005555555555555556,1,2-3
2,True,2.0457174623362848e-50,1.2274304774017708e-49,28.946518060109334,4.103980337601349,0.05,0.005555555555555556,2,3-4
3,True,5.693714834406934e-57,3.9856003840848536e-56,34.22808761907869,4.852790870760244,0.05,0.005555555555555556,3,4-5
4,True,4.666406183395047e-45,2.3332030916975235e-44,25.128790460755585,3.5627104353101506,0.05,0.005555555555555556,4,5-6
5,True,1.2313445408265142e-44,4.925378163306057e-44,24.845503071785355,3.5225465070680726,0.05,0.005555555555555556,5,6-7
6,True,1.4932368579951457e-27,4.4797105739854375e-27,15.008574865131235,2.127886193911495,0.05,0.005555555555555556,6,7-8
7,False,0.9989252646041666,1.0,-3.151474498978313,-0.44680984950941655,0.05,0.005555555555555556,7,8-9
8,False,0.9999863752841569,1.0,-4.400808114677426,-0.6239379097233085,0.05,0.005555555555555556,8,9-10
