,reject,pvals,pvals_corrected,tstats,effectsize,alpha,alpha_corrected,step,dimension_step
0,True,1.592025847158248e-48,1.4328232624424233e-47,27.551713080839626,3.9062276338797974,0.05,0.005555555555555556,0,1-2
1,True,9.329919007221794e-41,7.463935205777435e-40,22.343156988031698,3.1677688061966482,0.05,0.005555555555555556,1,2-3
2,True,2.5255593736003893e-33,1.7678915615202724e-32,18.019800877691853,2.554811889152638,0.05,0.005555555555555556,2,3-4
3,True,1.9236045175331037e-16,1.1541627105198622e-15,9.74968267187005,1.3822908130131122,0.05,0.005555555555555556,3,4-5
4,True,7.542719362220302e-07,2.2628158086660905e-06,5.119512352205971,0.7258343814593214,0.05,0.005555555555555556,4,5-6
5,True,2.1847830458798953e-15,1.0923915229399476e-14,9.265839033010662,1.313692414538069,0.05,0.005555555555555556,5,6-7
6,True,6.322439232920678e-08,2.5289756931682713e-07,5.695399860207624,0.8074825784756675,0.05,0.005555555555555556,6,7-8
7,False,0.9999999491709448,1.0,-5.744755903069597,-0.8144801810552498,0.05,0.005555555555555556,7,8-9
8,False,0.9978240325383817,1.0,-2.918633190121413,-0.41379806718223766,0.05,0.005555555555555556,8,9-10
