,reject,pvals,pvals_corrected,tstats,effectsize,alpha,alpha_corrected,step,dimension_step
0,True,1.5316794267549405e-34,1.3785114840794465e-33,18.690176852540343,2.6498564749596594,0.05,0.005555555555555556,0,1-2
1,True,4.996605777519447e-11,3.497624044263613e-10,7.235748797707844,1.0258702180328292,0.05,0.005555555555555556,1,2-3
2,True,3.8612132255350126e-20,3.08897058042801e-19,11.451426019284334,1.6235606342375355,0.05,0.005555555555555556,2,3-4
3,True,8.47127092772663e-06,5.0827625566359774e-05,4.523178006192495,0.6412872720075528,0.05,0.005555555555555556,3,4-5
4,False,0.07962613229422165,0.39813066147110826,1.4182696875034035,0.20107948385512978,0.05,0.005555555555555556,4,5-6
5,False,0.4087215676088376,1.0,0.23144972889123058,0.03281448685953579,0.05,0.005555555555555556,5,6-7
6,False,0.2846914484915516,1.0,0.5708676987494222,0.08093649834409514,0.05,0.005555555555555556,6,7-8
7,False,0.9998817614312081,1.0,-3.8157861205953796,-0.540994643255425,0.05,0.005555555555555556,7,8-9
8,False,0.998130176465052,1.0,-2.9697320284824875,-0.4210427598762828,0.05,0.005555555555555556,8,9-10
