,reject,pvals,pvals_corrected,tstats,effectsize,alpha,alpha_corrected,step,dimension_step
0,True,3.198564362507293e-10,2.878707926256564e-09,6.847402201342377,0.9708112022179142,0.05,0.005555555555555556,0,1-2
1,True,5.004846534614937e-06,4.0038772276919496e-05,4.656502713693849,0.6601897865333339,0.05,0.005555555555555556,1,2-3
2,True,0.0016945664927086863,0.011861965448960805,3.002578283764001,0.4256996372789204,0.05,0.005555555555555556,2,3-4
3,False,0.023148644369692346,0.13889186621815408,2.0179963574572155,0.28610755031599383,0.05,0.005555555555555556,3,4-5
4,False,0.03493712676942329,0.17468563384711644,1.8325571778674707,0.2598163485459954,0.05,0.005555555555555556,4,5-6
5,False,0.6087039204726163,1.0,-0.2766937123783015,-0.039229089757201116,0.05,0.005555555555555556,5,6-7
6,False,0.9998547377014235,1.0,-3.7571494284711275,-0.5326812484961589,0.05,0.005555555555555556,6,7-8
7,False,0.998866491498594,1.0,-3.134314041407696,-0.44437687362237516,0.05,0.005555555555555556,7,8-9
8,False,0.950144106161422,1.0,-1.6618227169826911,-0.2356099528417842,0.05,0.005555555555555556,8,9-10
