,reject,pvals,pvals_corrected,tstats,effectsize,alpha,alpha_corrected,step,dimension_step
0,True,4.065997657831559e-20,3.6593978920484034e-19,11.4410131116362,1.6220843126932152,0.05,0.005555555555555556,0,1-2
1,True,1.3416707290660594e-18,1.0733365832528475e-17,10.739474378787047,1.5226215324133885,0.05,0.005555555555555556,1,2-3
2,True,1.196130162688516e-12,8.372911138819612e-12,8.000680686586835,1.1343207551594277,0.05,0.005555555555555556,2,3-4
3,True,6.099474883906516e-08,3.6596849303439094e-07,5.7035332634838385,0.808635716378266,0.05,0.005555555555555556,3,4-5
4,True,0.006622718598660438,0.03311359299330219,2.522511199860604,0.35763667132985744,0.05,0.005555555555555556,4,5-6
5,False,0.39058326469901017,1.0,0.27855606807907124,0.03949313088165372,0.05,0.005555555555555556,5,6-7
6,False,0.9999977508988955,1.0,-4.855127392647205,-0.688350402442102,0.05,0.005555555555555556,6,7-8
7,False,0.999601338789311,1.0,-3.4604156181347583,-0.4906109131075237,0.05,0.005555555555555556,7,8-9
8,False,0.9974222963808524,1.0,-2.86080052681381,-0.40559866604553924,0.05,0.005555555555555556,8,9-10
