,reject,pvals,pvals_corrected,tstats,effectsize,alpha,alpha_corrected,step,dimension_step
0,True,9.497824208400951e-61,7.598259366720761e-60,37.62253615393381,5.334049100683339,0.05,0.005555555555555556,0,1-2
1,True,5.346616287944608e-61,4.811954659150147e-60,37.85664175451976,5.367240131802591,0.05,0.005555555555555556,1,2-3
2,True,1.4514626351552039e-40,1.0160238446086427e-39,22.22408628844132,3.1508871968476893,0.05,0.005555555555555556,2,3-4
3,True,1.10993201153523e-30,5.54966005767615e-30,16.608605408545202,2.3547353740476606,0.05,0.005555555555555556,3,4-5
4,True,5.47211684124645e-38,3.2832701047478703e-37,20.665913328603892,2.9299725024973755,0.05,0.005555555555555556,4,5-6
5,True,1.0752028933583281e-26,4.3008115734333125e-26,14.582002050920623,2.067407540194309,0.05,0.005555555555555556,5,6-7
6,True,4.1575187204032864e-16,1.247255616120986e-15,9.596275235544054,1.36054100873557,0.05,0.005555555555555556,6,7-8
7,False,0.9999999979309492,1.0,-6.44962681637222,-0.9144153913190206,0.05,0.005555555555555556,7,8-9
8,False,0.9990513633938716,1.0,-3.1914531103768087,-0.4524779383193841,0.05,0.005555555555555556,8,9-10
