{
  "data": {
    "name": "normal-8-100",
    "n_dimension": 8,
    "distance": "euclidean",
    "subject": null,
    "n_objects": 100,
    "n_train_triplets": 29473,
    "n_test_triplets": 10000,
    "frac_train_ndlogn": 7.999975790709088,
    "frac_train_triplets": 0.06075654504225933,
    "max_train_score": 0.7797645302480236,
    "max_test_score": 0.7803,
    "noise_sd": 1.0,
    "distance_sd": 1.0668056226002243,
    "distance_mean": 3.828752982987251,
    "difference_sd": 0.9390397038765536,
    "difference_mean": -0.12045716071771968
  },
  "n_repeats": 10,
  "n_splits": 10,
  "embedding_method": "soe",
  "embedding_dimension": [
    1,
    2,
    3,
    4,
    5,
    6,
    7,
    8,
    9,
    10
  ],
  "random_state": 860894309,
  "alpha": 0.05
}