,reject,pvals,pvals_corrected,tstats,effectsize,alpha,alpha_corrected,step,dimension_step
0,True,1.6238376014703407e-24,1.4614538413233066e-23,13.517943943419573,1.9165474767427562,0.05,0.005555555555555556,0,1-2
1,True,1.9448096097750814e-13,1.361366726842557e-12,8.36760937458988,1.186343182096558,0.05,0.005555555555555556,1,2-3
2,True,3.904732373456852e-14,3.123785898765482e-13,8.689962567669836,1.232045783128433,0.05,0.005555555555555556,2,3-4
3,True,3.980781619059768e-09,1.990390809529884e-08,6.308137683349188,0.8943553406177589,0.05,0.005555555555555556,3,4-5
4,True,3.1359030736404394e-09,1.8815418441842635e-08,6.359854870236066,0.9016877015483225,0.05,0.005555555555555556,4,5-6
5,False,0.33702647841099853,1.0,0.4218447569312704,0.05980831906521937,0.05,0.005555555555555556,5,6-7
6,False,0.9840858575664565,1.0,-2.1773794244371354,-0.3087045677421968,0.05,0.005555555555555556,6,7-8
7,False,0.989250114268831,1.0,-2.3361470054183315,-0.3312143227753346,0.05,0.005555555555555556,7,8-9
8,False,0.9998735777741533,1.0,-3.7967855670987953,-0.5383007821909751,0.05,0.005555555555555556,8,9-10
