,reject,pvals,pvals_corrected,tstats,effectsize,alpha,alpha_corrected,step,dimension_step
0,True,2.1094788721128568e-54,1.898530984901571e-53,32.07149078701336,4.54703281804556,0.05,0.005555555555555556,0,1-2
1,True,6.188434874837431e-40,4.331904412386201e-39,21.836355974957385,3.095915556406315,0.05,0.005555555555555556,1,2-3
2,True,9.732330151878404e-43,7.785864121502723e-42,23.59810116828222,3.3456923212059673,0.05,0.005555555555555556,2,3-4
3,True,3.534145274744126e-35,2.120487164846476e-34,19.046416274219943,2.7003633987636073,0.05,0.005555555555555556,3,4-5
4,True,9.040151297750454e-31,4.520075648875227e-30,16.655254210708783,2.3613491493713266,0.05,0.005555555555555556,4,5-6
5,True,9.829663301150595e-28,3.931865320460238e-27,15.099540525185644,2.1407831260912134,0.05,0.005555555555555556,5,6-7
6,True,1.63850664278394e-20,4.9155199283518196e-20,11.624366880811772,1.6480798490806685,0.05,0.005555555555555556,6,7-8
7,False,0.9999980154175558,1.0,-4.885791806909122,-0.6926979427208202,0.05,0.005555555555555556,7,8-9
8,False,0.9997625930854662,1.0,-3.6147565974312803,-0.5124930732693691,0.05,0.005555555555555556,8,9-10
