,reject,pvals,pvals_corrected,tstats,effectsize,alpha,alpha_corrected,step,dimension_step
0,True,1.0200219519252984e-21,9.180197567327686e-21,12.18768073324687,1.7279453779671288,0.05,0.005555555555555556,0,1-2
1,True,3.3744296009843913e-06,2.0246577605906348e-05,4.754961488101887,0.6741490777128751,0.05,0.005555555555555556,1,2-3
2,True,2.8240120726046383e-10,1.9768084508232468e-09,6.873659842320721,0.9745339588570079,0.05,0.005555555555555556,2,3-4
3,True,2.0286392213037943e-18,1.6229113770430354e-17,10.656845475528684,1.5109065691979264,0.05,0.005555555555555556,3,4-5
4,False,0.7140606353373378,1.0,-0.5671755799898844,-0.08041303701580109,0.05,0.005555555555555556,4,5-6
5,False,0.01461242633916797,0.07306213169583985,2.2125743017332757,0.31369442814985327,0.05,0.005555555555555556,5,6-7
6,False,0.9997293453792053,1.0,-3.576144509086317,-0.5070187274073764,0.05,0.005555555555555556,6,7-8
7,False,0.9470408741598625,1.0,-1.631707368583568,-0.23134025804003405,0.05,0.005555555555555556,7,8-9
8,False,0.9995291092371535,1.0,-3.409861886793641,-0.4834435046135038,0.05,0.005555555555555556,8,9-10
