,reject,pvals,pvals_corrected,tstats,effectsize,alpha,alpha_corrected,step,dimension_step
0,True,1.2767661970133475e-55,1.021412957610678e-54,33.07948281758161,4.689943943498392,0.05,0.005555555555555556,0,1-2
1,True,8.908017819514191e-57,8.017216037562772e-56,34.06074928781894,4.829065971627611,0.05,0.005555555555555556,1,2-3
2,True,2.318877532813966e-50,1.6232142729697763e-49,28.905612345656156,4.098180805945667,0.05,0.005555555555555556,2,3-4
3,True,3.059905572838178e-35,1.8359433437029068e-34,19.08162620364657,2.705355393232688,0.05,0.005555555555555556,3,4-5
4,True,3.103818232586057e-33,1.5519091162930287e-32,17.971014877207885,2.54789510605905,0.05,0.005555555555555556,4,5-6
5,True,1.8917122579787223e-30,5.675136773936167e-30,16.487691850024877,2.3375924877880294,0.05,0.005555555555555556,5,6-7
6,True,1.4164903384521083e-30,5.665961353808433e-30,16.55324615920893,2.346886648673899,0.05,0.005555555555555556,6,7-8
7,False,0.979052555692913,1.0,-2.061306343558647,-0.2922479548721814,0.05,0.005555555555555556,7,8-9
8,False,0.9999999999692717,1.0,-7.336455373775225,-1.0401481981059228,0.05,0.005555555555555556,8,9-10
