,reject,pvals,pvals_corrected,tstats,effectsize,alpha,alpha_corrected,step,dimension_step
0,True,2.249465303347707e-13,2.0245187730129365e-12,8.338309338104526,1.1821890806126696,0.05,0.005555555555555556,0,1-2
1,True,7.939016769334203e-12,6.351213415467362e-11,7.614978565070053,1.0796366677818379,0.05,0.005555555555555556,1,2-3
2,True,1.798214715829425e-05,0.00012587503010805975,4.328416729835166,0.6136744017121746,0.05,0.005555555555555556,2,3-4
3,True,0.00037515831044251106,0.0022509498626550662,3.478741723150476,0.4932091521942817,0.05,0.005555555555555556,3,4-5
4,False,0.9062885425381292,1.0,-1.3274195383180527,-0.18819892857899648,0.05,0.005555555555555556,4,5-6
5,False,0.957330949128154,1.0,-1.737898737769686,-0.24639586128246244,0.05,0.005555555555555556,5,6-7
6,False,0.9999941757714002,1.0,-4.618317659987936,-0.654775984801675,0.05,0.005555555555555556,6,7-8
7,False,0.9993250889020344,1.0,-3.2988292248021467,-0.4677015124091776,0.05,0.005555555555555556,7,8-9
8,False,0.770820138255351,1.0,-0.7444633331938768,-0.10554854560221645,0.05,0.005555555555555556,8,9-10
