,reject,pvals,pvals_corrected,tstats,effectsize,alpha,alpha_corrected,step,dimension_step
0,True,2.3821980284274213e-35,1.905758422741937e-34,19.14289497217685,2.714041958602491,0.05,0.005555555555555556,0,1-2
1,True,4.4386889841994546e-39,3.9948200857795093e-38,21.316728543585644,3.022243802283779,0.05,0.005555555555555556,1,2-3
2,True,2.959763568888913e-32,2.0718344982222393e-31,17.441977187934977,2.472889184099196,0.05,0.005555555555555556,2,3-4
3,True,6.986846271776399e-21,4.192107763065839e-20,11.796758516765179,1.6725211958032884,0.05,0.005555555555555556,3,4-5
4,True,8.684206785826495e-14,4.3421033929132476e-13,8.529675623252972,1.2093206157388696,0.05,0.005555555555555556,4,5-6
5,True,5.968505450027176e-09,2.3874021800108704e-08,6.219959359129898,0.8818535914247425,0.05,0.005555555555555556,5,6-7
6,False,0.9766795591305947,1.0,-2.014766611419521,-0.2856496432818345,0.05,0.005555555555555556,6,7-8
7,False,0.9993755040798847,1.0,-3.3229868237002393,-0.4711265292169179,0.05,0.005555555555555556,7,8-9
8,False,0.999856721470041,1.0,-3.761084828851088,-0.533239201813598,0.05,0.005555555555555556,8,9-10
