,reject,pvals,pvals_corrected,tstats,effectsize,alpha,alpha_corrected,step,dimension_step
0,True,4.15431849288646e-43,3.738886643597814e-42,23.837528160240563,3.3796378087166805,0.05,0.005555555555555556,0,1-2
1,True,9.557153018335808e-41,7.645722414668647e-40,22.33666246477534,3.166848025476465,0.05,0.005555555555555556,1,2-3
2,True,1.1969795106715057e-18,7.181877064029033e-18,10.762290589298537,1.5258563698167433,0.05,0.005555555555555556,2,3-4
3,True,1.1757076745582758e-09,5.878538372791379e-09,6.570925962617043,0.9316129454470456,0.05,0.005555555555555556,3,4-5
4,True,4.519353556408121e-22,3.1635474894856848e-21,12.353850875158681,1.7515046535140657,0.05,0.005555555555555556,4,5-6
5,True,4.610709583107053e-08,1.8442838332428212e-07,5.766746651679186,0.8175979860954095,0.05,0.005555555555555556,5,6-7
6,True,2.2860132830387095e-07,6.858039849116129e-07,5.400554301165688,0.7656799556377684,0.05,0.005555555555555556,6,7-8
7,False,0.9999708845254518,1.0,-4.200947308203746,-0.5956020380885274,0.05,0.005555555555555556,7,8-9
8,False,0.9997850827902276,1.0,-3.6438963257076593,-0.5166244465710205,0.05,0.005555555555555556,8,9-10
