,reject,pvals,pvals_corrected,tstats,effectsize,alpha,alpha_corrected,step,dimension_step
0,True,3.9136437134088396e-29,3.1309149707270717e-28,15.808449961212125,2.241290910155303,0.05,0.005555555555555556,0,1-2
1,True,3.39242845450725e-35,3.053185609056525e-34,19.05641320976933,2.7017807446027775,0.05,0.005555555555555556,1,2-3
2,True,1.9627775507734727e-05,9.813887753867363e-05,4.30542295271211,0.6104143892642437,0.05,0.005555555555555556,2,3-4
3,True,1.990288787343152e-19,1.3932021511402064e-18,11.121666258563575,1.5768079446283796,0.05,0.005555555555555556,3,4-5
4,True,7.064530618524055e-11,4.2387183711144325e-10,7.163774197893874,1.0156658009823958,0.05,0.005555555555555556,4,5-6
5,True,0.003410634805825104,0.010231904417475313,2.7634165803077666,0.39179176184970815,0.05,0.005555555555555556,5,6-7
6,True,0.0006101850891684526,0.0024407403566738105,3.3301775450516375,0.4721460155322677,0.05,0.005555555555555556,6,7-8
7,False,0.9999958063298886,1.0,-4.7008146035566085,-0.6664722390321488,0.05,0.005555555555555556,7,8-9
8,False,0.9999994044745005,1.0,-5.175753843176212,-0.7338081893148968,0.05,0.005555555555555556,8,9-10
