,reject,pvals,pvals_corrected,tstats,effectsize,alpha,alpha_corrected,step,dimension_step
0,True,3.267130275635964e-37,2.9404172480723676e-36,20.21066812230081,2.8654287334825517,0.05,0.005555555555555556,0,1-2
1,True,2.2725841467834885e-10,1.3635504880700931e-09,6.9193855208956805,0.981016855535822,0.05,0.005555555555555556,1,2-3
2,True,6.884003846441152e-15,5.5072030771529214e-14,9.036953322073474,1.2812414490957482,0.05,0.005555555555555556,2,3-4
3,True,1.5057856316333382e-09,7.528928158166692e-09,6.5179226773399455,0.9240982440189229,0.05,0.005555555555555556,3,4-5
4,True,2.3351331036872634e-11,1.6345931725810843e-10,7.39316315789908,1.0481881160867303,0.05,0.005555555555555556,4,5-6
5,False,0.15339320493599398,0.460179614807982,1.0272920673293278,0.14564744666486765,0.05,0.005555555555555556,5,6-7
6,True,0.0005875630611474299,0.0023502522445897197,3.3418734910756833,0.47380424373134356,0.05,0.005555555555555556,6,7-8
7,False,0.9999019003341405,1.0,-3.8684827418653125,-0.5484658664644044,0.05,0.005555555555555556,7,8-9
8,False,0.9998740511827074,1.0,-3.797852345766526,-0.5384520279700995,0.05,0.005555555555555556,8,9-10
