,reject,pvals,pvals_corrected,tstats,effectsize,alpha,alpha_corrected,step,dimension_step
0,True,7.49078347729472e-46,6.741705129565248e-45,25.66930378212714,3.639343349794515,0.05,0.005555555555555556,0,1-2
1,True,1.6062892943052375e-24,9.637735765831426e-24,13.52021933433584,1.9168700771868348,0.05,0.005555555555555556,1,2-3
2,True,3.4539604006151984e-36,2.7631683204921587e-35,19.619338798076903,2.7815912261656925,0.05,0.005555555555555556,2,3-4
3,True,4.044102197422342e-30,2.830871538195639e-29,16.31611340570952,2.3132664337747544,0.05,0.005555555555555556,3,4-5
4,True,1.5935148724831392e-18,7.967574362415696e-18,10.705087555509978,1.5177462363135739,0.05,0.005555555555555556,4,5-6
5,True,2.516547712069295e-07,7.549643136207885e-07,5.378207762672464,0.7625117074084233,0.05,0.005555555555555556,5,6-7
6,True,1.4630979912662036e-07,5.852391965064815e-07,5.503767150248882,0.780313270164429,0.05,0.005555555555555556,6,7-8
7,False,0.999999999998322,1.0,-7.931985383455962,-1.1245812703360982,0.05,0.005555555555555556,7,8-9
8,False,0.9999999996164659,1.0,-6.809066692591301,-0.9653760692661838,0.05,0.005555555555555556,8,9-10
