,reject,pvals,pvals_corrected,tstats,effectsize,alpha,alpha_corrected,step,dimension_step
0,True,9.527664698312285e-47,8.574898228481057e-46,26.28888288089856,3.727186054525581,0.05,0.005555555555555556,0,1-2
1,True,9.762265268033637e-35,7.80981221442691e-34,18.799187492996364,2.6653117889318554,0.05,0.005555555555555556,1,2-3
2,True,2.9321857509311637e-16,1.7593114505586982e-15,9.665778378694368,1.370395027526295,0.05,0.005555555555555556,2,3-4
3,True,1.5383517898749302e-16,1.0768462529124512e-15,9.794165122051282,1.3885974472180629,0.05,0.005555555555555556,3,4-5
4,True,9.706265177850189e-14,4.853132588925094e-13,8.507334429865464,1.206153125328089,0.05,0.005555555555555556,4,5-6
5,True,2.3242302023728986e-10,9.296920809491594e-10,6.9146600665402795,0.9803468899212866,0.05,0.005555555555555556,5,6-7
6,True,1.8840807829144452e-06,5.6522423487433355e-06,4.89849734909592,0.6944993094760514,0.05,0.005555555555555556,6,7-8
7,False,0.9999999999999887,1.0,-8.936990230194816,-1.2670688787470814,0.05,0.005555555555555556,7,8-9
8,False,0.999999999942513,1.0,-7.206633123759335,-1.0217422551064226,0.05,0.005555555555555556,8,9-10
