,reject,pvals,pvals_corrected,tstats,effectsize,alpha,alpha_corrected,step,dimension_step
0,True,5.630497858489733e-66,5.067448072640759e-65,42.802251811021925,6.068418988174228,0.05,0.005555555555555556,0,1-2
1,True,4.421349905457827e-59,3.5370799243662615e-58,36.08980921028789,5.116742092407853,0.05,0.005555555555555556,1,2-3
2,True,6.479163401280007e-52,3.887498040768004e-51,30.091495061319698,4.2663129224813465,0.05,0.005555555555555556,2,3-4
3,True,1.3229418499121504e-56,9.260592949385052e-56,33.91346392249508,4.808184142522972,0.05,0.005555555555555556,3,4-5
4,True,7.001205084730217e-45,3.5006025423651086e-44,25.010060144059093,3.545877084777705,0.05,0.005555555555555556,4,5-6
5,True,1.9749789374208575e-37,5.9249368122625726e-37,20.338275394426603,2.883520641277876,0.05,0.005555555555555556,5,6-7
6,True,2.345454439108685e-43,9.38181775643474e-43,23.999267823066933,3.4025689396620784,0.05,0.005555555555555556,6,7-8
7,False,0.9999918215508661,1.0,-4.532159870972026,-0.6425607031115509,0.05,0.005555555555555556,7,8-9
8,False,0.9998206120789677,1.0,-3.696420943741173,-0.5240712834997985,0.05,0.005555555555555556,8,9-10
