{
  "data": {
    "name": "normal-8-100",
    "n_dimension": 8,
    "distance": "euclidean",
    "subject": null,
    "n_objects": 100,
    "n_train_triplets": 29473,
    "n_test_triplets": 10000,
    "frac_train_ndlogn": 7.999975790709088,
    "frac_train_triplets": 0.06075654504225933,
    "max_train_score": 0.8795507752858549,
    "max_test_score": 0.8827,
    "noise_sd": 0.5,
    "distance_sd": 1.0721341136505498,
    "distance_mean": 3.9733718939550267,
    "difference_sd": 0.9466925495456533,
    "difference_mean": -0.1486195001850617
  },
  "n_repeats": 10,
  "n_splits": 10,
  "embedding_method": "soe",
  "embedding_dimension": [
    1,
    2,
    3,
    4,
    5,
    6,
    7,
    8,
    9,
    10
  ],
  "random_state": 2498218723,
  "alpha": 0.05
}