,reject,pvals,pvals_corrected,tstats,effectsize,alpha,alpha_corrected,step,dimension_step
0,True,1.4390106571380955e-07,1.1512085257104764e-06,5.507588656078043,0.7808550757367033,0.05,0.005555555555555556,0,1-2
1,True,1.2086396519220551e-10,1.0877756867298496e-09,7.051766867000476,0.9997856221401886,0.05,0.005555555555555556,1,2-3
2,False,0.576966702108635,1.0,-0.1946490401534067,-0.02759695766736855,0.05,0.005555555555555556,2,3-4
3,False,0.47240900086810017,1.0,0.06939145302034486,0.009838183584005384,0.05,0.005555555555555556,3,4-5
4,False,0.940677883985379,1.0,-1.5741456767248452,-0.22317927470184068,0.05,0.005555555555555556,4,5-6
5,False,0.7361310829240966,1.0,-0.6337002651283269,-0.08984477589390563,0.05,0.005555555555555556,5,6-7
6,False,0.9993747510558577,1.0,-3.3226127460104777,-0.47107349321858716,0.05,0.005555555555555556,6,7-8
7,False,0.5909866192594068,1.0,-0.2306963734263082,-0.03270767760500487,0.05,0.005555555555555556,7,8-9
8,False,0.8949168975729526,1.0,-1.2612961005360412,-0.17882407776106857,0.05,0.005555555555555556,8,9-10
