,reject,pvals,pvals_corrected,tstats,effectsize,alpha,alpha_corrected,step,dimension_step
0,True,1.506777993791107e-27,1.3561001944119962e-26,15.006613319826695,2.1276080898803147,0.05,0.005555555555555556,0,1-2
1,True,2.0982564792510043e-24,1.6786051834008034e-23,13.46430211294412,1.9089422436336458,0.05,0.005555555555555556,1,2-3
2,True,1.0093962943514209e-11,6.056377766108525e-11,7.565739738969375,1.0726556839638832,0.05,0.005555555555555556,2,3-4
3,True,1.4733723875730973e-05,7.366861937865486e-05,4.380465595564606,0.6210537874159923,0.05,0.005555555555555556,3,4-5
4,True,3.4300620641544746e-19,2.4010434449081323e-18,11.01249826614419,1.5613303216046288,0.05,0.005555555555555556,4,5-6
5,True,0.0005050713613956482,0.0020202854455825927,3.3884379033256633,0.4804060544192146,0.05,0.005555555555555556,5,6-7
6,False,0.9999997019211787,1.0,-5.3387198934419375,-0.7569131950568055,0.05,0.005555555555555556,6,7-8
7,False,0.9997455571243467,1.0,-3.5943747237579338,-0.5096033713499468,0.05,0.005555555555555556,7,8-9
8,False,0.9999402631943803,1.0,-4.006320846323013,-0.5680082815242041,0.05,0.005555555555555556,8,9-10
