,reject,pvals,pvals_corrected,tstats,effectsize,alpha,alpha_corrected,step,dimension_step
0,True,6.4135036484028e-58,5.772153283562519e-57,35.05446873544495,4.969953558372261,0.05,0.005555555555555556,0,1-2
1,True,2.3314533943292104e-49,1.8651627154633683e-48,28.16044811038062,3.992532887826323,0.05,0.005555555555555556,1,2-3
2,True,3.6523759610045576e-45,2.55666317270319e-44,25.20069502925312,3.5729049234584247,0.05,0.005555555555555556,2,3-4
3,True,1.1583785279982182e-38,6.950271167989309e-38,21.06667334352765,2.9867914683546357,0.05,0.005555555555555556,3,4-5
4,True,3.3644022919588984e-23,1.6822011459794491e-22,12.887618160675054,1.8271811283171895,0.05,0.005555555555555556,4,5-6
5,True,1.0104418310711862e-18,3.0313254932135584e-18,10.796171896132527,1.5306599947905724,0.05,0.005555555555555556,5,6-7
6,True,5.631055256784003e-20,2.252422102713601e-19,11.375431143930136,1.6127862304365517,0.05,0.005555555555555556,6,7-8
7,False,0.9999998761318553,1.0,-5.542042046091004,-0.7857398095372692,0.05,0.005555555555555556,7,8-9
8,False,0.9988925339890002,1.0,-3.1418132137858374,-0.44544009151698566,0.05,0.005555555555555556,8,9-10
