,reject,pvals,pvals_corrected,tstats,effectsize,alpha,alpha_corrected,step,dimension_step
0,True,1.3195717061174902e-21,1.1876145355057412e-20,12.135221985923334,1.720507880057918,0.05,0.005555555555555556,0,1-2
1,False,0.16405468257511563,0.9843280954506938,0.982784214168777,0.13933721087552522,0.05,0.005555555555555556,1,2-3
2,True,0.005915771947500649,0.04141040363250455,2.5645865000018735,0.3636020245415934,0.05,0.005555555555555556,2,3-4
3,True,0.00271911481674768,0.02175291853398144,2.8424030468338835,0.40299030755688625,0.05,0.005555555555555556,3,4-5
4,False,0.9983909188401514,1.0,-3.0197558431474154,-0.4281350378273084,0.05,0.005555555555555556,4,5-6
5,False,0.19159932485339015,0.9843280954506938,0.8759111403986058,0.12418495689938173,0.05,0.005555555555555556,5,6-7
6,False,0.9899854298424793,1.0,-2.3640351699655664,-0.3351682518356787,0.05,0.005555555555555556,6,7-8
7,False,0.9517831634922754,1.0,-1.6783458898664723,-0.2379525757606794,0.05,0.005555555555555556,7,8-9
8,False,0.8761182396320437,1.0,-1.1626573812862717,-0.16483927435616105,0.05,0.005555555555555556,8,9-10
