,reject,pvals,pvals_corrected,tstats,effectsize,alpha,alpha_corrected,step,dimension_step
0,True,1.3515278148511213e-10,1.2163750333660091e-09,7.028394746804615,0.9964719689563174,0.05,0.005555555555555556,0,1-2
1,True,0.00014763918113438375,0.00118111344907507,3.7525009209883993,0.5320221922577301,0.05,0.005555555555555556,1,2-3
2,False,0.012053601188451534,0.0723216071307092,2.2906026450499506,0.3247571330348508,0.05,0.005555555555555556,2,3-4
3,False,0.030854364210992732,0.15427182105496368,1.8898112001311334,0.26793371109477354,0.05,0.005555555555555556,3,4-5
4,True,0.0006641020316020818,0.004648714221214573,3.303862789690182,0.4684151613283893,0.05,0.005555555555555556,4,5-6
5,False,0.9999999996066087,1.0,-6.803702964938324,-0.9646156105202179,0.05,0.005555555555555556,5,6-7
6,False,0.9856922185816192,1.0,-2.221204967699652,-0.3149180669775997,0.05,0.005555555555555556,6,7-8
7,False,0.9204774259257725,1.0,-1.4189815025100827,-0.20118040358528022,0.05,0.005555555555555556,7,8-9
8,False,0.9776222243549214,1.0,-2.0327458512696794,-0.28819870450836427,0.05,0.005555555555555556,8,9-10
