,reject,pvals,pvals_corrected,tstats,effectsize,alpha,alpha_corrected,step,dimension_step
0,True,7.872026277523668e-60,7.084823649771301e-59,36.77170389283922,5.213419777913735,0.05,0.005555555555555556,0,1-2
1,True,6.946635661106408e-45,4.862644962774486e-44,25.01234627671925,3.5462012081650824,0.05,0.005555555555555556,1,2-3
2,True,1.9390917777599063e-46,1.551273422207925e-45,26.074121796629655,3.696737650842233,0.05,0.005555555555555556,2,3-4
3,True,3.497581076036521e-33,1.7487905380182605e-32,17.94278468630463,2.5438926851753667,0.05,0.005555555555555556,3,4-5
4,True,8.644517288360718e-35,5.18671037301643e-34,18.828678188862437,2.6694929217273513,0.05,0.005555555555555556,4,5-6
5,True,1.4593609981785504e-22,5.837443992714201e-22,12.58543716768198,1.784338502096475,0.05,0.005555555555555556,5,6-7
6,True,6.905062500174578e-14,2.0715187500523733e-13,8.57568404639632,1.2158435993858923,0.05,0.005555555555555556,6,7-8
7,False,0.9999530446484922,1.0,-4.0721578128442895,-0.5773425170108198,0.05,0.005555555555555556,7,8-9
8,False,0.9998967971724131,1.0,-3.854216074060376,-0.5464431663927424,0.05,0.005555555555555556,8,9-10
