,reject,pvals,pvals_corrected,tstats,effectsize,alpha,alpha_corrected,step,dimension_step
0,True,5.395206507806295e-49,4.8556858570256657e-48,27.893319278832,3.954659888040806,0.05,0.005555555555555556,0,1-2
1,True,4.9465250533164264e-33,3.957220042653141e-32,17.860994363473534,2.532296614241797,0.05,0.005555555555555556,1,2-3
2,True,2.1454491072178475e-31,1.5018143750524932e-30,16.98400253968202,2.4079584401787324,0.05,0.005555555555555556,2,3-4
3,True,4.322515668376436e-27,2.5935094010258615e-26,14.778316606596341,2.095240631373188,0.05,0.005555555555555556,3,4-5
4,True,1.3650666210099636e-13,5.460266484039854e-13,8.438812863711076,1.196438272591214,0.05,0.005555555555555556,4,5-6
5,True,1.144425152741909e-18,5.722125763709545e-18,10.771268988953116,1.5271293096421483,0.05,0.005555555555555556,5,6-7
6,False,0.04200668799018767,0.126020063970563,1.7454259847285558,0.2474630595358525,0.05,0.005555555555555556,6,7-8
7,False,0.999999999997195,1.0,-7.827484861646506,-1.109765392105614,0.05,0.005555555555555556,7,8-9
8,False,0.9999999999432565,1.0,-7.209337518163553,-1.0221256788203552,0.05,0.005555555555555556,8,9-10
