,reject,pvals,pvals_corrected,tstats,effectsize,alpha,alpha_corrected,step,dimension_step
0,True,2.6641560480947275e-31,2.397740443285255e-30,16.934308536280867,2.4009129222193177,0.05,0.005555555555555556,0,1-2
1,True,2.2697106906704766e-06,1.361826414402286e-05,4.852887750751482,0.6880328704237698,0.05,0.005555555555555556,1,2-3
2,False,0.22946299119037572,0.9178519647615029,0.7435230812544624,0.10541523853351356,0.05,0.005555555555555556,2,3-4
3,True,7.501996056320876e-16,6.001596845056701e-15,9.47876438096712,1.3438805511414296,0.05,0.005555555555555556,3,4-5
4,True,1.4118799729024776e-08,9.883159810317344e-08,6.030831684785919,0.8550394421307866,0.05,0.005555555555555556,4,5-6
5,True,0.0002511015427229554,0.001255507713614777,3.598268345224135,0.5101554013352518,0.05,0.005555555555555556,5,6-7
6,False,0.6664947630260403,1.0,-0.4315449899519277,-0.061183599004045235,0.05,0.005555555555555556,6,7-8
7,False,0.9998776179801813,1.0,-3.806014727786455,-0.5396092744219255,0.05,0.005555555555555556,7,8-9
8,False,0.9832343552592516,1.0,-2.155690502150597,-0.30562955504385153,0.05,0.005555555555555556,8,9-10
