{
  "data": {
    "name": "normal-8-100",
    "n_dimension": 8,
    "distance": "euclidean",
    "subject": null,
    "n_objects": 100,
    "n_train_triplets": 29473,
    "n_test_triplets": 10000,
    "frac_train_ndlogn": 7.999975790709088,
    "frac_train_triplets": 0.06075654504225933,
    "max_train_score": 0.7824449496149017,
    "max_test_score": 0.7823,
    "noise_sd": 1.0,
    "distance_sd": 1.0675357014860731,
    "distance_mean": 3.848845920635025,
    "difference_sd": 0.9425627210874613,
    "difference_mean": -0.12595392971548244
  },
  "n_repeats": 10,
  "n_splits": 10,
  "embedding_method": "soe",
  "embedding_dimension": [
    1,
    2,
    3,
    4,
    5,
    6,
    7,
    8,
    9,
    10
  ],
  "random_state": 3493632650,
  "alpha": 0.05
}