,reject,pvals,pvals_corrected,tstats,effectsize,alpha,alpha_corrected,step,dimension_step
0,True,1.811794965832672e-33,1.4494359726661376e-32,18.098546013781053,2.565976219505627,0.05,0.005555555555555556,0,1-2
1,True,7.257797295174092e-42,6.532017565656683e-41,23.039693166489393,3.2665223341644114,0.05,0.005555555555555556,1,2-3
2,True,1.2560570366804467e-17,7.53634222008268e-17,10.293063505244398,1.4593302777033719,0.05,0.005555555555555556,2,3-4
3,True,9.787668078565861e-14,3.9150672314263444e-13,8.50565717962195,1.205915328090911,0.05,0.005555555555555556,3,4-5
4,True,7.442052527618106e-08,2.2326157582854317e-07,5.658397410405504,0.8022364439970527,0.05,0.005555555555555556,4,5-6
5,True,3.659954596762079e-15,1.8299772983810395e-14,9.16298800539845,1.299110398347172,0.05,0.005555555555555556,5,6-7
6,True,2.638181337815233e-22,1.846726936470663e-21,12.464006059985538,1.7671222387336591,0.05,0.005555555555555556,6,7-8
7,False,0.9999999999596949,1.0,-7.2803042119808365,-1.0321871969430503,0.05,0.005555555555555556,7,8-9
8,False,0.9999999999989339,1.0,-8.024004691036527,-1.1376275865875425,0.05,0.005555555555555556,8,9-10
