,reject,pvals,pvals_corrected,tstats,effectsize,alpha,alpha_corrected,step,dimension_step
0,True,2.4018296051052032e-52,2.161646644594683e-51,30.427244837362053,4.313914864669024,0.05,0.005555555555555556,0,1-2
1,True,2.903793815890435e-45,2.0326556711233043e-44,25.268142900679518,3.5824675498707688,0.05,0.005555555555555556,1,2-3
2,True,7.540047896532866e-46,6.032038317226293e-45,25.667351708906086,3.6390665886966813,0.05,0.005555555555555556,2,3-4
3,True,5.595692940516601e-29,3.3574157643099608e-28,15.729139697265166,2.2300464570873246,0.05,0.005555555555555556,3,4-5
4,True,2.6400897066234722e-28,1.3200448533117361e-27,15.386990342601077,2.1815371952428237,0.05,0.005555555555555556,4,5-6
5,True,8.004964488924307e-25,3.201985795569723e-24,13.666313941289499,1.9375830829142373,0.05,0.005555555555555556,5,6-7
6,True,5.000325025613999e-22,1.5000975076841995e-21,12.333179381460743,1.7485738898377912,0.05,0.005555555555555556,6,7-8
7,False,0.999999997845969,1.0,-6.440957400495834,-0.913186258605328,0.05,0.005555555555555556,7,8-9
8,False,0.999992192853832,1.0,-4.5440073667417895,-0.6442404177351875,0.05,0.005555555555555556,8,9-10
