,reject,pvals,pvals_corrected,tstats,effectsize,alpha,alpha_corrected,step,dimension_step
0,True,1.0321213720658022e-53,9.289092348592219e-53,31.512221028674226,4.467740652857586,0.05,0.005555555555555556,0,1-2
1,True,1.1239789301486214e-35,6.743873580891728e-35,19.327403283364216,2.740201183683192,0.05,0.005555555555555556,1,2-3
2,True,5.084435690689475e-37,3.5591049834826323e-36,20.098953260686525,2.849590020358893,0.05,0.005555555555555556,2,3-4
3,True,1.2357363560685443e-38,9.885890848548354e-38,21.049889623793593,2.9844119056163008,0.05,0.005555555555555556,3,4-5
4,True,4.8103048442334947e-32,2.4051524221167475e-31,17.32912076714911,2.4568886229638123,0.05,0.005555555555555556,4,5-6
5,True,1.0551280862784122e-29,4.220512345113649e-29,16.100738213885883,2.2827309631314163,0.05,0.005555555555555556,5,6-7
6,True,1.381835032940974e-18,4.145505098822922e-18,10.733577492921684,1.521785483545809,0.05,0.005555555555555556,6,7-8
7,False,0.9999990627577767,1.0,-5.0675380792426585,-0.7184655713710191,0.05,0.005555555555555556,7,8-9
8,False,0.9973731241709869,1.0,-2.8543005652600706,-0.4046771142942606,0.05,0.005555555555555556,8,9-10
