,reject,pvals,pvals_corrected,tstats,effectsize,alpha,alpha_corrected,step,dimension_step
0,True,2.240469543185301e-61,2.016422588866771e-60,38.21342847227133,5.417824650166049,0.05,0.005555555555555556,0,1-2
1,True,2.652132395086165e-57,1.8564926765603156e-56,34.51532815637368,4.8935152685884304,0.05,0.005555555555555556,1,2-3
2,True,1.4284139951005243e-52,8.570483970603145e-52,30.604269881736823,4.339013126914881,0.05,0.005555555555555556,2,3-4
3,True,3.84675146238204e-58,3.077401169905632e-57,35.25036098912261,4.997726776405328,0.05,0.005555555555555556,3,4-5
4,True,4.774846625583725e-51,2.3874233127918624e-50,29.424747691263057,4.171782793117334,0.05,0.005555555555555556,4,5-6
5,True,1.3979602923270998e-49,5.591841169308399e-49,28.32426980566071,4.0157592052336835,0.05,0.005555555555555556,5,6-7
6,True,7.21268214567203e-45,2.163804643701609e-44,25.001367143631153,3.5446446082927285,0.05,0.005555555555555556,6,7-8
7,False,0.9974301296537523,1.0,-2.8618464762610336,-0.4057469586987909,0.05,0.005555555555555556,7,8-9
8,False,0.9999989121037407,1.0,-5.031705819476595,-0.7133853441317228,0.05,0.005555555555555556,8,9-10
