,reject,pvals,pvals_corrected,tstats,effectsize,alpha,alpha_corrected,step,dimension_step
0,True,1.622963040384677e-33,1.4606667363462093e-32,18.124681199991247,2.5696816147487946,0.05,0.005555555555555556,0,1-2
1,True,6.306968820035885e-30,4.4148781740251193e-29,16.21614468885322,2.299093065927833,0.05,0.005555555555555556,1,2-3
2,True,3.0330740693618066e-33,2.4264592554894453e-32,17.976467167990652,2.548668121111185,0.05,0.005555555555555556,2,3-4
3,True,7.72883118290188e-15,3.86441559145094e-14,9.013846416445583,1.2779653975111411,0.05,0.005555555555555556,3,4-5
4,True,2.640467043221531e-18,1.5842802259329184e-17,10.604194979214828,1.503441885494404,0.05,0.005555555555555556,4,5-6
5,True,7.599067197105886e-11,3.0396268788423546e-10,7.148590095264971,1.0135130288077343,0.05,0.005555555555555556,5,6-7
6,True,1.5925662596796333e-09,4.7776987790389e-09,6.505899180782471,0.9223935763501337,0.05,0.005555555555555556,6,7-8
7,False,0.9999998540880659,1.0,-5.50439410028813,-0.7804021579065883,0.05,0.005555555555555556,7,8-9
8,False,0.9999999995519855,1.0,-6.776199179863826,-0.9607161780247115,0.05,0.005555555555555556,8,9-10
