,reject,pvals,pvals_corrected,tstats,effectsize,alpha,alpha_corrected,step,dimension_step
0,True,8.63085867495823e-25,6.904686939966584e-24,13.650498241437163,1.935340764128793,0.05,0.005555555555555556,0,1-2
1,True,1.3739870016880765e-21,9.617909011816535e-21,12.126993402118663,1.7193412476473964,0.05,0.005555555555555556,1,2-3
2,True,5.554366138279764e-28,4.998929524451787e-27,15.22408335994208,2.1584405639898985,0.05,0.005555555555555556,2,3-4
3,True,3.361966586660145e-08,2.0171799519960868e-07,5.837732216394792,0.8276621796969136,0.05,0.005555555555555556,3,4-5
4,False,0.4037231121029544,1.0,0.24437491945705558,0.03464699492947862,0.05,0.005555555555555556,4,5-6
5,True,0.009402070401087379,0.04701035200543689,2.388686680903231,0.33866329451992333,0.05,0.005555555555555556,5,6-7
6,False,0.9703517373359447,1.0,-1.9079403034983629,-0.27050401967568655,0.05,0.005555555555555556,6,7-8
7,False,0.9975480060145497,1.0,-2.877949888392371,-0.4080300687646739,0.05,0.005555555555555556,7,8-9
8,False,0.9382428133879106,1.0,-1.5534181172264638,-0.22024056212676776,0.05,0.005555555555555556,8,9-10
