{
  "data": {
    "name": "normal-8-100",
    "n_dimension": 8,
    "distance": "euclidean",
    "subject": null,
    "n_objects": 100,
    "n_train_triplets": 14736,
    "n_test_triplets": 10000,
    "frac_train_ndlogn": 3.999852178328949,
    "frac_train_triplets": 0.030377241805813235,
    "max_train_score": 0.8745928338762216,
    "max_test_score": 0.8772,
    "noise_sd": 0.5,
    "distance_sd": 1.0684295799580343,
    "distance_mean": 3.8733235038660094,
    "difference_sd": 0.9461008900005126,
    "difference_mean": -0.14755346836052663
  },
  "n_repeats": 10,
  "n_splits": 10,
  "embedding_method": "soe",
  "embedding_dimension": [
    1,
    2,
    3,
    4,
    5,
    6,
    7,
    8,
    9,
    10
  ],
  "random_state": 2482188597,
  "alpha": 0.05
}