,reject,pvals,pvals_corrected,tstats,effectsize,alpha,alpha_corrected,step,dimension_step
0,True,1.6268342977069502e-22,1.4641508679362552e-21,12.563135812749225,1.7811766599033714,0.05,0.005555555555555556,0,1-2
1,True,2.0563569389715053e-19,1.6450855511772042e-18,11.115112799500633,1.575878808105578,0.05,0.005555555555555556,1,2-3
2,True,3.0448350236542575e-09,2.1313845165579802e-08,6.366232671051497,0.9025919335906467,0.05,0.005555555555555556,2,3-4
3,False,0.8934487939225133,1.0,-1.253151001376255,-0.17766928163912526,0.05,0.005555555555555556,3,4-5
4,True,0.00035640155553053217,0.002138409333183193,3.4941609440368344,0.49539525897255954,0.05,0.005555555555555556,4,5-6
5,False,0.04640975042084004,0.23204875210420023,1.6971004427771792,0.24061155934641554,0.05,0.005555555555555556,5,6-7
6,False,0.9538244458177859,1.0,-1.6995743335990912,-0.24096230271628877,0.05,0.005555555555555556,6,7-8
7,False,0.9975049936853406,1.0,-2.8719931167448363,-0.40718552940880737,0.05,0.005555555555555556,7,8-9
8,False,0.9999717234550478,1.0,-4.208747364061864,-0.5967079146505179,0.05,0.005555555555555556,8,9-10
