,reject,pvals,pvals_corrected,tstats,effectsize,alpha,alpha_corrected,step,dimension_step
0,True,1.2638459382444342e-51,1.1374613444199908e-50,29.867121695120208,4.234501708391556,0.05,0.005555555555555556,0,1-2
1,True,3.695146713806739e-39,2.2170880282840433e-38,21.364737718499317,3.0290504485775074,0.05,0.005555555555555556,1,2-3
2,True,2.4329292409617088e-45,1.946343392769367e-44,25.320260921071725,3.589856740186515,0.05,0.005555555555555556,2,3-4
3,True,3.691309417929125e-26,1.47652376717165e-25,14.317831921791802,2.0299540194124663,0.05,0.005555555555555556,3,4-5
4,True,1.5891674205150432e-28,7.945837102575216e-28,15.498584992569977,2.1973588649960853,0.05,0.005555555555555556,4,5-6
5,True,3.0085361296947514e-39,2.1059752907863259e-38,21.418650721085246,3.0366941279345285,0.05,0.005555555555555556,5,6-7
6,True,1.1294365895213451e-19,3.3883097685640354e-19,11.23544317056643,1.5929390111961474,0.05,0.005555555555555556,6,7-8
7,False,0.9999999897156873,1.0,-6.1007140116124186,-0.8649472208365445,0.05,0.005555555555555556,7,8-9
8,False,0.9999999828020476,1.0,-5.987155808019627,-0.8488471623165393,0.05,0.005555555555555556,8,9-10
