,reject,pvals,pvals_corrected,tstats,effectsize,alpha,alpha_corrected,step,dimension_step
0,True,2.2127354000029922e-33,1.991461860002693e-32,18.051128603969854,2.559253472502998,0.05,0.005555555555555556,0,1-2
1,True,4.5497501481273284e-20,3.1848251036891297e-19,11.418367182545317,1.618873617454406,0.05,0.005555555555555556,1,2-3
2,True,1.261930470955521e-21,1.0095443767644168e-20,12.14431837844009,1.721797548679006,0.05,0.005555555555555556,2,3-4
3,True,5.050358514466477e-12,3.030215108679886e-11,7.707525654328096,1.0927578118803627,0.05,0.005555555555555556,3,4-5
4,True,0.004820475579507029,0.019281902318028114,2.639712973472326,0.37425330803330126,0.05,0.005555555555555556,4,5-6
5,True,1.7751778827419067e-08,8.875889413709533e-08,5.980126445715827,0.8478505531692573,0.05,0.005555555555555556,5,6-7
6,False,0.9244296171341401,1.0,-1.4466966127638168,-0.2051097973486194,0.05,0.005555555555555556,6,7-8
7,False,0.9999999994509996,1.0,-6.733126401565375,-0.9546094043237907,0.05,0.005555555555555556,7,8-9
8,False,0.9999894967077539,1.0,-4.468053977841969,-0.6334718958020221,0.05,0.005555555555555556,8,9-10
