,reject,pvals,pvals_corrected,tstats,effectsize,alpha,alpha_corrected,step,dimension_step
0,True,3.6878448441505167e-28,3.319060359735465e-27,15.313695808229605,2.1711456404696543,0.05,0.005555555555555556,0,1-2
1,True,1.774642118647567e-27,1.4197136949180537e-26,14.971077348664673,2.122569869855935,0.05,0.005555555555555556,1,2-3
2,True,1.2384760088096916e-15,8.669332061667841e-15,9.378931813070539,1.3297264862259524,0.05,0.005555555555555556,2,3-4
3,True,4.3461082792199395e-09,2.6076649675319635e-08,6.289062434412588,0.8916508893808918,0.05,0.005555555555555556,3,4-5
4,True,2.7573807797393677e-08,1.3786903898696838e-07,5.882093185670242,0.833951590578227,0.05,0.005555555555555556,4,5-6
5,False,0.5872317808545127,1.0,-0.2210143680446445,-0.03133498194494702,0.05,0.005555555555555556,5,6-7
6,False,0.26977995279256517,1.0,0.6156172041092041,0.08728099510645417,0.05,0.005555555555555556,6,7-8
7,False,0.9994857182969684,1.0,-3.3828981559136864,-0.47962063993838405,0.05,0.005555555555555556,7,8-9
8,False,0.9999946275614834,1.0,-4.638675194119307,-0.6576622359087583,0.05,0.005555555555555556,8,9-10
