,reject,pvals,pvals_corrected,tstats,effectsize,alpha,alpha_corrected,step,dimension_step
0,True,5.18542736399155e-70,4.666884627592395e-69,47.22918850395772,6.696061356278305,0.05,0.005555555555555556,0,1-2
1,True,6.9366093829740695e-46,5.5492875063792556e-45,25.692200443400502,3.6425895933484878,0.05,0.005555555555555556,1,2-3
2,True,2.686738696451242e-29,1.6120432178707454e-28,15.892078521788942,2.2531476028171444,0.05,0.005555555555555556,2,3-4
3,True,1.358837822012306e-39,9.511864754086141e-39,21.62793808873195,3.066366478852412,0.05,0.005555555555555556,3,4-5
4,True,4.695286252109284e-28,2.347643126054642e-27,15.260822973280943,2.1636494340322527,0.05,0.005555555555555556,4,5-6
5,True,2.6457272019087343e-25,1.0582908807634937e-24,13.899582973473986,1.9706555070126548,0.05,0.005555555555555556,5,6-7
6,True,2.2210556865610482e-20,6.663167059683145e-20,11.562946501233041,1.639371788594924,0.05,0.005555555555555556,6,7-8
7,False,0.9999999135647474,1.0,-5.624333350048493,-0.7974069085885543,0.05,0.005555555555555556,7,8-9
8,False,0.9999855462281511,1.0,-4.385457660278765,-0.6217615525222616,0.05,0.005555555555555556,8,9-10
