,reject,pvals,pvals_corrected,tstats,effectsize,alpha,alpha_corrected,step,dimension_step
0,True,1.0398768038181335e-21,8.319014430545068e-21,12.183751420416028,1.727388287730418,0.05,0.005555555555555556,0,1-2
1,True,3.136677785889293e-22,2.8230100073003636e-21,12.428563010395067,1.7620971929467404,0.05,0.005555555555555556,1,2-3
2,True,3.9045696807548934e-05,0.0002342741808452936,4.122159085479995,0.5844315989973256,0.05,0.005555555555555556,2,3-4
3,True,2.1680906373140985e-13,1.517663446119869e-12,8.345729104277218,1.183241040451815,0.05,0.005555555555555556,3,4-5
4,True,0.0035016152073795094,0.014006460829518038,2.7541389549612014,0.3904763983948405,0.05,0.005555555555555556,4,5-6
5,True,8.897792568737898e-05,0.0004448896284368949,3.8958452837297783,0.552345273775687,0.05,0.005555555555555556,5,6-7
6,False,0.4185451827588349,1.0,0.20615864027114808,0.02922876611074602,0.05,0.005555555555555556,6,7-8
7,False,0.9993575471488338,1.0,-3.314179449149241,-0.4698778369939663,0.05,0.005555555555555556,7,8-9
8,False,0.9999995521614179,1.0,-5.243173989772989,-0.743366884955485,0.05,0.005555555555555556,8,9-10
