,reject,pvals,pvals_corrected,tstats,effectsize,alpha,alpha_corrected,step,dimension_step
0,True,1.2068367658242107e-48,1.0861530892417896e-47,27.638851608595512,3.9185819627774934,0.05,0.005555555555555556,0,1-2
1,True,7.414172531122644e-31,5.189920771785851e-30,16.70038846341385,2.367748194854769,0.05,0.005555555555555556,1,2-3
2,True,1.9924554107216167e-31,1.5939643285772934e-30,17.000997205075002,2.410367910377258,0.05,0.005555555555555556,2,3-4
3,True,1.030116115439294e-17,5.15058057719647e-17,10.332592051816711,1.4649345572084185,0.05,0.005555555555555556,3,4-5
4,True,1.8992937283211645e-26,1.1395762369926988e-25,14.459926674812902,2.0500999337246455,0.05,0.005555555555555556,4,5-6
5,True,0.00016758427912560972,0.0006703371165024389,3.716079849655175,0.526858484473756,0.05,0.005555555555555556,5,6-7
6,True,0.0009372293270982287,0.0028116879812946863,3.1953103694225877,0.45302481291231583,0.05,0.005555555555555556,6,7-8
7,False,0.9999332648847021,1.0,-3.975798018970205,-0.5636808151586881,0.05,0.005555555555555556,7,8-9
8,False,0.9999682625099179,1.0,-4.177891129613094,-0.5923331784833835,0.05,0.005555555555555556,8,9-10
