,reject,pvals,pvals_corrected,tstats,effectsize,alpha,alpha_corrected,step,dimension_step
0,True,7.59845136450948e-08,6.838606228058532e-07,5.653669399462313,0.8015661159145342,0.05,0.005555555555555556,0,1-2
1,False,0.010410823754221695,0.08328659003377356,2.3487897031420086,0.3330067795663194,0.05,0.005555555555555556,1,2-3
2,False,0.03462684236228226,0.2423878965359758,1.8367062018406195,0.260404588995872,0.05,0.005555555555555556,2,3-4
3,False,0.08589689373097906,0.5153813623858743,1.3764299293327615,0.19514752532022953,0.05,0.005555555555555556,3,4-5
4,False,0.24475850989496362,1.0,0.6936644658793824,0.09834638221254077,0.05,0.005555555555555556,4,5-6
5,False,0.941272950569093,1.0,-1.5793135855347025,-0.22391197063777776,0.05,0.005555555555555556,5,6-7
6,False,0.9944244867901334,1.0,-2.586476565646386,-0.36670555494919993,0.05,0.005555555555555556,6,7-8
7,False,0.9242756858651721,1.0,-1.4455964641929184,-0.20495382045032606,0.05,0.005555555555555556,7,8-9
8,False,0.8250584396489511,1.0,-0.9392603004882635,-0.13316647608837856,0.05,0.005555555555555556,8,9-10
