,reject,pvals,pvals_corrected,tstats,effectsize,alpha,alpha_corrected,step,dimension_step
0,True,5.646182156222336e-34,5.0815639406001026e-33,18.376444364892908,2.6053761005706515,0.05,0.005555555555555556,0,1-2
1,True,1.0970146035087853e-29,8.776116828070282e-29,16.092022702010926,2.281495295017805,0.05,0.005555555555555556,1,2-3
2,True,2.7860921853703113e-28,1.950264529759218e-27,15.375176526722889,2.1798622556879024,0.05,0.005555555555555556,2,3-4
3,True,4.6450015315940216e-23,2.7870009189564127e-22,12.821037296516606,1.8177414244882397,0.05,0.005555555555555556,3,4-5
4,True,0.00012448237363623922,0.00037344712090871767,3.8011812254585804,0.5389239899785891,0.05,0.005555555555555556,4,5-6
5,True,4.9032743837831344e-05,0.00019613097535132537,4.060368206475273,0.5756710098324425,0.05,0.005555555555555556,5,6-7
6,True,3.521601179236889e-16,1.7608005896184444e-15,9.62931922642619,1.3652259207023414,0.05,0.005555555555555556,6,7-8
7,False,0.9999562821706038,1.0,-4.091567532122106,-0.580094388794124,0.05,0.005555555555555556,7,8-9
8,False,0.9095400075146504,1.0,-1.3474223573897313,-0.19103488888331696,0.05,0.005555555555555556,8,9-10
