,reject,pvals,pvals_corrected,tstats,effectsize,alpha,alpha_corrected,step,dimension_step
0,True,7.1974500403936e-43,6.47770503635424e-42,23.68276626499012,3.357695971919632,0.05,0.005555555555555556,0,1-2
1,True,3.174248102989925e-30,2.53939848239194e-29,16.370714913797478,2.3210077280862516,0.05,0.005555555555555556,1,2-3
2,True,2.4060101355483837e-22,1.6842070948838686e-21,12.482880449574834,1.7697982125277385,0.05,0.005555555555555556,2,3-4
3,True,3.95174949230217e-17,2.371049695381302e-16,10.064730495065941,1.4269576730864084,0.05,0.005555555555555556,3,4-5
4,False,0.45114156308862663,1.0,0.12309284586473321,0.017451861328510697,0.05,0.005555555555555556,4,5-6
5,True,1.210369113066733e-13,6.051845565333665e-13,8.462989155254007,1.1998659396053353,0.05,0.005555555555555556,5,6-7
6,False,0.0502003543742508,0.2008014174970032,1.658406360979877,0.23512558861418761,0.05,0.005555555555555556,6,7-8
7,False,0.9999340181477765,1.0,-3.978932326292401,-0.5641251910796738,0.05,0.005555555555555556,7,8-9
8,False,0.9996267910956927,1.0,-3.480309988185629,-0.4934314977231999,0.05,0.005555555555555556,8,9-10
