,reject,pvals,pvals_corrected,tstats,effectsize,alpha,alpha_corrected,step,dimension_step
0,True,7.822820814970342e-30,7.040538733473308e-29,16.16779372184097,2.2922379610233246,0.05,0.005555555555555556,0,1-2
1,True,3.1929450127889985e-15,2.235061508952299e-14,9.190206780556837,1.3029694226979296,0.05,0.005555555555555556,1,2-3
2,True,1.2742398791322145e-13,7.645439274793287e-13,8.452653801371733,1.1984006134812424,0.05,0.005555555555555556,2,3-4
3,True,3.41557738248848e-17,2.732461905990784e-16,10.093767096657128,1.4310744252896799,0.05,0.005555555555555556,3,4-5
4,False,0.010562434532276083,0.05281217266138041,2.3430922124297444,0.33219900055095586,0.05,0.005555555555555556,4,5-6
5,False,0.021785086047514387,0.08714034419005755,2.044384930171069,0.2898488701987559,0.05,0.005555555555555556,5,6-7
6,False,0.02872363956325585,0.08714034419005755,1.922264029750805,0.2725348093816932,0.05,0.005555555555555556,6,7-8
7,False,0.9999804326352963,1.0,-4.306233642564048,-0.6105293272752798,0.05,0.005555555555555556,7,8-9
8,False,0.9998695962580678,1.0,-3.7879611800643747,-0.5370496779716198,0.05,0.005555555555555556,8,9-10
