,reject,pvals,pvals_corrected,tstats,effectsize,alpha,alpha_corrected,step,dimension_step
0,True,1.2811437607239004e-53,1.1530293846515104e-52,31.43671344910717,4.457035336893863,0.05,0.005555555555555556,0,1-2
1,True,3.569256845669213e-43,2.4984797919684493e-42,23.88039816483383,3.3857158335609228,0.05,0.005555555555555556,1,2-3
2,True,1.1826063773404276e-34,7.095638264042565e-34,18.75272925433671,2.658725031326575,0.05,0.005555555555555556,2,3-4
3,True,1.7852304927191974e-46,1.428184394175358e-45,26.09903933513679,3.7002704103914943,0.05,0.005555555555555556,3,4-5
4,True,1.1742150269488404e-32,5.871075134744202e-32,17.65786265607874,2.503497000714516,0.05,0.005555555555555556,4,5-6
5,True,4.185790089905115e-23,1.674316035962046e-22,12.842515570574895,1.8207865718955305,0.05,0.005555555555555556,5,6-7
6,True,1.7929732342447485e-20,5.3789197027342456e-20,11.606171204137803,1.6455001018674025,0.05,0.005555555555555556,6,7-8
7,False,0.9999999960768072,1.0,-6.311301416825513,-0.8948038885209397,0.05,0.005555555555555556,7,8-9
8,False,0.9999998954844752,1.0,-5.580964551970467,-0.7912581657861204,0.05,0.005555555555555556,8,9-10
