,reject,pvals,pvals_corrected,tstats,effectsize,alpha,alpha_corrected,step,dimension_step
0,True,1.095826588528629e-19,8.766612708229032e-19,11.241514257196595,1.593799757905176,0.05,0.005555555555555556,0,1-2
1,True,5.62023026387481e-21,5.058207237487329e-20,11.84085357782953,1.67877290674198,0.05,0.005555555555555556,1,2-3
2,True,3.4534843719534956e-15,2.4174390603674468e-14,9.17456684562672,1.3007520235170926,0.05,0.005555555555555556,2,3-4
3,True,0.00010257959115938446,0.0006154775469563068,3.8559219012939145,0.5466850152193007,0.05,0.005555555555555556,3,4-5
4,True,0.0003707360071212024,0.001853680035606012,3.4823105425282304,0.49371513237899134,0.05,0.005555555555555556,4,5-6
5,False,0.06610016901996521,0.26440067607986084,1.5180042445281419,0.21521965298217124,0.05,0.005555555555555556,5,6-7
6,False,0.9663258217904932,1.0,-1.8496416908765188,-0.26223855716262523,0.05,0.005555555555555556,6,7-8
7,False,0.5027702418507056,1.0,-0.006961580477950941,-0.0009869991734692304,0.05,0.005555555555555556,7,8-9
8,False,0.977393921242367,1.0,-2.0283328548596606,-0.2875730385661251,0.05,0.005555555555555556,8,9-10
