,reject,pvals,pvals_corrected,tstats,effectsize,alpha,alpha_corrected,step,dimension_step
0,True,2.3387007569344396e-73,2.1048306812409958e-72,51.21261752285313,7.26082407958167,0.05,0.005555555555555556,0,1-2
1,True,1.7177495375205876e-65,1.3741996300164701e-64,42.29692243836899,5.996774384665317,0.05,0.005555555555555556,1,2-3
2,True,4.0079149041088736e-57,2.8055404328762115e-56,34.359835073744165,4.871469765484417,0.05,0.005555555555555556,2,3-4
3,True,9.959700602319237e-50,4.9798503011596184e-49,28.43327556620521,4.031213827341633,0.05,0.005555555555555556,3,4-5
4,True,8.152652047999028e-52,4.891591228799417e-51,30.014189462340077,4.255352686865441,0.05,0.005555555555555556,4,5-6
5,True,2.0712839790067946e-40,6.213851937020384e-40,22.128586051742833,3.137347361319527,0.05,0.005555555555555556,5,6-7
6,True,1.4914528993406151e-40,5.9658115973624605e-40,22.2167772998966,3.149850942842527,0.05,0.005555555555555556,6,7-8
7,False,0.9994951380903945,1.0,-3.388564982955751,-0.4804240715189606,0.05,0.005555555555555556,7,8-9
8,False,0.9999986095946674,1.0,-4.972431143191741,-0.7049814972342973,0.05,0.005555555555555556,8,9-10
