,reject,pvals,pvals_corrected,tstats,effectsize,alpha,alpha_corrected,step,dimension_step
0,True,5.307750486534129e-32,4.7769754378807165e-31,17.30629831540158,2.4536529006903,0.05,0.005555555555555556,0,1-2
1,True,9.006510466517905e-24,5.403906279910743e-23,13.160625918304302,1.8658876306673668,0.05,0.005555555555555556,1,2-3
2,True,1.668855094372929e-28,1.3350840754983432e-27,15.487813615012207,2.19583172029377,0.05,0.005555555555555556,2,3-4
3,True,2.4509198300432505e-21,1.2254599150216252e-20,12.009269346075055,1.7026505627690847,0.05,0.005555555555555556,3,4-5
4,True,3.5269520400541253e-28,2.4688664280378878e-27,15.323469701648792,2.172531363834753,0.05,0.005555555555555556,4,5-6
5,True,4.232039544405939e-16,1.6928158177623757e-15,9.592738767473275,1.3600396152554668,0.05,0.005555555555555556,5,6-7
6,True,6.814105509732596e-05,0.00020442316529197788,3.970037405105091,0.5628640866669969,0.05,0.005555555555555556,6,7-8
7,False,0.9999999998776636,1.0,-7.049235282872535,-0.9994266991269792,0.05,0.005555555555555556,7,8-9
8,False,0.9999999997442338,1.0,-6.894523183537102,-0.9774919222967176,0.05,0.005555555555555556,8,9-10
