,reject,pvals,pvals_corrected,tstats,effectsize,alpha,alpha_corrected,step,dimension_step
0,True,7.683521710003575e-05,0.000614681736800286,3.9367547013208144,0.5581453304549635,0.05,0.005555555555555556,0,1-2
1,True,1.0477985358252818e-19,9.430186822427535e-19,11.250521768911648,1.595076825181196,0.05,0.005555555555555556,1,2-3
2,True,0.0011400515207640037,0.007980360645348026,3.1324551186510847,0.44411331921398617,0.05,0.005555555555555556,2,3-4
3,False,0.9860896467441662,1.0,-2.2327090448271707,-0.31654909238229767,0.05,0.005555555555555556,3,4-5
4,False,0.8860414575872637,1.0,-1.213260505072804,-0.17201368561384278,0.05,0.005555555555555556,4,5-6
5,False,0.9313687644844498,1.0,-1.4982026482787247,-0.21241222165340226,0.05,0.005555555555555556,5,6-7
6,False,0.9995687663277049,1.0,-3.436633024280234,-0.48723906377651094,0.05,0.005555555555555556,6,7-8
7,False,0.8980861526149349,1.0,-1.2791688442491724,-0.18135804017497148,0.05,0.005555555555555556,7,8-9
8,False,0.9211786938359536,1.0,-1.4238205568719215,-0.2018664751850606,0.05,0.005555555555555556,8,9-10
