,reject,pvals,pvals_corrected,tstats,effectsize,alpha,alpha_corrected,step,dimension_step
0,True,6.975016727989989e-42,6.27751505519099e-41,23.050648571826045,3.268075569962883,0.05,0.005555555555555556,0,1-2
1,True,1.2081922769392328e-40,9.665538215513863e-40,22.27346099254795,3.157887445181797,0.05,0.005555555555555556,1,2-3
2,True,2.9751794106871534e-17,1.4875897053435768e-16,10.121258990857914,1.4349721719205235,0.05,0.005555555555555556,2,3-4
3,True,4.950770609057893e-24,3.465539426340525e-23,13.285116421405249,1.8835376490869729,0.05,0.005555555555555556,3,4-5
4,True,2.3858799238194863e-19,1.4315279542916919e-18,11.085291354259496,1.5716507823148993,0.05,0.005555555555555556,4,5-6
5,True,1.654131597630787e-12,6.616526390523148e-12,7.9348896816790075,1.1249930360198725,0.05,0.005555555555555556,5,6-7
6,True,9.110819788434609e-10,2.733245936530383e-09,6.625389294234464,0.939334649370606,0.05,0.005555555555555556,6,7-8
7,False,0.9999999999999756,1.0,-8.783340371992823,-1.2452847043732662,0.05,0.005555555555555556,7,8-9
8,False,0.9999999943506661,1.0,-6.2319530936143055,-0.8835540394854111,0.05,0.005555555555555556,8,9-10
