,reject,pvals,pvals_corrected,tstats,effectsize,alpha,alpha_corrected,step,dimension_step
0,True,3.7081299735828435e-41,3.3373169762245593e-40,22.593146996984647,3.2032118974592736,0.05,0.005555555555555556,0,1-2
1,True,1.815354806865571e-28,1.4522838454924568e-27,15.46929697535678,2.193206467580939,0.05,0.005555555555555556,1,2-3
2,True,8.019818434010471e-25,5.6138729038073296e-24,13.665924399306498,1.937527854418859,0.05,0.005555555555555556,2,3-4
3,True,7.634518028460276e-05,0.00030538072113841104,3.9385325081034046,0.5583973844002654,0.05,0.005555555555555556,3,4-5
4,True,2.5753090732555103e-14,1.5451854439533063e-13,8.773294678349842,1.2438604457075866,0.05,0.005555555555555556,4,5-6
5,True,0.00042914355486343704,0.0012874306645903112,3.438107458903394,0.4874481062143601,0.05,0.005555555555555556,5,6-7
6,True,5.925391708634186e-07,2.962695854317093e-06,5.176946909365446,0.7339773398901717,0.05,0.005555555555555556,6,7-8
7,False,0.9999947195843137,1.0,-4.643024543758458,-0.6582788781371383,0.05,0.005555555555555556,7,8-9
8,False,0.9769997715690554,1.0,-2.0208030896061038,-0.2865054832738726,0.05,0.005555555555555556,8,9-10
