,reject,pvals,pvals_corrected,tstats,effectsize,alpha,alpha_corrected,step,dimension_step
0,True,1.2645371349423111e-45,1.13808342144808e-44,25.5137202816407,3.61728502742477,0.05,0.005555555555555556,0,1-2
1,True,2.7486084864757045e-33,2.1988867891805636e-32,17.999765801380413,2.551971355480376,0.05,0.005555555555555556,1,2-3
2,True,1.651963662404642e-23,9.911781974427852e-23,13.034769914387821,1.8480440142306767,0.05,0.005555555555555556,2,3-4
3,True,6.249414923584801e-15,3.1247074617924e-14,9.056255307416995,1.2839780465739659,0.05,0.005555555555555556,3,4-5
4,True,2.141307612789628e-26,1.4989153289527396e-25,14.434242500382771,2.046458482043656,0.05,0.005555555555555556,4,5-6
5,True,6.887563760649142e-10,2.0662691281947426e-09,6.6849623866645835,0.9477808051215543,0.05,0.005555555555555556,5,6-7
6,True,1.292752263838671e-13,5.171009055354684e-13,8.449754608956406,1.1979895716888334,0.05,0.005555555555555556,6,7-8
7,False,0.9999999929058176,1.0,-6.182194247007238,-0.8764993281839317,0.05,0.005555555555555556,7,8-9
8,False,0.999999999358065,1.0,-6.69992607828332,-0.9499023278571628,0.05,0.005555555555555556,8,9-10
