,reject,pvals,pvals_corrected,tstats,effectsize,alpha,alpha_corrected,step,dimension_step
0,True,7.460913695804159e-62,6.714822326223744e-61,38.668692489689526,5.482371086183737,0.05,0.005555555555555556,0,1-2
1,True,9.803135104196758e-42,5.881881062518055e-41,22.956937108110196,3.2547893431462738,0.05,0.005555555555555556,1,2-3
2,True,1.9893903576018334e-42,1.3925732503212834e-41,23.398329025735418,3.317369020168168,0.05,0.005555555555555556,2,3-4
3,True,1.347995818214949e-46,1.0783966545719592e-45,26.183845083247405,3.7122940023841067,0.05,0.005555555555555556,3,4-5
4,True,1.0710678352609262e-25,4.284271341043705e-25,14.091084776124026,1.9978062555434095,0.05,0.005555555555555556,4,5-6
5,True,9.171105628246667e-30,4.5855528141233333e-29,16.132140855609187,2.28718316784611,0.05,0.005555555555555556,5,6-7
6,True,9.548649708430957e-16,2.864594912529287e-15,9.430728024956888,1.3370700511653484,0.05,0.005555555555555556,6,7-8
7,False,0.999998679719997,1.0,-4.984965017139326,-0.7067585252045715,0.05,0.005555555555555556,7,8-9
8,False,0.9992971979764851,1.0,-3.286181595055512,-0.46590835636568856,0.05,0.005555555555555556,8,9-10
