,reject,pvals,pvals_corrected,tstats,effectsize,alpha,alpha_corrected,step,dimension_step
0,True,6.310722188762104e-41,5.679649969885894e-40,22.448856089079626,3.1827546166316734,0.05,0.005555555555555556,0,1-2
1,True,8.799394684077279e-38,7.039515747261823e-37,20.544273145560457,2.912726596843512,0.05,0.005555555555555556,1,2-3
2,True,1.1219526353629662e-31,7.289449492454783e-31,17.133210472823976,2.4291128471632666,0.05,0.005555555555555556,2,3-4
3,True,1.0413499274935403e-31,7.289449492454783e-31,17.150411406300247,2.4315515616445187,0.05,0.005555555555555556,3,4-5
4,True,2.716004720387978e-21,1.358002360193989e-20,11.988403439779125,1.699692235657447,0.05,0.005555555555555556,4,5-6
5,True,2.3092835289204043e-07,9.237134115681617e-07,5.398200812596254,0.7653462826621908,0.05,0.005555555555555556,5,6-7
6,False,0.03325748881713917,0.09977246645141752,1.8553958732450972,0.2630543738094005,0.05,0.005555555555555556,6,7-8
7,False,0.9886795116652924,1.0,-2.3156452467220756,-0.3283076237934065,0.05,0.005555555555555556,7,8-9
8,False,0.9999527145941082,1.0,-4.070251685623988,-0.57707227004651,0.05,0.005555555555555556,8,9-10
