,reject,pvals,pvals_corrected,tstats,effectsize,alpha,alpha_corrected,step,dimension_step
0,True,2.706297027868754e-40,2.4356673250818787e-39,22.056949697507267,3.127190900061226,0.05,0.005555555555555556,0,1-2
1,True,1.2093872248888739e-26,9.675097799110991e-26,14.556738359091918,2.063825703708659,0.05,0.005555555555555556,1,2-3
2,True,2.2628958136543732e-21,1.5840270695580612e-20,12.025491465463814,1.7049505029162015,0.05,0.005555555555555556,2,3-4
3,False,0.0783041276979861,0.2349123830939583,1.4274105714175558,0.20237546037894094,0.05,0.005555555555555556,3,4-5
4,True,5.826442730488684e-05,0.00034958656382932105,4.013176801002122,0.5689803052798807,0.05,0.005555555555555556,4,5-6
5,True,0.0026764981412903724,0.013382490706451863,2.84785325395319,0.4037630271913183,0.05,0.005555555555555556,5,6-7
6,True,0.004983930985163607,0.01993572394065443,2.627578832873875,0.37253295347023,0.05,0.005555555555555556,6,7-8
7,False,0.9999998764331568,1.0,-5.542600937878323,-0.78581904811447,0.05,0.005555555555555556,7,8-9
8,False,0.9996554664164891,1.0,-3.5043175328153717,-0.4968352401322162,0.05,0.005555555555555556,8,9-10
