,reject,pvals,pvals_corrected,tstats,effectsize,alpha,alpha_corrected,step,dimension_step
0,True,3.127618297455672e-29,2.814856467710105e-28,15.85827289546909,2.2483547076776023,0.05,0.005555555555555556,0,1-2
1,True,3.60716067329558e-11,2.164296403977348e-10,7.3032865134110505,1.0354455823898445,0.05,0.005555555555555556,1,2-3
2,True,2.9863165494820176e-15,2.389053239585614e-14,9.203545177865816,1.3048605144063519,0.05,0.005555555555555556,2,3-4
3,True,5.16007470595891e-14,3.612052294171237e-13,8.634102393949181,1.2241260376817265,0.05,0.005555555555555556,3,4-5
4,True,0.0001929731206189205,0.0008596614059702298,3.6752607480590394,0.5210712326184129,0.05,0.005555555555555556,4,5-6
5,True,0.00017193228119404596,0.0008596614059702298,3.708689623127427,0.5258107127073103,0.05,0.005555555555555556,5,6-7
6,True,0.0013614981367417026,0.004084494410225108,3.074750728856429,0.4359321044433949,0.05,0.005555555555555556,6,7-8
7,False,0.9999993529687728,1.0,-5.156047602263815,-0.7310142772780648,0.05,0.005555555555555556,7,8-9
8,False,0.9999982140126359,1.0,-4.911551081580787,-0.6963500419661891,0.05,0.005555555555555556,8,9-10
