,reject,pvals,pvals_corrected,tstats,effectsize,alpha,alpha_corrected,step,dimension_step
0,True,3.3514344968191796e-46,3.0162910471372616e-45,25.909652429431304,3.673419507785506,0.05,0.005555555555555556,0,1-2
1,True,9.409790353067424e-35,7.527832282453939e-34,18.80810324243831,2.666575846333466,0.05,0.005555555555555556,1,2-3
2,True,2.7937342014590963e-21,1.9556139410213674e-20,11.982671637376642,1.6988795919982007,0.05,0.005555555555555556,2,3-4
3,True,1.9500245133739762e-13,7.800098053495905e-13,8.36707036255167,1.1862667620310443,0.05,0.005555555555555556,3,4-5
4,True,6.729192990977694e-16,3.364596495488847e-15,9.50041034636449,1.3469494734966068,0.05,0.005555555555555556,4,5-6
5,True,1.8380846735821177e-16,1.1028508041492707e-15,9.758734162847155,1.3835741155823151,0.05,0.005555555555555556,5,6-7
6,True,3.65897926519056e-12,1.097693779557168e-11,7.773314104743367,1.1020851688489925,0.05,0.005555555555555556,6,7-8
7,False,0.999995533147029,1.0,-4.68502752469861,-0.6642339780749293,0.05,0.005555555555555556,7,8-9
8,False,0.9998094279125377,1.0,-3.6788955708878075,-0.5215865706424527,0.05,0.005555555555555556,8,9-10
