,reject,pvals,pvals_corrected,tstats,effectsize,alpha,alpha_corrected,step,dimension_step
0,True,2.1986375314039066e-39,1.978773778263516e-38,21.5010713691724,3.0483795651418517,0.05,0.005555555555555556,0,1-2
1,True,3.3744873612658574e-16,2.699589889012686e-15,9.637813208975794,1.3664301808243744,0.05,0.005555555555555556,1,2-3
2,True,1.285105280049508e-06,7.710631680297048e-06,4.991498363099375,0.7076848101312457,0.05,0.005555555555555556,2,3-4
3,True,6.640585097483578e-05,0.0003320292548741789,3.977163894427497,0.5638744662917431,0.05,0.005555555555555556,3,4-5
4,True,4.066074071739341e-07,2.846251850217539e-06,5.265921979423721,0.746592050139522,0.05,0.005555555555555556,4,5-6
5,True,0.0025188337094803454,0.010075334837921382,2.868733720218954,0.40672341858681177,0.05,0.005555555555555556,5,6-7
6,False,0.7194383085095282,1.0,-0.583142559267694,-0.08267680390033433,0.05,0.005555555555555556,6,7-8
7,False,0.9999085322126717,1.0,-3.8881199734676737,-0.5512499944971323,0.05,0.005555555555555556,7,8-9
8,False,0.8794953083771466,1.0,-1.1795415568685295,-0.16723307952686603,0.05,0.005555555555555556,8,9-10
