,reject,pvals,pvals_corrected,tstats,effectsize,alpha,alpha_corrected,step,dimension_step
0,True,1.312449949958878e-31,9.187149649712147e-31,17.097055812149396,2.423986910557938,0.05,0.005555555555555556,0,1-2
1,True,2.221673950488329e-37,1.7773391603906633e-36,20.308391615785236,2.879283777980442,0.05,0.005555555555555556,1,2-3
2,True,1.1413185450307123e-44,1.0271866905276411e-43,24.867584901002317,3.5256772253374162,0.05,0.005555555555555556,2,3-4
3,True,1.185065256644864e-28,5.925326283224319e-28,15.563246356076133,2.2065264258018686,0.05,0.005555555555555556,3,4-5
4,True,2.35273257862448e-29,1.411639547174688e-28,15.921640099092002,2.257338785043218,0.05,0.005555555555555556,4,5-6
5,True,5.388561742129794e-16,2.1554246968519174e-15,9.544644031380182,1.3532208382661823,0.05,0.005555555555555556,5,6-7
6,True,7.989392946552478e-11,2.3968178839657434e-10,7.138157430080827,1.012033906078859,0.05,0.005555555555555556,6,7-8
7,False,0.9999999999860432,1.0,-7.49918150452813,-1.0632191885316826,0.05,0.005555555555555556,7,8-9
8,False,0.9999999999940635,1.0,-7.674477535168153,-1.0880723146144922,0.05,0.005555555555555556,8,9-10
