,reject,pvals,pvals_corrected,tstats,effectsize,alpha,alpha_corrected,step,dimension_step
0,True,1.652574615384605e-33,1.4873171538461446e-32,18.120386419746893,2.569072709261767,0.05,0.005555555555555556,0,1-2
1,True,1.0911536954921018e-13,7.638075868444713e-13,8.483823707397857,1.2028198213870243,0.05,0.005555555555555556,1,2-3
2,True,8.204073036902892e-09,4.102036518451446e-08,6.150352038510857,0.871984802557617,0.05,0.005555555555555556,2,3-4
3,True,1.30807507884096e-22,1.046460063072768e-21,12.60791341960361,1.7875251408403061,0.05,0.005555555555555556,3,4-5
4,True,1.4037488374837725e-11,8.422493024902635e-11,7.497996599288355,1.0630511949997539,0.05,0.005555555555555556,4,5-6
5,True,7.691423460151319e-05,0.00030765693840605274,3.936469048144669,0.5581048311100737,0.05,0.005555555555555556,5,6-7
6,False,0.018906539672438275,0.05671961901731483,2.1051100612651243,0.29845835972322154,0.05,0.005555555555555556,6,7-8
7,False,0.9999999794411025,1.0,-5.947521964193055,-0.8432279539741042,0.05,0.005555555555555556,7,8-9
8,False,0.9999826410619667,1.0,-4.337658084057507,-0.6149846227184641,0.05,0.005555555555555556,8,9-10
