,reject,pvals,pvals_corrected,tstats,effectsize,alpha,alpha_corrected,step,dimension_step
0,True,6.6098824789370505e-59,5.9488942310433455e-58,35.93249050996977,5.094437756822417,0.05,0.005555555555555556,0,1-2
1,True,5.655899346491968e-48,4.524719477193574e-47,27.155626607844432,3.850071273595406,0.05,0.005555555555555556,1,2-3
2,True,7.138806833620384e-48,4.997164783534268e-47,27.083352123252162,3.8398243394715497,0.05,0.005555555555555556,2,3-4
3,True,1.0333473899661448e-34,6.200084339796869e-34,18.785405618398176,2.6633578218865344,0.05,0.005555555555555556,3,4-5
4,True,1.58071029980696e-24,7.9035514990348e-24,13.523581156688463,1.9173467097408787,0.05,0.005555555555555556,4,5-6
5,True,1.5385056704627264e-23,6.154022681850906e-23,13.04951512013666,1.850134560469829,0.05,0.005555555555555556,5,6-7
6,True,1.1560530040128415e-14,3.468159012038524e-14,8.933437581902016,1.2665651912669573,0.05,0.005555555555555556,6,7-8
7,False,0.9998605985294022,1.0,-3.768928066995453,-0.5343512006751107,0.05,0.005555555555555556,7,8-9
8,False,0.9999999210888484,1.0,-5.6450731760786335,-0.8003473602883484,0.05,0.005555555555555556,8,9-10
