,reject,pvals,pvals_corrected,tstats,effectsize,alpha,alpha_corrected,step,dimension_step
0,True,7.343247700667244e-12,5.874598160533795e-11,7.630957152308143,1.0819020804201247,0.05,0.005555555555555556,0,1-2
1,True,3.0544282399632323e-13,2.748985415966909e-12,8.276670509057988,1.173450048791486,0.05,0.005555555555555556,1,2-3
2,False,0.32167228994614794,1.0,0.46445081504137065,0.0658489220967638,0.05,0.005555555555555556,2,3-4
3,False,0.04407496932501767,0.3085247852751237,1.7222339599615901,0.24417493992729908,0.05,0.005555555555555556,3,4-5
4,False,0.9987253441080712,1.0,-3.096261475058923,-0.4389818556873563,0.05,0.005555555555555556,4,5-6
5,False,0.9960040633135869,1.0,-2.707271905330791,-0.38383168037503645,0.05,0.005555555555555556,5,6-7
6,False,0.9985114415826688,1.0,-3.045466794990406,-0.43178028595717105,0.05,0.005555555555555556,6,7-8
7,False,0.9772271144445209,1.0,-2.0251326072494984,-0.28711931376094163,0.05,0.005555555555555556,7,8-9
8,False,0.9465593428154888,1.0,-1.6271627171138614,-0.2306959263026487,0.05,0.005555555555555556,8,9-10
