,reject,pvals,pvals_corrected,tstats,effectsize,alpha,alpha_corrected,step,dimension_step
0,True,2.3410918457685816e-17,2.1069826611917234e-16,10.169000396083884,1.4417408543551424,0.05,0.005555555555555556,0,1-2
1,True,0.00048676905858465445,0.0038941524686772356,3.399733799901483,0.4820075643951805,0.05,0.005555555555555556,1,2-3
2,False,0.9997089354413409,1.0,-3.5546086221391544,-0.5039654117581357,0.05,0.005555555555555556,2,3-4
3,False,0.6049674398071361,1.0,-0.266947156071299,-0.03784724219404341,0.05,0.005555555555555556,3,4-5
4,False,0.12659441024551424,0.8861608717185997,1.1493305057507877,0.16294981618209975,0.05,0.005555555555555556,4,5-6
5,False,0.3572171289467178,1.0,0.36695703249660894,0.05202644556362002,0.05,0.005555555555555556,5,6-7
6,False,0.8647821050308636,1.0,-1.1082575683322673,-0.15712657598363763,0.05,0.005555555555555556,6,7-8
7,False,0.9523736521431141,1.0,-1.6844103422958803,-0.23881238188578663,0.05,0.005555555555555556,7,8-9
8,False,0.9919534258907041,1.0,-2.4487628712941136,-0.34718077850919615,0.05,0.005555555555555556,8,9-10
