,reject,pvals,pvals_corrected,tstats,effectsize,alpha,alpha_corrected,step,dimension_step
0,True,1.1006788083652913e-43,9.906109275287621e-43,24.214512077074485,3.4330858461996563,0.05,0.005555555555555556,0,1-2
1,True,8.393955129991848e-39,6.715164103993479e-38,21.150425046754695,2.9986656199389703,0.05,0.005555555555555556,1,2-3
2,True,3.2762583491928996e-14,1.3105033396771598e-13,8.725107457592568,1.237028556424708,0.05,0.005555555555555556,2,3-4
3,True,2.1768280418664672e-18,1.3060968251198804e-17,10.642760728493563,1.508909661494824,0.05,0.005555555555555556,3,4-5
4,True,2.699172179120893e-23,1.8894205253846252e-22,12.933147130294566,1.8336361359876017,0.05,0.005555555555555556,4,5-6
5,True,1.537007692908296e-14,7.685038464541481e-14,8.876520169340795,1.2584955525790387,0.05,0.005555555555555556,5,6-7
6,True,1.6027807083771328e-10,4.808342125131398e-10,6.992686436782377,0.9914093150676554,0.05,0.005555555555555556,6,7-8
7,False,0.9999999999958551,1.0,-7.747872494672352,-1.098478107465252,0.05,0.005555555555555556,7,8-9
8,False,0.9999999999720324,1.0,-7.355913673635899,-1.042906957548614,0.05,0.005555555555555556,8,9-10
