,reject,pvals,pvals_corrected,tstats,effectsize,alpha,alpha_corrected,step,dimension_step
0,True,2.1804483759602385e-58,1.9624035383642145e-57,35.4690083765742,5.028726172502153,0.05,0.005555555555555556,0,1-2
1,True,6.151247748937013e-46,4.9209981991496104e-45,25.728025887033372,3.64766885420984,0.05,0.005555555555555556,1,2-3
2,True,2.067187198201495e-34,1.0335935991007476e-33,18.61781258784442,2.6395968119894757,0.05,0.005555555555555556,2,3-4
3,True,4.1429495780910317e-38,2.4857697468546188e-37,20.73737765017144,2.9401045733027202,0.05,0.005555555555555556,3,4-5
4,True,9.927105099648034e-34,3.9708420398592135e-33,18.241656480511647,2.586266139707694,0.05,0.005555555555555556,4,5-6
5,True,4.4421679081568535e-40,3.1095175357097975e-39,21.924603506490453,3.108427117676016,0.05,0.005555555555555556,5,6-7
6,True,8.617540212571192e-25,2.5852620637713577e-24,13.650822621481588,1.9353867540928178,0.05,0.005555555555555556,6,7-8
7,False,0.9999999992211204,1.0,-6.658798010615984,-0.9440712714005698,0.05,0.005555555555555556,7,8-9
8,False,0.9999769805323678,1.0,-4.263377728666511,-0.6044533001821351,0.05,0.005555555555555556,8,9-10
