,reject,pvals,pvals_corrected,tstats,effectsize,alpha,alpha_corrected,step,dimension_step
0,True,8.886165765034789e-73,7.99754918853131e-72,50.50090397726985,7.159918734385644,0.05,0.005555555555555556,0,1-2
1,True,5.266516907033298e-62,4.213213525626638e-61,38.81389059501773,5.50295698767581,0.05,0.005555555555555556,1,2-3
2,True,5.105138792242233e-52,3.0630832753453397e-51,30.17186092245186,4.277707036039872,0.05,0.005555555555555556,2,3-4
3,True,9.714383669012602e-56,6.800068568308822e-55,33.17910327156635,4.70406793532108,0.05,0.005555555555555556,3,4-5
4,True,4.995732093587546e-46,1.498719628076264e-45,25.790150510948607,3.656476761071023,0.05,0.005555555555555556,4,5-6
5,True,1.5229081499945774e-48,7.614540749972887e-48,27.5656613407624,3.9082051907088413,0.05,0.005555555555555556,5,6-7
6,True,2.973472179011147e-46,1.1893888716044588e-45,25.945553170374573,3.6785094441512736,0.05,0.005555555555555556,6,7-8
7,False,0.9999991010893462,1.0,-5.077552481497529,-0.7198853936053021,0.05,0.005555555555555556,7,8-9
8,False,0.9999873606801037,1.0,-4.4202717761190184,-0.6266974293203859,0.05,0.005555555555555556,8,9-10
