,reject,pvals,pvals_corrected,tstats,effectsize,alpha,alpha_corrected,step,dimension_step
0,True,3.7560909732345216e-41,3.0048727785876173e-40,22.58965227050286,3.2027164220194724,0.05,0.005555555555555556,0,1-2
1,True,1.1127657889582129e-41,1.0014892100623916e-40,22.922111908260536,3.2498518948791193,0.05,0.005555555555555556,1,2-3
2,True,9.549348471802626e-30,6.684543930261838e-29,16.123084956360437,2.2858992402808327,0.05,0.005555555555555556,2,3-4
3,True,3.493333325084029e-10,1.0479999975252087e-09,6.828797112240775,0.9681734093167528,0.05,0.005555555555555556,3,4-5
4,True,2.6178781117219982e-17,1.3089390558609992e-16,10.146741374132354,1.4385850140487668,0.05,0.005555555555555556,4,5-6
5,True,9.898464981332283e-18,5.93907898879937e-17,10.340541758034025,1.4660616509036883,0.05,0.005555555555555556,5,6-7
6,True,1.9590562204543475e-10,7.83622488181739e-10,6.950578762890238,0.9854393719692621,0.05,0.005555555555555556,6,7-8
7,False,0.9999999999601995,1.0,-7.282914149331676,-1.032557228721932,0.05,0.005555555555555556,7,8-9
8,False,0.9999999974009856,1.0,-6.4004531643230855,-0.9074436477497723,0.05,0.005555555555555556,8,9-10
