,reject,pvals,pvals_corrected,tstats,effectsize,alpha,alpha_corrected,step,dimension_step
0,True,5.242548491745821e-43,4.718293642571239e-42,23.771924262301685,3.370336617234787,0.05,0.005555555555555556,0,1-2
1,True,2.3034159912159826e-19,1.3820495947295896e-18,11.092347899191216,1.572651245361648,0.05,0.005555555555555556,1,2-3
2,True,2.1274603874494826e-24,1.4892222712146378e-23,13.461411233670525,1.908532380462104,0.05,0.005555555555555556,2,3-4
3,True,1.3589494201900505e-32,1.0871595361520404e-31,17.623651495007987,2.49864660965645,0.05,0.005555555555555556,3,4-5
4,True,5.6084501821884955e-14,1.6825350546565486e-13,8.61739745483217,1.2217576443041644,0.05,0.005555555555555556,4,5-6
5,True,5.6567029798546934e-15,2.2626811919418774e-14,9.076139809573256,1.2867972321389733,0.05,0.005555555555555556,5,6-7
6,True,2.225851307749283e-15,1.1129256538746415e-14,9.262127629003583,1.3131662189853495,0.05,0.005555555555555556,6,7-8
7,False,0.9999999999999999,1.0,-9.93133173664524,-1.4080446597670813,0.05,0.005555555555555556,7,8-9
8,False,0.9999999986409155,1.0,-6.539897683792493,-0.9272138171670523,0.05,0.005555555555555556,8,9-10
