,reject,pvals,pvals_corrected,tstats,effectsize,alpha,alpha_corrected,step,dimension_step
0,True,7.5307436954798265e-56,6.777669325931844e-55,33.272135490009056,4.717257860080234,0.05,0.005555555555555556,0,1-2
1,True,1.275635191065305e-42,1.020508152852244e-41,23.5223578037363,3.3349535761121794,0.05,0.005555555555555556,1,2-3
2,True,1.2566991686809966e-36,7.54019501208598e-36,19.871560026579765,2.817350655343044,0.05,0.005555555555555556,2,3-4
3,True,1.939089457251318e-42,1.3573626200759226e-41,23.405464341887864,3.3183806512434977,0.05,0.005555555555555556,3,4-5
4,True,5.710343035500703e-29,2.284137214200281e-28,15.72464580534234,2.229409321938555,0.05,0.005555555555555556,4,5-6
5,True,1.1156767757611242e-32,5.578383878805621e-32,17.669844645358463,2.505195783563189,0.05,0.005555555555555556,5,6-7
6,True,1.0191453107129757e-06,3.057435932138927e-06,5.04741521498174,0.7156125912961259,0.05,0.005555555555555556,6,7-8
7,False,0.999976153525006,1.0,-4.254033528642819,-0.6031284979006235,0.05,0.005555555555555556,7,8-9
8,False,0.9995660645265073,1.0,-3.4347370247604774,-0.48697025269764393,0.05,0.005555555555555556,8,9-10
