,reject,pvals,pvals_corrected,tstats,effectsize,alpha,alpha_corrected,step,dimension_step
0,True,6.650061303236806e-73,5.985055172913125e-72,50.65466669226867,7.1817189093739096,0.05,0.005555555555555556,0,1-2
1,True,1.8339484085465736e-69,1.467158726837259e-68,46.60391142061761,6.607410802513882,0.05,0.005555555555555556,1,2-3
2,True,1.797853464595501e-60,1.0787120787573005e-59,37.36403017054736,5.2973986313326815,0.05,0.005555555555555556,2,3-4
3,True,2.216326054618857e-63,1.5514282382332e-62,40.156760898422235,5.693346495307666,0.05,0.005555555555555556,3,4-5
4,True,1.0697804042576163e-49,5.3489020212880815e-49,28.410263659572447,4.027951244527511,0.05,0.005555555555555556,4,5-6
5,True,2.7707930816301775e-42,1.108317232652071e-41,23.306158142207504,3.304301213777347,0.05,0.005555555555555556,5,6-7
6,True,2.137153535645071e-24,6.411460606935213e-24,13.460460520510706,1.9083975902221693,0.05,0.005555555555555556,6,7-8
7,False,0.9651455492438701,1.0,-1.8336596839850978,-0.2599726596926221,0.05,0.005555555555555556,7,8-9
8,False,0.9670369132355007,1.0,-1.859497802699712,-0.26363593729116397,0.05,0.005555555555555556,8,9-10
