,reject,pvals,pvals_corrected,tstats,effectsize,alpha,alpha_corrected,step,dimension_step
0,True,1.0568065667951909e-70,8.454452534361527e-70,48.02745365011608,6.809237816991935,0.05,0.005555555555555556,0,1-2
1,True,1.5956156231447917e-72,1.4360540608303124e-71,50.19171934367405,7.116083145789783,0.05,0.005555555555555556,1,2-3
2,True,4.527688885450653e-59,3.169382219815457e-58,36.080494755200014,5.115421507304777,0.05,0.005555555555555556,2,3-4
3,True,9.04053642602594e-46,4.5202682130129695e-45,25.613348992986182,3.6314101899598064,0.05,0.005555555555555556,3,4-5
4,True,1.1799339788757503e-41,4.719735915503001e-41,22.906018473494495,3.2475701993844437,0.05,0.005555555555555556,4,5-6
5,True,1.3965104523911364e-50,8.379062714346818e-50,29.071400052562144,4.121685860610456,0.05,0.005555555555555556,5,6-7
6,True,1.772739672119012e-30,5.318219016357035e-30,16.502399930206,2.3396777704372878,0.05,0.005555555555555556,6,7-8
7,False,0.9217358784496616,1.0,-1.4276890352801395,-0.202414940437109,0.05,0.005555555555555556,7,8-9
8,False,0.9999986017806461,1.0,-4.971072825798469,-0.7047889176686778,0.05,0.005555555555555556,8,9-10
