,reject,pvals,pvals_corrected,tstats,effectsize,alpha,alpha_corrected,step,dimension_step
0,True,4.0310154624884935e-45,3.627913916239644e-44,25.171728480221233,3.568798103169084,0.05,0.005555555555555556,0,1-2
1,True,1.038948974844454e-34,8.311591798755632e-34,18.784095647472856,2.6631720967879513,0.05,0.005555555555555556,1,2-3
2,True,2.276964313315301e-18,1.5938750193207107e-17,10.63377686505702,1.5076359470251701,0.05,0.005555555555555556,2,3-4
3,True,6.118509889023101e-14,3.671105933413861e-13,8.599942476456395,1.2192829118372515,0.05,0.005555555555555556,3,4-5
4,True,4.199429057894061e-09,2.0997145289470306e-08,6.296523799467811,0.8927087470276979,0.05,0.005555555555555556,4,5-6
5,False,0.3783475338129678,1.0,0.31068262985893835,0.0440479715566365,0.05,0.005555555555555556,5,6-7
6,True,5.043959663090648e-05,0.00020175838652362592,4.052652912691017,0.5745771506703956,0.05,0.005555555555555556,6,7-8
7,False,0.9999995236136707,1.0,-5.228593394664892,-0.741299676888874,0.05,0.005555555555555556,7,8-9
8,False,0.9999994953464941,1.0,-5.21497421263202,-0.739368776075137,0.05,0.005555555555555556,8,9-10
