,reject,pvals,pvals_corrected,tstats,effectsize,alpha,alpha_corrected,step,dimension_step
0,True,9.068433441427293e-19,7.254746753141835e-18,10.817811055019463,1.5337279521321014,0.05,0.005555555555555556,0,1-2
1,True,5.025975839924815e-16,3.5181830879473707e-15,9.558511647452406,1.3551869615688754,0.05,0.005555555555555556,1,2-3
2,True,2.203503657475737e-21,1.983153291728163e-20,12.030897908983903,1.7057170178337029,0.05,0.005555555555555556,2,3-4
3,True,4.175657034354938e-10,2.5053942206129627e-09,6.791092234625846,0.9628276860058521,0.05,0.005555555555555556,3,4-5
4,True,0.0007952408468245272,0.003976204234122636,3.2473825440096804,0.4604075033000787,0.05,0.005555555555555556,4,5-6
5,False,0.024257268125105733,0.09702907250042293,1.9975037386173577,0.2832021471649104,0.05,0.005555555555555556,5,6-7
6,False,0.9921211367856522,1.0,-2.4568127833025777,-0.3483220791842395,0.05,0.005555555555555556,6,7-8
7,False,0.9994147298832696,1.0,-3.3430824546117512,-0.4739756482011522,0.05,0.005555555555555556,7,8-9
8,False,0.9599110353855562,1.0,-1.7677839173174854,-0.2506329231976527,0.05,0.005555555555555556,8,9-10
