,reject,pvals,pvals_corrected,tstats,effectsize,alpha,alpha_corrected,step,dimension_step
0,True,1.5219637187758787e-24,1.3697673468982908e-23,13.53151380507169,1.918471385010017,0.05,0.005555555555555556,0,1-2
1,True,5.33120245974715e-16,3.731841721823005e-15,9.54677454066239,1.3535228976774423,0.05,0.005555555555555556,1,2-3
2,True,7.580072813453512e-17,6.06405825076281e-16,9.93504686344338,1.4085713831297877,0.05,0.005555555555555556,2,3-4
3,True,7.784578330672598e-08,4.670746998403559e-07,5.648165628380333,0.8007858020869367,0.05,0.005555555555555556,3,4-5
4,True,4.1790234091252514e-06,2.089511704562626e-05,4.701688964559605,0.6665962042136194,0.05,0.005555555555555556,4,5-6
5,False,0.05027602478505446,0.20110409914021785,1.6576584056198065,0.2350195449758903,0.05,0.005555555555555556,5,6-7
6,False,0.189639695382193,0.5689190861465789,0.8831786063026703,0.12521532390630583,0.05,0.005555555555555556,6,7-8
7,False,0.9975572829079423,1.0,-2.8792472129885436,-0.40821400089160964,0.05,0.005555555555555556,7,8-9
8,False,0.9932139061912489,1.0,-2.5133643082143817,-0.3563398430416221,0.05,0.005555555555555556,8,9-10
