,reject,pvals,pvals_corrected,tstats,effectsize,alpha,alpha_corrected,step,dimension_step
0,True,7.508386190108175e-31,6.757547571097357e-30,16.6975124335556,2.367340437004098,0.05,0.005555555555555556,0,1-2
1,True,3.3611121453749325e-29,2.3527785017624527e-28,15.842264880948688,2.2460851228971688,0.05,0.005555555555555556,1,2-3
2,True,1.8919834698570782e-29,1.5135867758856625e-28,15.970227838370594,2.2642274590534655,0.05,0.005555555555555556,2,3-4
3,True,9.550506900957512e-18,5.730304140574506e-17,10.347676096891972,1.4670731434201285,0.05,0.005555555555555556,3,4-5
4,True,3.9449017635761354e-07,1.9724508817880678e-06,5.273037336759978,0.7476008514931897,0.05,0.005555555555555556,4,5-6
5,True,0.000523559277123226,0.002094237108492904,3.377411410885901,0.4788427400312275,0.05,0.005555555555555556,5,6-7
6,True,0.005405377595657039,0.016216132786971114,2.5978775057915953,0.36832195779561305,0.05,0.005555555555555556,6,7-8
7,False,0.9825130582381943,1.0,-2.138054154341157,-0.30312910837573276,0.05,0.005555555555555556,7,8-9
8,False,0.9950284333377079,1.0,-2.628484019263307,-0.3726612890142972,0.05,0.005555555555555556,8,9-10
