,reject,pvals,pvals_corrected,tstats,effectsize,alpha,alpha_corrected,step,dimension_step
0,True,8.45667370791789e-48,5.919671595542523e-47,27.030860498607506,3.8323821802804834,0.05,0.005555555555555556,0,1-2
1,True,3.410691699116341e-52,2.728553359293073e-51,30.308252575098926,4.297044376009887,0.05,0.005555555555555556,1,2-3
2,True,3.935316419565416e-54,3.5417847776088746e-53,31.85088581136656,4.515755878948724,0.05,0.005555555555555556,2,3-4
3,True,8.00064946856839e-31,4.000324734284195e-30,16.683052484783392,2.365290333937448,0.05,0.005555555555555556,3,4-5
4,True,2.614100770608655e-37,1.568460462365193e-36,20.267138557257244,2.87343500056572,0.05,0.005555555555555556,4,5-6
5,True,1.9391621285464455e-25,7.756648514185782e-25,13.965278112605699,1.979969634491223,0.05,0.005555555555555556,5,6-7
6,True,7.24267864954236e-14,2.172803594862708e-13,8.566106391930909,1.2144856983932837,0.05,0.005555555555555556,6,7-8
7,False,0.9981217048500413,1.0,-2.968217372281721,-0.42082801490235316,0.05,0.005555555555555556,7,8-9
8,False,0.9999985102166825,1.0,-4.9556849389727615,-0.7026072533718252,0.05,0.005555555555555556,8,9-10
