,reject,pvals,pvals_corrected,tstats,effectsize,alpha,alpha_corrected,step,dimension_step
0,True,5.394563913959233e-60,4.85510752256331e-59,36.92251213463674,5.234801073508599,0.05,0.005555555555555556,0,1-2
1,True,1.6030312464169777e-57,1.2824249971335822e-56,34.7057318952521,4.920510335799629,0.05,0.005555555555555556,1,2-3
2,True,2.5337096814526945e-48,1.773596777016886e-47,27.40601377106971,3.8855706726088024,0.05,0.005555555555555556,2,3-4
3,True,1.7738220068480896e-27,1.0642932041088538e-26,14.971177689353208,2.1225840959611944,0.05,0.005555555555555556,3,4-5
4,True,7.834465942669763e-20,3.9172329713348813e-19,11.308980113699267,1.6033649342062233,0.05,0.005555555555555556,4,5-6
5,True,6.236711736054966e-16,1.8710135208164897e-15,9.515542337267721,1.3490948573734056,0.05,0.005555555555555556,5,6-7
6,True,3.095583472889295e-17,1.238233389155718e-16,10.113357810064242,1.4338519580642757,0.05,0.005555555555555556,6,7-8
7,False,0.9997087164556747,1.0,-3.5543853912850087,-0.5039337625271554,0.05,0.005555555555555556,7,8-9
8,False,0.9999979481062272,1.0,-4.877627640279837,-0.6915404432505933,0.05,0.005555555555555556,8,9-10
