,reject,pvals,pvals_corrected,tstats,effectsize,alpha,alpha_corrected,step,dimension_step
0,True,8.12474337965189e-19,7.3122690416867e-18,10.839797124688483,1.5368450938012796,0.05,0.005555555555555556,0,1-2
1,True,0.0010201973244147516,0.008161578595318013,3.168198414093533,0.4491809332666426,0.05,0.005555555555555556,1,2-3
2,False,0.9169843987870584,1.0,-1.3953542472070637,-0.197830577848253,0.05,0.005555555555555556,2,3-4
3,False,0.4970564165914444,1.0,0.007397193268552095,0.0010487594972402076,0.05,0.005555555555555556,3,4-5
4,False,0.3421637084629114,1.0,0.4077639939039237,0.057811976206895065,0.05,0.005555555555555556,4,5-6
5,False,0.9334589118975536,1.0,-1.5145124246232213,-0.21472458963111532,0.05,0.005555555555555556,5,6-7
6,False,0.9165804502413826,1.0,-1.392671241414557,-0.19745018656957647,0.05,0.005555555555555556,6,7-8
7,False,0.9989227458596813,1.0,-3.150721368673943,-0.44670307217770533,0.05,0.005555555555555556,7,8-9
8,False,0.9928176155931446,1.0,-2.4919719009457904,-0.3533068696587112,0.05,0.005555555555555556,8,9-10
