,reject,pvals,pvals_corrected,tstats,effectsize,alpha,alpha_corrected,step,dimension_step
0,True,3.475521931941411e-59,3.12796973874727e-58,36.18425974053433,5.130133102622017,0.05,0.005555555555555556,0,1-2
1,True,5.672136801667721e-46,4.5377094413341765e-45,25.75222373909608,3.6510995780320052,0.05,0.005555555555555556,1,2-3
2,True,2.6041107265185424e-34,1.5624664359111254e-33,18.562190368644842,2.6317108032662575,0.05,0.005555555555555556,2,3-4
3,True,4.704087910194293e-41,3.292861537136005e-40,22.528510699596318,3.194047890478323,0.05,0.005555555555555556,3,4-5
4,True,5.9154219260696045e-27,2.3661687704278418e-26,14.710617357587859,2.0856423651421947,0.05,0.005555555555555556,4,5-6
5,True,3.605413078413617e-27,1.8027065392068086e-26,14.817515950233064,2.100798237134196,0.05,0.005555555555555556,5,6-7
6,True,2.0536892168943288e-20,6.161067650682986e-20,11.578759928612287,1.6416137851936081,0.05,0.005555555555555556,6,7-8
7,False,0.9993018461922668,1.0,-3.288256404798896,-0.466202518806001,0.05,0.005555555555555556,7,8-9
8,False,0.9999900986044972,1.0,-4.483223031127791,-0.6356225343104523,0.05,0.005555555555555556,8,9-10
