,reject,pvals,pvals_corrected,tstats,effectsize,alpha,alpha_corrected,step,dimension_step
0,True,1.0640235342792786e-15,9.576211808513508e-15,9.409171061731243,1.3340137473628417,0.05,0.005555555555555556,0,1-2
1,True,1.1784934274542835e-13,9.427947419634268e-13,8.46835237231637,1.200626325960769,0.05,0.005555555555555556,1,2-3
2,True,2.431657856238294e-06,1.702160499366806e-05,4.835947469782135,0.6856311107417495,0.05,0.005555555555555556,2,3-4
3,False,0.7564356695859162,1.0,-0.6974937847568683,-0.09888929550342342,0.05,0.005555555555555556,3,4-5
4,False,0.9378989693221728,1.0,-1.5505437836029703,-0.21983304476492035,0.05,0.005555555555555556,4,5-6
5,False,0.916299369950804,1.0,-1.3908101640789763,-0.1971863266892234,0.05,0.005555555555555556,5,6-7
6,False,0.950552588239894,1.0,-1.6658989002203377,-0.23618786607559783,0.05,0.005555555555555556,6,7-8
7,False,0.6680609216056137,1.0,-0.43587254080037896,-0.06179715064279964,0.05,0.005555555555555556,7,8-9
8,False,0.9049107898142909,1.0,-1.3191005755711391,-0.18701948241999125,0.05,0.005555555555555556,8,9-10
