,reject,pvals,pvals_corrected,tstats,effectsize,alpha,alpha_corrected,step,dimension_step
0,True,5.084087461760771e-27,4.575678715584694e-26,14.743283528757123,2.090273710573966,0.05,0.005555555555555556,0,1-2
1,True,2.1090259395676034e-13,1.4763181576973224e-12,8.351290560760988,1.184029532802101,0.05,0.005555555555555556,1,2-3
2,True,1.7416969575741776e-13,1.393357566059342e-12,8.389807572900276,1.1894903989468493,0.05,0.005555555555555556,2,3-4
3,False,0.05719992869098711,0.28599964345493556,1.5927696865765322,0.22581975014969594,0.05,0.005555555555555556,3,4-5
4,True,1.0042731098144252e-06,6.025638658886551e-06,5.050949174605206,0.716113629133508,0.05,0.005555555555555556,4,5-6
5,False,0.9855317474636311,1.0,-2.2166389815889826,-0.31427071045682453,0.05,0.005555555555555556,5,6-7
6,False,0.48235149367600316,1.0,0.04436479288451085,0.006289952985077648,0.05,0.005555555555555556,6,7-8
7,False,0.9027141319310552,1.0,-1.3060214092371971,-0.18516514396880854,0.05,0.005555555555555556,7,8-9
8,False,0.9960431949452334,1.0,-2.710783851727333,-0.3843295972204473,0.05,0.005555555555555556,8,9-10
