,reject,pvals,pvals_corrected,tstats,effectsize,alpha,alpha_corrected,step,dimension_step
0,True,4.019088581696331e-54,3.617179723526698e-53,31.843455568864155,4.514702433796179,0.05,0.005555555555555556,0,1-2
1,True,3.3008999255898532e-40,2.6407199404718826e-39,22.00384370402188,3.1196616368655548,0.05,0.005555555555555556,1,2-3
2,True,1.0346884395965605e-39,7.242819077175923e-39,21.70000507928135,3.0765839948794063,0.05,0.005555555555555556,2,3-4
3,True,2.9116189845816652e-36,1.7469713907489993e-35,19.661815675903302,2.7876135142709577,0.05,0.005555555555555556,3,4-5
4,True,1.6085591920495568e-32,6.542668706116211e-32,17.584211729220133,2.4930549173162233,0.05,0.005555555555555556,4,5-6
5,True,2.0639100769828033e-24,6.19173023094841e-24,13.467754227730753,1.9094316776712066,0.05,0.005555555555555556,5,6-7
6,True,1.3085337412232421e-32,6.542668706116211e-32,17.632499879878978,2.499901116241825,0.05,0.005555555555555556,6,7-8
7,False,0.9999999951165385,1.0,-6.2637021944207785,-0.888055364486771,0.05,0.005555555555555556,7,8-9
8,False,0.9999928584438913,1.0,-4.566679344203075,-0.6474548060606655,0.05,0.005555555555555556,8,9-10
