,reject,pvals,pvals_corrected,tstats,effectsize,alpha,alpha_corrected,step,dimension_step
0,True,9.619525920170979e-56,8.657573328153881e-55,33.18268463610694,4.704575694134277,0.05,0.005555555555555556,0,1-2
1,True,2.1222336934695517e-47,1.4855635854286863e-46,26.747122764773355,3.7921544030302847,0.05,0.005555555555555556,1,2-3
2,True,1.4652337151387956e-48,1.1721869721110365e-47,27.57779810859134,3.9099259177554786,0.05,0.005555555555555556,2,3-4
3,True,3.0426465348754703e-38,1.8255879209252823e-37,20.816837404691455,2.9513702208498143,0.05,0.005555555555555556,3,4-5
4,True,1.3296755845445111e-37,6.648377922722556e-37,20.438919925175558,2.897789824687885,0.05,0.005555555555555556,4,5-6
5,True,4.561292173323809e-29,1.8245168693295237e-28,15.774458255920424,2.236471633105504,0.05,0.005555555555555556,5,6-7
6,True,6.467233140158657e-26,1.940169942047597e-25,14.198310796317244,2.0130085495684944,0.05,0.005555555555555556,6,7-8
7,False,0.9999999968957465,1.0,-6.3620504228478545,-0.9019989826747861,0.05,0.005555555555555556,7,8-9
8,False,0.9961519816382941,1.0,-2.7207157382099596,-0.3857377205310074,0.05,0.005555555555555556,8,9-10
