,reject,pvals,pvals_corrected,tstats,effectsize,alpha,alpha_corrected,step,dimension_step
0,True,8.049731562997426e-59,7.244758406697684e-58,35.85560658016856,5.083537304632401,0.05,0.005555555555555556,0,1-2
1,True,1.0023856986004281e-49,7.016699890202997e-49,28.43120817654088,4.030920716905519,0.05,0.005555555555555556,1,2-3
2,True,2.183462451797923e-50,1.7467699614383384e-49,28.925244872958,4.100964267011929,0.05,0.005555555555555556,2,3-4
3,True,9.280540745982365e-31,4.6402703729911824e-30,16.649284824113472,2.360502821493002,0.05,0.005555555555555556,3,4-5
4,True,1.112182860789077e-34,6.673097164734462e-34,18.76759512607027,2.6608326853514614,0.05,0.005555555555555556,4,5-6
5,True,6.213011444630475e-21,1.8639034333891424e-20,11.820535492238161,1.675892248571228,0.05,0.005555555555555556,5,6-7
6,True,2.940870480687854e-26,1.1763481922751417e-25,14.366374806385014,2.0368363340137354,0.05,0.005555555555555556,6,7-8
7,False,0.9999982951675962,1.0,-4.922889420455597,-0.697957569327741,0.05,0.005555555555555556,7,8-9
8,False,0.9998099887631776,1.0,-3.679750877006325,-0.5217078342599192,0.05,0.005555555555555556,8,9-10
