,reject,pvals,pvals_corrected,tstats,effectsize,alpha,alpha_corrected,step,dimension_step
0,True,4.443903705471688e-50,3.99951333492452e-49,28.69405636417154,4.06818681542453,0.05,0.005555555555555556,0,1-2
1,True,1.9722417511582207e-32,1.5777934009265766e-31,17.536599404221676,2.4863045356221143,0.05,0.005555555555555556,1,2-3
2,True,1.851800744819488e-20,1.2962605213736417e-19,11.599652041311275,1.6445758277974734,0.05,0.005555555555555556,2,3-4
3,True,4.3038679432129934e-07,2.582320765927796e-06,5.252541707075073,0.7446950214704235,0.05,0.005555555555555556,3,4-5
4,True,9.04170021047656e-07,4.5208501052382805e-06,5.076154050244531,0.7196871267756312,0.05,0.005555555555555556,4,5-6
5,True,1.5147255607699892e-05,6.058902243079957e-05,4.373256511300888,0.6200316976430886,0.05,0.005555555555555556,5,6-7
6,True,0.00039152665763295314,0.0011745799728988594,3.4658686425704714,0.49138403217552884,0.05,0.005555555555555556,6,7-8
7,False,0.9997124779474337,1.0,-3.5582420283673244,-0.5044805489393318,0.05,0.005555555555555556,7,8-9
8,False,0.9997901532378861,1.0,-3.650864299399775,-0.5176123521618063,0.05,0.005555555555555556,8,9-10
