,reject,pvals,pvals_corrected,tstats,effectsize,alpha,alpha_corrected,step,dimension_step
0,True,3.558621150774481e-66,3.2027590356970326e-65,43.011689928307675,6.098112712079123,0.05,0.005555555555555556,0,1-2
1,True,4.764700631645145e-64,3.811760505316116e-63,40.823015139637306,5.787806709835444,0.05,0.005555555555555556,1,2-3
2,True,7.430650269272633e-62,5.201455188490843e-61,38.67038409507632,5.482610918664865,0.05,0.005555555555555556,2,3-4
3,True,1.7091474515511613e-52,1.0254884709306968e-51,30.543052753522517,4.330333883007402,0.05,0.005555555555555556,3,4-5
4,True,1.1631344703951517e-45,4.652537881580607e-45,25.538509896333576,3.620799650187515,0.05,0.005555555555555556,4,5-6
5,True,5.131182387062224e-48,2.565591193531112e-47,27.1858913857323,3.854362154215858,0.05,0.005555555555555556,5,6-7
6,True,1.5035270364610337e-29,4.510581109383101e-29,16.021531464486007,2.271501186152113,0.05,0.005555555555555556,6,7-8
7,False,0.9997636814881784,1.0,-3.6161053884430623,-0.5126843022033774,0.05,0.005555555555555556,7,8-9
8,False,0.9996346092896169,1.0,-3.486678189417214,-0.4943343687554271,0.05,0.005555555555555556,8,9-10
