,reject,pvals,pvals_corrected,tstats,effectsize,alpha,alpha_corrected,step,dimension_step
0,True,2.350309573137454e-43,2.1152786158237087e-42,23.99868136999513,3.4024857935002286,0.05,0.005555555555555556,0,1-2
1,True,1.2622078913745065e-36,1.0097663130996052e-35,19.870464699162063,2.8171953619783587,0.05,0.005555555555555556,1,2-3
2,True,1.3850276396160927e-30,9.695193477312649e-30,16.55834116258432,2.3476090082208816,0.05,0.005555555555555556,2,3-4
3,True,6.724034645653317e-11,3.3620173228266584e-10,7.174052538531753,1.017123043880952,0.05,0.005555555555555556,3,4-5
4,True,1.456183285031811e-23,8.737099710190865e-23,13.060914541946158,1.8517507480495945,0.05,0.005555555555555556,4,5-6
5,True,5.703025439099609e-06,2.2812101756398437e-05,4.62362463631064,0.6555283974557727,0.05,0.005555555555555556,5,6-7
6,False,0.14615343754183094,0.4384603126254928,1.0587129581965027,0.15010223870724831,0.05,0.005555555555555556,6,7-8
7,False,0.9999999985405041,1.0,-6.524619311455098,-0.925047679618729,0.05,0.005555555555555556,7,8-9
8,False,0.9999999905062954,1.0,-6.118302426182943,-0.8674408716244258,0.05,0.005555555555555556,8,9-10
