,reject,pvals,pvals_corrected,tstats,effectsize,alpha,alpha_corrected,step,dimension_step
0,True,6.947608422610967e-58,6.25284758034987e-57,35.02389860080773,4.965619384873105,0.05,0.005555555555555556,0,1-2
1,True,1.0067177272341918e-55,8.053741817873534e-55,33.16608638245749,4.702222426412252,0.05,0.005555555555555556,1,2-3
2,True,8.097662627694486e-42,5.66836383938614e-41,23.009526606615907,3.2622453787006567,0.05,0.005555555555555556,2,3-4
3,True,5.759441419057048e-35,3.4556648514342293e-34,18.92735428336852,2.6834830241225105,0.05,0.005555555555555556,3,4-5
4,True,2.407761580744709e-33,1.2038807903723545e-32,18.03111365267707,2.5564157921162565,0.05,0.005555555555555556,4,5-6
5,True,6.74146713286907e-16,2.696586853147628e-15,9.500047509455943,1.3468980311941046,0.05,0.005555555555555556,5,6-7
6,True,5.907804981870489e-14,1.7723414945611468e-13,8.606970407159535,1.2202793180150107,0.05,0.005555555555555556,6,7-8
7,False,0.9999669736447316,1.0,-4.167221103023667,-0.5908204031218095,0.05,0.005555555555555556,7,8-9
8,False,0.9996093786266333,1.0,-3.4665672444928943,-0.49148307858060875,0.05,0.005555555555555556,8,9-10
