,reject,pvals,pvals_corrected,tstats,effectsize,alpha,alpha_corrected,step,dimension_step
0,True,3.997908973649231e-21,3.1983271789193846e-20,11.909917427735525,1.6885646434014527,0.05,0.005555555555555556,0,1-2
1,True,9.556438711458843e-30,8.600794840312959e-29,16.122918669661203,2.2858756644800184,0.05,0.005555555555555556,1,2-3
2,True,5.9364241391209806e-05,0.0003561854483472588,4.0080402320416635,0.5682520526460861,0.05,0.005555555555555556,2,3-4
3,True,4.4472852812189214e-13,3.113099696853245e-12,8.20086861289356,1.1627030052000698,0.05,0.005555555555555556,3,4-5
4,False,0.9688122372873622,1.0,-1.8849050698940963,-0.26723812960947363,0.05,0.005555555555555556,4,5-6
5,False,0.030876085834818347,0.15438042917409173,1.8894902023498288,0.2678882006613545,0.05,0.005555555555555556,5,6-7
6,False,0.8953847024237973,1.0,-1.2639090504992327,-0.1791945366621981,0.05,0.005555555555555556,6,7-8
7,False,0.9999831603172209,1.0,-4.3456055619036205,-0.6161114004796526,0.05,0.005555555555555556,7,8-9
8,False,0.9779106889910101,1.0,-2.0383772104089237,-0.2889971075195119,0.05,0.005555555555555556,8,9-10
