,reject,pvals,pvals_corrected,tstats,effectsize,alpha,alpha_corrected,step,dimension_step
0,True,7.997549789199962e-58,7.197794810279966e-57,34.97016857622039,4.958001647776456,0.05,0.005555555555555556,0,1-2
1,True,1.9325699545607722e-50,1.5460559636486178e-49,28.965103025844435,4.106615277451229,0.05,0.005555555555555556,1,2-3
2,True,1.43946687896983e-43,1.007626815278881e-42,24.138009150439494,3.4222394118883863,0.05,0.005555555555555556,2,3-4
3,True,9.055882878174805e-41,4.5279414390874025e-40,22.351204657583203,3.1689097889405593,0.05,0.005555555555555556,3,4-5
4,True,4.2039455142157326e-41,2.5223673085294397e-40,22.5590353396235,3.1983756138412427,0.05,0.005555555555555556,4,5-6
5,True,1.9284665064254441e-19,5.785399519276332e-19,11.127999115475339,1.577705804612532,0.05,0.005555555555555556,5,6-7
6,True,4.659919957136517e-32,1.8639679828546068e-31,17.33649024964372,2.457933453682083,0.05,0.005555555555555556,6,7-8
7,False,0.999999999988747,1.0,-7.543428750676471,-1.0694924759719446,0.05,0.005555555555555556,7,8-9
8,False,0.9999902329155855,1.0,-4.486729424408697,-0.6361196638460619,0.05,0.005555555555555556,8,9-10
