,reject,pvals,pvals_corrected,tstats,effectsize,alpha,alpha_corrected,step,dimension_step
0,True,1.1519091139059196e-67,1.0367182025153276e-66,44.6071255701398,6.324310436115943,0.05,0.005555555555555556,0,1-2
1,True,3.755801681812515e-46,3.004641345450012e-45,25.87550972912961,3.668578822960485,0.05,0.005555555555555556,1,2-3
2,True,6.72554362512833e-42,4.707880537589831e-41,23.060692007842388,3.2694995085467027,0.05,0.005555555555555556,2,3-4
3,True,1.891292180386367e-34,1.1347753082318202e-33,18.63925953935442,2.642637518547541,0.05,0.005555555555555556,3,4-5
4,True,2.9834699125289578e-30,1.491734956264479e-29,16.384702856606655,2.322990911076798,0.05,0.005555555555555556,4,5-6
5,True,1.2596646279142496e-05,3.778993883742749e-05,4.421147408890517,0.6268215748106908,0.05,0.005555555555555556,5,6-7
6,True,2.0772291509777043e-19,8.308916603910817e-19,11.113086241030837,1.5755914866358325,0.05,0.005555555555555556,6,7-8
7,False,0.3485374155838918,0.6970748311677836,0.390406404390042,0.05535105134107177,0.05,0.005555555555555556,7,8-9
8,False,0.9747916264020738,0.9747916264020738,-1.9805497517954291,-0.2807984442940966,0.05,0.005555555555555556,8,9-10
