,reject,pvals,pvals_corrected,tstats,effectsize,alpha,alpha_corrected,step,dimension_step
0,True,3.788274471266127e-34,3.409447024139514e-33,18.472097856325977,2.618937664253339,0.05,0.005555555555555556,0,1-2
1,True,1.4456726115596607e-33,1.1565380892477285e-32,18.152171582113425,2.5735791470001104,0.05,0.005555555555555556,1,2-3
2,True,4.086397102987537e-18,2.451838261792522e-17,10.517011070817883,1.491081122618769,0.05,0.005555555555555556,2,3-4
3,True,9.780132674495373e-25,6.846092872146761e-24,13.624248403801419,1.931619113832249,0.05,0.005555555555555556,3,4-5
4,True,4.5393264967113605e-08,2.2696632483556802e-07,5.770262355706298,0.8180964356902842,0.05,0.005555555555555556,4,5-6
5,True,1.3988545511329633e-05,5.595418204531853e-05,4.393963610738085,0.6229675094309708,0.05,0.005555555555555556,5,6-7
6,False,0.47967550770066436,1.0,0.051097209528963496,0.0072444617614354405,0.05,0.005555555555555556,6,7-8
7,False,0.9967822540966024,1.0,-2.783857389524927,-0.3946898195344938,0.05,0.005555555555555556,7,8-9
8,False,0.8273946586342984,1.0,-0.9484484577660698,-0.1344691549366118,0.05,0.005555555555555556,8,9-10
