,reject,pvals,pvals_corrected,tstats,effectsize,alpha,alpha_corrected,step,dimension_step
0,True,4.444107956088717e-56,3.9996971604798455e-55,33.465540626014075,4.744678459466573,0.05,0.005555555555555556,0,1-2
1,True,4.454079556803901e-53,3.563263645443121e-52,31.004281677941133,4.39572601179527,0.05,0.005555555555555556,1,2-3
2,True,1.2625356842817922e-39,6.312678421408962e-39,21.647360785456087,3.0691201905525043,0.05,0.005555555555555556,2,3-4
3,True,3.9990712977674644e-40,2.3994427786604787e-39,21.952622447340342,3.1123995879430644,0.05,0.005555555555555556,3,4-5
4,True,2.8168651213705813e-50,1.971805584959407e-49,28.842210024925187,4.089191749745613,0.05,0.005555555555555556,4,5-6
5,True,3.193562377908765e-23,9.580687133726296e-23,12.898384203947503,1.8287075167350348,0.05,0.005555555555555556,5,6-7
6,True,2.099185747447757e-25,8.396742989791029e-25,13.94850170613419,1.9775911086128526,0.05,0.005555555555555556,6,7-8
7,False,0.9999511150767504,1.0,-4.061191145909442,-0.5757876845651289,0.05,0.005555555555555556,7,8-9
8,False,0.9999999884497043,1.0,-6.075151017784213,-0.8613229499027028,0.05,0.005555555555555556,8,9-10
