,reject,pvals,pvals_corrected,tstats,effectsize,alpha,alpha_corrected,step,dimension_step
0,True,2.9633350324774924e-45,2.6670015292297433e-44,25.2621687498315,3.581620546526076,0.05,0.005555555555555556,0,1-2
1,True,4.8778038747208044e-30,3.414462712304563e-29,16.273914299691018,2.3072835276095067,0.05,0.005555555555555556,1,2-3
2,True,1.8505054398240374e-21,1.1103032638944224e-20,12.066399861796935,1.7107504148035417,0.05,0.005555555555555556,2,3-4
3,True,3.7049633400967634e-34,2.9639706720774107e-33,18.47743604755965,2.6196945024960545,0.05,0.005555555555555556,3,4-5
4,True,1.0896526037464844e-11,4.3586104149859376e-11,7.550037445845563,1.0704294437611217,0.05,0.005555555555555556,4,5-6
5,True,1.4575435565770323e-20,7.287717782885162e-20,11.648011398642092,1.651432122264828,0.05,0.005555555555555556,5,6-7
6,True,1.1782194726962372e-05,3.534658418088712e-05,4.4384325179646495,0.6292722235424735,0.05,0.005555555555555556,6,7-8
7,False,0.9999999958332247,1.0,-6.298219828758465,-0.8929492067212054,0.05,0.005555555555555556,7,8-9
8,False,0.9983585113224173,1.0,-3.0131466787782264,-0.4271980035158654,0.05,0.005555555555555556,8,9-10
