,reject,pvals,pvals_corrected,tstats,effectsize,alpha,alpha_corrected,step,dimension_step
0,True,2.6067587536421736e-50,2.3460828782779563e-49,28.86746015360853,4.092771663275218,0.05,0.005555555555555556,0,1-2
1,True,3.2305955735060856e-47,2.26141690145426e-46,26.61829927055834,3.7738900616617768,0.05,0.005555555555555556,1,2-3
2,True,6.029538501272496e-49,4.8236308010179966e-48,27.858076431869463,3.9496632265882963,0.05,0.005555555555555556,2,3-4
3,True,1.3608819027711026e-41,8.165291416626615e-41,22.86687450610485,3.2420204447587153,0.05,0.005555555555555556,3,4-5
4,True,1.7819021334864032e-28,7.127608533945613e-28,15.473389203531164,2.193786655634292,0.05,0.005555555555555556,4,5-6
5,True,1.0512094175890189e-26,3.1536282527670565e-26,14.586851972785096,2.0680951525672158,0.05,0.005555555555555556,5,6-7
6,True,2.5121209037726415e-34,1.2560604518863207e-33,18.570847599016012,2.632938208343013,0.05,0.005555555555555556,6,7-8
7,False,0.9999999993237414,1.0,-6.688855713859933,-0.9483327933857173,0.05,0.005555555555555556,7,8-9
8,False,0.9998479349300987,1.0,-3.7440316447986124,-0.5308214349547472,0.05,0.005555555555555556,8,9-10
