,reject,pvals,pvals_corrected,tstats,effectsize,alpha,alpha_corrected,step,dimension_step
0,True,1.596418380459954e-54,1.4367765424139587e-53,32.17049117955792,4.561068898778102,0.05,0.005555555555555556,0,1-2
1,True,4.876830483689046e-44,2.9260982902134275e-43,24.44764209988908,3.4661385618233065,0.05,0.005555555555555556,1,2-3
2,True,2.538825140844573e-47,2.0310601126756584e-46,26.692116285264746,3.784355692668119,0.05,0.005555555555555556,2,3-4
3,True,4.4790752793222164e-45,3.1353526955255515e-44,25.14080439708588,3.564413747548753,0.05,0.005555555555555556,3,4-5
4,True,4.135408464556537e-35,2.0677042322782684e-34,19.008065673922168,2.6949261261620996,0.05,0.005555555555555556,4,5-6
5,True,2.6854078966815654e-27,1.0741631586726262e-26,14.881263178283062,2.1098361936148518,0.05,0.005555555555555556,5,6-7
6,True,6.276792954551921e-25,1.8830378863655764e-24,13.717447181248353,1.9448326529990823,0.05,0.005555555555555556,6,7-8
7,False,0.9999999977337148,1.0,-6.43000955173247,-0.9116340941629387,0.05,0.005555555555555556,7,8-9
8,False,0.9987926510036235,1.0,-3.1138906463763742,-0.44148128488657074,0.05,0.005555555555555556,8,9-10
