,reject,pvals,pvals_corrected,tstats,effectsize,alpha,alpha_corrected,step,dimension_step
0,True,1.9664109427622757e-42,1.7697698484860483e-41,23.401565874502847,3.3178279342133643,0.05,0.005555555555555556,0,1-2
1,True,4.582753213161197e-23,2.7496519278967184e-22,12.82382053337259,1.8181360263297508,0.05,0.005555555555555556,1,2-3
2,True,1.6784634614812133e-19,8.392317307406066e-19,11.155870348822626,1.5816573332006836,0.05,0.005555555555555556,2,3-4
3,True,1.6879720754134288e-24,1.350377660330743e-23,13.50983311433594,1.9153975393647353,0.05,0.005555555555555556,3,4-5
4,True,3.4499252887141876e-24,2.4149477020999312e-23,13.3604223991118,1.8942143823358477,0.05,0.005555555555555556,4,5-6
5,True,1.5086291415913528e-10,4.5258874247740584e-10,7.005371155781928,0.9932077295523977,0.05,0.005555555555555556,5,6-7
6,True,1.2744744567321466e-13,5.097897826928586e-13,8.452616802620994,1.1983953678712098,0.05,0.005555555555555556,6,7-8
7,False,0.9999999618261781,1.0,-5.809227447176265,-0.82362082964031,0.05,0.005555555555555556,7,8-9
8,False,0.9999999999996458,1.0,-8.246829160544745,-1.169219201154076,0.05,0.005555555555555556,8,9-10
