,reject,pvals,pvals_corrected,tstats,effectsize,alpha,alpha_corrected,step,dimension_step
0,True,8.279938739523923e-10,7.45194486557153e-09,6.645774084109549,0.942224764743369,0.05,0.005555555555555556,0,1-2
1,False,0.0401013267174643,0.24060796030478582,1.7676369975429014,0.2506120932012833,0.05,0.005555555555555556,1,2-3
2,True,2.841000914396659e-05,0.00022728007315173272,4.207491701724444,0.5965298893165991,0.05,0.005555555555555556,2,3-4
3,True,0.0009483358477634596,0.006638350934344217,3.1915542524600204,0.4524922780448027,0.05,0.005555555555555556,3,4-5
4,False,0.45144355001828385,1.0,0.12232817009765229,0.01734344710382835,0.05,0.005555555555555556,4,5-6
5,False,0.40477646610801776,1.0,0.2416477615172498,0.03426034384628944,0.05,0.005555555555555556,5,6-7
6,False,0.9812873138000308,1.0,-2.1094799487684495,-0.2990779137695471,0.05,0.005555555555555556,6,7-8
7,False,0.8287282222534782,1.0,-0.953729363759994,-0.13521787139082508,0.05,0.005555555555555556,7,8-9
8,False,0.9226481013390361,1.0,-1.4340685446309511,-0.2033194147122155,0.05,0.005555555555555556,8,9-10
