,reject,pvals,pvals_corrected,tstats,effectsize,alpha,alpha_corrected,step,dimension_step
0,True,1.0028305332468043e-62,9.02547479922124e-62,39.51187579312633,5.601915954796695,0.05,0.005555555555555556,0,1-2
1,True,1.5687060366107385e-41,1.2549648292885908e-40,22.82792876768941,3.2364987946466566,0.05,0.005555555555555556,1,2-3
2,True,3.08798848657557e-41,2.161591940602899e-40,22.642954043024677,3.210273442381458,0.05,0.005555555555555556,2,3-4
3,True,1.693157373362627e-38,1.0158944240175762e-37,20.968248316826873,2.972836961858584,0.05,0.005555555555555556,3,4-5
4,True,2.673997459305881e-31,1.0695989837223524e-30,16.933462973410606,2.4007930399804054,0.05,0.005555555555555556,4,5-6
5,True,1.7272861333619661e-34,8.636430666809831e-34,18.661150137600064,2.6457411244662876,0.05,0.005555555555555556,5,6-7
6,True,7.557286657695406e-23,2.267185997308622e-22,12.720735001059317,1.8035207625240548,0.05,0.005555555555555556,6,7-8
7,False,0.9999999711143132,1.0,-5.871705514747104,-0.8324788470470877,0.05,0.005555555555555556,7,8-9
8,False,0.9997865700114252,1.0,-3.645923823251434,-0.5169119011808256,0.05,0.005555555555555556,8,9-10
