,reject,pvals,pvals_corrected,tstats,effectsize,alpha,alpha_corrected,step,dimension_step
0,True,2.3559249129723354e-59,2.120332421675102e-58,36.337278378457064,5.151827783827453,0.05,0.005555555555555556,0,1-2
1,True,2.7735421920296337e-46,2.218833753623707e-45,25.966453692075202,3.6814726789668346,0.05,0.005555555555555556,1,2-3
2,True,3.409385570249611e-42,2.3865698991747277e-41,23.248587492743543,3.2961389604475198,0.05,0.005555555555555556,2,3-4
3,True,1.911549735404761e-36,1.1469298412428566e-35,19.76669165819455,2.8024826245493037,0.05,0.005555555555555556,3,4-5
4,True,3.7159564530768107e-25,1.8579782265384052e-24,13.827873616491742,1.9604886955686653,0.05,0.005555555555555556,4,5-6
5,True,8.661428198905589e-17,2.5984284596716766e-16,9.908500462137068,1.4048076866199366,0.05,0.005555555555555556,5,6-7
6,True,5.680316008223544e-24,2.2721264032894176e-23,13.256488928014575,1.8794788994388745,0.05,0.005555555555555556,6,7-8
7,False,0.9994132504286181,1.0,-3.342301899262637,-0.4738649826005946,0.05,0.005555555555555556,7,8-9
8,False,0.9988711022957042,1.0,-3.1356300082845046,-0.44456344881515447,0.05,0.005555555555555556,8,9-10
