,reject,pvals,pvals_corrected,tstats,effectsize,alpha,alpha_corrected,step,dimension_step
0,True,2.1842001406865689e-44,1.965780126617912e-43,24.679265081468454,3.498977612107849,0.05,0.005555555555555556,0,1-2
1,True,4.124604952109186e-31,3.2996839616873485e-30,16.834219742957185,2.38672253016727,0.05,0.005555555555555556,1,2-3
2,True,2.151028271355301e-23,1.2906169628131806e-22,12.980104431722156,1.8402936497295126,0.05,0.005555555555555556,2,3-4
3,True,1.0078127323009829e-22,5.039063661504915e-22,12.661508570670101,1.795123755834721,0.05,0.005555555555555556,3,4-5
4,True,1.3179983928273758e-27,9.22598874979163e-27,15.035709689080228,2.131733315825077,0.05,0.005555555555555556,4,5-6
5,True,2.8238419282291077e-11,8.471525784687324e-11,7.353922461554793,1.0426246474202634,0.05,0.005555555555555556,5,6-7
6,True,2.791979588543316e-13,1.1167918354173264e-12,8.294780812309074,1.176017691928948,0.05,0.005555555555555556,6,7-8
7,False,0.9999975620230485,1.0,-4.835308927483528,-0.6855405794718824,0.05,0.005555555555555556,7,8-9
8,False,0.9999999583772462,1.0,-5.789784128145277,-0.8208641941501559,0.05,0.005555555555555556,8,9-10
