,reject,pvals,pvals_corrected,tstats,effectsize,alpha,alpha_corrected,step,dimension_step
0,True,6.786474534818941e-68,6.107827081337047e-67,44.85788857530092,6.359863121259006,0.05,0.005555555555555556,0,1-2
1,True,5.95846316385231e-65,4.766770531081848e-64,41.73973428749185,5.917777345684816,0.05,0.005555555555555556,1,2-3
2,True,6.993843358145351e-58,4.895690350701746e-57,35.021364808680865,4.965260148814155,0.05,0.005555555555555556,2,3-4
3,True,5.64598012055235e-51,3.38758807233141e-50,29.369347994831386,4.163928333234023,0.05,0.005555555555555556,3,4-5
4,True,1.2827420243913726e-46,3.848226073174118e-46,26.19884531926273,3.714420706312311,0.05,0.005555555555555556,4,5-6
5,True,8.917341430769496e-50,4.458670715384748e-49,28.4688882594032,4.0362629248652135,0.05,0.005555555555555556,5,6-7
6,True,1.5760956256897627e-49,6.304382502759051e-49,28.285788544409172,4.010303407779411,0.05,0.005555555555555556,6,7-8
7,False,0.9999955461742256,1.0,-4.685758821449345,-0.6643376598883943,0.05,0.005555555555555556,7,8-9
8,False,0.996128623921957,1.0,-2.718561911901473,-0.3854323552776708,0.05,0.005555555555555556,8,9-10
