,reject,pvals,pvals_corrected,tstats,effectsize,alpha,alpha_corrected,step,dimension_step
0,True,7.925092405245263e-57,7.132583164720736e-56,34.10439403648219,4.835253838160697,0.05,0.005555555555555556,0,1-2
1,True,2.8364247649969304e-55,2.2691398119975443e-54,32.78996390208608,4.648896521694844,0.05,0.005555555555555556,1,2-3
2,True,1.350445633442805e-37,6.752228167214025e-37,20.434971086980198,2.897229966183436,0.05,0.005555555555555556,2,3-4
3,True,2.3799004479447095e-40,1.4279402687668257e-39,22.09135990911867,3.132069512113033,0.05,0.005555555555555556,3,4-5
4,True,1.844076486544006e-48,1.2908535405808041e-47,27.505565902750813,3.899684977829802,0.05,0.005555555555555556,4,5-6
5,True,1.0137199293220782e-15,3.0411597879662345e-15,9.41881644928519,1.3353812514193828,0.05,0.005555555555555556,5,6-7
6,True,1.1584066303698727e-21,4.633626521479491e-21,12.161755118834245,1.7242696954007937,0.05,0.005555555555555556,6,7-8
7,False,0.9999435803644913,1.0,-4.022004847323831,-0.5702319283057828,0.05,0.005555555555555556,7,8-9
8,False,0.9999958312110018,1.0,-4.702301692278745,-0.666683075543236,0.05,0.005555555555555556,8,9-10
