,reject,pvals,pvals_corrected,tstats,effectsize,alpha,alpha_corrected,step,dimension_step
0,True,4.758253480885667e-59,3.3307774366199664e-58,36.06103542663724,5.112662602014727,0.05,0.005555555555555556,0,1-2
1,True,1.792294975179979e-59,1.4338359801439831e-58,36.44522442066065,5.1671321611555125,0.05,0.005555555555555556,1,2-3
2,True,5.562854459544387e-58,3.3377126757266325e-57,35.108905017174976,4.977671427216045,0.05,0.005555555555555556,2,3-4
3,True,4.076525297689141e-65,3.6688727679202264e-64,41.90907003490722,5.941785434547268,0.05,0.005555555555555556,3,4-5
4,True,2.821672902734874e-47,1.410836451367437e-46,26.6597390687487,3.779765314658156,0.05,0.005555555555555556,4,5-6
5,True,6.518130894163071e-43,2.6072523576652284e-42,23.71063145896556,3.3616466442575335,0.05,0.005555555555555556,5,6-7
6,True,1.6770367720958412e-42,5.031110316287524e-42,23.44594553494977,3.3241199950921683,0.05,0.005555555555555556,6,7-8
7,False,0.9999399864724915,1.0,-4.005050403474545,-0.5678281606385303,0.05,0.005555555555555556,7,8-9
8,False,0.9999662605286319,1.0,-4.161488154506352,-0.5900075969686589,0.05,0.005555555555555556,8,9-10
