,reject,pvals,pvals_corrected,tstats,effectsize,alpha,alpha_corrected,step,dimension_step
0,True,3.0172731552414333e-54,2.4138185241931466e-53,31.944711823315888,4.529058346188341,0.05,0.005555555555555556,0,1-2
1,True,5.51835692329684e-60,4.966521230967156e-59,36.9134433824762,5.233515323682795,0.05,0.005555555555555556,1,2-3
2,True,8.296732742142725e-34,4.978039645285635e-33,18.28445110240542,2.5923334769412234,0.05,0.005555555555555556,2,3-4
3,True,9.163448486646904e-41,6.4144139406528325e-40,22.348016861326514,3.1684578294637555,0.05,0.005555555555555556,3,4-5
4,True,1.0174652518333331e-31,5.087326259166665e-31,17.155766704371615,2.4323108252610006,0.05,0.005555555555555556,4,5-6
5,True,2.131027572345339e-23,8.524110289381356e-23,12.9820378510981,1.8405677661219138,0.05,0.005555555555555556,5,6-7
6,True,1.7090173897706694e-22,5.1270521693120085e-22,12.553022099124735,1.7797427574986384,0.05,0.005555555555555556,6,7-8
7,False,0.9999282876408292,1.0,-3.9559005244585146,-0.5608597875631086,0.05,0.005555555555555556,7,8-9
8,False,0.9999672321035084,1.0,-4.169328329559862,-0.591119161551181,0.05,0.005555555555555556,8,9-10
