,reject,pvals,pvals_corrected,tstats,effectsize,alpha,alpha_corrected,step,dimension_step
0,True,6.816670499607249e-43,6.135003449646525e-42,23.698041236437785,3.359861627296505,0.05,0.005555555555555556,0,1-2
1,True,1.451320622275474e-29,1.161056497820379e-28,16.029427349004795,2.2726206491129357,0.05,0.005555555555555556,1,2-3
2,True,1.0382536904412722e-12,7.267775833088905e-12,8.029375701842978,1.138389077924668,0.05,0.005555555555555556,2,3-4
3,True,1.7763510244721287e-10,8.881755122360644e-10,6.971126255581663,0.9883525550269793,0.05,0.005555555555555556,3,4-5
4,True,6.053181220046705e-11,3.631908732028023e-10,7.195908004691153,1.0202216688416825,0.05,0.005555555555555556,4,5-6
5,True,0.001502986597420213,0.004508959792260639,3.0422893356911995,0.43132979203384686,0.05,0.005555555555555556,5,6-7
6,True,0.00014301583182912508,0.0005720633273165003,3.7616098500281443,0.5333136382823639,0.05,0.005555555555555556,6,7-8
7,False,0.9523450356754077,1.0,-1.684115039542951,-0.23877051444289954,0.05,0.005555555555555556,7,8-9
8,False,0.6292456698407437,1.0,-0.33078141962385,-0.04689753839688634,0.05,0.005555555555555556,8,9-10
