,reject,pvals,pvals_corrected,tstats,effectsize,alpha,alpha_corrected,step,dimension_step
0,True,3.699620099878178e-27,2.9596960799025425e-26,14.811939673278623,2.1000076435667583,0.05,0.005555555555555556,0,1-2
1,True,2.3061492510700374e-32,2.0755343259630336e-31,17.50011005408631,2.481131147404007,0.05,0.005555555555555556,1,2-3
2,True,2.8414396165943664e-22,1.9890077316160564e-21,12.448803828213922,1.7649668962448386,0.05,0.005555555555555556,2,3-4
3,True,1.0147789297580862e-11,5.073894648790431e-11,7.564648440779532,1.0725009618551904,0.05,0.005555555555555556,3,4-5
4,True,6.515514732214149e-12,3.90930883932849e-11,7.655439261574132,1.0853731056688949,0.05,0.005555555555555556,4,5-6
5,True,0.0041286470142520475,0.01651458805700819,2.6955899117627644,0.38217543032770396,0.05,0.005555555555555556,5,6-7
6,False,0.8137263481540491,1.0,-0.8957722715569403,-0.12700082897031842,0.05,0.005555555555555556,6,7-8
7,False,0.9999999754792007,1.0,-5.908283118070047,-0.8376647476283673,0.05,0.005555555555555556,7,8-9
8,False,0.9999461833637858,1.0,-4.034943250087698,-0.5720663095751506,0.05,0.005555555555555556,8,9-10
