,reject,pvals,pvals_corrected,tstats,effectsize,alpha,alpha_corrected,step,dimension_step
0,True,1.393509009945244e-49,1.2541581089507196e-48,28.32529361240646,4.015904358538317,0.05,0.005555555555555556,0,1-2
1,True,7.536739055309607e-40,6.029391244247686e-39,21.78400231768569,3.088492957957742,0.05,0.005555555555555556,1,2-3
2,True,3.5654840905883697e-28,2.4958388634118587e-27,15.321088711986985,2.172193791808446,0.05,0.005555555555555556,2,3-4
3,True,1.0669580699765282e-23,6.40174841985917e-23,13.125435064792196,1.8608983407438884,0.05,0.005555555555555556,3,4-5
4,True,3.981495320504032e-17,1.990747660252016e-16,10.06323721958188,1.4267459594283967,0.05,0.005555555555555556,4,5-6
5,True,2.952874561706547e-10,1.1811498246826188e-09,6.8642561125996995,0.9732007165722174,0.05,0.005555555555555556,5,6-7
6,True,0.001086466388886499,0.0032593991666594975,3.1479807000306548,0.44631450557357777,0.05,0.005555555555555556,6,7-8
7,False,0.9996496292103066,1.0,-3.4992815076269435,-0.49612124239645894,0.05,0.005555555555555556,7,8-9
8,False,0.9962568600560557,1.0,-2.730535688954529,-0.3871299738130166,0.05,0.005555555555555556,8,9-10
