,reject,pvals,pvals_corrected,tstats,effectsize,alpha,alpha_corrected,step,dimension_step
0,True,1.0461179492549105e-55,9.415061543294195e-55,33.15208242394094,4.700236972746247,0.05,0.005555555555555556,0,1-2
1,True,2.4447634247428023e-50,1.955810739794242e-49,28.888372368969865,4.0957365559949706,0.05,0.005555555555555556,1,2-3
2,True,1.9296928309171916e-42,1.3507849816420342e-41,23.406817946116636,3.3185725625859344,0.05,0.005555555555555556,2,3-4
3,True,1.611719462777404e-32,8.05859731388702e-32,17.58375294183527,2.4929898713441068,0.05,0.005555555555555556,3,4-5
4,True,6.074863654123271e-34,3.644918192473963e-33,18.358933551437314,2.6028934519160556,0.05,0.005555555555555556,4,5-6
5,True,7.938868131764525e-25,3.17554725270581e-24,13.668056159399415,1.9378300911675983,0.05,0.005555555555555556,5,6-7
6,True,3.972970498016941e-21,1.1918911494050824e-20,11.911186958387121,1.68874463495765,0.05,0.005555555555555556,6,7-8
7,False,0.9999999999489949,1.0,-7.2314772116265695,-1.0252646009685757,0.05,0.005555555555555556,7,8-9
8,False,0.99999893141337,1.0,-5.036018007749533,-0.7139967176947684,0.05,0.005555555555555556,8,9-10
