,reject,pvals,pvals_corrected,tstats,effectsize,alpha,alpha_corrected,step,dimension_step
0,True,2.104309895418532e-43,1.893878905876679e-42,24.03005045569358,3.406933240707787,0.05,0.005555555555555556,0,1-2
1,True,3.947625271359625e-32,3.1581002170877e-31,17.37500480810978,2.4633939719498716,0.05,0.005555555555555556,1,2-3
2,True,4.938061379622384e-27,3.456642965735669e-26,14.749572602454663,2.091165363060211,0.05,0.005555555555555556,2,3-4
3,True,1.0243717634800599e-25,6.146230580880359e-25,14.100547837122766,1.9991479096999374,0.05,0.005555555555555556,3,4-5
4,True,9.942017587294836e-21,4.9710087936474184e-20,11.725360299461208,1.6623984971302799,0.05,0.005555555555555556,4,5-6
5,True,5.659765289991629e-16,2.2639061159966516e-15,9.534868222781707,1.3518348433707346,0.05,0.005555555555555556,5,6-7
6,True,7.052308409696554e-08,2.1156925229089663e-07,5.670617645476487,0.8039690048649277,0.05,0.005555555555555556,6,7-8
7,False,0.9999999999995901,1.0,-8.21735236633789,-1.1650400393084528,0.05,0.005555555555555556,7,8-9
8,False,0.9999999999999999,1.0,-10.035098752568274,-1.4227565429771922,0.05,0.005555555555555556,8,9-10
