,reject,pvals,pvals_corrected,tstats,effectsize,alpha,alpha_corrected,step,dimension_step
0,True,3.6239272848529776e-55,3.26153455636768e-54,32.701520268984744,4.6363571575309,0.05,0.005555555555555556,0,1-2
1,True,4.7488912637721595e-46,3.7991130110177276e-45,25.805296973244285,3.6586241966733506,0.05,0.005555555555555556,1,2-3
2,True,1.8583949534864933e-37,1.3008764674405452e-36,20.353733927356338,2.8857123216402623,0.05,0.005555555555555556,2,3-4
3,True,4.3110623842845745e-35,2.1555311921422875e-34,18.99791927241426,2.6934875893336154,0.05,0.005555555555555556,3,4-5
4,True,9.639500837660172e-37,5.7837005025961036e-36,19.93804157143354,2.8267762778765277,0.05,0.005555555555555556,4,5-6
5,True,2.2689730501717612e-32,9.075892200687045e-32,17.50389969509653,2.4816684352449907,0.05,0.005555555555555556,5,6-7
6,True,6.307008486059878e-17,1.8921025458179634e-16,9.971648909893018,1.4137607492094437,0.05,0.005555555555555556,6,7-8
7,False,0.9999999987449085,1.0,-6.556945097973008,-0.9296307659848169,0.05,0.005555555555555556,7,8-9
8,False,0.9999999867473398,1.0,-6.044819564510707,-0.8570226161773526,0.05,0.005555555555555556,8,9-10
