,reject,pvals,pvals_corrected,tstats,effectsize,alpha,alpha_corrected,step,dimension_step
0,True,3.234866182470026e-37,2.9113795642230233e-36,20.213179327509447,2.8657847672127064,0.05,0.005555555555555556,0,1-2
1,True,5.668928160019437e-28,4.5351425280155496e-27,15.21962182225398,2.157808015960826,0.05,0.005555555555555556,1,2-3
2,True,2.8687354610667237e-26,2.0081148227467067e-25,14.371682647414376,2.0375888692642405,0.05,0.005555555555555556,2,3-4
3,True,1.8449844829287972e-22,7.379937931715189e-22,12.53731601651745,1.777515980030371,0.05,0.005555555555555556,3,4-5
4,True,6.67513820719575e-24,4.0050829243174496e-23,13.22290296488006,1.8747171477132532,0.05,0.005555555555555556,4,5-6
5,True,1.0154749837621414e-22,5.077374918810707e-22,12.659951127045975,1.794902944544152,0.05,0.005555555555555556,5,6-7
6,True,1.2533700540080316e-13,3.760110162024095e-13,8.455972964549908,1.198871197901525,0.05,0.005555555555555556,6,7-8
7,False,0.9999999996820692,1.0,-6.848676066113944,-0.9709918082571074,0.05,0.005555555555555556,7,8-9
8,False,0.9999722893249223,1.0,-4.214135290021247,-0.5974718041847217,0.05,0.005555555555555556,8,9-10
