,reject,pvals,pvals_corrected,tstats,effectsize,alpha,alpha_corrected,step,dimension_step
0,True,2.8716156627958144e-43,2.584454096516233e-42,23.941916360230554,3.3944377621807518,0.05,0.005555555555555556,0,1-2
1,True,3.4380052721874895e-29,2.7504042177499916e-28,15.83723728625327,2.2453723204201115,0.05,0.005555555555555556,1,2-3
2,True,3.4761785269275175e-28,2.4333249688492623e-27,15.326647393955447,2.1729818907934146,0.05,0.005555555555555556,2,3-4
3,True,1.0826120375042752e-27,6.49567222502565e-27,15.078514452977732,2.1378020909719266,0.05,0.005555555555555556,3,4-5
4,True,3.482233268345098e-13,1.0446699805035293e-12,8.250235984814038,1.1697022139912612,0.05,0.005555555555555556,4,5-6
5,True,4.9387480380183175e-25,2.4693740190091587e-24,13.767913813105013,1.9519877126996863,0.05,0.005555555555555556,5,6-7
6,True,2.3114578164309427e-15,9.24583126572377e-15,9.254606318275558,1.3120998623590807,0.05,0.005555555555555556,6,7-8
7,False,0.9999999999693141,1.0,-7.336741135503206,-1.040188712841078,0.05,0.005555555555555556,7,8-9
8,False,0.9999974739820501,1.0,-4.826575982399861,-0.6843024397122646,0.05,0.005555555555555556,8,9-10
