,reject,pvals,pvals_corrected,tstats,effectsize,alpha,alpha_corrected,step,dimension_step
0,True,1.64580845307472e-55,1.481227607767248e-54,32.98716021655142,4.676854626898816,0.05,0.005555555555555556,0,1-2
1,True,6.763006099133242e-41,4.73410426939327e-40,22.430118894868457,3.18009809412818,0.05,0.005555555555555556,1,2-3
2,True,4.93842834848744e-48,3.950742678789952e-47,27.19780039223122,3.856050589709565,0.05,0.005555555555555556,2,3-4
3,True,6.264634802747116e-39,3.7587808816482694e-38,21.2266903023705,3.0094783577210915,0.05,0.005555555555555556,3,4-5
4,True,8.551484476055751e-39,4.2757422380278755e-38,21.14558464122439,2.9979793567731847,0.05,0.005555555555555556,4,5-6
5,True,1.2456841549664104e-18,3.737052464899231e-18,10.754315682244913,1.5247257031965196,0.05,0.005555555555555556,5,6-7
6,True,1.2870682050083729e-31,5.1482728200334916e-31,17.101555890964693,2.4246249228721406,0.05,0.005555555555555556,6,7-8
7,False,0.999888571825429,1.0,-3.8325787751614846,-0.5433754727566561,0.05,0.005555555555555556,7,8-9
8,False,0.9999999952846722,1.0,-6.271328313814247,-0.889136580679268,0.05,0.005555555555555556,8,9-10
