,reject,pvals,pvals_corrected,tstats,effectsize,alpha,alpha_corrected,step,dimension_step
0,True,4.1306301175939246e-70,3.717567105834532e-69,47.342573199656094,6.71213681519066,0.05,0.005555555555555556,0,1-2
1,True,1.2058669296355298e-66,9.646935437084239e-66,43.50932362882949,6.168666238345336,0.05,0.005555555555555556,1,2-3
2,True,6.720071358091359e-48,4.0320428148548153e-47,27.102100390872017,3.842482431941124,0.05,0.005555555555555556,2,3-4
3,True,2.1313050238442221e-50,1.4919135166909554e-49,28.933136376985107,4.1020831089152665,0.05,0.005555555555555556,3,4-5
4,True,4.451096295567272e-37,2.2255481477836358e-36,20.132516746117574,2.854348585239973,0.05,0.005555555555555556,4,5-6
5,True,4.124293235523255e-34,1.649717294209302e-33,18.451704817830773,2.6160463794074564,0.05,0.005555555555555556,5,6-7
6,True,4.82501881368223e-31,1.4475056441046689e-30,16.798374402645162,2.3816404483939215,0.05,0.005555555555555556,6,7-8
7,False,0.9862824942630263,1.0,-2.2383952707650994,-0.31735527430013516,0.05,0.005555555555555556,7,8-9
8,False,0.9999970081604576,1.0,-4.784793241164832,-0.6783785649262345,0.05,0.005555555555555556,8,9-10
