,reject,pvals,pvals_corrected,tstats,effectsize,alpha,alpha_corrected,step,dimension_step
0,True,7.555342325037328e-26,6.799808092533596e-25,14.165228947042081,2.0083182701132993,0.05,0.005555555555555556,0,1-2
1,True,7.68166169732958e-15,6.145329357863664e-14,9.015068523112353,1.278138665388143,0.05,0.005555555555555556,1,2-3
2,True,9.084164305782485e-09,5.4504985834694916e-08,6.1279895676638185,0.8688142954705175,0.05,0.005555555555555556,2,3-4
3,True,1.0265103770749869e-06,5.1325518853749345e-06,5.045683688376798,0.7153670988632895,0.05,0.005555555555555556,3,4-5
4,True,1.479769164968526e-11,1.0358384154779683e-10,7.487149639874681,1.0615133344507222,0.05,0.005555555555555556,4,5-6
5,False,0.15821500481821035,0.6328600192728414,1.0069157346789324,0.14275853034076966,0.05,0.005555555555555556,5,6-7
6,False,0.49031189071055725,1.0,0.024348319445870775,0.003452056791493519,0.05,0.005555555555555556,6,7-8
7,False,0.9999985753704761,1.0,-4.966536029937577,-0.7041456996840433,0.05,0.005555555555555556,7,8-9
8,False,0.9988069852639603,1.0,-3.1177627820645752,-0.4420302686605743,0.05,0.005555555555555556,8,9-10
