,reject,pvals,pvals_corrected,tstats,effectsize,alpha,alpha_corrected,step,dimension_step
0,True,3.3709758444837733e-28,3.033878260035396e-27,15.333382872116314,2.173936833625542,0.05,0.005555555555555556,0,1-2
1,True,6.717564965247578e-20,4.702295475673305e-19,11.339922589702214,1.6077518975311074,0.05,0.005555555555555556,1,2-3
2,True,1.3877337708096217e-20,1.1101870166476973e-19,11.65792972426489,1.6528383229433816,0.05,0.005555555555555556,2,3-4
3,True,3.431733413781305e-18,2.059040048268783e-17,10.551861097756198,1.4960220908216708,0.05,0.005555555555555556,3,4-5
4,True,1.7156418928341468e-10,6.862567571336587e-10,6.9784201391399945,0.9893866674769115,0.05,0.005555555555555556,4,5-6
5,True,2.2696359608177696e-12,1.1348179804088848e-11,7.8705881402380555,1.1158764900780382,0.05,0.005555555555555556,5,6-7
6,False,0.9997237474137888,1.0,-3.570088840520561,-0.5061601666411631,0.05,0.005555555555555556,6,7-8
7,False,0.9986905141727995,1.0,-3.0874754761810452,-0.437736194065253,0.05,0.005555555555555556,7,8-9
8,False,0.9936499533917433,1.0,-2.5382384237167313,-0.35986644616276037,0.05,0.005555555555555556,8,9-10
