,reject,pvals,pvals_corrected,tstats,effectsize,alpha,alpha_corrected,step,dimension_step
0,True,6.968105824385997e-58,6.271295241947397e-57,35.02277319746046,4.965459827402341,0.05,0.005555555555555556,0,1-2
1,True,3.5959653399041796e-47,2.8767722719233436e-46,26.585526006641985,3.769243532831178,0.05,0.005555555555555556,1,2-3
2,True,2.1986825651800466e-39,1.5390777956260326e-38,21.501065979518923,3.0483788010073933,0.05,0.005555555555555556,2,3-4
3,True,6.594257488951519e-38,3.956554493370911e-37,20.6180930317967,2.9231926349697006,0.05,0.005555555555555556,3,4-5
4,True,1.2325100606967128e-31,4.930040242786851e-31,17.111539083046654,2.4260403201895584,0.05,0.005555555555555556,4,5-6
5,True,6.748001496699587e-27,2.024400449009876e-26,14.682236540753783,2.081618588810608,0.05,0.005555555555555556,5,6-7
6,True,4.4637836400554746e-33,2.2318918200277375e-32,17.88520495667024,2.535729144476854,0.05,0.005555555555555556,6,7-8
7,False,0.9999999984313604,1.0,-6.509148313173466,-0.9228542319432942,0.05,0.005555555555555556,7,8-9
8,False,0.9999927564138588,1.0,-4.563074408426329,-0.6469437053640166,0.05,0.005555555555555556,8,9-10
