,reject,pvals,pvals_corrected,tstats,effectsize,alpha,alpha_corrected,step,dimension_step
0,True,7.004150443894947e-09,6.303735399505453e-08,6.184989045272044,0.8768955691792221,0.05,0.005555555555555556,0,1-2
1,True,0.0018308345398274674,0.010985007238964804,2.9767856267412514,0.42204280514954134,0.05,0.005555555555555556,1,2-3
2,True,8.932902652233534e-06,7.146322121786827e-05,4.509610621289358,0.6393637148888858,0.05,0.005555555555555556,2,3-4
3,True,3.540138502753017e-05,0.0002478096951927112,4.148566774183823,0.5881756291075084,0.05,0.005555555555555556,3,4-5
4,False,0.983778900268712,1.0,-2.1694469971364283,-0.30757992381770294,0.05,0.005555555555555556,4,5-6
5,False,0.20522700593614274,1.0,0.8265957488430739,0.11719311778198807,0.05,0.005555555555555556,5,6-7
6,False,0.5757743724677853,1.0,-0.1915957915301013,-0.027164074089114566,0.05,0.005555555555555556,6,7-8
7,False,0.7604308605533872,1.0,-0.7103805485892448,-0.10071635550675653,0.05,0.005555555555555556,7,8-9
8,False,0.9979494931328362,1.0,-2.938718853989078,-0.4166457730586195,0.05,0.005555555555555556,8,9-10
