,reject,pvals,pvals_corrected,tstats,effectsize,alpha,alpha_corrected,step,dimension_step
0,True,1.2302995762089846e-54,1.107269618588086e-53,32.263263955495795,4.574222040289738,0.05,0.005555555555555556,0,1-2
1,True,1.5598699114715636e-46,1.2478959291772509e-45,26.139750346607926,3.706042337441734,0.05,0.005555555555555556,1,2-3
2,True,9.234773187660168e-43,6.464341231362118e-42,23.612811111119814,3.347777867938993,0.05,0.005555555555555556,2,3-4
3,True,1.7581400163244361e-40,1.0548840097946616e-39,22.17257267506259,3.143583698168294,0.05,0.005555555555555556,3,4-5
4,True,3.902076495450355e-30,1.560830598180142e-29,16.32416806468868,2.314408407465957,0.05,0.005555555555555556,4,5-6
5,True,2.0052373291324583e-37,1.0026186645662292e-36,20.33441353396456,2.8829731143052064,0.05,0.005555555555555556,5,6-7
6,True,4.0165752438558086e-30,1.560830598180142e-29,16.317652057145573,2.313484580745899,0.05,0.005555555555555556,6,7-8
7,False,0.9999973747350233,1.0,-4.817079403411294,-0.6829560334411329,0.05,0.005555555555555556,7,8-9
8,False,0.9999455956733616,1.0,-4.031970506715568,-0.5716448398729009,0.05,0.005555555555555556,8,9-10
