,reject,pvals,pvals_corrected,tstats,effectsize,alpha,alpha_corrected,step,dimension_step
0,True,1.3733824321605434e-31,1.0987059457284347e-30,17.08660073831972,2.42250461077542,0.05,0.005555555555555556,0,1-2
1,True,1.1866462455675993e-31,1.0679816210108393e-30,17.120281815684226,2.4272798476092983,0.05,0.005555555555555556,1,2-3
2,True,9.515792814875754e-18,6.661054970413028e-17,10.348402079535365,1.4671760718099176,0.05,0.005555555555555556,2,3-4
3,True,2.466766477512446e-06,9.867065910049785e-06,4.832419971822363,0.6851309890263234,0.05,0.005555555555555556,3,4-5
4,True,7.645027799337432e-15,4.5870166796024595e-14,9.016022844782613,1.2782739672355834,0.05,0.005555555555555556,4,5-6
5,True,5.660506660817561e-06,1.6981519982452684e-05,4.625512280933935,0.6557960239938695,0.05,0.005555555555555556,5,6-7
6,True,5.722605146663662e-10,2.8613025733318307e-09,6.7243225295832705,0.9533612086881607,0.05,0.005555555555555556,6,7-8
7,False,0.9998274272055125,1.0,-3.707615982711408,-0.5256584940830237,0.05,0.005555555555555556,7,8-9
8,False,0.9991055561979212,1.0,-3.210178962810283,-0.4551328528079667,0.05,0.005555555555555556,8,9-10
