,reject,pvals,pvals_corrected,tstats,effectsize,alpha,alpha_corrected,step,dimension_step
0,True,6.90189056452478e-55,6.211701508072301e-54,32.469913987178714,4.6035204749073415,0.05,0.005555555555555556,0,1-2
1,True,1.4896347228515523e-48,1.1917077782812418e-47,27.572605462975897,3.90918971468395,0.05,0.005555555555555556,1,2-3
2,True,1.59731145429523e-36,8.916376988797903e-36,19.81155396542588,2.8088431141389147,0.05,0.005555555555555556,2,3-4
3,True,4.267699857622783e-43,2.987389900335948e-42,23.829929019913557,3.378560417563107,0.05,0.005555555555555556,3,4-5
4,True,2.7383434479849373e-33,1.0953373791939749e-32,18.000651306344807,2.552096900630752,0.05,0.005555555555555556,4,5-6
5,True,1.4860628314663171e-36,8.916376988797903e-36,19.829604736323816,2.8114023168965607,0.05,0.005555555555555556,5,6-7
6,True,2.4284252571680214e-27,7.285275771504064e-27,14.903053496608743,2.1129255820439874,0.05,0.005555555555555556,6,7-8
7,False,0.9999866935668559,1.0,-4.406942015802814,-0.6248075621477939,0.05,0.005555555555555556,7,8-9
8,False,0.999824037166578,1.0,-3.7019957927440204,-0.5248616746150708,0.05,0.005555555555555556,8,9-10
