,reject,pvals,pvals_corrected,tstats,effectsize,alpha,alpha_corrected,step,dimension_step
0,True,5.626027140284948e-68,5.063424426256453e-67,44.94707688173932,6.3725080637424885,0.05,0.005555555555555556,0,1-2
1,True,4.813113351312396e-54,2.5871267228184466e-53,31.77991733694599,4.505694108375601,0.05,0.005555555555555556,1,2-3
2,True,5.448424539686682e-57,3.8138971777806773e-56,34.24458883289226,4.8551303803654005,0.05,0.005555555555555556,2,3-4
3,True,4.5019226707504884e-66,3.6015381366003908e-65,42.904245503597686,6.082879453091668,0.05,0.005555555555555556,3,4-5
4,True,4.311877871364078e-54,2.5871267228184466e-53,31.818661231596515,4.511187141476082,0.05,0.005555555555555556,4,5-6
5,True,2.9426865750047026e-53,1.177074630001881e-52,31.147584635385044,4.416043222951675,0.05,0.005555555555555556,5,6-7
6,True,2.0839302654577755e-39,6.251790796373327e-39,21.515173798840664,3.0503789798538654,0.05,0.005555555555555556,6,7-8
7,False,0.9800177208966463,1.0,-2.0815405582773594,-0.2951167219957422,0.05,0.005555555555555556,7,8-9
8,False,0.9999979699520722,1.0,-4.880248392014544,-0.6919120082715274,0.05,0.005555555555555556,8,9-10
