,reject,pvals,pvals_corrected,tstats,effectsize,alpha,alpha_corrected,step,dimension_step
0,True,3.8044348797864906e-41,3.4239913918078415e-40,22.58617487862405,3.202223404245551,0.05,0.005555555555555556,0,1-2
1,True,2.307351690680319e-34,1.615146183476223e-33,18.591324295033637,2.6358413539877104,0.05,0.005555555555555556,1,2-3
2,True,1.834043905435231e-36,1.467235124348185e-35,19.777025730620988,2.8039477689911116,0.05,0.005555555555555556,2,3-4
3,True,8.185583124355203e-24,4.911349874613122e-23,13.180486153055305,1.8687033756474372,0.05,0.005555555555555556,3,4-5
4,True,2.0398889170260534e-17,1.0199444585130267e-16,10.196436186431022,1.4456306466920787,0.05,0.005555555555555556,4,5-6
5,True,4.811348325605601e-15,1.9245393302422405e-14,9.108433390883915,1.291375752514186,0.05,0.005555555555555556,5,6-7
6,True,7.76872917794107e-06,2.330618753382321e-05,4.545264146072947,0.6444186014342791,0.05,0.005555555555555556,6,7-8
7,False,0.9999977163370671,1.0,-4.851382759234025,-0.687819495689611,0.05,0.005555555555555556,7,8-9
8,False,0.9630976073118482,1.0,-1.8069682627443595,-0.2561884025419985,0.05,0.005555555555555556,8,9-10
