,reject,pvals,pvals_corrected,tstats,effectsize,alpha,alpha_corrected,step,dimension_step
0,True,3.27450870108809e-31,1.9647052206528542e-30,16.88703548481209,2.394210642058249,0.05,0.005555555555555556,0,1-2
1,True,1.9279170204511147e-36,1.7351253184060033e-35,19.764563411701392,2.8021808859518202,0.05,0.005555555555555556,1,2-3
2,True,3.8287057766494214e-35,3.062964621319537e-34,19.026869751712844,2.6975921312878084,0.05,0.005555555555555556,2,3-4
3,True,5.626324331232865e-35,3.938427031863006e-34,18.933045457742065,2.684289907619807,0.05,0.005555555555555556,3,4-5
4,True,2.4385110859495886e-15,9.754044343798354e-15,9.243941489103822,1.3105878238771536,0.05,0.005555555555555556,4,5-6
5,True,1.1781854085013609e-27,5.8909270425068045e-27,15.060102071489437,2.135191619776757,0.05,0.005555555555555556,5,6-7
6,True,5.680575528159815e-06,1.7041726584479447e-05,4.624619606654831,0.6556694623921695,0.05,0.005555555555555556,6,7-8
7,False,0.9999999975718017,1.0,-6.415127103504045,-0.909524089955248,0.05,0.005555555555555556,7,8-9
8,False,0.9999996268707826,1.0,-5.286117598439644,-0.7494553452403324,0.05,0.005555555555555556,8,9-10
