,reject,pvals,pvals_corrected,tstats,effectsize,alpha,alpha_corrected,step,dimension_step
0,True,1.8921117180921007e-31,1.7029005462828908e-30,17.01287261582677,2.4120515827320808,0.05,0.005555555555555556,0,1-2
1,True,1.7246911749657535e-14,1.2072838224760275e-13,8.85348816446842,1.2552301202760763,0.05,0.005555555555555556,1,2-3
2,True,2.082969143654344e-21,1.666375314923475e-20,12.042334628586147,1.707338493421088,0.05,0.005555555555555556,2,3-4
3,True,4.878262998783304e-06,2.9269577992699824e-05,4.662936897628179,0.6611020124632426,0.05,0.005555555555555556,3,4-5
4,True,0.00016759342544104316,0.0008379671272052158,3.716064113548342,0.5268562534395123,0.05,0.005555555555555556,4,5-6
5,False,0.5360305343163909,1.0,-0.0906688334948825,-0.01285484869453217,0.05,0.005555555555555556,5,6-7
6,False,0.8973468951912126,1.0,-1.2749636136124125,-0.1807618308549937,0.05,0.005555555555555556,6,7-8
7,False,0.8470711629795437,1.0,-1.0292769875315708,-0.1459288647430212,0.05,0.005555555555555556,7,8-9
8,False,0.9999999997875518,1.0,-6.93355077436478,-0.9830251772826242,0.05,0.005555555555555556,8,9-10
