,reject,pvals,pvals_corrected,tstats,effectsize,alpha,alpha_corrected,step,dimension_step
0,True,2.0218441744119e-54,1.81965975697071e-53,32.08654807054803,4.549167610058735,0.05,0.005555555555555556,0,1-2
1,True,1.0610470517880216e-34,8.488376414304173e-34,18.7789963358651,2.6624491264282666,0.05,0.005555555555555556,1,2-3
2,True,3.971444577927226e-29,2.780011204549058e-28,15.805194265693293,2.2408293240548,0.05,0.005555555555555556,2,3-4
3,True,1.0516969392913064e-09,5.2584846964565325e-09,6.594752867651553,0.9349910771299123,0.05,0.005555555555555556,3,4-5
4,True,3.621017199985517e-11,2.1726103199913103e-10,7.302492795208033,1.0353330505857767,0.05,0.005555555555555556,4,5-6
5,True,5.783537349728812e-06,2.313414939891525e-05,4.6200873281994745,0.6550268848763973,0.05,0.005555555555555556,5,6-7
6,False,0.3677354070798574,1.0,0.3388094915310782,0.04803574262537757,0.05,0.005555555555555556,6,7-8
7,False,0.9999839424730054,1.0,-4.3580344931419335,-0.6178735498792286,0.05,0.005555555555555556,7,8-9
8,False,0.999931899919429,1.0,-3.9702036771358475,-0.5628876603881438,0.05,0.005555555555555556,8,9-10
