,reject,pvals,pvals_corrected,tstats,effectsize,alpha,alpha_corrected,step,dimension_step
0,True,1.8623411948972183e-12,1.6761070754074965e-11,7.910802991563509,1.1215780725197158,0.05,0.005555555555555556,0,1-2
1,True,9.352057822219536e-12,7.481646257775629e-11,7.581400436019947,1.0748760267572794,0.05,0.005555555555555556,1,2-3
2,False,0.044038521742071096,0.2642311304524266,1.7226348552261237,0.2442317780685797,0.05,0.005555555555555556,2,3-4
3,False,0.01549339165866943,0.10845374161068601,2.1884717542934804,0.31027721642947925,0.05,0.005555555555555556,3,4-5
4,False,0.9656203113064546,1.0,-1.8400333000206412,-0.2608762984250933,0.05,0.005555555555555556,4,5-6
5,False,0.10127932915894108,0.5063966457947054,1.282796281847099,0.18187233113552337,0.05,0.005555555555555556,5,6-7
6,False,0.9537367648625322,1.0,-1.6986469360053198,-0.24083081811140217,0.05,0.005555555555555556,6,7-8
7,False,0.8400150267745776,1.0,-0.9995401496856989,-0.14171283442225946,0.05,0.005555555555555556,7,8-9
8,False,0.9536577305835586,1.0,-1.6978122209513615,-0.2407124738545271,0.05,0.005555555555555556,8,9-10
