,reject,pvals,pvals_corrected,tstats,effectsize,alpha,alpha_corrected,step,dimension_step
0,True,6.573781756063347e-64,5.916403580457013e-63,40.68271038868789,5.767914578492643,0.05,0.005555555555555556,0,1-2
1,True,7.416179971679559e-58,4.4497079830077353e-57,34.9989727589825,4.962085448095752,0.05,0.005555555555555556,1,2-3
2,True,1.496297387990406e-61,1.1970379103923248e-60,38.38002061599704,5.441443756299279,0.05,0.005555555555555556,2,3-4
3,True,5.604356919448287e-61,3.923049843613801e-60,37.83741240328644,5.364513832245509,0.05,0.005555555555555556,3,4-5
4,True,2.632946553479325e-54,1.3164732767396624e-53,31.992925087362657,4.535893927837527,0.05,0.005555555555555556,4,5-6
5,True,4.2190248385764855e-49,1.6876099354305942e-48,27.971406452615767,3.9657309337935964,0.05,0.005555555555555556,5,6-7
6,True,8.075006110938831e-32,2.4225018332816493e-31,17.209156116253048,2.4398802709588394,0.05,0.005555555555555556,6,7-8
7,False,0.9999999997846892,1.0,-6.930738057145613,-0.9826263957732654,0.05,0.005555555555555556,7,8-9
8,False,0.9822733117710435,1.0,-2.132331733841046,-0.3023177948641326,0.05,0.005555555555555556,8,9-10
