,reject,pvals,pvals_corrected,tstats,effectsize,alpha,alpha_corrected,step,dimension_step
0,True,3.7993459548919904e-60,3.0394767639135923e-59,37.06288072622414,5.254702256051356,0.05,0.005555555555555556,0,1-2
1,True,2.284095153875322e-55,1.5988666077127254e-54,32.86830745867903,4.6600039168975265,0.05,0.005555555555555556,1,2-3
2,True,3.203693501396132e-63,2.8833241512565188e-62,39.99850499704821,5.670909285201784,0.05,0.005555555555555556,2,3-4
3,True,1.845157421320148e-44,7.380629685280592e-44,24.728107566656455,3.5059024034915622,0.05,0.005555555555555556,3,4-5
4,True,1.4532070102331874e-49,7.266035051165937e-49,28.31182974007029,4.0139954772275885,0.05,0.005555555555555556,4,5-6
5,True,1.6567861444388163e-51,9.940716866632898e-51,29.776594076832897,4.221666880911114,0.05,0.005555555555555556,5,6-7
6,True,2.2489133306565633e-33,6.74673999196969e-33,18.04728485441946,2.5587085132597234,0.05,0.005555555555555556,6,7-8
7,False,0.9999999999468142,1.0,-7.222785801869938,-1.0240323500058457,0.05,0.005555555555555556,7,8-9
8,False,0.9999591044322444,1.0,-4.109647206851126,-0.582657689480032,0.05,0.005555555555555556,8,9-10
