,reject,pvals,pvals_corrected,tstats,effectsize,alpha,alpha_corrected,step,dimension_step
0,True,1.295581632356489e-20,1.0364653058851912e-19,11.671817730440184,1.654807337114742,0.05,0.005555555555555556,0,1-2
1,True,4.0562982431006418e-25,3.6506684187905774e-24,13.809393537188123,1.9578686263105296,0.05,0.005555555555555556,1,2-3
2,False,0.05156057446383865,0.25780287231919324,1.645098235316042,0.23323878876001197,0.05,0.005555555555555556,2,3-4
3,True,1.78431301718724e-08,1.070587810312344e-07,5.978987763802228,0.8476891130895043,0.05,0.005555555555555556,3,4-5
4,False,0.16431127887189056,0.6572451154875623,0.9817369888321162,0.13918873732918127,0.05,0.005555555555555556,4,5-6
5,True,2.519449002999292e-11,1.7636143020995044e-10,7.3774816842583055,1.0459648276292823,0.05,0.005555555555555556,5,6-7
6,False,0.5771196138630226,1.0,-0.19504073969306104,-0.027652492056881334,0.05,0.005555555555555556,6,7-8
7,False,0.9999992833530765,1.0,-5.131717637256458,-0.7275648227427257,0.05,0.005555555555555556,7,8-9
8,False,0.9977869937777663,1.0,-2.9129072177462074,-0.41298625009277995,0.05,0.005555555555555556,8,9-10
