,reject,pvals,pvals_corrected,tstats,effectsize,alpha,alpha_corrected,step,dimension_step
0,True,6.60119049000378e-62,5.941071441003402e-61,38.71967411369879,5.489599160457765,0.05,0.005555555555555556,0,1-2
1,True,2.2609646262055654e-51,1.8087717009644523e-50,29.672897947225003,4.206965047823195,0.05,0.005555555555555556,1,2-3
2,True,3.34338697905718e-33,2.006032187434308e-32,17.95343859634723,2.5454031755646636,0.05,0.005555555555555556,2,3-4
3,True,4.627078845790212e-34,3.238955192053148e-33,18.424121509275754,2.6121356722294555,0.05,0.005555555555555556,3,4-5
4,True,2.019700580309151e-25,1.0098502901545755e-24,13.956667648735172,1.97874885987685,0.05,0.005555555555555556,4,5-6
5,True,3.8335554344309135e-24,1.5334221737723654e-23,13.338425824904002,1.891095751353844,0.05,0.005555555555555556,5,6-7
6,True,8.403445943423267e-18,2.5210337830269802e-17,10.373187521199423,1.4706901029288533,0.05,0.005555555555555556,6,7-8
7,False,0.9999792549977783,1.0,-4.290848200643801,-0.6083480096123095,0.05,0.005555555555555556,7,8-9
8,False,0.9999989615494319,1.0,-5.042902121563688,-0.7149727337971692,0.05,0.005555555555555556,8,9-10
