,reject,pvals,pvals_corrected,tstats,effectsize,alpha,alpha_corrected,step,dimension_step
0,True,2.99018025286153e-34,2.691162227575377e-33,18.52893362325864,2.6269957273847933,0.05,0.005555555555555556,0,1-2
1,True,1.137964179886576e-13,7.965749259206032e-13,8.475384343866457,1.2016233050418523,0.05,0.005555555555555556,1,2-3
2,True,0.000326758813697548,0.001960552882185288,3.520164185042452,0.49908194728440963,0.05,0.005555555555555556,2,3-4
3,True,3.125718066882508e-16,2.5005744535060062e-15,9.653056211504028,1.3685913037107946,0.05,0.005555555555555556,3,4-5
4,False,0.3342391082968074,1.0,0.4295199892584378,0.0608964983927574,0.05,0.005555555555555556,4,5-6
5,False,0.04335141521351047,0.21675707606755235,1.7302438192780139,0.24531056201052492,0.05,0.005555555555555556,5,6-7
6,False,0.7989370565720674,1.0,-0.8414463116138821,-0.11929860133227733,0.05,0.005555555555555556,6,7-8
7,False,0.9986643365779945,1.0,-3.0810136912470734,-0.4368200549199589,0.05,0.005555555555555556,7,8-9
8,False,0.9958945099235735,1.0,-2.6976035223517365,-0.3824609160723993,0.05,0.005555555555555556,8,9-10
