{
  "data": {
    "name": "normal-8-100",
    "n_dimension": 8,
    "distance": "euclidean",
    "subject": null,
    "n_objects": 100,
    "n_train_triplets": 29473,
    "n_test_triplets": 10000,
    "frac_train_ndlogn": 7.999975790709088,
    "frac_train_triplets": 0.06075654504225933,
    "max_train_score": 0.8764292742510094,
    "max_test_score": 0.8783,
    "noise_sd": 0.5,
    "distance_sd": 1.0757167183486542,
    "distance_mean": 4.0681051308127465,
    "difference_sd": 0.9597349291024962,
    "difference_mean": -0.1385009070399749
  },
  "n_repeats": 10,
  "n_splits": 10,
  "embedding_method": "soe",
  "embedding_dimension": [
    1,
    2,
    3,
    4,
    5,
    6,
    7,
    8,
    9,
    10
  ],
  "random_state": 300876199,
  "alpha": 0.05
}