,reject,pvals,pvals_corrected,tstats,effectsize,alpha,alpha_corrected,step,dimension_step
0,True,1.3634338937485988e-41,1.227090504373739e-40,22.866360802781575,3.2419476129129747,0.05,0.005555555555555556,0,1-2
1,True,2.5038230045331635e-32,1.7526761031732144e-31,17.480939712777985,2.478413214157905,0.05,0.005555555555555556,1,2-3
2,True,1.8075690327670532e-28,9.037845163835266e-28,15.470242586406316,2.193340534453723,0.05,0.005555555555555556,2,3-4
3,True,1.9932410882672892e-32,1.5945928706138314e-31,17.534127289847287,2.4859540441134733,0.05,0.005555555555555556,3,4-5
4,True,4.910466251357151e-15,1.9641865005428604e-14,9.104365483057785,1.2907990125519238,0.05,0.005555555555555556,4,5-6
5,True,1.784222894790537e-30,1.0705337368743223e-29,16.500937638455202,2.3394704495919743,0.05,0.005555555555555556,5,6-7
6,False,0.06268526762386442,0.18805580287159326,1.5456886786727309,0.2191446975471542,0.05,0.005555555555555556,6,7-8
7,False,0.9999999967419585,1.0,-6.3515823348847835,-0.9005148377740587,0.05,0.005555555555555556,7,8-9
8,False,0.9999991677885972,1.0,-5.096014852011997,-0.7225029521461791,0.05,0.005555555555555556,8,9-10
