,reject,pvals,pvals_corrected,tstats,effectsize,alpha,alpha_corrected,step,dimension_step
0,True,2.6397327337237263e-67,2.3757594603513536e-66,44.21664067663099,6.26894825674215,0.05,0.005555555555555556,0,1-2
1,True,4.3394141385281235e-58,3.037589896969686e-57,35.20409527675954,4.991167314799311,0.05,0.005555555555555556,1,2-3
2,True,2.754836725838728e-55,1.652902035503237e-54,32.80051262415773,4.650392098740725,0.05,0.005555555555555556,2,3-4
3,True,1.687790848129433e-60,1.3502326785035464e-59,37.38955297890638,5.301017204849823,0.05,0.005555555555555556,3,4-5
4,True,5.10195885158338e-45,2.5509794257916903e-44,25.102639531166904,3.5590028080017784,0.05,0.005555555555555556,4,5-6
5,True,9.364110814093755e-45,3.745644325637502e-44,24.92520623398988,3.533846664477429,0.05,0.005555555555555556,5,6-7
6,True,9.43167628585188e-34,2.8295028857555643e-33,18.253862620222133,2.5879967021631103,0.05,0.005555555555555556,6,7-8
7,False,0.9971978907985047,1.0,-2.8320099633924545,-0.40151679664956047,0.05,0.005555555555555556,7,8-9
8,False,0.9901054722235979,1.0,-2.3687591696332304,-0.3358380112074508,0.05,0.005555555555555556,8,9-10
