,reject,pvals,pvals_corrected,tstats,effectsize,alpha,alpha_corrected,step,dimension_step
0,True,2.267580734580846e-55,2.0408226611227615e-54,32.87093510182771,4.660376458969566,0.05,0.005555555555555556,0,1-2
1,True,9.381963125954071e-29,6.5673741881678496e-28,15.614807344277365,2.213836641190322,0.05,0.005555555555555556,1,2-3
2,True,8.611165800723297e-39,6.888932640578638e-38,21.143774249206135,2.997722682957328,0.05,0.005555555555555556,2,3-4
3,True,3.831319482027669e-27,2.2987916892166015e-26,14.804378946846137,2.098935698659517,0.05,0.005555555555555556,3,4-5
4,True,5.36392657652751e-16,2.145570630611004e-15,9.54555627042629,1.353350173722027,0.05,0.005555555555555556,4,5-6
5,True,4.560183047771982e-08,1.3680549143315946e-07,5.769229559437635,0.8179500078687916,0.05,0.005555555555555556,5,6-7
6,True,3.136430622369925e-17,1.5682153111849624e-16,10.110747038516497,1.433481808014599,0.05,0.005555555555555556,6,7-8
7,False,0.9999999999999994,1.0,-9.531098465897063,-1.3513003746619252,0.05,0.005555555555555556,7,8-9
8,False,0.9999999976889832,1.0,-6.425795553809811,-0.9110366418344282,0.05,0.005555555555555556,8,9-10
