,reject,pvals,pvals_corrected,tstats,effectsize,alpha,alpha_corrected,step,dimension_step
0,True,3.3322161584930874e-38,2.66577292679447e-37,20.79341565543281,2.9480495313551365,0.05,0.005555555555555556,0,1-2
1,True,5.2727389860887765e-39,4.745465087479899e-38,21.27170212806027,3.015860045743352,0.05,0.005555555555555556,1,2-3
2,True,2.4480359401626686e-19,1.468821564097601e-18,11.080132306948865,1.570919342744875,0.05,0.005555555555555556,2,3-4
3,True,4.594707268816044e-17,2.297353634408022e-16,10.034713822932398,1.4227019684113078,0.05,0.005555555555555556,3,4-5
4,True,5.297624548499802e-13,2.119049819399921e-12,8.16552881128976,1.1576925977094157,0.05,0.005555555555555556,4,5-6
5,True,1.8316839019914604e-23,1.2821787313940222e-22,13.013376986857466,1.8450109670860773,0.05,0.005555555555555556,5,6-7
6,True,1.037464356131454e-07,3.112393068394362e-07,5.582653870132039,0.79149767398896,0.05,0.005555555555555556,6,7-8
7,False,0.9999999999999892,1.0,-8.94877075089713,-1.2687390977775226,0.05,0.005555555555555556,7,8-9
8,False,0.9999999995451666,1.0,-6.773001508284778,-0.9602628184441475,0.05,0.005555555555555556,8,9-10
