,reject,pvals,pvals_corrected,tstats,effectsize,alpha,alpha_corrected,step,dimension_step
0,True,3.2695645464231795e-67,2.9426080917808614e-66,44.11638447206654,6.254734129454004,0.05,0.005555555555555556,0,1-2
1,True,2.4942944646598338e-58,1.7460061252618836e-57,35.41711106735292,5.021368274181661,0.05,0.005555555555555556,1,2-3
2,True,1.4482461973943085e-59,1.1585969579154468e-58,36.52956006296799,5.17908910247293,0.05,0.005555555555555556,2,3-4
3,True,1.5697144538089228e-52,9.418286722853536e-52,30.572074740669795,4.3344485632035905,0.05,0.005555555555555556,3,4-5
4,True,2.502112868886755e-44,1.000845147554702e-43,24.639970367799314,3.4934064849714193,0.05,0.005555555555555556,4,5-6
5,True,4.729723571948504e-46,2.364861785974252e-45,25.80650616256828,3.6587956331549267,0.05,0.005555555555555556,5,6-7
6,True,1.2982313418029289e-32,3.894694025408787e-32,17.63435023901789,2.5001634565173574,0.05,0.005555555555555556,6,7-8
7,False,0.9999824183478273,1.0,-4.33431933559433,-0.6145112615350353,0.05,0.005555555555555556,7,8-9
8,False,0.9997673095630892,1.0,-3.6206443210273944,-0.5133278231284543,0.05,0.005555555555555556,8,9-10
