,reject,pvals,pvals_corrected,tstats,effectsize,alpha,alpha_corrected,step,dimension_step
0,True,3.799457815848711e-38,3.039566252678969e-37,20.759637698974306,2.943260559194057,0.05,0.005555555555555556,0,1-2
1,True,4.1292091605922186e-39,3.7162882445329966e-38,21.335645678077064,3.024925836365921,0.05,0.005555555555555556,1,2-3
2,True,8.818027457858682e-25,6.172619220501077e-24,13.645992079420635,1.9347018893502972,0.05,0.005555555555555556,2,3-4
3,True,6.893771727422786e-07,3.446885863711393e-06,5.140961201671309,0.7288753571057577,0.05,0.005555555555555556,3,4-5
4,True,3.5649188288313014e-09,2.138951297298781e-08,6.332077331584578,0.8977494568096654,0.05,0.005555555555555556,4,5-6
5,True,0.0012998824980511347,0.003899647494153404,3.0898760906207032,0.4380765484539246,0.05,0.005555555555555556,5,6-7
6,True,1.3555762109157074e-05,5.42230484366283e-05,4.40212515843192,0.6241246375936859,0.05,0.005555555555555556,6,7-8
7,False,0.9966515343823027,1.0,-2.769886944055622,-0.39270911728234387,0.05,0.005555555555555556,7,8-9
8,False,0.998867967840523,1.0,-3.134734861245816,-0.4444365366304692,0.05,0.005555555555555556,8,9-10
