,reject,pvals,pvals_corrected,tstats,effectsize,alpha,alpha_corrected,step,dimension_step
0,True,3.886746076893174e-50,3.498071469203856e-49,28.73752635696926,4.07434990541508,0.05,0.005555555555555556,0,1-2
1,True,1.5734347443656586e-38,1.258747795492527e-37,20.987241227565654,2.97552973934788,0.05,0.005555555555555556,1,2-3
2,True,2.855187526793145e-20,1.713112516075887e-19,11.512276083872653,1.6321878365868356,0.05,0.005555555555555556,2,3-4
3,True,2.708553393232141e-22,1.895987375262499e-21,12.458613600516488,1.7663577064473808,0.05,0.005555555555555556,3,4-5
4,True,5.899674829016497e-19,2.9498374145082487e-18,10.903852772483663,1.545926777426158,0.05,0.005555555555555556,4,5-6
5,True,2.9051706119992014e-18,1.1620682447996806e-17,10.585117469809216,1.500737113772691,0.05,0.005555555555555556,5,6-7
6,True,7.512340064720505e-05,0.00022537020194161514,3.9430129401881966,0.5590326112396995,0.05,0.005555555555555556,6,7-8
7,False,0.988209813260492,1.0,-2.299442220463265,-0.32601039063266113,0.05,0.005555555555555556,7,8-9
8,False,0.9995219069796065,1.0,-3.4052287011485713,-0.4827866206750509,0.05,0.005555555555555556,8,9-10
