,reject,pvals,pvals_corrected,tstats,effectsize,alpha,alpha_corrected,step,dimension_step
0,True,5.189427629780807e-25,4.670484866802726e-24,13.757486771873056,1.9505093873236792,0.05,0.005555555555555556,0,1-2
1,True,8.984834392579979e-13,6.289384074805985e-12,8.058666792319563,1.1425419110610466,0.05,0.005555555555555556,1,2-3
2,True,4.462986635494169e-14,3.5703893083953353e-13,8.663190180995882,1.2282500468581015,0.05,0.005555555555555556,2,3-4
3,True,7.5291619285470476e-06,3.764580964273524e-05,4.553239768386597,0.6455493694626611,0.05,0.005555555555555556,3,4-5
4,True,7.012359743475092e-11,4.207415846085055e-10,7.165316749626606,1.0158845009299238,0.05,0.005555555555555556,4,5-6
5,False,0.7367128435241992,1.0,-0.6354912125824812,-0.0900986928977492,0.05,0.005555555555555556,5,6-7
6,False,0.883933887978848,1.0,-1.202255732703415,-0.17045345065466852,0.05,0.005555555555555556,6,7-8
7,False,0.8025303572282677,1.0,-0.8544125370867177,-0.12113692725054227,0.05,0.005555555555555556,7,8-9
8,False,0.9999688547565322,1.0,-4.182934472167584,-0.5930482136608937,0.05,0.005555555555555556,8,9-10
