,reject,pvals,pvals_corrected,tstats,effectsize,alpha,alpha_corrected,step,dimension_step
0,True,3.458024458508969e-14,3.1122220126580724e-13,8.714295402909071,1.2354956445995968,0.05,0.005555555555555556,0,1-2
1,False,0.21244612289335524,1.0,0.801273556193817,0.11360298716518286,0.05,0.005555555555555556,1,2-3
2,False,0.03145909199955608,0.22021364399689256,1.8809447219595785,0.26667663927686885,0.05,0.005555555555555556,2,3-4
3,False,0.17329710598035386,1.0,0.9457194761882246,0.13408224530161197,0.05,0.005555555555555556,3,4-5
4,True,0.0007073267621526144,0.0056586140972209155,3.284174201632556,0.46562375207854995,0.05,0.005555555555555556,4,5-6
5,False,0.4379208040500977,1.0,0.15664758409948246,0.022209186049322073,0.05,0.005555555555555556,5,6-7
6,False,0.9517558316430621,1.0,-1.6780666498151777,-0.23791298565600416,0.05,0.005555555555555556,6,7-8
7,False,0.9058197723464394,1.0,-1.3245788557596774,-0.18779618219890576,0.05,0.005555555555555556,7,8-9
8,False,0.9982240436201475,1.0,-2.9869524148068276,-0.423484232344033,0.05,0.005555555555555556,8,9-10
