,reject,pvals,pvals_corrected,tstats,effectsize,alpha,alpha_corrected,step,dimension_step
0,True,8.784664894090103e-26,7.906198404681093e-25,14.133184120214963,2.003775017658989,0.05,0.005555555555555556,0,1-2
1,True,1.60466784457454e-14,1.123267491202178e-13,8.86790872308538,1.2572746386840705,0.05,0.005555555555555556,1,2-3
2,True,2.2151882862746332e-07,1.32911297176478e-06,5.407864445532165,0.7667163735130634,0.05,0.005555555555555556,2,3-4
3,True,2.4038076993906955e-16,1.9230461595125564e-15,9.705326665545048,1.3760021057691418,0.05,0.005555555555555556,3,4-5
4,True,0.005328239989838226,0.026641199949191133,2.603153605703374,0.36906999285296244,0.05,0.005555555555555556,4,5-6
5,True,0.005774182351124496,0.026641199949191133,2.573554008914759,0.36487342029908393,0.05,0.005555555555555556,5,6-7
6,False,0.9954452326090032,1.0,-2.660256540462179,-0.3771659345127789,0.05,0.005555555555555556,6,7-8
7,False,0.9984525652301168,1.0,-3.0326752235361036,-0.42996672214177645,0.05,0.005555555555555556,7,8-9
8,False,0.856518319669195,1.0,-1.070575732822548,-0.15178411953704585,0.05,0.005555555555555556,8,9-10
