,reject,pvals,pvals_corrected,tstats,effectsize,alpha,alpha_corrected,step,dimension_step
0,True,3.2063129600100843e-35,2.885681664009076e-34,19.070201052429482,2.7037355577881734,0.05,0.005555555555555556,0,1-2
1,True,4.882647797016028e-11,3.906118237612822e-10,7.240536458116065,1.0265490030990554,0.05,0.005555555555555556,1,2-3
2,True,1.1160778186738184e-07,7.812544730716729e-07,5.565937096995497,0.789127602807409,0.05,0.005555555555555556,2,3-4
3,True,1.3941414776728806e-06,8.364848866037283e-06,4.971780761078247,0.704889287338787,0.05,0.005555555555555556,3,4-5
4,True,0.00018734637338781217,0.0009367318669390608,3.6838478504940824,0.5222886950944594,0.05,0.005555555555555556,4,5-6
5,False,0.017011295417098254,0.06804518166839302,2.14961144871366,0.30476767881664485,0.05,0.005555555555555556,5,6-7
6,False,0.970285194991375,1.0,-1.9069240619942311,-0.2703599389561143,0.05,0.005555555555555556,6,7-8
7,False,0.8924912815602171,1.0,-1.24788291140565,-0.17692238221546464,0.05,0.005555555555555556,7,8-9
8,False,0.9983865113321175,1.0,-3.0188497842413065,-0.4280065785795447,0.05,0.005555555555555556,8,9-10
