,reject,pvals,pvals_corrected,tstats,effectsize,alpha,alpha_corrected,step,dimension_step
0,True,2.687320814672778e-59,2.4185887332055005e-58,36.28541978550478,5.144475374623351,0.05,0.005555555555555556,0,1-2
1,True,1.619134992049929e-51,1.2953079936399433e-50,29.784272473518893,4.222755508875216,0.05,0.005555555555555556,1,2-3
2,True,4.338512571807638e-40,2.169256285903819e-39,21.93089713747865,3.1093194162859574,0.05,0.005555555555555556,2,3-4
3,True,2.872613003602341e-46,2.0108291025216385e-45,25.955913503372624,3.6799783117652196,0.05,0.005555555555555556,3,4-5
4,True,1.2588897723222814e-41,7.553338633933688e-41,22.888242105415056,3.245049900918131,0.05,0.005555555555555556,4,5-6
5,True,7.289995168056281e-31,2.9159980672225125e-30,16.704235900960875,2.368293676974945,0.05,0.005555555555555556,5,6-7
6,True,1.0931843776115356e-27,3.279553132834607e-27,15.076398888149876,2.1375021503559806,0.05,0.005555555555555556,6,7-8
7,False,0.9999999998604238,1.0,-7.021654178009334,-0.995516304384066,0.05,0.005555555555555556,7,8-9
8,False,0.9999986751357314,1.0,-4.9841260555975095,-0.7066395788890087,0.05,0.005555555555555556,8,9-10
