,reject,pvals,pvals_corrected,tstats,effectsize,alpha,alpha_corrected,step,dimension_step
0,True,1.7044663066459293e-59,1.5340196759813363e-58,36.46508991641439,5.169948652030192,0.05,0.005555555555555556,0,1-2
1,True,4.6871370257680326e-35,2.8122822154608196e-34,18.977528310270447,2.6905965988687446,0.05,0.005555555555555556,1,2-3
2,True,6.527312103152963e-38,4.569118472207074e-37,20.620707150570652,2.9235632595825187,0.05,0.005555555555555556,2,3-4
3,True,1.628738074822912e-41,1.3029904598583296e-40,22.817645027536827,3.2350407862155364,0.05,0.005555555555555556,3,4-5
4,True,1.0367183609916344e-33,4.1468734439665376e-33,18.231317973956912,2.584800366603907,0.05,0.005555555555555556,4,5-6
5,True,5.043125360994575e-35,2.8122822154608196e-34,18.959691377348253,2.6880677136382727,0.05,0.005555555555555556,5,6-7
6,True,5.011780666147083e-17,1.503534199844125e-16,10.017414159790627,1.420249256232471,0.05,0.005555555555555556,6,7-8
7,False,0.9999976339660808,1.0,-4.842675795376322,-0.6865850394970555,0.05,0.005555555555555556,7,8-9
8,False,0.9999980559191747,1.0,-4.89083505553918,-0.6934129645819095,0.05,0.005555555555555556,8,9-10
