,reject,pvals,pvals_corrected,tstats,effectsize,alpha,alpha_corrected,step,dimension_step
0,True,5.009848537843404e-56,4.5088636840590636e-55,33.4215171883479,4.738436903152254,0.05,0.005555555555555556,0,1-2
1,True,5.42401690335119e-50,4.339213522680952e-49,28.62947871444992,4.059031123394294,0.05,0.005555555555555556,1,2-3
2,True,1.2137433488673885e-42,8.496203442071719e-42,23.536267510785613,3.3369256669907315,0.05,0.005555555555555556,2,3-4
3,True,2.46741781393843e-33,1.480450688363058e-32,18.025316542971268,2.5555938893161296,0.05,0.005555555555555556,3,4-5
4,True,4.601008283614761e-28,2.3005041418073805e-27,15.265260554968426,2.164278585626725,0.05,0.005555555555555556,4,5-6
5,True,6.441789011799332e-24,2.576715604719733e-23,13.230306273938798,1.8757667742951845,0.05,0.005555555555555556,5,6-7
6,True,9.027581379341047e-18,2.708274413802314e-17,10.358902808405643,1.4686648444742019,0.05,0.005555555555555556,6,7-8
7,False,0.9999991130112651,1.0,-5.080752220549643,-0.7203390463081267,0.05,0.005555555555555556,7,8-9
8,False,0.9999916239207033,1.0,-4.52606447019679,-0.6416965091909065,0.05,0.005555555555555556,8,9-10
