,reject,pvals,pvals_corrected,tstats,effectsize,alpha,alpha_corrected,step,dimension_step
0,True,7.705997576070853e-29,6.935397818463768e-28,15.658301582941169,2.2200031687120267,0.05,0.005555555555555556,0,1-2
1,True,2.601049847896693e-24,2.0808398783173543e-23,13.419396760461186,1.9025756511730147,0.05,0.005555555555555556,1,2-3
2,True,1.13662733200065e-06,6.8197639920039e-06,5.021146521636297,0.7118882676741858,0.05,0.005555555555555556,2,3-4
3,True,0.000558368382714368,0.00279184191357184,3.357608368076867,0.47603510361208423,0.05,0.005555555555555556,3,4-5
4,True,6.288580568111136e-09,4.402006397677795e-08,6.208550807530099,0.8802361094412838,0.05,0.005555555555555556,4,5-6
5,False,0.9363142636207024,1.0,-1.5374571205955716,-0.2179776434501352,0.05,0.005555555555555556,5,6-7
6,False,0.8973779460271072,1.0,-1.2751397942507838,-0.18078680939901895,0.05,0.005555555555555556,6,7-8
7,False,0.8666476630483406,1.0,-1.11698404026899,-0.15836379799322686,0.05,0.005555555555555556,7,8-9
8,False,0.8443945538353599,1.0,-1.017890956025451,-0.1443145756141045,0.05,0.005555555555555556,8,9-10
