,reject,pvals,pvals_corrected,tstats,effectsize,alpha,alpha_corrected,step,dimension_step
0,True,6.220769711185667e-44,5.5986927400671e-43,24.37776626725767,3.456231703851742,0.05,0.005555555555555556,0,1-2
1,True,5.695297993067019e-29,3.9867085951469136e-28,15.725230318259294,2.22949219302907,0.05,0.005555555555555556,1,2-3
2,True,6.436976526991668e-40,5.1495812215933346e-39,21.82589049980856,3.094431781945247,0.05,0.005555555555555556,2,3-4
3,True,1.2258932146799284e-10,4.903572858719714e-10,7.048803382139657,0.9993654650914437,0.05,0.005555555555555556,3,4-5
4,True,4.386281043724505e-13,2.1931405218622523e-12,8.20365735216505,1.1630983871632175,0.05,0.005555555555555556,4,5-6
5,True,2.7656758990355175e-19,1.6594055394213106e-18,11.055663268259739,1.5674501706167576,0.05,0.005555555555555556,5,6-7
6,True,3.7247409056868684e-08,1.1174222717060605e-07,5.814744670234486,0.8244030506626134,0.05,0.005555555555555556,6,7-8
7,False,0.999999999999569,1.0,-8.207173625258054,-1.1635969174391336,0.05,0.005555555555555556,7,8-9
8,False,0.9999999690412241,1.0,-5.85620072028751,-0.8302806078160828,0.05,0.005555555555555556,8,9-10
