,reject,pvals,pvals_corrected,tstats,effectsize,alpha,alpha_corrected,step,dimension_step
0,True,1.9281725145190194e-26,1.7353552630671175e-25,14.456694086066085,2.049641623656784,0.05,0.005555555555555556,0,1-2
1,True,1.3236581609115155e-16,1.0589265287292124e-15,9.824083092205422,1.3928391581208583,0.05,0.005555555555555556,1,2-3
2,True,4.213722142581004e-08,2.528233285548602e-07,5.787020407330634,0.8204723592545612,0.05,0.005555555555555556,2,3-4
3,True,4.379903329370807e-06,2.1899516646854037e-05,4.689948246219536,0.6649316282837302,0.05,0.005555555555555556,3,4-5
4,True,4.6201439452158534e-09,3.2341007616510976e-08,6.275765431880457,0.8897656665424287,0.05,0.005555555555555556,4,5-6
5,True,0.0005411097597896777,0.0021644390391587108,3.3672773254918513,0.4774059493571165,0.05,0.005555555555555556,5,6-7
6,True,0.0005774237424045658,0.0021644390391587108,3.3472533724056235,0.4745669927138241,0.05,0.005555555555555556,6,7-8
7,False,0.9999906756304547,1.0,-4.4986265543783235,-0.63780641550883,0.05,0.005555555555555556,7,8-9
8,False,0.9997093659675421,1.0,-3.5550479575556517,-0.5040276998684767,0.05,0.005555555555555556,8,9-10
