,reject,pvals,pvals_corrected,tstats,effectsize,alpha,alpha_corrected,step,dimension_step
0,True,1.4711648700821114e-23,1.1769318960656891e-22,13.058792582898548,1.8514499008737613,0.05,0.005555555555555556,0,1-2
1,True,1.837513832653997e-26,1.6537624493885972e-25,14.467011309314536,2.0511043792553108,0.05,0.005555555555555556,1,2-3
2,True,1.381931992382743e-09,8.291591954296458e-09,6.536325454137905,0.9267073534800077,0.05,0.005555555555555556,2,3-4
3,True,5.69578154816577e-17,3.987047083716039e-16,9.991942854188155,1.416637984674748,0.05,0.005555555555555556,3,4-5
4,True,0.010726898693730724,0.03218069608119217,2.3369929059008387,0.33133425288024626,0.05,0.005555555555555556,4,5-6
5,True,0.0009287762295511502,0.003715104918204601,3.198197044871923,0.45343408007393116,0.05,0.005555555555555556,5,6-7
6,True,0.0002465403685427355,0.0012327018427136776,3.6036633501058817,0.5109202945051307,0.05,0.005555555555555556,6,7-8
7,False,0.999999885087509,1.0,-5.559252124108077,-0.788179820513511,0.05,0.005555555555555556,7,8-9
8,False,0.9768566814342149,1.0,-2.018096808647018,-0.2861217920879051,0.05,0.005555555555555556,8,9-10
