,reject,pvals,pvals_corrected,tstats,effectsize,alpha,alpha_corrected,step,dimension_step
0,True,4.253933787483601e-67,3.403147029986881e-66,43.99335450700533,6.23729118324201,0.05,0.005555555555555556,0,1-2
1,True,4.461213274294537e-64,3.122849292006176e-63,40.85175805116124,5.791881823239229,0.05,0.005555555555555556,1,2-3
2,True,1.9227587855447512e-69,1.7304829069902762e-68,46.58065099788924,6.6041129855770295,0.05,0.005555555555555556,2,3-4
3,True,2.21878879653136e-47,1.331273277918816e-46,26.733460031980172,3.7902173276754985,0.05,0.005555555555555556,3,4-5
4,True,1.1411127696524642e-43,5.705563848262321e-43,24.204216850155696,3.43162620919744,0.05,0.005555555555555556,4,5-6
5,True,1.053723805781295e-36,4.21489522312518e-36,19.915704459954025,2.823609366190625,0.05,0.005555555555555556,5,6-7
6,True,9.603209555736173e-36,2.880962866720852e-35,19.36618817808213,2.745700029692502,0.05,0.005555555555555556,6,7-8
7,False,0.9659801427010524,1.0,-1.844913081977895,-0.2615681443031628,0.05,0.005555555555555556,7,8-9
8,False,0.9987700058729078,1.0,-3.1078596698524863,-0.44062622490943726,0.05,0.005555555555555556,8,9-10
