,reject,pvals,pvals_corrected,tstats,effectsize,alpha,alpha_corrected,step,dimension_step
0,True,1.2771816222517475e-66,1.1494634600265728e-65,43.482772418494804,6.164901860020911,0.05,0.005555555555555556,0,1-2
1,True,5.087379715558899e-62,4.069903772447119e-61,38.828342894919246,5.505006006300633,0.05,0.005555555555555556,1,2-3
2,True,4.735619177733622e-61,3.3149334244135356e-60,37.90624536933829,5.374272834646729,0.05,0.005555555555555556,2,3-4
3,True,5.150997859233414e-56,3.0905987155400487e-55,33.41131619697895,4.736990626680754,0.05,0.005555555555555556,3,4-5
4,True,1.350393494648606e-47,5.401573978594424e-47,26.886246979430737,3.811879160261966,0.05,0.005555555555555556,4,5-6
5,True,9.526213750087023e-38,2.857864125026107e-37,20.523993671968544,2.9098514130060193,0.05,0.005555555555555556,5,6-7
6,True,4.7564460231292235e-54,2.3782230115646118e-53,31.78408802766674,4.506285420694293,0.05,0.005555555555555556,6,7-8
7,False,0.9999994695002619,1.0,-5.203158638577052,-0.7376935872493733,0.05,0.005555555555555556,7,8-9
8,False,0.9999888946828616,1.0,-4.453699803090881,-0.6314367891678278,0.05,0.005555555555555556,8,9-10
