{
  "data": {
    "name": "normal-8-100",
    "n_dimension": 8,
    "distance": "euclidean",
    "subject": null,
    "n_objects": 100,
    "n_train_triplets": 7368,
    "n_test_triplets": 10000,
    "frac_train_ndlogn": 1.9999260891644746,
    "frac_train_triplets": 0.015188620902906617,
    "max_train_score": 0.8735070575461455,
    "max_test_score": 0.8693,
    "noise_sd": 0.5,
    "distance_sd": 1.0677343611580963,
    "distance_mean": 3.8542975927879657,
    "difference_sd": 0.9329793140826097,
    "difference_mean": -0.1563286912384463
  },
  "n_repeats": 10,
  "n_splits": 10,
  "embedding_method": "soe",
  "embedding_dimension": [
    1,
    2,
    3,
    4,
    5,
    6,
    7,
    8,
    9,
    10
  ],
  "random_state": 1668072130,
  "alpha": 0.05
}