,reject,pvals,pvals_corrected,tstats,effectsize,alpha,alpha_corrected,step,dimension_step
0,True,3.0029673195369586e-22,2.402373855629567e-21,12.437481914875727,1.7633616976635276,0.05,0.005555555555555556,0,1-2
1,True,3.224945276643693e-23,2.9024507489793237e-22,12.896363796017965,1.8284210672767773,0.05,0.005555555555555556,1,2-3
2,True,1.1160967587820722e-06,6.6965805526924335e-06,5.025540341186757,0.7125112147590342,0.05,0.005555555555555556,2,3-4
3,True,0.0015785010714029026,0.007892505357014513,3.026106221986623,0.42903538203583486,0.05,0.005555555555555556,3,4-5
4,True,1.974429877216904e-08,1.3821009140518327e-07,5.956508338784605,0.8445020244703711,0.05,0.005555555555555556,4,5-6
5,False,0.05881174455377972,0.17643523366133917,1.578575504808045,0.22380732700556352,0.05,0.005555555555555556,5,6-7
6,False,0.8908193378476836,1.0,-1.2387658187081891,-0.17562977876351332,0.05,0.005555555555555556,6,7-8
7,False,0.028108428276077436,0.11243371310430975,1.9320116648298038,0.2739168098910206,0.05,0.005555555555555556,7,8-9
8,False,0.9687415137941742,1.0,-1.8838700044205463,-0.2670913800645799,0.05,0.005555555555555556,8,9-10
