,reject,pvals,pvals_corrected,tstats,effectsize,alpha,alpha_corrected,step,dimension_step
0,True,3.68158234321416e-37,3.313424108892744e-36,20.180463346707167,2.8611463598692364,0.05,0.005555555555555556,0,1-2
1,True,5.993675665525803e-30,4.7949405324206425e-29,16.227591775626895,2.3007160113523715,0.05,0.005555555555555556,1,2-3
2,True,7.269312299861157e-22,5.08851860990281e-21,12.256769459050487,1.7377406414823877,0.05,0.005555555555555556,2,3-4
3,True,3.93042286741922e-14,2.358253720451532e-13,8.688648940322985,1.2318595396296046,0.05,0.005555555555555556,3,4-5
4,True,3.2601149244081093e-13,1.6300574622040547e-12,8.263529656339896,1.1715869645662131,0.05,0.005555555555555556,4,5-6
5,True,0.0007936677981899638,0.0031746711927598554,3.248006704919812,0.4604959956050032,0.05,0.005555555555555556,5,6-7
6,False,0.7782366127501261,1.0,-0.7693339100198645,-0.10907464701678747,0.05,0.005555555555555556,6,7-8
7,False,0.9994858252676082,1.0,-3.382961958791764,-0.4796296857848161,0.05,0.005555555555555556,7,8-9
8,False,0.9999997736742199,1.0,-5.402878521477286,-0.7660094790173764,0.05,0.005555555555555556,8,9-10
