,reject,pvals,pvals_corrected,tstats,effectsize,alpha,alpha_corrected,step,dimension_step
0,True,2.4598978093465745e-13,1.9679182474772596e-12,8.320296900295439,1.1796353126448866,0.05,0.005555555555555556,0,1-2
1,True,1.5550799258134977e-23,1.399571933232148e-22,13.047294262905654,1.8498196917042753,0.05,0.005555555555555556,1,2-3
2,False,0.3834192026017589,1.0,0.2973289073427426,0.04215470707050905,0.05,0.005555555555555556,2,3-4
3,False,0.9304432460798553,1.0,-1.4911047711718788,-0.2114058986122435,0.05,0.005555555555555556,3,4-5
4,False,0.13587669029686986,0.951136832078089,1.1051959796922082,0.156692509974229,0.05,0.005555555555555556,4,5-6
5,False,0.9019488320304694,1.0,-1.3015164426433226,-0.18452643867498286,0.05,0.005555555555555556,5,6-7
6,False,0.9709969560944546,1.0,-1.9178951488848364,-0.2719153980544301,0.05,0.005555555555555556,6,7-8
7,False,0.8249647790854657,1.0,-0.9388935962632812,-0.13311448548536656,0.05,0.005555555555555556,7,8-9
8,False,0.9399723570752314,1.0,-1.5680716548275275,-0.22231811183641462,0.05,0.005555555555555556,8,9-10
