,reject,pvals,pvals_corrected,tstats,effectsize,alpha,alpha_corrected,step,dimension_step
0,True,6.49200334597253e-45,5.842803011375277e-44,25.032128150038986,3.549005843215714,0.05,0.005555555555555556,0,1-2
1,True,9.225185076027473e-35,7.380148060821979e-34,18.812907971186203,2.6672570513152847,0.05,0.005555555555555556,1,2-3
2,True,5.4706150554301765e-31,3.829430538801123e-30,16.76970192007119,2.3775753202679946,0.05,0.005555555555555556,2,3-4
3,True,9.640536813353417e-27,5.78432208801205e-26,14.605457262848478,2.0707329739603426,0.05,0.005555555555555556,3,4-5
4,True,6.373311589623454e-16,2.5493246358493817e-15,9.511228681863725,1.348483275803407,0.05,0.005555555555555556,4,5-6
5,True,2.2792020678925765e-16,1.1396010339462881e-15,9.715921179779116,1.3775041751376498,0.05,0.005555555555555556,5,6-7
6,False,0.27145625568592424,0.8143687670577727,0.6105259594214331,0.08655916845880206,0.05,0.005555555555555556,6,7-8
7,False,0.9999999997434119,1.0,-6.893847871428332,-0.9773961778755619,0.05,0.005555555555555556,7,8-9
8,False,0.9999999999907994,1.0,-7.584748724392865,-1.0753507404903282,0.05,0.005555555555555556,8,9-10
