,reject,pvals,pvals_corrected,tstats,effectsize,alpha,alpha_corrected,step,dimension_step
0,True,1.1560013625743579e-07,9.248010900594863e-07,5.557884832762122,0.7879859686385491,0.05,0.005555555555555556,0,1-2
1,True,1.9292387176697706e-08,1.7363148459027935e-07,5.961652361460587,0.8452313338772769,0.05,0.005555555555555556,1,2-3
2,False,0.025879007491323394,0.15527404494794037,1.9689196087322656,0.27914954550925486,0.05,0.005555555555555556,2,3-4
3,True,2.0110406071757635e-06,1.4077284250230344e-05,4.882551034444055,0.6922384723814979,0.05,0.005555555555555556,3,4-5
4,False,0.3047599098290229,1.0,0.5123893397868011,0.07264555174874203,0.05,0.005555555555555556,4,5-6
5,False,0.47292914160614236,1.0,0.06808123426993279,0.00965242334926897,0.05,0.005555555555555556,5,6-7
6,False,0.5091349650265233,1.0,-0.02295789376507717,-0.003254924976087484,0.05,0.005555555555555556,6,7-8
7,False,0.9337359458172454,1.0,-1.516704238178264,-0.21503534064147534,0.05,0.005555555555555556,7,8-9
8,False,0.9586942281354045,1.0,-1.7534983391023382,-0.24860754204526375,0.05,0.005555555555555556,8,9-10
