,reject,pvals,pvals_corrected,tstats,effectsize,alpha,alpha_corrected,step,dimension_step
0,True,2.632758094930088e-07,1.8429306664510616e-06,5.367692225996631,0.7610208353226227,0.05,0.005555555555555556,0,1-2
1,True,4.384908121167803e-12,3.946417309051023e-11,7.73638322561612,1.0968491815197454,0.05,0.005555555555555556,1,2-3
2,True,1.7010951386385121e-09,1.3608761109108097e-08,6.491742457459908,0.9203864639907122,0.05,0.005555555555555556,2,3-4
3,False,0.12094921981476554,0.6047460990738277,1.177299934940136,0.16691526678340032,0.05,0.005555555555555556,3,4-5
4,True,0.0011656696444465769,0.006994017866679461,3.125271009468751,0.4430947703589475,0.05,0.005555555555555556,4,5-6
5,False,0.7440167221139029,1.0,-0.6581543384984195,-0.09331182626855583,0.05,0.005555555555555556,5,6-7
6,False,0.9976714434895017,1.0,-2.895593696894288,-0.41053157319508266,0.05,0.005555555555555556,6,7-8
7,False,0.9866064176780202,1.0,-2.2481058762099133,-0.3187320248208357,0.05,0.005555555555555556,7,8-9
8,False,0.9820972679320427,1.0,-2.128172342854533,-0.30172808459951295,0.05,0.005555555555555556,8,9-10
