,reject,pvals,pvals_corrected,tstats,effectsize,alpha,alpha_corrected,step,dimension_step
0,True,8.904222754426001e-57,8.013800478983401e-56,34.06090826988395,4.829088511791768,0.05,0.005555555555555556,0,1-2
1,True,2.59037669005387e-46,2.072301352043096e-45,25.98698115544325,3.6843830223065193,0.05,0.005555555555555556,1,2-3
2,True,4.5646930328484943e-41,2.7388158197090968e-40,22.536676386887233,3.1952056055449614,0.05,0.005555555555555556,2,3-4
3,True,1.0737419371623354e-42,7.516193560136348e-42,23.570569136249475,3.341788883912336,0.05,0.005555555555555556,3,4-5
4,True,1.6597400337820003e-26,8.298700168910001e-26,14.488818800219855,2.0541962023789764,0.05,0.005555555555555556,4,5-6
5,True,4.847546819707831e-23,1.9390187278831323e-22,12.812233575397379,1.8164932502416515,0.05,0.005555555555555556,5,6-7
6,True,1.0943999833866343e-05,3.283199950159903e-05,4.457470947170971,0.6319714545504762,0.05,0.005555555555555556,6,7-8
7,False,0.9999999870394259,1.0,-6.049740460534416,-0.8577202911268145,0.05,0.005555555555555556,7,8-9
8,False,0.9994564542126864,1.0,-3.3658951670124764,-0.47720998964925027,0.05,0.005555555555555556,8,9-10
