,reject,pvals,pvals_corrected,tstats,effectsize,alpha,alpha_corrected,step,dimension_step
0,True,3.1963248947809787e-26,2.8766924053028807e-25,14.348577078385569,2.03431300718002,0.05,0.005555555555555556,0,1-2
1,True,1.4210695393136006e-11,1.1368556314508805e-10,7.495474734151827,1.0626936499260113,0.05,0.005555555555555556,1,2-3
2,True,6.267075055338313e-06,4.097902004228014e-05,4.599797006162759,0.6521501629677601,0.05,0.005555555555555556,2,3-4
3,True,5.854145720325734e-06,4.097902004228014e-05,4.6170241850126486,0.6545925984664088,0.05,0.005555555555555556,3,4-5
4,True,2.8357057992879473e-05,0.00014178528996439737,4.2079891984365805,0.5966004234209217,0.05,0.005555555555555556,4,5-6
5,True,0.0006980656959638053,0.0027922627838552214,3.2882958597174357,0.46620811264666856,0.05,0.005555555555555556,5,6-7
6,True,0.0014824666613939108,0.004447399984181732,3.0468169293760297,0.43197170535207763,0.05,0.005555555555555556,6,7-8
7,False,0.9843640952866763,0.9843640952866763,-2.184685588809584,-0.3097404213417748,0.05,0.005555555555555556,7,8-9
8,False,0.4856051817434519,0.9712103634869038,0.03618166179955685,0.005129764771665331,0.05,0.005555555555555556,8,9-10
