,reject,pvals,pvals_corrected,tstats,effectsize,alpha,alpha_corrected,step,dimension_step
0,True,5.08807877103525e-27,4.579270893931725e-26,14.743114191748486,2.09024970230629,0.05,0.005555555555555556,0,1-2
1,True,3.074802590751743e-22,2.4598420726013944e-21,12.432641853167215,1.7626754832441192,0.05,0.005555555555555556,1,2-3
2,True,2.395949916226329e-10,1.4375699497357973e-09,6.908267618453894,0.9794405812177256,0.05,0.005555555555555556,2,3-4
3,True,5.260787669738489e-13,3.682551368816942e-12,8.16693868279663,1.1578924865157558,0.05,0.005555555555555556,3,4-5
4,False,0.6653944901724824,1.0,-0.4285096275194495,-0.06075325129471051,0.05,0.005555555555555556,4,5-6
5,False,0.13406515187293763,0.6703257593646882,1.1136397357870247,0.1578896490883936,0.05,0.005555555555555556,5,6-7
6,False,0.8993077509629764,1.0,-1.2861675257037009,-0.18235029945185152,0.05,0.005555555555555556,6,7-8
7,False,0.9998440821144011,1.0,-3.7368476379554734,-0.5298029006091581,0.05,0.005555555555555556,7,8-9
8,False,0.930780428902827,1.0,-1.493682050940566,-0.21177130026342744,0.05,0.005555555555555556,8,9-10
