,reject,pvals,pvals_corrected,tstats,effectsize,alpha,alpha_corrected,step,dimension_step
0,True,9.634242154446926e-72,7.707393723557541e-71,49.25288241434507,6.982976694430789,0.05,0.005555555555555556,0,1-2
1,True,7.442928593352743e-73,6.698635734017468e-72,50.59486570957139,7.1732404437895765,0.05,0.005555555555555556,1,2-3
2,True,4.573120811970751e-70,3.201184568379526e-69,47.29180553991755,6.704939076349657,0.05,0.005555555555555556,2,3-4
3,True,3.097192830340268e-51,1.8583156982041606e-50,29.568231282562227,4.192125614186087,0.05,0.005555555555555556,3,4-5
4,True,2.0630387267610476e-44,1.0315193633805238e-43,24.695781688187175,3.50131930408879,0.05,0.005555555555555556,4,5-6
5,True,1.8583027995239892e-43,7.433211198095957e-43,24.065359742750857,3.411939321906116,0.05,0.005555555555555556,5,6-7
6,True,8.862930334467466e-29,2.6588791003402395e-28,15.627380489712312,2.2156192369947525,0.05,0.005555555555555556,6,7-8
7,False,0.999993238034751,1.0,-4.580543667511629,-0.6494204625218087,0.05,0.005555555555555556,7,8-9
8,False,0.9989331573655718,1.0,-3.1538452009185955,-0.4471459629628215,0.05,0.005555555555555556,8,9-10
