,reject,pvals,pvals_corrected,tstats,effectsize,alpha,alpha_corrected,step,dimension_step
0,True,3.968473796900287e-34,3.571626417210259e-33,18.460944988273898,2.6173564325798595,0.05,0.005555555555555556,0,1-2
1,True,2.2974435201886065e-19,1.8379548161508852e-18,11.092868763464816,1.5727250924728264,0.05,0.005555555555555556,1,2-3
2,True,6.107734265780601e-14,4.1748604576497457e-13,8.600295993649892,1.2193330328089034,0.05,0.005555555555555556,2,3-4
3,True,5.964086368071065e-14,4.1748604576497457e-13,8.605069006569252,1.2200097411829984,0.05,0.005555555555555556,3,4-5
4,True,8.610681129709882e-09,4.3053405648549406e-08,6.139740697417878,0.870480347510183,0.05,0.005555555555555556,4,5-6
5,False,0.014088687970659208,0.05635475188263683,2.227511817726925,0.3158122397568743,0.05,0.005555555555555556,5,6-7
6,False,0.2855376900107245,0.8566130700321735,0.5683631337875041,0.08058140605504631,0.05,0.005555555555555556,6,7-8
7,False,0.9999999999879786,1.0,-7.529862379595737,-1.067569062591022,0.05,0.005555555555555556,7,8-9
8,False,0.999929150514709,1.0,-3.959253468262588,-0.5613351613340204,0.05,0.005555555555555556,8,9-10
