,reject,pvals,pvals_corrected,tstats,effectsize,alpha,alpha_corrected,step,dimension_step
0,True,2.088825763393101e-59,1.879943187053791e-58,36.38474822576249,5.1585579653147695,0.05,0.005555555555555556,0,1-2
1,True,2.7214529101361646e-49,2.1771623281089317e-48,28.111053423930176,3.9855298064348523,0.05,0.005555555555555556,1,2-3
2,True,2.033341176293361e-39,1.4233388234053528e-38,21.521643853236466,3.051296291427176,0.05,0.005555555555555556,2,3-4
3,True,5.4531782065339686e-39,3.271906923920381e-38,21.262910481788964,3.014613583444928,0.05,0.005555555555555556,3,4-5
4,True,7.846025768705885e-26,2.3538077306117654e-25,14.157201753585179,2.0071801904297657,0.05,0.005555555555555556,4,5-6
5,True,2.5588720996087017e-35,1.2794360498043507e-34,19.125375211008343,2.7115580413587757,0.05,0.005555555555555556,5,6-7
6,True,1.2234412864985127e-27,4.893765145994051e-27,15.051901523024382,2.1340289621614867,0.05,0.005555555555555556,6,7-8
7,False,0.9999995532229627,1.0,-5.243733526271214,-0.7434462149385287,0.05,0.005555555555555556,7,8-9
8,False,0.9999992339708816,1.0,-5.11582005961377,-0.7253108954853746,0.05,0.005555555555555556,8,9-10
