,reject,pvals,pvals_corrected,tstats,effectsize,alpha,alpha_corrected,step,dimension_step
0,True,4.3083227820242796e-72,3.877490503821852e-71,49.671061901485615,7.042265358761649,0.05,0.005555555555555556,0,1-2
1,True,7.37925700210911e-56,5.903405601687288e-55,33.27956983536803,4.7183118869277045,0.05,0.005555555555555556,1,2-3
2,True,1.1040216239713704e-51,6.624129743828222e-51,29.912414503652407,4.240923233607988,0.05,0.005555555555555556,2,3-4
3,True,1.0281086869369769e-53,7.196760808558838e-53,31.513583245894974,4.4679337853330665,0.05,0.005555555555555556,3,4-5
4,True,2.3568789492394543e-51,1.1784394746197272e-50,29.65906310130384,4.205003570607998,0.05,0.005555555555555556,4,5-6
5,True,6.418069551444276e-46,2.5672278205777104e-45,25.715361374797588,3.6458733046002796,0.05,0.005555555555555556,5,6-7
6,True,2.724787709678129e-26,8.174363129034387e-26,14.3826879126101,2.0391491740953622,0.05,0.005555555555555556,6,7-8
7,False,0.9999613918406567,1.0,-4.125201558663727,-0.5848629548549726,0.05,0.005555555555555556,7,8-9
8,False,0.9837170106994001,1.0,-2.1678634757908193,-0.3073554152791265,0.05,0.005555555555555556,8,9-10
