,reject,pvals,pvals_corrected,tstats,effectsize,alpha,alpha_corrected,step,dimension_step
0,True,2.532362448642002e-28,2.279126203777802e-27,15.39613642611378,2.18283390895548,0.05,0.005555555555555556,0,1-2
1,True,6.128949826623154e-23,4.9031598612985235e-22,12.763881264630234,1.8096379548222201,0.05,0.005555555555555556,1,2-3
2,True,7.540565434387179e-22,5.278395804071026e-21,12.249293456311786,1.7366807085336384,0.05,0.005555555555555556,2,3-4
3,True,3.737539666444173e-11,2.2425237998665037e-10,7.29593509148118,1.034403312262883,0.05,0.005555555555555556,3,4-5
4,True,0.001861120719798801,0.007444482879195204,2.971294629545843,0.4212643023784314,0.05,0.005555555555555556,4,5-6
5,True,3.0998005585830074e-05,0.00015499002792915037,4.184202593863495,0.5932280054581281,0.05,0.005555555555555556,5,6-7
6,False,0.9997057877715795,1.0,-3.55141508039914,-0.5035126376980186,0.05,0.005555555555555556,6,7-8
7,False,0.9999980170710024,1.0,-4.885995725104245,-0.692726853841029,0.05,0.005555555555555556,7,8-9
8,False,0.9999894668619341,1.0,-4.4673238437559375,-0.6333683788288696,0.05,0.005555555555555556,8,9-10
