,reject,pvals,pvals_corrected,tstats,effectsize,alpha,alpha_corrected,step,dimension_step
0,True,8.713155750871294e-41,7.841840175784164e-40,22.361622358570607,3.1703867900750837,0.05,0.005555555555555556,0,1-2
1,True,2.5233936612458676e-36,2.018714928996694e-35,19.69744457315548,2.792664909173437,0.05,0.005555555555555556,1,2-3
2,True,4.5530346628555565e-26,2.731820797713334e-25,14.273071123316617,2.0236079215344405,0.05,0.005555555555555556,2,3-4
3,True,1.9300520555283788e-25,9.650260277641893e-25,13.96627462778071,1.9801109184506918,0.05,0.005555555555555556,3,4-5
4,True,8.128937702178152e-16,3.251575080871261e-15,9.462782758954488,1.3416147082387835,0.05,0.005555555555555556,4,5-6
5,True,1.2010650535914128e-29,8.40745537513989e-29,16.071744330690837,2.2786202674582414,0.05,0.005555555555555556,5,6-7
6,True,3.9781738804299936e-11,1.193452164128998e-10,7.28301173041981,1.0325710635764798,0.05,0.005555555555555556,6,7-8
7,False,0.9999999988623662,1.0,-6.5779660557050015,-0.9326110759837779,0.05,0.005555555555555556,7,8-9
8,False,0.9999999999073856,1.0,-7.107359743645016,-1.0076674707337265,0.05,0.005555555555555556,8,9-10
