,reject,pvals,pvals_corrected,tstats,effectsize,alpha,alpha_corrected,step,dimension_step
0,True,6.761099809942783e-15,6.084989828948505e-14,9.040548971408985,1.2817512331790428,0.05,0.005555555555555556,0,1-2
1,True,2.132692548912536e-08,1.706154039130029e-07,5.939364683257599,0.8420714307439913,0.05,0.005555555555555556,1,2-3
2,False,0.16639608018646485,1.0,0.9732680534514682,0.13798802834544713,0.05,0.005555555555555556,2,3-4
3,False,0.814296640869854,1.0,-0.8979200751743893,-0.12730534033837781,0.05,0.005555555555555556,3,4-5
4,False,0.256286883660355,1.0,0.6572055612942109,0.09317731050459588,0.05,0.005555555555555556,4,5-6
5,False,0.9878811281292823,1.0,-2.288438623300526,-0.3244503222919719,0.05,0.005555555555555556,5,6-7
6,False,0.6828906743922667,1.0,-0.477274475445819,-0.06766703542032995,0.05,0.005555555555555556,6,7-8
7,False,0.9061073739765018,1.0,-1.326320422407326,-0.1880430980892291,0.05,0.005555555555555556,7,8-9
8,False,0.8925231352602948,1.0,-1.2480576122454303,-0.17694715095655922,0.05,0.005555555555555556,8,9-10
