,reject,pvals,pvals_corrected,tstats,effectsize,alpha,alpha_corrected,step,dimension_step
0,True,3.906456794498293e-62,3.5158111150484635e-61,38.938805644679306,5.520667197470889,0.05,0.005555555555555556,0,1-2
1,True,1.7740802026958827e-57,1.4192641621567062e-56,34.66731782057726,4.915064063925916,0.05,0.005555555555555556,1,2-3
2,True,1.5397967143285648e-39,1.0778577000299954e-38,21.59493049025639,3.0616867265293926,0.05,0.005555555555555556,2,3-4
3,True,5.654866927125189e-24,2.827433463562594e-23,13.25742376957154,1.8796114394342063,0.05,0.005555555555555556,3,4-5
4,True,1.4843860229283288e-34,8.906316137569972e-34,18.6977557634902,2.6509309980319697,0.05,0.005555555555555556,4,5-6
5,True,3.074412859410872e-09,9.223238578232616e-09,6.364140820879474,0.9022953551919127,0.05,0.005555555555555556,5,6-7
6,True,4.4331571041630803e-13,1.7732628416652321e-12,8.201511061316406,1.1627940902725407,0.05,0.005555555555555556,6,7-8
7,False,0.9999988751948908,1.0,-5.023667094984031,-0.7122456296006566,0.05,0.005555555555555556,7,8-9
8,False,0.9940891505633402,1.0,-2.564895005941612,-0.3636457639063104,0.05,0.005555555555555556,8,9-10
