,reject,pvals,pvals_corrected,tstats,effectsize,alpha,alpha_corrected,step,dimension_step
0,True,5.318357491380031e-41,4.7865217422420274e-40,22.495214470903154,3.1893272167313365,0.05,0.005555555555555556,0,1-2
1,True,5.091657439115262e-33,3.564160207380684e-32,17.854179580528562,2.5313304277335233,0.05,0.005555555555555556,1,2-3
2,True,3.7530196556049903e-35,3.0024157244839922e-34,19.031743637427276,2.6982831412081794,0.05,0.005555555555555556,2,3-4
3,True,3.0494360221816663e-21,1.8296616133089998e-20,11.96488529991367,1.6963578800923198,0.05,0.005555555555555556,3,4-5
4,True,8.756454061962704e-08,4.3782270309813517e-07,5.62137446199353,0.7969874032658928,0.05,0.005555555555555556,4,5-6
5,True,1.1050952717626343e-06,4.420381087050537e-06,5.027927335336446,0.7128496380898109,0.05,0.005555555555555556,5,6-7
6,False,0.38369780577867685,1.0,0.29659691410469236,0.042050926510443856,0.05,0.005555555555555556,6,7-8
7,False,0.9999995579219081,1.0,-5.246226031418347,-0.7437995974107819,0.05,0.005555555555555556,7,8-9
8,False,0.9999881349123437,1.0,-4.43662138178148,-0.6290154442203798,0.05,0.005555555555555556,8,9-10
