,reject,pvals,pvals_corrected,tstats,effectsize,alpha,alpha_corrected,step,dimension_step
0,True,7.090073261648356e-22,6.381065935483521e-21,12.261864708857832,1.7384630359680073,0.05,0.005555555555555556,0,1-2
1,True,3.636093023217662e-13,2.9088744185741294e-12,8.241513888981384,1.1684656124170905,0.05,0.005555555555555556,1,2-3
2,True,0.003643484591585414,0.025504392141097898,2.7401014899798715,0.38848619424823067,0.05,0.005555555555555556,2,3-4
3,False,0.07875277906641932,0.47251667439851597,1.4242951968167197,0.20193376870191282,0.05,0.005555555555555556,3,4-5
4,False,0.18022482399408574,0.9011241199704287,0.9187687281291326,0.13026122130527215,0.05,0.005555555555555556,4,5-6
5,False,0.7277080258958806,1.0,-0.6079936713363674,-0.0862001456399376,0.05,0.005555555555555556,5,6-7
6,False,0.9971480411876879,1.0,-2.8259022215594514,-0.40065085303804426,0.05,0.005555555555555556,6,7-8
7,False,0.7916500437331404,1.0,-0.8155771374611972,-0.11563092075487104,0.05,0.005555555555555556,7,8-9
8,False,0.9993729488733617,1.0,-3.321719192591308,-0.4709468069741396,0.05,0.005555555555555556,8,9-10
