,reject,pvals,pvals_corrected,tstats,effectsize,alpha,alpha_corrected,step,dimension_step
0,True,1.150048120819097e-33,9.200384966552776e-33,18.206604378313347,2.5812965216722987,0.05,0.005555555555555556,0,1-2
1,True,4.1200021647222005e-36,3.7080019482499803e-35,19.575546653253728,2.775382462095261,0.05,0.005555555555555556,1,2-3
2,True,4.3349664088168786e-24,3.034476486171815e-23,13.312795938880846,1.8874619965763066,0.05,0.005555555555555556,2,3-4
3,True,4.0512886403535104e-19,2.4307731842121064e-18,10.97913827124546,1.556600607210567,0.05,0.005555555555555556,3,4-5
4,True,6.055147975666402e-05,0.00018165443926999205,4.002596603724651,0.5674802657412904,0.05,0.005555555555555556,4,5-6
5,True,8.171485817215663e-06,4.085742908607832e-05,4.532377226395398,0.6425915193355243,0.05,0.005555555555555556,5,6-7
6,True,9.714372102413586e-06,4.085742908607832e-05,4.48811831023293,0.6363165773436367,0.05,0.005555555555555556,6,7-8
7,False,0.9999840612169666,1.0,-4.359972277533555,-0.6181482851349582,0.05,0.005555555555555556,7,8-9
8,False,0.9999211347934721,1.0,-3.929503661182476,-0.5571172922607632,0.05,0.005555555555555556,8,9-10
