,reject,pvals,pvals_corrected,tstats,effectsize,alpha,alpha_corrected,step,dimension_step
0,True,2.3348697745463286e-25,2.1013827970916957e-24,13.92599952518408,1.9744007937024157,0.05,0.005555555555555556,0,1-2
1,False,0.8203203359547401,1.0,-0.9208652440022496,-0.1305584611979209,0.05,0.005555555555555556,1,2-3
2,True,0.00042998257392717193,0.0034398605914173755,3.4375147780396653,0.48736407708843327,0.05,0.005555555555555556,2,3-4
3,False,0.09232781915416392,0.6462947340791475,1.3358668160932736,0.18939656699007495,0.05,0.005555555555555556,3,4-5
4,False,0.9533822810641488,1.0,-1.6949121180530249,-0.2403013029756297,0.05,0.005555555555555556,4,5-6
5,False,0.7787443022703026,1.0,-0.7710538335682394,-0.109318494391109,0.05,0.005555555555555556,5,6-7
6,False,0.9817044806386925,1.0,-2.119018094846967,-0.30043021334085024,0.05,0.005555555555555556,6,7-8
7,False,0.9898746329201127,1.0,-2.359719322153833,-0.334556359430428,0.05,0.005555555555555556,7,8-9
8,False,0.9749319176215431,1.0,-1.9830159076558556,-0.28114809101635985,0.05,0.005555555555555556,8,9-10
