,reject,pvals,pvals_corrected,tstats,effectsize,alpha,alpha_corrected,step,dimension_step
0,True,1.3267999696298675e-51,1.1941199726668807e-50,29.850850295637198,4.232194781409704,0.05,0.005555555555555556,0,1-2
1,True,6.288345472038477e-43,4.401841830426934e-42,23.72072471089817,3.3630776456438793,0.05,0.005555555555555556,1,2-3
2,True,2.3809445288681817e-47,1.9047556230945454e-46,26.711810696052876,3.7871479274532245,0.05,0.005555555555555556,2,3-4
3,True,1.2240640140861511e-38,7.344384084516907e-38,21.052353079284874,2.984761169485543,0.05,0.005555555555555556,3,4-5
4,True,1.1108596984273025e-37,5.554298492136513e-37,20.484762376941664,2.9042892772398243,0.05,0.005555555555555556,4,5-6
5,True,8.314624252357307e-31,2.494387275707192e-30,16.67429021790087,2.36404803699092,0.05,0.005555555555555556,5,6-7
6,True,2.0436280259748616e-32,8.174512103899446e-32,17.528300927503313,2.485127993931902,0.05,0.005555555555555556,6,7-8
7,False,0.9999999542747899,1.0,-5.768620778622319,-0.8178636961234279,0.05,0.005555555555555556,7,8-9
8,False,0.9999975834616239,1.0,-4.837481859185143,-0.68584865345024,0.05,0.005555555555555556,8,9-10
