,reject,pvals,pvals_corrected,tstats,effectsize,alpha,alpha_corrected,step,dimension_step
0,True,2.2092432240247316e-33,1.546470256817312e-32,18.051502976679604,2.559306550328682,0.05,0.005555555555555556,0,1-2
1,True,1.7931018797527355e-36,1.4344815038021884e-35,19.782663716014042,2.8047471114594775,0.05,0.005555555555555556,1,2-3
2,True,2.205534657325963e-37,1.984981191593367e-36,20.31024194307715,2.879546113740769,0.05,0.005555555555555556,2,3-4
3,True,2.154960114159086e-28,1.2929760684954516e-27,15.431587361966711,2.187860072841163,0.05,0.005555555555555556,3,4-5
4,True,1.2601359683229446e-25,6.300679841614723e-25,14.056593075383391,1.9929160901233043,0.05,0.005555555555555556,4,5-6
5,True,1.5949060735628796e-09,6.379624294251518e-09,6.50558403771082,0.922348895985922,0.05,0.005555555555555556,5,6-7
6,True,0.00042769088471865396,0.001283072654155962,3.439136205290059,0.48759395985155696,0.05,0.005555555555555556,6,7-8
7,False,0.9999999999996743,1.0,-8.26370257975535,-1.1716114813075864,0.05,0.005555555555555556,7,8-9
8,False,0.9999829758095924,1.0,-4.342754846845401,-0.6157072317114871,0.05,0.005555555555555556,8,9-10
