,reject,pvals,pvals_corrected,tstats,effectsize,alpha,alpha_corrected,step,dimension_step
0,True,1.8630385384485943e-58,1.676734684603735e-57,35.52980523645546,5.037345831592841,0.05,0.005555555555555556,0,1-2
1,True,2.0723225163126823e-48,1.6578580130501458e-47,27.4689687174605,3.8944963009557436,0.05,0.005555555555555556,1,2-3
2,True,4.932351875656983e-46,3.452646312959888e-45,25.793966345964574,3.6570177626465683,0.05,0.005555555555555556,2,3-4
3,True,3.195352821689081e-42,1.9172116930134485e-41,23.266573955115643,3.29868904566899,0.05,0.005555555555555556,3,4-5
4,True,2.827978051995811e-17,8.483934155987432e-17,10.13136527495188,1.4364050209810468,0.05,0.005555555555555556,4,5-6
5,True,1.2889218935579865e-30,6.444609467789932e-30,16.574658177760018,2.3499224025058294,0.05,0.005555555555555556,5,6-7
6,True,3.206726688424389e-23,1.2826906753697555e-22,12.897534278211706,1.828587015937637,0.05,0.005555555555555556,6,7-8
7,False,0.9999999314278127,1.0,-5.676985890730307,-0.8048718821385406,0.05,0.005555555555555556,7,8-9
8,False,0.9957297575951626,1.0,-2.683496060689756,-0.3804607879342237,0.05,0.005555555555555556,8,9-10
