,reject,pvals,pvals_corrected,tstats,effectsize,alpha,alpha_corrected,step,dimension_step
0,True,1.4542459399495415e-60,1.3088213459545874e-59,37.449784091420064,5.30955665339264,0.05,0.005555555555555556,0,1-2
1,True,1.098739303081112e-54,8.789914424648896e-54,32.3036087538284,4.579942046362236,0.05,0.005555555555555556,1,2-3
2,True,8.185896741368239e-47,5.7301277189577666e-46,26.33492804832102,3.7337142477041505,0.05,0.005555555555555556,2,3-4
3,True,4.4428925922893813e-41,2.665735555373629e-40,22.544019901930326,3.1962467546490836,0.05,0.005555555555555556,3,4-5
4,True,9.069533906661283e-29,4.534766953330641e-28,15.622289114106938,2.2148973917858603,0.05,0.005555555555555556,4,5-6
5,True,3.3504699356698325e-22,1.340187974267933e-21,12.41506637613678,1.7601836667151989,0.05,0.005555555555555556,5,6-7
6,True,2.1575769651125055e-14,6.472730895337517e-14,8.808704210107399,1.2488807394021484,0.05,0.005555555555555556,6,7-8
7,False,0.9999995138500604,1.0,-5.2238020498515025,-0.7406203694549371,0.05,0.005555555555555556,7,8-9
8,False,0.9999828696085267,1.0,-4.341127476221596,-0.615476506308583,0.05,0.005555555555555556,8,9-10
