,reject,pvals,pvals_corrected,tstats,effectsize,alpha,alpha_corrected,step,dimension_step
0,True,2.985270057258753e-51,2.388216045807002e-50,29.580457202194655,4.193858980999891,0.05,0.005555555555555556,0,1-2
1,True,1.5215066825934716e-44,1.0650546778154301e-43,24.784036643254137,3.5138319178525106,0.05,0.005555555555555556,1,2-3
2,True,6.086367916307552e-52,5.477731124676797e-51,30.112565850152645,4.269300297435688,0.05,0.005555555555555556,2,3-4
3,True,1.40566812701335e-37,7.02834063506675e-37,20.424762606920176,2.8957826279800596,0.05,0.005555555555555556,3,4-5
4,True,1.4466581987742289e-39,8.679949192645374e-39,21.611399511379325,3.0640216719182543,0.05,0.005555555555555556,4,5-6
5,True,4.896752317252164e-28,1.9587009269008656e-27,15.251633170840302,2.162346521936072,0.05,0.005555555555555556,5,6-7
6,True,4.83990755870859e-16,1.451972267612577e-15,9.566021536489888,1.3562516988503472,0.05,0.005555555555555556,6,7-8
7,False,0.9999999991847057,1.0,-6.649066967293953,-0.9426916232378778,0.05,0.005555555555555556,7,8-9
8,False,0.9999901357868907,1.0,-4.484189108921856,-0.6357595029179789,0.05,0.005555555555555556,8,9-10
