,reject,pvals,pvals_corrected,tstats,effectsize,alpha,alpha_corrected,step,dimension_step
0,True,3.213899778284298e-39,2.8925098004558687e-38,21.40132335018316,3.034237487403988,0.05,0.005555555555555556,0,1-2
1,True,1.4734802447864188e-23,1.178784195829135e-22,13.058466575863617,1.851403680238226,0.05,0.005555555555555556,1,2-3
2,True,4.388799361102505e-20,3.072159552771753e-19,11.425622082248177,1.619902202850065,0.05,0.005555555555555556,2,3-4
3,True,6.090981345773505e-10,2.436392538309402e-09,6.711079301764411,0.9514836099226679,0.05,0.005555555555555556,3,4-5
4,True,5.262651743403585e-12,2.6313258717017924e-11,7.6991113544421825,1.0915648490094998,0.05,0.005555555555555556,4,5-6
5,True,2.272022281881165e-06,6.816066845643494e-06,4.852637784832385,0.6879974307479195,0.05,0.005555555555555556,5,6-7
6,True,3.0417615575384146e-12,1.825056934523049e-11,7.810974545410881,1.107424591976981,0.05,0.005555555555555556,6,7-8
7,False,0.9999889172280242,1.0,-4.454223651709073,-0.6315110593935065,0.05,0.005555555555555556,7,8-9
8,False,0.9159990471803089,1.0,-1.3888269388786814,-0.19690514892510874,0.05,0.005555555555555556,8,9-10
