,reject,pvals,pvals_corrected,tstats,effectsize,alpha,alpha_corrected,step,dimension_step
0,True,3.0303520531273663e-75,2.7273168478146297e-74,53.594878294686836,7.598576321365724,0.05,0.005555555555555556,0,1-2
1,True,8.028820232795767e-56,5.620174162957037e-55,33.24871427926114,4.713937246934545,0.05,0.005555555555555556,1,2-3
2,True,8.696359944461868e-58,6.957087955569494e-57,34.93822096383613,4.953472178194448,0.05,0.005555555555555556,2,3-4
3,True,1.786342279254508e-53,1.0718053675527048e-52,31.320872922196468,4.440611695067524,0.05,0.005555555555555556,3,4-5
4,True,7.2083200981397966e-34,2.8833280392559186e-33,18.318033566793265,2.5970947326214304,0.05,0.005555555555555556,4,5-6
5,True,2.1937699673447663e-39,1.0968849836723831e-38,21.501654577425874,3.048462251259747,0.05,0.005555555555555556,5,6-7
6,True,2.0491246049243037e-33,6.147373814772911e-33,18.069340984909218,2.5618355880141226,0.05,0.005555555555555556,6,7-8
7,False,0.9941611277796114,1.0,-2.5694326184708602,-0.36428909767657663,0.05,0.005555555555555556,7,8-9
8,False,0.99964853566147,1.0,-3.4983468642731768,-0.49598873050198644,0.05,0.005555555555555556,8,9-10
