{
  "data": {
    "name": "normal-8-100",
    "n_dimension": 8,
    "distance": "euclidean",
    "subject": null,
    "n_objects": 100,
    "n_train_triplets": 29473,
    "n_test_triplets": 10000,
    "frac_train_ndlogn": 7.999975790709088,
    "frac_train_triplets": 0.06075654504225933,
    "max_train_score": 0.6796050622603739,
    "max_test_score": 0.6684,
    "noise_sd": 2.0,
    "distance_sd": 1.0654338164875168,
    "distance_mean": 3.790748278928631,
    "difference_sd": 0.9371196637704938,
    "difference_mean": -0.09426952437366537
  },
  "n_repeats": 10,
  "n_splits": 10,
  "embedding_method": "soe",
  "embedding_dimension": [
    1,
    2,
    3,
    4,
    5,
    6,
    7,
    8,
    9,
    10
  ],
  "random_state": 2750649757,
  "alpha": 0.05
}