,reject,pvals,pvals_corrected,tstats,effectsize,alpha,alpha_corrected,step,dimension_step
0,True,1.3632596872534487e-26,1.2269337185281038e-25,14.531027325120094,2.060180443934732,0.05,0.005555555555555556,0,1-2
1,True,3.171451105359587e-14,2.2200157737517111e-13,8.731617133308147,1.237951485430726,0.05,0.005555555555555556,1,2-3
2,True,9.856892661320177e-21,7.885514129056141e-20,11.727099902576574,1.662645134634862,0.05,0.005555555555555556,2,3-4
3,False,0.07310581861262533,0.21931745583787599,1.4645518197612086,0.20764127344149289,0.05,0.005555555555555556,3,4-5
4,True,9.719784254418247e-09,5.831870552650948e-08,6.113129776118951,0.8667075034828127,0.05,0.005555555555555556,4,5-6
5,True,2.1352655968931855e-07,1.0676327984465927e-06,5.416393628771288,0.7679256243195498,0.05,0.005555555555555556,5,6-7
6,True,2.999127858676501e-07,1.1996511434706003e-06,5.337286544375368,0.7567099776482762,0.05,0.005555555555555556,6,7-8
7,False,0.9999999981588801,1.0,-6.474741560176855,-0.9179761102470826,0.05,0.005555555555555556,7,8-9
8,False,0.9864645364955427,1.0,-2.243827500539631,-0.3181254451420208,0.05,0.005555555555555556,8,9-10
