,reject,pvals,pvals_corrected,tstats,effectsize,alpha,alpha_corrected,step,dimension_step
0,True,1.608996921221594e-48,1.4480972290994347e-47,27.548381672570915,3.905755313374688,0.05,0.005555555555555556,0,1-2
1,True,6.15108902243592e-28,4.920871217948736e-27,15.20178843413398,2.15527963330543,0.05,0.005555555555555556,1,2-3
2,True,1.3861187110514053e-24,8.316712266308432e-24,13.551102673926515,1.9212486562676208,0.05,0.005555555555555556,2,3-4
3,True,6.067095592382028e-18,3.033547796191014e-17,10.438155694367099,1.4799011626043677,0.05,0.005555555555555556,3,4-5
4,True,5.859630054875703e-26,4.101741038412992e-25,14.219313764645706,2.015986309065242,0.05,0.005555555555555556,4,5-6
5,True,2.215110704536464e-08,8.860442818145857e-08,5.930926482273888,0.8408750792225417,0.05,0.005555555555555556,5,6-7
6,True,6.377191188095627e-06,1.9131573564286883e-05,4.595388743077954,0.6515251681070502,0.05,0.005555555555555556,6,7-8
7,False,0.9999999999988292,1.0,-8.005014356740748,-1.1349351743812621,0.05,0.005555555555555556,7,8-9
8,False,0.9999999999996508,1.0,-8.249673085079127,-1.1696224071751418,0.05,0.005555555555555556,8,9-10
