,reject,pvals,pvals_corrected,tstats,effectsize,alpha,alpha_corrected,step,dimension_step
0,True,8.397106789155396e-70,7.557396110239857e-69,46.989684639365066,6.662104969916854,0.05,0.005555555555555556,0,1-2
1,True,2.176731015495567e-66,1.7413848123964537e-65,43.2370879179606,6.130069195264755,0.05,0.005555555555555556,1,2-3
2,True,1.8969264057438712e-58,1.3278484840207098e-57,35.52283453701953,5.036357539551464,0.05,0.005555555555555556,2,3-4
3,True,2.2115488164181292e-56,1.3269292898508775e-55,33.72290825931418,4.781167535783293,0.05,0.005555555555555556,3,4-5
4,True,1.3249528289233437e-51,6.624764144616719e-51,29.85131652401677,4.2322608823514,0.05,0.005555555555555556,4,5-6
5,True,1.4744054561472108e-43,5.897621824588843e-43,24.131180502719072,3.4212712596595476,0.05,0.005555555555555556,5,6-7
6,True,2.7348025651267845e-34,8.204407695380353e-34,18.550406409458322,2.630040096734296,0.05,0.005555555555555556,6,7-8
7,False,0.9990863993868915,1.0,-3.2034414501973827,-0.45417762153523594,0.05,0.005555555555555556,7,8-9
8,False,0.9328525843977361,1.0,-1.5097402380370364,-0.2140479984129108,0.05,0.005555555555555556,8,9-10
