,reject,pvals,pvals_corrected,tstats,effectsize,alpha,alpha_corrected,step,dimension_step
0,True,5.684500012841245e-23,4.547600010272996e-22,12.779395062838923,1.8118374705870441,0.05,0.005555555555555556,0,1-2
1,True,2.540340252701173e-15,1.524204151620704e-14,9.235787283969346,1.3094317367280475,0.05,0.005555555555555556,1,2-3
2,True,3.848176786660264e-26,3.4633591079942374e-25,14.308949241174467,2.0286946504437,0.05,0.005555555555555556,2,3-4
3,True,7.786976211177051e-06,3.8934881055885255e-05,4.544666461739393,0.6443338629262518,0.05,0.005555555555555556,3,4-5
4,True,0.010582966206235377,0.04233186482494151,2.3423262075178024,0.33209039788273204,0.05,0.005555555555555556,4,5-6
5,True,8.106050452258523e-16,5.674235316580966e-15,9.463344191664126,1.341694307062948,0.05,0.005555555555555556,5,6-7
6,False,0.07916533484857077,0.23749600454571232,1.4214424916992259,0.2015293177870616,0.05,0.005555555555555556,6,7-8
7,False,0.9999999457593648,1.0,-5.730083191415047,-0.8123999128860514,0.05,0.005555555555555556,7,8-9
8,False,0.9999997109244406,1.0,-5.345884030733647,-0.757928912336514,0.05,0.005555555555555556,8,9-10
