,reject,pvals,pvals_corrected,tstats,effectsize,alpha,alpha_corrected,step,dimension_step
0,True,6.137649285075013e-47,5.523884356567511e-46,26.422452124392148,3.7461232388828734,0.05,0.005555555555555556,0,1-2
1,True,5.99173672762908e-35,4.793389382103264e-34,18.917733164134738,2.6821189607806204,0.05,0.005555555555555556,1,2-3
2,True,4.4401582063773885e-32,3.108110744464172e-31,17.34770183191717,2.459523009742266,0.05,0.005555555555555556,2,3-4
3,True,8.413483994503531e-23,5.048090396702118e-22,12.698645024943751,1.800388889203467,0.05,0.005555555555555556,3,4-5
4,True,7.929126685800015e-15,3.171650674320006e-14,9.008738609496834,1.277241222698737,0.05,0.005555555555555556,4,5-6
5,True,7.655044359873787e-18,3.8275221799368935e-17,10.391787627730766,1.4733271894110134,0.05,0.005555555555555556,5,6-7
6,True,0.0005857525340549047,0.0017572576021647143,3.342827729671221,0.47393953380061316,0.05,0.005555555555555556,6,7-8
7,False,0.9841762889773024,1.0,-2.1797417531031074,-0.30903949404925624,0.05,0.005555555555555556,7,8-9
8,False,0.9941189820736909,1.0,-2.5667695841936395,-0.36391153792001535,0.05,0.005555555555555556,8,9-10
