{
  "data": {
    "name": "normal-8-100",
    "n_dimension": 8,
    "distance": "euclidean",
    "subject": null,
    "n_objects": 100,
    "n_train_triplets": 29473,
    "n_test_triplets": 10000,
    "frac_train_ndlogn": 7.999975790709088,
    "frac_train_triplets": 0.06075654504225933,
    "max_train_score": 0.8752756760424796,
    "max_test_score": 0.8796,
    "noise_sd": 0.5,
    "distance_sd": 1.0676508671812146,
    "distance_mean": 3.852007144994295,
    "difference_sd": 0.9341573682534655,
    "difference_mean": -0.15715121840104104
  },
  "n_repeats": 10,
  "n_splits": 10,
  "embedding_method": "soe",
  "embedding_dimension": [
    1,
    2,
    3,
    4,
    5,
    6,
    7,
    8,
    9,
    10
  ],
  "random_state": 2261479831,
  "alpha": 0.05
}