,reject,pvals,pvals_corrected,tstats,effectsize,alpha,alpha_corrected,step,dimension_step
0,True,2.746688367655671e-41,2.472019530890104e-40,22.674869418817618,3.2147983415230197,0.05,0.005555555555555556,0,1-2
1,True,1.0283472338979478e-29,7.198430637285635e-29,16.106495046078482,2.2835471554650244,0.05,0.005555555555555556,1,2-3
2,True,4.287110102122146e-31,3.429688081697717e-30,16.82538486312352,2.385469938299497,0.05,0.005555555555555556,2,3-4
3,True,2.7049122070464195e-11,1.3524561035232097e-10,7.362812565233711,1.0438850688160857,0.05,0.005555555555555556,3,4-5
4,True,0.003342833139205646,0.013371332556822584,2.7704785568964443,0.3927929949860858,0.05,0.005555555555555556,4,5-6
5,True,8.878197238143341e-12,5.326918342886005e-11,7.592063004768172,1.0763877447608117,0.05,0.005555555555555556,5,6-7
6,False,0.10867982665127068,0.32603947995381205,1.2414861079194246,0.17601545601188967,0.05,0.005555555555555556,6,7-8
7,False,0.9992612918368947,1.0,-3.270573755980385,-0.46369550767197854,0.05,0.005555555555555556,7,8-9
8,False,0.9749173508835491,1.0,-1.9827592958158389,-0.2811117090949268,0.05,0.005555555555555556,8,9-10
