,reject,pvals,pvals_corrected,tstats,effectsize,alpha,alpha_corrected,step,dimension_step
0,True,2.0700565973052192e-54,1.8630509375746974e-53,32.078184611237056,4.547981855264488,0.05,0.005555555555555556,0,1-2
1,True,7.783033058912574e-49,6.226426447130059e-48,27.777272782755965,3.93820704431174,0.05,0.005555555555555556,1,2-3
2,True,8.595024557519631e-32,4.297512278759816e-31,17.194731372857934,2.4378351592412377,0.05,0.005555555555555556,2,3-4
3,True,1.1908099303696469e-42,8.335669512587529e-42,23.54160402805863,3.337682267902601,0.05,0.005555555555555556,3,4-5
4,True,1.8077499752189533e-39,1.084649985131372e-38,21.5526218028352,3.055688284128627,0.05,0.005555555555555556,4,5-6
5,True,4.468708667456556e-22,1.3406126002369668e-21,12.356154808884265,1.7518313007014508,0.05,0.005555555555555556,5,6-7
6,True,1.8523347142475842e-22,7.409338856990337e-22,12.536500400397676,1.7774003435827808,0.05,0.005555555555555556,6,7-8
7,False,0.9999999920733891,1.0,-6.157894911605582,-0.8730542162537821,0.05,0.005555555555555556,7,8-9
8,False,0.9997033565593273,1.0,-3.548970461179447,-0.503166044398275,0.05,0.005555555555555556,8,9-10
