,reject,pvals,pvals_corrected,tstats,effectsize,alpha,alpha_corrected,step,dimension_step
0,True,3.2674795588281975e-40,2.940731602945378e-39,22.006562586354114,3.120047114649396,0.05,0.005555555555555556,0,1-2
1,True,2.2806913073754865e-37,1.8245530459003892e-36,20.301738886283225,2.878340567090243,0.05,0.005555555555555556,1,2-3
2,True,1.0339236624498786e-26,7.23746563714915e-26,14.590415515614794,2.068600384653331,0.05,0.005555555555555556,2,3-4
3,True,2.3567046354444195e-21,1.4140227812666518e-20,12.017235571650087,1.7037799985463666,0.05,0.005555555555555556,3,4-5
4,True,3.0695050284099804e-14,1.5347525142049903e-13,8.738158356867302,1.2388788872278915,0.05,0.005555555555555556,4,5-6
5,True,8.718033352068787e-10,3.4872133408275148e-09,6.634786142449282,0.940666916008996,0.05,0.005555555555555556,5,6-7
6,True,1.6284780206036282e-07,4.885434061810884e-07,5.479083852617586,0.7768137208253463,0.05,0.005555555555555556,6,7-8
7,False,0.9999999999991849,1.0,-8.078387218937806,-1.145337834319323,0.05,0.005555555555555556,7,8-9
8,False,0.999999999726416,1.0,-6.880342292470723,-0.9754813834821617,0.05,0.005555555555555556,8,9-10
