,reject,pvals,pvals_corrected,tstats,effectsize,alpha,alpha_corrected,step,dimension_step
0,True,5.092955428695002e-62,4.5836598858255016e-61,38.82788536572714,5.504941138712607,0.05,0.005555555555555556,0,1-2
1,True,2.563288519127027e-60,2.0506308153016214e-59,37.22100795114295,5.27712122266277,0.05,0.005555555555555556,1,2-3
2,True,4.092187011300757e-57,2.4553122067804543e-56,34.35201475046062,4.870361015446753,0.05,0.005555555555555556,2,3-4
3,True,1.633177100387236e-58,1.1432239702710652e-57,35.58076201499664,5.044570383325324,0.05,0.005555555555555556,3,4-5
4,True,1.9059935315762598e-51,9.5299676578813e-51,29.72982378951227,4.215035881661075,0.05,0.005555555555555556,4,5-6
5,True,1.1834274691658035e-45,4.733709876663214e-45,25.533378846387507,3.6200721800287137,0.05,0.005555555555555556,5,6-7
6,True,2.9808689568426897e-29,8.942606870528069e-29,15.868961526493361,2.249870120739318,0.05,0.005555555555555556,6,7-8
7,False,0.9998156158101567,1.0,-3.688467334668854,-0.5229436364654304,0.05,0.005555555555555556,7,8-9
8,False,0.9997166341968212,1.0,-3.562559264785997,-0.5050926382185403,0.05,0.005555555555555556,8,9-10
