,reject,pvals,pvals_corrected,tstats,effectsize,alpha,alpha_corrected,step,dimension_step
0,True,5.925129052624627e-56,5.3326161473621646e-55,33.3599514586894,4.729708235218382,0.05,0.005555555555555556,0,1-2
1,True,1.5520355995397775e-54,1.241628479631822e-53,32.18052159536881,4.562490991382829,0.05,0.005555555555555556,1,2-3
2,True,6.58230060213528e-43,4.607610421494696e-42,23.70787687012031,3.3612561040745796,0.05,0.005555555555555556,2,3-4
3,True,5.428597288388601e-42,3.2571583730331604e-41,23.11982807237906,3.277883703343385,0.05,0.005555555555555556,3,4-5
4,True,4.066467020569686e-25,2.0332335102848433e-24,13.808865669414072,1.9577937862568464,0.05,0.005555555555555556,4,5-6
5,True,2.9215294756530195e-15,8.764588426959059e-15,9.207917792988026,1.3054804551691124,0.05,0.005555555555555556,5,6-7
6,True,8.359749244527115e-25,3.343899697810846e-24,13.65720254120967,1.9362912865504058,0.05,0.005555555555555556,6,7-8
7,False,0.9999999977242287,1.0,-6.429109069559422,-0.9115064255734083,0.05,0.005555555555555556,7,8-9
8,False,0.9999931763348876,1.0,-4.578239614224835,-0.6490937983832705,0.05,0.005555555555555556,8,9-10
