,reject,pvals,pvals_corrected,tstats,effectsize,alpha,alpha_corrected,step,dimension_step
0,True,1.2917285935765689e-45,1.162555734218912e-44,25.507413541668015,3.616390870248818,0.05,0.005555555555555556,0,1-2
1,True,3.305819123673277e-40,2.6446552989386217e-39,22.00344585178559,3.119605230158827,0.05,0.005555555555555556,1,2-3
2,True,2.3989332178438645e-32,1.679253252490705e-31,17.490913930553784,2.4798273391158645,0.05,0.005555555555555556,2,3-4
3,True,1.0080068514050028e-26,6.048041108430017e-26,14.59587223489479,2.0693740275690837,0.05,0.005555555555555556,3,4-5
4,True,2.8988748333299806e-14,1.4494374166649902e-13,8.749607472400163,1.240502120285913,0.05,0.005555555555555556,4,5-6
5,True,7.060768478874541e-10,2.8243073915498162e-09,6.67968067767603,0.9470319748203435,0.05,0.005555555555555556,5,6-7
6,True,0.0005312008468817237,0.0015936025406451712,3.372960357472349,0.47821167844195805,0.05,0.005555555555555556,6,7-8
7,False,0.9998475203148813,1.0,-3.7432502919171853,-0.5307106562816285,0.05,0.005555555555555556,7,8-9
8,False,0.9998599328237244,1.0,-3.7675667151947394,-0.5341581908971786,0.05,0.005555555555555556,8,9-10
