,reject,pvals,pvals_corrected,tstats,effectsize,alpha,alpha_corrected,step,dimension_step
0,True,1.678088221448549e-25,1.510279399303694e-24,13.99588927561994,1.9843096249128922,0.05,0.005555555555555556,0,1-2
1,True,1.5215585958434609e-09,9.129351575060766e-09,6.5156872341585546,0.9237813072860419,0.05,0.005555555555555556,1,2-3
2,True,1.2756037465086502e-14,1.0204829972069202e-13,8.913776058201417,1.26377761914837,0.05,0.005555555555555556,2,3-4
3,True,6.676878918190275e-13,4.673815242733192e-12,8.118752121115872,1.1510606906754481,0.05,0.005555555555555556,3,4-5
4,False,0.9664569693054816,1.0,-1.8514462961219587,-0.26249441054122635,0.05,0.005555555555555556,4,5-6
5,False,0.2281273542679112,1.0,0.7479644474899102,0.10604492669374459,0.05,0.005555555555555556,5,6-7
6,False,0.25831537904531054,1.0,0.6508816330519706,0.09228071640962865,0.05,0.005555555555555556,6,7-8
7,False,0.9843788384176043,1.0,-2.1850758743640997,-0.30979575525925857,0.05,0.005555555555555556,7,8-9
8,False,0.9989828359358367,1.0,-3.169152811329249,-0.4493162458276044,0.05,0.005555555555555556,8,9-10
