{
  "data": {
    "name": "normal-8-100",
    "n_dimension": 8,
    "distance": "euclidean",
    "subject": null,
    "n_objects": 100,
    "n_train_triplets": 14736,
    "n_test_triplets": 10000,
    "frac_train_ndlogn": 3.999852178328949,
    "frac_train_triplets": 0.030377241805813235,
    "max_train_score": 0.8714033659066233,
    "max_test_score": 0.8732,
    "noise_sd": 0.5,
    "distance_sd": 1.0629790494838165,
    "distance_mean": 3.7218975677079427,
    "difference_sd": 0.9268341803403832,
    "difference_mean": -0.15548650946297285
  },
  "n_repeats": 10,
  "n_splits": 10,
  "embedding_method": "soe",
  "embedding_dimension": [
    1,
    2,
    3,
    4,
    5,
    6,
    7,
    8,
    9,
    10
  ],
  "random_state": 3030476948,
  "alpha": 0.05
}