,reject,pvals,pvals_corrected,tstats,effectsize,alpha,alpha_corrected,step,dimension_step
0,True,3.0083031309910646e-27,2.4066425047928517e-26,14.85668167724146,2.106351076795828,0.05,0.005555555555555556,0,1-2
1,True,3.65146364097096e-29,3.286317276873864e-28,15.823852049798756,2.243474587949857,0.05,0.005555555555555556,1,2-3
2,True,1.8213913487221936e-13,1.2749739441055354e-12,8.380804720522152,1.188213992262445,0.05,0.005555555555555556,2,3-4
3,True,1.0040794270462763e-07,6.024476562277658e-07,5.590132242278987,0.7925579428677456,0.05,0.005555555555555556,3,4-5
4,True,0.0013717943395196877,0.006858971697598438,3.0722853548174722,0.4355825685662404,0.05,0.005555555555555556,4,5-6
5,False,0.0711512847986085,0.284605139194434,1.479047420986872,0.2096964312427973,0.05,0.005555555555555556,5,6-7
6,False,0.4062618092648772,1.0,0.2378052492888798,0.033715560028094914,0.05,0.005555555555555556,6,7-8
7,False,0.9999299476896591,1.0,-3.9623859972043607,-0.5617792851197312,0.05,0.005555555555555556,7,8-9
8,False,0.9975172057424025,1.0,-2.8736747186869014,-0.4074239436212379,0.05,0.005555555555555556,8,9-10
