,reject,pvals,pvals_corrected,tstats,effectsize,alpha,alpha_corrected,step,dimension_step
0,True,3.178218668709292e-26,2.860396801838363e-25,14.349790634160751,2.0344850627284488,0.05,0.005555555555555556,0,1-2
1,True,1.1978789582931355e-16,7.187273749758813e-16,9.843956782109355,1.3956568107460192,0.05,0.005555555555555556,1,2-3
2,True,7.540848890044737e-23,5.278594223031316e-22,12.721183279035593,1.8035843184929141,0.05,0.005555555555555556,2,3-4
3,True,1.321895860084851e-23,1.0575166880678808e-22,13.080976869528074,1.8545951453533298,0.05,0.005555555555555556,3,4-5
4,False,0.2294733399840932,1.0,0.7434887261863556,0.10541036773959926,0.05,0.005555555555555556,4,5-6
5,False,0.21988809496708034,1.0,0.7756983660014142,0.10997698705483869,0.05,0.005555555555555556,5,6-7
6,False,0.9999983766620772,1.0,-4.934816676669019,-0.6996485922300387,0.05,0.005555555555555556,6,7-8
7,False,0.9975184264836535,1.0,-2.87384323213607,-0.40744783512627397,0.05,0.005555555555555556,7,8-9
8,False,0.9270694989464704,1.0,-1.4658396521128065,-0.20782385977668213,0.05,0.005555555555555556,8,9-10
