,reject,pvals,pvals_corrected,tstats,effectsize,alpha,alpha_corrected,step,dimension_step
0,True,1.8320629129183655e-62,1.648856621626529e-61,39.257002126014584,5.565780468095777,0.05,0.005555555555555556,0,1-2
1,True,1.4108661010559055e-46,9.876062707391338e-46,26.170070059373792,3.710341006621027,0.05,0.005555555555555556,1,2-3
2,True,1.536525217320286e-48,1.2292201738562287e-47,27.562863508946524,3.907808519622653,0.05,0.005555555555555556,2,3-4
3,True,1.629933085001789e-42,9.779598510010734e-42,23.453894555501034,3.3252469915750553,0.05,0.005555555555555556,3,4-5
4,True,1.5688728300497108e-30,7.844364150248554e-30,16.530079541351547,2.343602131206963,0.05,0.005555555555555556,4,5-6
5,True,7.749173582301863e-28,3.0996694329207452e-27,15.151377787852002,2.148132511129374,0.05,0.005555555555555556,5,6-7
6,True,5.676211240049065e-22,1.7028633720147197e-21,12.307276643772397,1.7449014506883824,0.05,0.005555555555555556,6,7-8
7,False,0.999997358572659,1.0,-4.815566009353175,-0.6827414674113027,0.05,0.005555555555555556,7,8-9
8,False,0.9999999952438315,1.0,-6.269451502826331,-0.8888704901126648,0.05,0.005555555555555556,8,9-10
