{
  "data": {
    "name": "normal-8-100",
    "n_dimension": 8,
    "distance": "euclidean",
    "subject": null,
    "n_objects": 100,
    "n_train_triplets": 29473,
    "n_test_triplets": 10000,
    "frac_train_ndlogn": 7.999975790709088,
    "frac_train_triplets": 0.06075654504225933,
    "max_train_score": 0.6806908017507549,
    "max_test_score": 0.6753,
    "noise_sd": 2.0,
    "distance_sd": 1.0711774347008063,
    "distance_mean": 3.9477447441048965,
    "difference_sd": 0.9558320258963999,
    "difference_mean": -0.08167107101073602
  },
  "n_repeats": 10,
  "n_splits": 10,
  "embedding_method": "soe",
  "embedding_dimension": [
    1,
    2,
    3,
    4,
    5,
    6,
    7,
    8,
    9,
    10
  ],
  "random_state": 1781675775,
  "alpha": 0.05
}