,reject,pvals,pvals_corrected,tstats,effectsize,alpha,alpha_corrected,step,dimension_step
0,True,4.952281062412651e-10,4.457052956171386e-09,6.754980079260541,0.9577077757195834,0.05,0.005555555555555556,0,1-2
1,True,2.7025739828644285e-09,2.1620591862915428e-08,6.39201383762366,0.9062471366265652,0.05,0.005555555555555556,1,2-3
2,False,0.10916843559349611,0.6550106135609767,1.238832118748053,0.1756391786526267,0.05,0.005555555555555556,2,3-4
3,False,0.0367761426627312,0.2574329986391184,1.8085776313836586,0.2564165756589834,0.05,0.005555555555555556,3,4-5
4,False,0.15858823771630642,0.7929411885815321,1.0053558964280174,0.14253737954472917,0.05,0.005555555555555556,4,5-6
5,False,0.8415909655373927,1.0,-1.006104528391152,-0.14264351911047674,0.05,0.005555555555555556,5,6-7
6,False,0.739515738308544,1.0,-0.6441488716949431,-0.0913261587606007,0.05,0.005555555555555556,6,7-8
7,False,0.997459339903916,1.0,-2.8657727844225978,-0.4063036229394074,0.05,0.005555555555555556,7,8-9
8,False,0.9771941595807534,1.0,-2.024502730225978,-0.2870300110367153,0.05,0.005555555555555556,8,9-10
