,reject,pvals,pvals_corrected,tstats,effectsize,alpha,alpha_corrected,step,dimension_step
0,True,1.1543054150668409e-45,1.0388748735601568e-44,25.54077055786161,3.62112016232793,0.05,0.005555555555555556,0,1-2
1,True,1.8693671976299763e-33,1.495493758103981e-32,18.09112174648678,2.5649236215063267,0.05,0.005555555555555556,1,2-3
2,True,4.396709662422383e-21,2.6380257974534297e-20,11.890629368690902,1.6858300203664731,0.05,0.005555555555555556,2,3-4
3,True,1.4467486843578611e-27,1.0127240790505027e-26,15.01544789228288,2.128860638168714,0.05,0.005555555555555556,3,4-5
4,True,1.783618080625701e-12,7.134472322502804e-12,7.919579366131308,1.1228223696260855,0.05,0.005555555555555556,4,5-6
5,True,1.0892428766701584e-13,5.446214383350792e-13,8.484175826826059,1.2028697441862648,0.05,0.005555555555555556,5,6-7
6,True,0.013553593241547179,0.040660779724641535,2.2432836400083365,0.3180483376667039,0.05,0.005555555555555556,6,7-8
7,False,0.9999871683339098,1.0,-4.416360066467926,-0.6261428348278409,0.05,0.005555555555555556,7,8-9
8,False,0.9735674817307324,1.0,-1.9595119260872471,-0.27781574278668303,0.05,0.005555555555555556,8,9-10
