,reject,pvals,pvals_corrected,tstats,effectsize,alpha,alpha_corrected,step,dimension_step
0,True,8.979552777828931e-33,8.081597500046038e-32,17.720758664741048,2.512414272986355,0.05,0.005555555555555556,0,1-2
1,True,8.449722142353887e-30,6.75977771388311e-29,16.150504938387478,2.289786791345271,0.05,0.005555555555555556,1,2-3
2,True,4.750452737816204e-08,2.8502716426897223e-07,5.7600163293885425,0.8166437742524112,0.05,0.005555555555555556,2,3-4
3,True,2.8872383023027052e-08,2.0210668116118937e-07,5.871808509083456,0.8324934493813096,0.05,0.005555555555555556,3,4-5
4,True,5.81272633041646e-05,0.0002325090532166584,4.013823909749443,0.56907205108398,0.05,0.005555555555555556,4,5-6
5,True,4.318800615752059e-05,0.00021594003078760296,4.094874591194836,0.5805632571181687,0.05,0.005555555555555556,5,6-7
6,False,0.9794294834766193,1.0,-2.0691110643609774,-0.29335449282077747,0.05,0.005555555555555556,6,7-8
7,False,0.9999731006299737,1.0,-4.222047662488835,-0.5985936047744621,0.05,0.005555555555555556,7,8-9
8,False,0.9999999708063968,1.0,-5.869334671820677,-0.8321427136049447,0.05,0.005555555555555556,8,9-10
