,reject,pvals,pvals_corrected,tstats,effectsize,alpha,alpha_corrected,step,dimension_step
0,True,2.317088643633631e-21,1.8536709149069048e-20,12.020681126598445,1.7042685025429727,0.05,0.005555555555555556,0,1-2
1,True,5.856667752011242e-21,4.09966742640787e-20,11.832502888210266,1.6775889624094804,0.05,0.005555555555555556,1,2-3
2,True,7.222321450643672e-24,6.500089305579305e-23,13.20651536413912,1.8723937459458413,0.05,0.005555555555555556,2,3-4
3,True,3.724708154887724e-12,1.8623540774438618e-11,7.769682705311505,1.1015703161874257,0.05,0.005555555555555556,3,4-5
4,True,1.2876844912854836e-07,5.150737965141934e-07,5.533134801110309,0.7844769578814306,0.05,0.005555555555555556,4,5-6
5,True,1.938371176762814e-16,1.1630227060576885e-15,9.748160596265539,1.3820750161307278,0.05,0.005555555555555556,5,6-7
6,True,1.0958936887365922e-05,3.287681066209777e-05,4.45711951240569,0.6319216288213966,0.05,0.005555555555555556,6,7-8
7,False,0.999999998932909,1.0,-6.5916483756074395,-0.9345509283603495,0.05,0.005555555555555556,7,8-9
8,False,0.9999877573528537,1.0,-4.428523667893802,-0.6278673662890188,0.05,0.005555555555555556,8,9-10
