,reject,pvals,pvals_corrected,tstats,effectsize,alpha,alpha_corrected,step,dimension_step
0,True,1.151077752486853e-34,1.0359699772381678e-33,18.759271304922397,2.659652550377934,0.05,0.005555555555555556,0,1-2
1,True,8.920441298028071e-14,5.352264778816842e-13,8.524287191755594,1.208556654530484,0.05,0.005555555555555556,1,2-3
2,True,5.553073828474062e-15,3.887151679931843e-14,9.07982907657385,1.287320289150499,0.05,0.005555555555555556,2,3-4
3,True,5.698502764290605e-18,4.558802211432484e-17,10.45065851336052,1.4816737876643846,0.05,0.005555555555555556,3,4-5
4,True,7.659545398228436e-07,3.829772699114218e-06,5.115843305935647,0.7253141913031206,0.05,0.005555555555555556,4,5-6
5,True,0.0009309363233335919,0.0037237452933343677,3.197457064243209,0.4533291670773441,0.05,0.005555555555555556,5,6-7
6,False,0.7037604423466097,1.0,-0.5369903321812796,-0.07613343201339996,0.05,0.005555555555555556,6,7-8
7,False,0.9510072511236264,1.0,-1.6704681316647778,-0.23683568271340524,0.05,0.005555555555555556,7,8-9
8,False,0.9999957032043385,1.0,-4.694740921988519,-0.6656111244179306,0.05,0.005555555555555556,8,9-10
