{
  "data": {
    "name": "normal-8-100",
    "n_dimension": 8,
    "distance": "euclidean",
    "subject": null,
    "n_objects": 100,
    "n_train_triplets": 29473,
    "n_test_triplets": 10000,
    "frac_train_ndlogn": 7.999975790709088,
    "frac_train_triplets": 0.06075654504225933,
    "max_train_score": 0.8730024089844943,
    "max_test_score": 0.8726,
    "noise_sd": 0.5,
    "distance_sd": 1.061235610289747,
    "distance_mean": 3.672312763662449,
    "difference_sd": 0.9102093259411781,
    "difference_mean": -0.1661895343106085
  },
  "n_repeats": 10,
  "n_splits": 10,
  "embedding_method": "soe",
  "embedding_dimension": [
    1,
    2,
    3,
    4,
    5,
    6,
    7,
    8,
    9,
    10
  ],
  "random_state": 414585372,
  "alpha": 0.05
}