,reject,pvals,pvals_corrected,tstats,effectsize,alpha,alpha_corrected,step,dimension_step
0,True,2.5121213135186129e-57,2.2609091821667515e-56,34.53579684468341,4.89641727891607,0.05,0.005555555555555556,0,1-2
1,True,7.287560601448453e-52,5.830048481158762e-51,30.051913278421488,4.260701095234832,0.05,0.005555555555555556,1,2-3
2,True,2.341075476905916e-41,1.4046452861435498e-40,22.718459128714827,3.220978404768223,0.05,0.005555555555555556,2,3-4
3,True,6.098673551851095e-45,4.269071486295766e-44,25.050404388989662,3.551597012389952,0.05,0.005555555555555556,3,4-5
4,True,3.4975027602786343e-37,1.748751380139317e-36,20.193432385580348,2.862985084665863,0.05,0.005555555555555556,4,5-6
5,True,8.139558056197927e-24,3.2558232224791706e-23,13.181658119868466,1.8688695347947148,0.05,0.005555555555555556,5,6-7
6,True,4.531633212577888e-19,1.3594899637733662e-18,10.956689081244093,1.5534178052525085,0.05,0.005555555555555556,6,7-8
7,False,0.9998829811113207,1.0,-3.818724632944995,-0.5414112597507001,0.05,0.005555555555555556,7,8-9
8,False,0.9999917926743888,1.0,-4.531260417008701,-0.6424331802995706,0.05,0.005555555555555556,8,9-10
