,reject,pvals,pvals_corrected,tstats,effectsize,alpha,alpha_corrected,step,dimension_step
0,True,1.2095484393268635e-24,1.0885935953941771e-23,13.579667737864856,1.925298554790885,0.05,0.005555555555555556,0,1-2
1,True,3.9412927697301443e-23,3.1530342157841155e-22,12.854938230901597,1.822547832217605,0.05,0.005555555555555556,1,2-3
2,True,1.9688612093338744e-15,1.378202846533712e-14,9.286576292260738,1.3166325023248393,0.05,0.005555555555555556,2,3-4
3,True,4.686807449615364e-06,2.8120844697692186e-05,4.672982836131891,0.6625263058447945,0.05,0.005555555555555556,3,4-5
4,False,0.4325623538414448,1.0,0.17029623709120514,0.02414426519757947,0.05,0.005555555555555556,4,5-6
5,False,0.22933907222688066,0.9173562889075226,0.743934525663805,0.10547357231177497,0.05,0.005555555555555556,5,6-7
6,False,0.05296983721925566,0.2648491860962783,1.631605914495609,0.23132587407919677,0.05,0.005555555555555556,6,7-8
7,False,0.9808484534781219,1.0,-2.0996420813580916,-0.2976831202979386,0.05,0.005555555555555556,7,8-9
8,False,0.9946293743022284,1.0,-2.6002460168910573,-0.36865776063592004,0.05,0.005555555555555556,8,9-10
