,reject,pvals,pvals_corrected,tstats,effectsize,alpha,alpha_corrected,step,dimension_step
0,True,2.3267258788901927e-62,2.0940532910011733e-61,39.15631176809387,5.551504787399586,0.05,0.005555555555555556,0,1-2
1,True,8.472876838019623e-49,5.931013786613736e-48,27.750431701258133,3.9344015686245326,0.05,0.005555555555555556,1,2-3
2,True,6.366019070480939e-57,5.092815256384751e-56,34.1862949895957,4.8468655940378875,0.05,0.005555555555555556,2,3-4
3,True,2.326562955012792e-48,1.3959377730076752e-47,27.43271259023473,3.889355978622565,0.05,0.005555555555555556,3,4-5
4,True,1.1796371999180167e-38,5.898185999590083e-38,21.06195099623948,2.986121943253975,0.05,0.005555555555555556,4,5-6
5,True,1.0662180873429268e-28,4.264872349371707e-28,15.58656394261147,2.2098323473107224,0.05,0.005555555555555556,5,6-7
6,True,3.2368518561915018e-25,9.710555568574505e-25,13.856998336292918,1.9646179409982527,0.05,0.005555555555555556,6,7-8
7,False,0.9999999254731953,1.0,-5.658073047609736,-0.8021904564785084,0.05,0.005555555555555556,7,8-9
8,False,0.9999901501446732,1.0,-4.484563097059085,-0.6358125262197278,0.05,0.005555555555555556,8,9-10
