,reject,pvals,pvals_corrected,tstats,effectsize,alpha,alpha_corrected,step,dimension_step
0,True,1.8832866584132203e-17,1.6949579925718982e-16,10.212349989058618,1.4478868742958444,0.05,0.005555555555555556,0,1-2
1,True,2.829501186007363e-06,2.2636009488058903e-05,4.798588213795026,0.6803343889847447,0.05,0.005555555555555556,1,2-3
2,False,0.008767557066734624,0.06137289946714236,2.4157764181349153,0.3425040241274967,0.05,0.005555555555555556,2,3-4
3,False,0.6731081281053999,1.0,-0.44987546986989563,-0.06378245835583052,0.05,0.005555555555555556,3,4-5
4,False,0.9933872271081446,1.0,-2.5230745452178347,-0.3577165413254318,0.05,0.005555555555555556,4,5-6
5,False,0.5287206714349497,1.0,-0.0722374808616169,-0.010241687807780833,0.05,0.005555555555555556,5,6-7
6,False,0.6766038660723517,1.0,-0.4596262379792436,-0.06516490306003213,0.05,0.005555555555555556,6,7-8
7,False,0.7925520139385016,1.0,-0.8187492829047348,-0.11608066129020093,0.05,0.005555555555555556,7,8-9
8,False,0.869702332175854,1.0,-1.1314588881055163,-0.16041601341988088,0.05,0.005555555555555556,8,9-10
