,reject,pvals,pvals_corrected,tstats,effectsize,alpha,alpha_corrected,step,dimension_step
0,True,9.57698617021851e-53,8.61928755319666e-52,30.74102540629291,4.358402055927727,0.05,0.005555555555555556,0,1-2
1,True,6.693188167238295e-45,5.354550533790636e-44,25.02320726527361,3.5477410577380586,0.05,0.005555555555555556,1,2-3
2,True,2.7972012093917397e-41,1.9580408465742178e-40,22.669901674364787,3.2140940244955174,0.05,0.005555555555555556,2,3-4
3,True,9.266167911288806e-32,5.559700746773284e-31,17.177361706257788,2.4353725221099025,0.05,0.005555555555555556,3,4-5
4,True,7.169875707825299e-26,3.584937853912649e-25,14.17636619534617,2.0098972872496628,0.05,0.005555555555555556,4,5-6
5,True,2.163578329539616e-24,8.654313318158464e-24,13.457890591804084,1.9080332307900914,0.05,0.005555555555555556,5,6-7
6,True,5.438614369415204e-24,1.631584310824561e-23,13.265542445005392,1.8807624892523125,0.05,0.005555555555555556,6,7-8
7,False,0.9999978878815735,1.0,-4.870540890122412,-0.6905356977664157,0.05,0.005555555555555556,7,8-9
8,False,0.995683772506574,1.0,-2.679646668467271,-0.3799150286840096,0.05,0.005555555555555556,8,9-10
