,reject,pvals,pvals_corrected,tstats,effectsize,alpha,alpha_corrected,step,dimension_step
0,True,9.961194383559797e-39,7.968955506847838e-38,21.105886601653154,2.9923510468844667,0.05,0.005555555555555556,0,1-2
1,True,4.867023539224001e-39,4.380321185301601e-38,21.292631402690272,3.0188273570926287,0.05,0.005555555555555556,1,2-3
2,True,4.780552780000396e-31,3.346386946000277e-30,16.80048930059214,2.3819402944608097,0.05,0.005555555555555556,2,3-4
3,True,6.474146182230907e-17,3.8844877093385443e-16,9.96644191080231,1.4130225111304529,0.05,0.005555555555555556,3,4-5
4,True,1.3684699162061206e-06,6.842349581030603e-06,4.976284305275452,0.7055277909680133,0.05,0.005555555555555556,4,5-6
5,True,0.00024912695674683655,0.0007473808702405096,3.6005924253465356,0.5104849048391115,0.05,0.005555555555555556,5,6-7
6,True,2.736290198617361e-06,1.0945160794469444e-05,4.806860776084776,0.6815072565782916,0.05,0.005555555555555556,6,7-8
7,False,0.9999977688817615,1.0,-4.8570979533120004,-0.6886297846533087,0.05,0.005555555555555556,7,8-9
8,False,0.9999803138392359,1.0,-4.3046417260110745,-0.6103036284807325,0.05,0.005555555555555556,8,9-10
