,reject,pvals,pvals_corrected,tstats,effectsize,alpha,alpha_corrected,step,dimension_step
0,True,7.213644879881253e-46,6.492280391893128e-45,25.680532422686376,3.64093532434487,0.05,0.005555555555555556,0,1-2
1,True,2.4469313866896868e-33,1.9575451093517494e-32,18.02729124934887,2.5558738592983357,0.05,0.005555555555555556,1,2-3
2,True,3.261764251035166e-09,1.3047057004140664e-08,6.351335029246899,0.9004797752676408,0.05,0.005555555555555556,2,3-4
3,True,4.436029362084707e-23,3.105220553459295e-22,12.83053397075502,1.8190878442637075,0.05,0.005555555555555556,3,4-5
4,True,3.6920923917931017e-19,2.215255435075861e-18,10.997743463857029,1.5592384147871676,0.05,0.005555555555555556,4,5-6
5,True,1.0985840654839149e-09,5.492920327419574e-09,6.585432825124432,0.9336696998507007,0.05,0.005555555555555556,5,6-7
6,True,0.0016803047234066645,0.005040914170219993,3.0053875611661067,0.42609793109778904,0.05,0.005555555555555556,6,7-8
7,False,0.9999999999974487,1.0,-7.846783526730979,-1.1125015188440412,0.05,0.005555555555555556,7,8-9
8,False,0.999999991338611,1.0,-6.138452147055847,-0.8702976593768883,0.05,0.005555555555555556,8,9-10
