,reject,pvals,pvals_corrected,tstats,effectsize,alpha,alpha_corrected,step,dimension_step
0,True,3.3887221686362354e-63,3.0498499517726117e-62,39.97443693819782,5.667496963205711,0.05,0.005555555555555556,0,1-2
1,True,8.833288775930368e-52,7.066631020744294e-51,29.987247202897056,4.2515328663683745,0.05,0.005555555555555556,1,2-3
2,True,3.5398077573158285e-46,2.47786543012108e-45,25.89325807315972,3.6710951482322605,0.05,0.005555555555555556,2,3-4
3,True,2.592050708825778e-37,1.5552304252954667e-36,20.26928562067347,2.873739406989508,0.05,0.005555555555555556,3,4-5
4,True,5.436344768105791e-29,2.7181723840528957e-28,15.735541921061966,2.2309541517718605,0.05,0.005555555555555556,4,5-6
5,True,1.3345448397868757e-15,5.338179359147503e-15,9.364050528198243,1.3276166469566033,0.05,0.005555555555555556,5,6-7
6,True,1.1462630642977272e-12,3.4387891928931813e-12,8.009315298980349,1.1355449535038435,0.05,0.005555555555555556,6,7-8
7,False,0.9416575647677178,1.0,-1.582676041316369,-0.22438869299814448,0.05,0.005555555555555556,7,8-9
8,False,0.9854817069891865,1.0,-2.215224200826793,-0.314070125625931,0.05,0.005555555555555556,8,9-10
