,reject,pvals,pvals_corrected,tstats,effectsize,alpha,alpha_corrected,step,dimension_step
0,True,7.905036191591674e-54,7.114532572432506e-53,31.605598376893198,4.48097950943689,0.05,0.005555555555555556,0,1-2
1,True,6.162174400781087e-48,4.929739520624869e-47,27.128999085725205,3.8462960759364186,0.05,0.005555555555555556,1,2-3
2,True,1.6326574285120594e-43,1.1428601999584416e-42,24.102165385087336,3.417157553409747,0.05,0.005555555555555556,2,3-4
3,True,7.258886010758133e-34,4.3553316064548794e-33,18.316363397876213,2.596857939360776,0.05,0.005555555555555556,3,4-5
4,True,1.1609754967134129e-25,5.804877483567065e-25,14.073979000984123,1.99538103242373,0.05,0.005555555555555556,4,5-6
5,True,1.0600025991625176e-19,4.2400103966500706e-19,11.248194302981371,1.594746841644162,0.05,0.005555555555555556,5,6-7
6,True,3.861280645689008e-12,1.1583841937067025e-11,7.762336844655333,1.1005288345268998,0.05,0.005555555555555556,6,7-8
7,False,0.9100461112899062,1.0,-1.3505843442162857,-0.19148318914993234,0.05,0.005555555555555556,7,8-9
8,False,0.9999557447641136,1.0,-4.088252175700598,-0.5796243440883064,0.05,0.005555555555555556,8,9-10
