,reject,pvals,pvals_corrected,tstats,effectsize,alpha,alpha_corrected,step,dimension_step
0,True,8.365196640464314e-73,7.528676976417882e-72,50.532916131102965,7.164457354527195,0.05,0.005555555555555556,0,1-2
1,True,2.4868760689063994e-59,1.9895008551251196e-58,36.31595610735629,5.148804754212324,0.05,0.005555555555555556,1,2-3
2,True,2.4594205408603745e-56,1.7215943786022624e-55,33.68362456694104,4.77559797122451,0.05,0.005555555555555556,2,3-4
3,True,1.1925405444700052e-44,5.962702722350027e-44,24.854814473915425,3.523866659328802,0.05,0.005555555555555556,3,4-5
4,True,9.687424160971918e-56,5.8124544965831506e-55,33.180117528301146,4.704211734643964,0.05,0.005555555555555556,4,5-6
5,True,2.1716146219860622e-44,8.686458487944249e-44,24.68093714880074,3.499214674522078,0.05,0.005555555555555556,5,6-7
6,True,4.149028853547253e-37,1.2447086560641759e-36,20.150260775549214,2.8568642987964723,0.05,0.005555555555555556,6,7-8
7,False,0.9999967502222238,1.0,-4.7643034896197065,-0.6754735682945527,0.05,0.005555555555555556,7,8-9
8,False,0.8825971136339688,1.0,-1.1953501713772972,-0.1694743937662498,0.05,0.005555555555555556,8,9-10
