,reject,pvals,pvals_corrected,tstats,effectsize,alpha,alpha_corrected,step,dimension_step
0,True,5.55792292166398e-57,5.002130629497583e-56,34.23713188210439,4.854073148564728,0.05,0.005555555555555556,0,1-2
1,True,1.1613534567782116e-51,9.290827654225693e-51,29.895447833237753,4.23851773248237,0.05,0.005555555555555556,1,2-3
2,True,7.737646212008197e-50,5.416352348405738e-49,28.514651818479663,4.042751192166947,0.05,0.005555555555555556,2,3-4
3,True,3.067556894667019e-39,1.8405341368002115e-38,21.413551705388727,3.0359711995285568,0.05,0.005555555555555556,3,4-5
4,True,2.603133181020742e-34,1.301566590510371e-33,18.562280736839103,2.6317236154909134,0.05,0.005555555555555556,4,5-6
5,True,1.6532283503360626e-29,6.61291340134425e-29,16.000333232566938,2.2684957425679446,0.05,0.005555555555555556,5,6-7
6,True,8.967672694680258e-18,2.6903018084040772e-17,10.360230348193104,1.4688530604514676,0.05,0.005555555555555556,6,7-8
7,False,0.9999999865329819,1.0,-6.041275682827776,-0.8565201716099151,0.05,0.005555555555555556,7,8-9
8,False,0.9967095371144563,1.0,-2.7760232996583887,-0.3935791176977993,0.05,0.005555555555555556,8,9-10
