,reject,pvals,pvals_corrected,tstats,effectsize,alpha,alpha_corrected,step,dimension_step
0,True,3.1914351979680446e-45,2.87229167817124e-44,25.240351177254894,3.5785272940429054,0.05,0.005555555555555556,0,1-2
1,True,6.925551397394002e-41,5.540441117915201e-40,22.42369213255568,3.179186920421163,0.05,0.005555555555555556,1,2-3
2,True,6.07497282651159e-32,4.252480978558113e-31,17.275012208645208,2.449217218073772,0.05,0.005555555555555556,2,3-4
3,True,1.2846706134623882e-27,7.70802368077433e-27,15.041279379213213,2.1325229755259376,0.05,0.005555555555555556,3,4-5
4,True,9.700796581510336e-18,4.850398290755168e-17,10.344563235968641,1.466631808127348,0.05,0.005555555555555556,4,5-6
5,True,7.731894937467872e-12,2.3195684812403617e-11,7.620394255597838,1.080404493721884,0.05,0.005555555555555556,5,6-7
6,True,7.431797648082799e-14,2.9727190592331197e-13,8.560934096675158,1.2137523805556842,0.05,0.005555555555555556,6,7-8
7,False,0.9999430149439913,1.0,-4.019270072513499,-0.5698441973176874,0.05,0.005555555555555556,7,8-9
8,False,0.9999898645354749,1.0,-4.477220765850365,-0.6347715449573126,0.05,0.005555555555555556,8,9-10
