,reject,pvals,pvals_corrected,tstats,effectsize,alpha,alpha_corrected,step,dimension_step
0,True,3.9021225455539837e-63,3.5119102909985855e-62,39.91402479920087,5.65893184908452,0.05,0.005555555555555556,0,1-2
1,True,4.1590812561195394e-51,3.3272650048956315e-50,29.470453017882512,4.178262804335968,0.05,0.005555555555555556,1,2-3
2,True,6.94287826869944e-36,3.47143913434972e-35,19.44628202291127,2.7570555773151595,0.05,0.005555555555555556,2,3-4
3,True,7.391945129950855e-47,5.1743615909655985e-46,26.36591089655818,3.7381069349249123,0.05,0.005555555555555556,3,4-5
4,True,2.7392141180400957e-35,1.0956856472160383e-34,19.108706114721624,2.709194729707121,0.05,0.005555555555555556,4,5-6
5,True,3.363175860904303e-37,2.0179055165425816e-36,20.203337934083457,2.8643894738295437,0.05,0.005555555555555556,5,6-7
6,True,4.0305593350407314e-25,1.2091678005122195e-24,13.810735626677664,1.9580589051159092,0.05,0.005555555555555556,6,7-8
7,False,0.999999999877517,1.0,-7.0489846517285,-0.9993911651368471,0.05,0.005555555555555556,7,8-9
8,False,0.9999990570828762,1.0,-5.066089521767977,-0.7182601977443317,0.05,0.005555555555555556,8,9-10
