,reject,pvals,pvals_corrected,tstats,effectsize,alpha,alpha_corrected,step,dimension_step
0,True,7.849547031110534e-40,7.06459232799948e-39,21.773211277049988,3.0869630254629525,0.05,0.005555555555555556,0,1-2
1,True,1.6112628642373168e-32,1.2890102913898534e-31,17.583819171806134,2.492999261298975,0.05,0.005555555555555556,1,2-3
2,True,1.1676878880221564e-19,5.838439440110782e-19,11.228750267452774,1.5919901045703877,0.05,0.005555555555555556,2,3-4
3,True,3.409835269835989e-29,2.386884688885192e-28,15.839065904642219,2.24563157833492,0.05,0.005555555555555556,3,4-5
4,True,4.9705774150803335e-12,1.4911732245241e-11,7.7107790333756006,1.0932190695561217,0.05,0.005555555555555556,4,5-6
5,True,3.8868904790055653e-16,1.5547561916022261e-15,9.609673750891835,1.3624406238611668,0.05,0.005555555555555556,5,6-7
6,True,9.183732708450152e-22,5.5102396250700915e-21,12.209081858487139,1.7309795873668992,0.05,0.005555555555555556,6,7-8
7,False,0.9999999999999915,1.0,-8.994274855002375,-1.2751905800642798,0.05,0.005555555555555556,7,8-9
8,False,0.9999955926244264,1.0,-4.688383352725934,-0.6647097607653348,0.05,0.005555555555555556,8,9-10
