,reject,pvals,pvals_corrected,tstats,effectsize,alpha,alpha_corrected,step,dimension_step
0,True,4.411825770300991e-30,3.970643193270892e-29,16.296513439445555,2.3104875891483325,0.05,0.005555555555555556,0,1-2
1,True,1.8821881295445504e-11,1.1293128777267302e-10,7.437626826587145,1.0544920874885588,0.05,0.005555555555555556,1,2-3
2,True,3.4215021941120764e-22,2.737201755289661e-21,12.410772841891678,1.759574937883492,0.05,0.005555555555555556,2,3-4
3,True,5.464362574125219e-07,2.7321812870626096e-06,5.196150440097738,0.7366999786674573,0.05,0.005555555555555556,3,4-5
4,True,1.6734453712552166e-16,1.1714117598786516e-15,9.77741160009767,1.3862221658615828,0.05,0.005555555555555556,4,5-6
5,True,5.47038872779788e-07,2.7321812870626096e-06,5.195889370085575,0.7366629646751549,0.05,0.005555555555555556,5,6-7
6,False,0.9999999984032589,1.0,-6.505337198502402,-0.9223138996089556,0.05,0.005555555555555556,6,7-8
7,False,0.9996102591336311,1.0,-3.4672481910475303,-0.49157962184240556,0.05,0.005555555555555556,7,8-9
8,False,0.9997509778542114,1.0,-3.600716274172789,-0.510502463881851,0.05,0.005555555555555556,8,9-10
