,reject,pvals,pvals_corrected,tstats,effectsize,alpha,alpha_corrected,step,dimension_step
0,True,2.690097599499321e-18,2.421087839549389e-17,10.600476231058305,1.5029146487026364,0.05,0.005555555555555556,0,1-2
1,True,1.5890725091549297e-10,1.2712580073239438e-09,6.994486633393489,0.9916645433987618,0.05,0.005555555555555556,1,2-3
2,True,6.4409799671495865e-06,3.864587980289752e-05,4.592868699119881,0.6511678812364033,0.05,0.005555555555555556,2,3-4
3,False,0.12805398899547427,0.6402699449773713,1.1422432560847384,0.1619449998785727,0.05,0.005555555555555556,3,4-5
4,True,1.814484745930622e-07,1.2701393221514356e-06,5.45410080998758,0.7732716742305161,0.05,0.005555555555555556,4,5-6
5,False,0.8085877186521792,1.0,-0.8766028041643328,-0.12428301962626585,0.05,0.005555555555555556,5,6-7
6,False,0.9967987738810844,1.0,-2.7856596508018856,-0.3949453405898587,0.05,0.005555555555555556,6,7-8
7,False,0.9985822744966131,1.0,-3.0614922498899926,-0.4340523434002268,0.05,0.005555555555555556,7,8-9
8,False,0.9888423238382614,1.0,-2.321400304971783,-0.3291235646208837,0.05,0.005555555555555556,8,9-10
