,reject,pvals,pvals_corrected,tstats,effectsize,alpha,alpha_corrected,step,dimension_step
0,True,7.87916215051141e-25,7.091245935460268e-24,13.669642511276766,1.9380550010133923,0.05,0.005555555555555556,0,1-2
1,True,1.749863981624403e-24,1.3998911852995223e-23,13.50229429822329,1.9143287008595011,0.05,0.005555555555555556,1,2-3
2,True,5.138818695676285e-07,3.0832912174057707e-06,5.2106889929872064,0.7387612260710882,0.05,0.005555555555555556,2,3-4
3,True,6.9591707805460035e-09,4.871419546382202e-08,6.186398614299273,0.8770954151005943,0.05,0.005555555555555556,3,4-5
4,False,0.017996682279798636,0.07198672911919454,2.1259670523203185,0.3014154228495809,0.05,0.005555555555555556,4,5-6
5,True,1.419256760272976e-05,7.09628380136488e-05,4.390200276933547,0.6224339513738123,0.05,0.005555555555555556,5,6-7
6,False,0.9996120108129148,1.0,-3.4686071866094665,-0.49177229755744295,0.05,0.005555555555555556,6,7-8
7,False,0.9353416066668193,1.0,-1.5295517325568444,-0.21685683309896708,0.05,0.005555555555555556,7,8-9
8,False,0.9999692675544326,1.0,-4.186504499187343,-0.5935543650627091,0.05,0.005555555555555556,8,9-10
