,reject,pvals,pvals_corrected,tstats,effectsize,alpha,alpha_corrected,step,dimension_step
0,True,1.0089030925194545e-64,9.08012783267509e-64,41.505799654186795,5.88461055397003,0.05,0.005555555555555556,0,1-2
1,True,3.7562112772619225e-59,3.004969021809538e-58,36.15376042447941,5.125808969642025,0.05,0.005555555555555556,1,2-3
2,True,1.0372292613100008e-49,5.186146306550004e-49,28.420208190654186,4.029361160564437,0.05,0.005555555555555556,2,3-4
3,True,4.282452935015614e-46,1.4481973319396242e-45,25.836220085373476,3.663008414626339,0.05,0.005555555555555556,3,4-5
4,True,1.4244666569380015e-51,9.971266598566011e-51,29.82708809915167,4.228825823977507,0.05,0.005555555555555556,4,5-6
5,True,2.5388530051351848e-51,1.523311803081111e-50,29.6343097745138,4.201494092672669,0.05,0.005555555555555556,5,6-7
6,True,3.6204933298490606e-46,1.4481973319396242e-45,25.886503425837326,3.670137487634154,0.05,0.005555555555555556,6,7-8
7,False,0.9999664879034995,1.0,-4.163303344885736,-0.5902649510867094,0.05,0.005555555555555556,7,8-9
8,False,0.9999863233319992,1.0,-4.3998200504857,-0.6237978239276107,0.05,0.005555555555555556,8,9-10
