,reject,pvals,pvals_corrected,tstats,effectsize,alpha,alpha_corrected,step,dimension_step
0,True,6.1212355383923175e-80,5.509111984553085e-79,59.978067307121066,8.50357229165218,0.05,0.005555555555555556,0,1-2
1,True,1.4905228266280515e-66,1.1924182613024412e-65,43.41146286230435,6.154791731546011,0.05,0.005555555555555556,1,2-3
2,True,1.2446158129307306e-52,8.712310690515114e-52,30.651330143401463,4.345685238156482,0.05,0.005555555555555556,2,3-4
3,True,3.2103928149931858e-46,1.9262356889959114e-45,25.922547897143794,3.6752478018078243,0.05,0.005555555555555556,3,4-5
4,True,1.1951882947373463e-37,5.975941473686731e-37,20.46609918212854,2.901643246225288,0.05,0.005555555555555556,4,5-6
5,True,1.950094270030432e-35,5.850282810091297e-35,19.191957039219215,2.7209978818691796,0.05,0.005555555555555556,5,6-7
6,True,6.044990499170586e-37,2.4179961996682344e-36,20.05534614939187,2.8434074899778214,0.05,0.005555555555555556,6,7-8
7,False,0.9991253873638363,1.0,-3.217297000320159,-0.45614203415137317,0.05,0.005555555555555556,7,8-9
8,False,0.9998708516650389,1.0,-3.790715577695465,-0.5374401910446069,0.05,0.005555555555555556,8,9-10
