,reject,pvals,pvals_corrected,tstats,effectsize,alpha,alpha_corrected,step,dimension_step
0,True,4.494358395048265e-36,4.044922555543439e-35,19.55396924621196,2.7723232598087564,0.05,0.005555555555555556,0,1-2
1,True,1.103169472222959e-32,8.825355777783672e-32,17.672486718806937,2.505570371534721,0.05,0.005555555555555556,1,2-3
2,True,2.097482439568141e-21,1.2584894637408846e-20,12.040922882393792,1.707138338825531,0.05,0.005555555555555556,2,3-4
3,True,5.5101019514761184e-27,3.8570713660332826e-26,14.72592376158553,2.08781247696412,0.05,0.005555555555555556,3,4-5
4,True,3.210748677485979e-06,1.6053743387429895e-05,4.767300150704881,0.6758984290030661,0.05,0.005555555555555556,4,5-6
5,True,6.351209367686903e-05,0.00025404837470747614,3.989454547531393,0.565617010889678,0.05,0.005555555555555556,5,6-7
6,True,0.0011749214067916286,0.0035247642203748855,3.122712567415769,0.44273203948200657,0.05,0.005555555555555556,6,7-8
7,False,0.8981201985486457,1.0,-1.2793630548618968,-0.18138557497326116,0.05,0.005555555555555556,7,8-9
8,False,0.9998917469866689,1.0,-3.8407449249092074,-0.5445332533895104,0.05,0.005555555555555556,8,9-10
