,reject,pvals,pvals_corrected,tstats,effectsize,alpha,alpha_corrected,step,dimension_step
0,True,3.956667193296373e-74,3.561000473966735e-73,52.174369912008885,7.397179439716527,0.05,0.005555555555555556,0,1-2
1,True,2.7108459018882457e-62,2.1686767215105966e-61,39.09206231173796,5.542395625978559,0.05,0.005555555555555556,1,2-3
2,True,5.217238932593266e-55,3.652067252815286e-54,32.57034506582365,4.617759395498309,0.05,0.005555555555555556,2,3-4
3,True,1.3596549847886392e-54,8.157929908731836e-54,32.22763464162372,4.56917058631971,0.05,0.005555555555555556,3,4-5
4,True,1.2563006682574996e-45,5.0252026730299985e-45,25.515657646765387,3.6175597032376587,0.05,0.005555555555555556,4,5-6
5,True,3.654469854950633e-52,1.8272349274753165e-51,30.2848720416984,4.293729530018423,0.05,0.005555555555555556,5,6-7
6,True,2.8981434979103778e-43,8.694430493731133e-43,23.93931299438702,3.394068662097237,0.05,0.005555555555555556,6,7-8
7,False,0.999961032111784,1.0,-4.122697737776586,-0.5845079680593807,0.05,0.005555555555555556,7,8-9
8,False,0.9993779276101328,1.0,-3.3241936309212434,-0.4712976279686224,0.05,0.005555555555555556,8,9-10
