,reject,pvals,pvals_corrected,tstats,effectsize,alpha,alpha_corrected,step,dimension_step
0,True,1.5162840264323095e-43,1.3646556237890785e-42,24.12320729316641,3.4201408337076677,0.05,0.005555555555555556,0,1-2
1,True,1.378514591645108e-34,9.649602141515756e-34,18.715643230901872,2.653467047942862,0.05,0.005555555555555556,1,2-3
2,True,4.030856685227435e-43,3.224685348181948e-42,23.846044521230297,3.380845241609894,0.05,0.005555555555555556,2,3-4
3,True,5.2668251402711574e-21,2.6334125701355788e-20,11.854016655287612,1.6806391419471305,0.05,0.005555555555555556,3,4-5
4,True,1.5084646596378252e-24,9.050787957826951e-24,13.533380058877485,1.9187359788001253,0.05,0.005555555555555556,4,5-6
5,True,2.3780346192034645e-11,9.512138476813858e-11,7.389406090170452,1.0476554464214771,0.05,0.005555555555555556,5,6-7
6,True,4.910254892631572e-11,1.4730764677894717e-10,7.239366516419617,1.0263831310688378,0.05,0.005555555555555556,6,7-8
7,False,0.98819692389757,1.0,-2.299005655870202,-0.3259484953642111,0.05,0.005555555555555556,7,8-9
8,False,0.9996575949429947,1.0,-3.5061739599712074,-0.4970984407192408,0.05,0.005555555555555556,8,9-10
