,reject,pvals,pvals_corrected,tstats,effectsize,alpha,alpha_corrected,step,dimension_step
0,True,1.2746135202337896e-26,1.1471521682104107e-25,14.545459347902122,2.062226587709478,0.05,0.005555555555555556,0,1-2
1,True,6.846124534874179e-14,5.476899627899343e-13,8.577403787530544,1.2160874208978947,0.05,0.005555555555555556,1,2-3
2,True,2.7129724985355697e-13,1.8990807489748987e-12,8.300566095764008,1.1768379180265116,0.05,0.005555555555555556,2,3-4
3,True,2.243366497406259e-09,1.3460198984437553e-08,6.432200559206996,0.9119447308887902,0.05,0.005555555555555556,3,4-5
4,True,4.57957606557645e-05,0.00022897880327882252,4.0789580528179235,0.5783066416452513,0.05,0.005555555555555556,4,5-6
5,False,0.3108225817962071,0.9324677453886212,0.4950736335969129,0.07019056501813023,0.05,0.005555555555555556,5,6-7
6,False,0.01776540984530604,0.07106163938122416,2.131413798512758,0.30218765180061596,0.05,0.005555555555555556,6,7-8
7,False,0.9827086500146878,1.0,-2.14277325050392,-0.3037981725382345,0.05,0.005555555555555556,7,8-9
8,False,0.7320076387758101,1.0,-0.6210642065007469,-0.08805326038089369,0.05,0.005555555555555556,8,9-10
