,reject,pvals,pvals_corrected,tstats,effectsize,alpha,alpha_corrected,step,dimension_step
0,True,1.596931401644859e-42,1.437238261480373e-41,23.459603008253737,3.326056324766929,0.05,0.005555555555555556,0,1-2
1,True,3.6785958894176425e-32,2.942876711534114e-31,17.39140588985601,2.465719285027671,0.05,0.005555555555555556,1,2-3
2,True,1.3326851743484706e-20,9.328796220439295e-20,11.666110356935016,1.6539981569364588,0.05,0.005555555555555556,2,3-4
3,True,1.6093383042099712e-17,9.656029825259827e-17,10.243671109808373,1.4523275211274154,0.05,0.005555555555555556,3,4-5
4,True,3.2521896237815855e-14,1.6260948118907927e-13,8.726583822291225,1.237237872504861,0.05,0.005555555555555556,4,5-6
5,True,7.420857241356759e-06,2.226257172407028e-05,4.556926367473755,0.646072048222673,0.05,0.005555555555555556,5,6-7
6,True,1.5713832141688655e-06,6.285532856675462e-06,4.942728784303208,0.7007703552722211,0.05,0.005555555555555556,6,7-8
7,False,0.9952565790602621,1.0,-2.6455627918890734,-0.3750826837706876,0.05,0.005555555555555556,7,8-9
8,False,0.9999094130032954,1.0,-3.8908296106409543,-0.5516341615205402,0.05,0.005555555555555556,8,9-10
