,reject,pvals,pvals_corrected,tstats,effectsize,alpha,alpha_corrected,step,dimension_step
0,True,3.486290064649718e-76,3.1376610581847466e-75,54.81833673746904,7.772035850509229,0.05,0.005555555555555556,0,1-2
1,True,5.154062728896779e-63,4.123250183117423e-62,39.795094805818586,5.642070188784708,0.05,0.005555555555555556,1,2-3
2,True,4.820378539760331e-56,2.4101892698801657e-55,33.43567607140842,4.7404443217150725,0.05,0.005555555555555556,2,3-4
3,True,1.74973303926214e-60,1.049839823557284e-59,37.37498932052739,5.298952398039319,0.05,0.005555555555555556,3,4-5
4,True,6.12784612679425e-62,4.289492288755975e-61,38.75068747673643,5.49399617400686,0.05,0.005555555555555556,4,5-6
5,True,1.4344451775665662e-54,5.737780710266265e-54,32.20856445792677,4.566466853222547,0.05,0.005555555555555556,5,6-7
6,True,6.08749629861817e-29,1.826248889585451e-28,15.710478255494213,2.2274006746156556,0.05,0.005555555555555556,6,7-8
7,False,0.9999999999471478,1.0,-7.224092013826196,-1.024217542165196,0.05,0.005555555555555556,7,8-9
8,False,0.9864325083093795,1.0,-2.2428671422203825,-0.3179892874303726,0.05,0.005555555555555556,8,9-10
