,reject,pvals,pvals_corrected,tstats,effectsize,alpha,alpha_corrected,step,dimension_step
0,True,1.4781238089980907e-80,1.3303114280982817e-79,60.86861420466397,8.629832277383056,0.05,0.005555555555555556,0,1-2
1,True,7.245102422357501e-63,5.796081937886001e-62,39.649974319691324,5.62149529199012,0.05,0.005555555555555556,1,2-3
2,True,2.0803964514482257e-59,1.456277516013758e-58,36.38634432329354,5.158784256880156,0.05,0.005555555555555556,2,3-4
3,True,1.0358060728967359e-51,6.214836437380415e-51,29.93380020438778,4.243955256151823,0.05,0.005555555555555556,3,4-5
4,True,2.6290981281054072e-39,1.3145490640527036e-38,21.454055331570352,3.041713723900772,0.05,0.005555555555555556,4,5-6
5,True,3.8616554859719876e-39,1.544662194388795e-38,21.353189650388934,3.0274131862178733,0.05,0.005555555555555556,5,6-7
6,True,1.144492253100995e-28,3.433476759302985e-28,15.570931204344697,2.207615968458645,0.05,0.005555555555555556,6,7-8
7,False,0.9999058567753173,1.0,-3.8800394273346344,-0.5501043505762223,0.05,0.005555555555555556,7,8-9
8,False,0.9999952925394201,1.0,-4.671880175988571,-0.6623699728607084,0.05,0.005555555555555556,8,9-10
