,reject,pvals,pvals_corrected,tstats,effectsize,alpha,alpha_corrected,step,dimension_step
0,True,3.127743331204361e-57,2.814968998083925e-56,34.453140533677356,4.884698429884104,0.05,0.005555555555555556,0,1-2
1,True,3.6707348978574866e-50,2.5695144285002405e-49,28.756097073430784,4.076982825031007,0.05,0.005555555555555556,1,2-3
2,True,4.054433513173554e-49,2.4326601079041326e-48,27.984058606207196,3.9675247312188935,0.05,0.005555555555555556,2,3-4
3,True,1.7950711062409563e-53,1.436056884992765e-52,31.31917685402387,4.440371229861411,0.05,0.005555555555555556,3,4-5
4,True,2.6725118150952534e-35,1.3362559075476267e-34,19.114738977042265,2.710050057048805,0.05,0.005555555555555556,4,5-6
5,True,9.407214247407019e-11,2.8221642742221053e-10,7.104101770075173,1.0072055616556366,0.05,0.005555555555555556,5,6-7
6,True,4.5762388339882834e-11,1.8304955335953134e-10,7.253981053547498,1.028455151368185,0.05,0.005555555555555556,6,7-8
7,False,0.9979423150148523,1.0,-2.9375395398080655,-0.4164785722159938,0.05,0.005555555555555556,7,8-9
8,False,0.9996822164763315,1.0,-3.528477701972431,-0.5002606213462122,0.05,0.005555555555555556,8,9-10
