,reject,pvals,pvals_corrected,tstats,effectsize,alpha,alpha_corrected,step,dimension_step
0,True,1.347612355674402e-20,1.2128511201069619e-19,11.663859046604417,1.653678970590404,0.05,0.005555555555555556,0,1-2
1,False,0.011425298063712109,0.06855178838227266,2.3119789668396256,0.32778782585023164,0.05,0.005555555555555556,1,2-3
2,True,0.00019491528331551592,0.0015593222665241273,3.6723518427140958,0.5206588137459668,0.05,0.005555555555555556,2,3-4
3,False,0.9420893528416763,1.0,-1.5864720367509662,-0.22492688175690506,0.05,0.005555555555555556,3,4-5
4,True,0.002879720891134347,0.02015804623794043,2.822542968614059,0.4001745847694984,0.05,0.005555555555555556,4,5-6
5,False,0.9984491428117466,1.0,-3.0319455968658,-0.4298632771090268,0.05,0.005555555555555556,5,6-7
6,False,0.7712106952778676,1.0,-0.7457614302570715,-0.10573258724800565,0.05,0.005555555555555556,6,7-8
7,False,0.9871979564153326,1.0,-2.266383185441528,-0.32132334573739785,0.05,0.005555555555555556,7,8-9
8,False,0.8301103244540934,1.0,-0.9592307229904111,-0.13599784327085673,0.05,0.005555555555555556,8,9-10
