,reject,pvals,pvals_corrected,tstats,effectsize,alpha,alpha_corrected,step,dimension_step
0,True,4.0111841748750816e-37,3.6100657573875737e-36,20.158795269124976,2.858074302492032,0.05,0.005555555555555556,0,1-2
1,True,1.625091477647418e-17,1.1375640343531925e-16,10.241730090134881,1.4520523271797923,0.05,0.005555555555555556,1,2-3
2,True,6.98996395663645e-27,5.59197116530916e-26,14.674647413522974,2.080542617294099,0.05,0.005555555555555556,2,3-4
3,False,0.013782556103175728,0.05513022441270291,2.236469441850137,0.3170822340683471,0.05,0.005555555555555556,3,4-5
4,False,0.11587482704367615,0.34762448113102845,1.2032485573358533,0.1705942113762777,0.05,0.005555555555555556,4,5-6
5,True,0.00590750016426814,0.0295375008213407,2.5651050453900868,0.36367554288576737,0.05,0.005555555555555556,5,6-7
6,True,4.430285678755531e-05,0.00026581714072533184,4.087960258679698,0.5795829566678402,0.05,0.005555555555555556,6,7-8
7,False,0.9981219419882116,1.0,-2.9682596848387126,-0.420834013893374,0.05,0.005555555555555556,7,8-9
8,False,0.9999999421712142,1.0,-5.715598536997721,-0.8103463071016799,0.05,0.005555555555555556,8,9-10
