,reject,pvals,pvals_corrected,tstats,effectsize,alpha,alpha_corrected,step,dimension_step
0,True,1.084888931360479e-47,9.76400038224431e-47,26.953816171826475,3.8214589873224734,0.05,0.005555555555555556,0,1-2
1,True,1.9241921166664685e-31,1.4791875001314582e-30,17.009008390734984,2.411503720506862,0.05,0.005555555555555556,1,2-3
2,True,1.8489843751643228e-31,1.4791875001314582e-30,17.01817274653271,2.4128030248281123,0.05,0.005555555555555556,2,3-4
3,True,5.93953590648755e-23,3.56372154389253e-22,12.770350046187131,1.810555085934937,0.05,0.005555555555555556,3,4-5
4,True,0.00021769431192189507,0.0008707772476875803,3.64014570473237,0.5160926909137625,0.05,0.005555555555555556,4,5-6
5,True,9.903359694713805e-16,4.951679847356903e-15,9.423464216416049,1.3360402026921814,0.05,0.005555555555555556,5,6-7
6,False,0.43459966985518644,1.0,0.16510329853864686,0.023408020594003456,0.05,0.005555555555555556,6,7-8
7,False,0.9999999999825224,1.0,-7.452890992485783,-1.0566562108759663,0.05,0.005555555555555556,7,8-9
8,False,0.9999439712322452,1.0,-4.023910744618673,-0.5705021426717138,0.05,0.005555555555555556,8,9-10
