,reject,pvals,pvals_corrected,tstats,effectsize,alpha,alpha_corrected,step,dimension_step
0,True,8.585155337191157e-49,7.726639803472041e-48,27.746272732197635,3.9338119181797526,0.05,0.005555555555555556,0,1-2
1,True,1.3432831502465016e-28,9.402982051725511e-28,15.53561491521575,2.2026088945203814,0.05,0.005555555555555556,1,2-3
2,True,3.627588168197371e-30,2.9020705345578966e-29,16.340607416888048,2.316739146453251,0.05,0.005555555555555556,2,3-4
3,True,4.768495794536801e-26,2.8610974767220806e-25,14.263213788693879,2.0222103680397896,0.05,0.005555555555555556,3,4-5
4,True,2.3428844988752427e-05,7.028653496625728e-05,4.2587125719159795,0.6037918834432978,0.05,0.005555555555555556,4,5-6
5,True,3.3838296225797705e-07,1.3535318490319082e-06,5.309045436223788,0.7527060089386207,0.05,0.005555555555555556,5,6-7
6,True,6.121953967969255e-11,3.0609769839846273e-10,7.19355971475344,1.0198887329178747,0.05,0.005555555555555556,6,7-8
7,False,0.9999994457679178,1.0,-5.192794575770573,-0.7362241908305317,0.05,0.005555555555555556,7,8-9
8,False,0.9994458525739446,1.0,-3.3599469251197367,-0.4763666596252243,0.05,0.005555555555555556,8,9-10
