,reject,pvals,pvals_corrected,tstats,effectsize,alpha,alpha_corrected,step,dimension_step
0,True,2.679739748531038e-28,2.4117657736779344e-27,15.383718262840416,2.1810732862167734,0.05,0.005555555555555556,0,1-2
1,True,3.9601115441467446e-24,3.1680892353173957e-23,13.331652217209715,1.890135402591542,0.05,0.005555555555555556,1,2-3
2,True,7.999955495046068e-07,4.79997329702764e-06,5.105455699739002,0.7238414569487761,0.05,0.005555555555555556,2,3-4
3,True,4.261111426798546e-11,2.9827779987589825e-10,7.268773943898807,1.0305524582363892,0.05,0.005555555555555556,3,4-5
4,True,8.2166379004672e-07,4.79997329702764e-06,5.0990659690148625,0.7229355335074841,0.05,0.005555555555555556,4,5-6
5,True,1.0037166711512753e-05,4.014866684605101e-05,4.47972494111173,0.6351265819953842,0.05,0.005555555555555556,5,6-7
6,False,0.9997953132442421,1.0,-3.658121166779062,-0.518641216530755,0.05,0.005555555555555556,6,7-8
7,False,0.9948579367031976,1.0,-2.616177610450947,-0.37091651060303776,0.05,0.005555555555555556,7,8-9
8,False,0.9992434548335483,1.0,-3.2630823819086165,-0.4626333954058914,0.05,0.005555555555555556,8,9-10
