,reject,pvals,pvals_corrected,tstats,effectsize,alpha,alpha_corrected,step,dimension_step
0,True,8.957396287462708e-50,8.061656658716438e-49,28.467443817135127,4.036058134684416,0.05,0.005555555555555556,0,1-2
1,True,3.401902158902236e-22,2.381331511231565e-21,12.41194855926863,1.7597416287783196,0.05,0.005555555555555556,1,2-3
2,True,5.5587621436231605e-34,4.4470097148985284e-33,18.380179383959018,2.605905644219945,0.05,0.005555555555555556,2,3-4
3,True,9.57943182833495e-12,4.789715914167475e-11,7.576473381764698,1.0741774787058749,0.05,0.005555555555555556,3,4-5
4,True,3.417945350667763e-14,2.0507672104006578e-13,8.716629896990401,1.2358266245740492,0.05,0.005555555555555556,4,5-6
5,True,1.7184931631162774e-07,6.873972652465109e-07,5.466662891567714,0.7750527014233951,0.05,0.005555555555555556,5,6-7
6,True,0.0005688460647468716,0.001706538194240615,3.3518743142687213,0.47522214075297586,0.05,0.005555555555555556,6,7-8
7,False,0.999995582471285,1.0,-4.687807395770976,-0.6646281027222659,0.05,0.005555555555555556,7,8-9
8,False,0.999985923295661,1.0,-4.392331001832284,-0.6227360413547591,0.05,0.005555555555555556,8,9-10
