,reject,pvals,pvals_corrected,tstats,effectsize,alpha,alpha_corrected,step,dimension_step
0,True,9.615479447482498e-18,8.653931502734248e-17,10.346324384350668,1.4668815002774167,0.05,0.005555555555555556,0,1-2
1,True,0.000712295830824531,0.004986070815771717,3.2819834815312308,0.46531315609590507,0.05,0.005555555555555556,1,2-3
2,True,8.225572204806727e-05,0.0006580457763845382,3.9177813962851387,0.5554553326236515,0.05,0.005555555555555556,2,3-4
3,False,0.012430953892157039,0.07458572335294224,2.2782312967144986,0.32300314762586724,0.05,0.005555555555555556,3,4-5
4,False,0.46355335261311675,1.0,0.09171891262535233,0.013003726846143522,0.05,0.005555555555555556,4,5-6
5,False,0.1628186713317853,0.8140933566589265,0.9878438258345666,0.14005455265560324,0.05,0.005555555555555556,5,6-7
6,False,0.9958867511532647,1.0,-2.6969277120193156,-0.3823651010140754,0.05,0.005555555555555556,6,7-8
7,False,0.9999203259668019,1.0,-3.926664135173521,-0.5567147098539722,0.05,0.005555555555555556,7,8-9
8,False,0.7935369941486352,1.0,-0.822222836174383,-0.11657313483367324,0.05,0.005555555555555556,8,9-10
