,reject,pvals,pvals_corrected,tstats,effectsize,alpha,alpha_corrected,step,dimension_step
0,True,3.153888091801409e-35,2.838499282621268e-34,19.074230571118164,2.7043068550141127,0.05,0.005555555555555556,0,1-2
1,True,6.519159262126728e-31,5.215327409701382e-30,16.729703614731893,2.371904439289876,0.05,0.005555555555555556,1,2-3
2,True,2.9307620482568484e-26,2.0515334337797938e-25,14.367110668653893,2.036940663117374,0.05,0.005555555555555556,2,3-4
3,True,5.397351756507228e-15,2.698675878253614e-14,9.085504206553235,1.2881248979051811,0.05,0.005555555555555556,3,4-5
4,True,1.0390714070868138e-21,6.234428442520883e-21,12.183909339383911,1.727410677170757,0.05,0.005555555555555556,4,5-6
5,True,9.210104294063018e-09,2.7630312882189053e-08,6.124965548248177,0.8683855559517765,0.05,0.005555555555555556,5,6-7
6,True,9.588752268392488e-15,3.835500907356995e-14,8.970790679428173,1.2718610398894936,0.05,0.005555555555555556,6,7-8
7,False,0.9999999970958902,1.0,-6.376468290724398,-0.9040431195949019,0.05,0.005555555555555556,7,8-9
8,False,0.9999999999888588,1.0,-7.5454790288838165,-1.069783160379378,0.05,0.005555555555555556,8,9-10
