{
  "data": {
    "name": "normal-8-100",
    "n_dimension": 8,
    "distance": "euclidean",
    "subject": null,
    "n_objects": 100,
    "n_train_triplets": 7368,
    "n_test_triplets": 10000,
    "frac_train_ndlogn": 1.9999260891644746,
    "frac_train_triplets": 0.015188620902906617,
    "max_train_score": 0.7828447339847991,
    "max_test_score": 0.7799,
    "noise_sd": 1.0,
    "distance_sd": 1.0704169873422755,
    "distance_mean": 3.9272713367299183,
    "difference_sd": 0.9490877274341775,
    "difference_mean": -0.12566133629248935
  },
  "n_repeats": 10,
  "n_splits": 10,
  "embedding_method": "soe",
  "embedding_dimension": [
    1,
    2,
    3,
    4,
    5,
    6,
    7,
    8,
    9,
    10
  ],
  "random_state": 1125792956,
  "alpha": 0.05
}