,reject,pvals,pvals_corrected,tstats,effectsize,alpha,alpha_corrected,step,dimension_step
0,True,2.670703714631576e-75,2.4036333431684184e-74,53.66564903425795,7.608610057481213,0.05,0.005555555555555556,0,1-2
1,True,3.890100132166577e-52,2.3340600792999465e-51,30.263723062481972,4.290731069385461,0.05,0.005555555555555556,1,2-3
2,True,2.432625305024598e-56,1.9461002440196784e-55,33.68767372351155,4.77617205267067,0.05,0.005555555555555556,2,3-4
3,True,2.1146035797357328e-55,1.480222505815013e-54,32.89623616551697,4.663963593964023,0.05,0.005555555555555556,3,4-5
4,True,1.6372827886902527e-40,4.911848366070758e-40,22.191702671101304,3.1462959113415065,0.05,0.005555555555555556,4,5-6
5,True,2.6676058311518487e-49,1.3338029155759243e-48,28.117431614089767,3.9864340936776252,0.05,0.005555555555555556,5,6-7
6,True,1.863587219071133e-42,7.454348876284532e-42,23.416532708643796,3.319949902489585,0.05,0.005555555555555556,6,7-8
7,False,0.9618063375983642,1.0,-1.7907647519627965,-0.2538911006865713,0.05,0.005555555555555556,7,8-9
8,False,0.9998605475584456,1.0,-3.768823614252602,-0.5343363915708869,0.05,0.005555555555555556,8,9-10
