,reject,pvals,pvals_corrected,tstats,effectsize,alpha,alpha_corrected,step,dimension_step
0,True,6.170830532107919e-43,5.553747478897127e-42,23.726031203949645,3.3638299897807338,0.05,0.005555555555555556,0,1-2
1,True,7.82315840893742e-38,6.258526727149936e-37,20.57434433266223,2.9169900305434733,0.05,0.005555555555555556,1,2-3
2,True,9.230069636993437e-28,6.461048745895406e-27,15.113252146081958,2.142727132705006,0.05,0.005555555555555556,2,3-4
3,True,2.2902704506270754e-19,1.3741622703762451e-18,11.093496129624798,1.572814039211764,0.05,0.005555555555555556,3,4-5
4,True,1.1928040725422303e-18,5.964020362711152e-18,10.762989339271222,1.5259554372120978,0.05,0.005555555555555556,4,5-6
5,True,2.168976958594174e-15,8.675907834376696e-15,9.26728605864458,1.3138975709833889,0.05,0.005555555555555556,5,6-7
6,True,2.6534248937193846e-07,7.960274681158154e-07,5.365869845228182,0.7607624617653675,0.05,0.005555555555555556,6,7-8
7,False,0.9999999999554176,1.0,-7.259398038296895,-1.029223160800423,0.05,0.005555555555555556,7,8-9
8,False,0.9999999993945794,1.0,-6.71236526489365,-0.9516659312431914,0.05,0.005555555555555556,8,9-10
