,reject,pvals,pvals_corrected,tstats,effectsize,alpha,alpha_corrected,step,dimension_step
0,True,3.3753599374088156e-40,2.7002879499270525e-39,21.99788454934893,3.118816759649037,0.05,0.005555555555555556,0,1-2
1,True,4.995482354866006e-36,3.496837648406204e-35,19.527760939771134,2.768607497723257,0.05,0.005555555555555556,1,2-3
2,True,1.9538080220877357e-49,1.758427219878962e-48,28.216963285769353,4.000545498119893,0.05,0.005555555555555556,2,3-4
3,True,3.857043695094591e-23,2.3142262170567545e-22,12.85939888905294,1.8231802555476877,0.05,0.005555555555555556,3,4-5
4,True,1.5322238104066282e-18,7.66111905203314e-18,10.712926867745939,1.5188576785675227,0.05,0.005555555555555556,4,5-6
5,True,6.402041264743347e-13,2.560816505897339e-12,8.127252800633455,1.1522659002804156,0.05,0.005555555555555556,5,6-7
6,True,6.37316141234838e-08,1.9119484237045142e-07,5.693588947690064,0.8072258308644435,0.05,0.005555555555555556,6,7-8
7,False,0.9999999954881419,1.0,-6.280924328604974,-0.8904970847626502,0.05,0.005555555555555556,7,8-9
8,False,0.9999999999948076,1.0,-7.701855188550756,-1.091953864407063,0.05,0.005555555555555556,8,9-10
