,reject,pvals,pvals_corrected,tstats,effectsize,alpha,alpha_corrected,step,dimension_step
0,True,4.230694759962354e-37,3.3845558079698835e-36,20.145338295993827,2.856166399337007,0.05,0.005555555555555556,0,1-2
1,True,3.9456862704499074e-36,2.7619803893149353e-35,19.586277644415276,2.776903880893837,0.05,0.005555555555555556,1,2-3
2,True,2.633375474746362e-30,1.580025284847817e-29,16.412888230879265,2.3269869779468277,0.05,0.005555555555555556,2,3-4
3,True,2.919534152938272e-38,2.627580737644445e-37,20.827484259574504,2.952879710972481,0.05,0.005555555555555556,3,4-5
4,True,2.3273944059921873e-08,9.309577623968749e-08,5.919914682640502,0.8393138479517139,0.05,0.005555555555555556,4,5-6
5,True,1.7756529984846105e-17,8.878264992423053e-17,10.224075366714173,1.4495492752536876,0.05,0.005555555555555556,5,6-7
6,True,0.014457719306095964,0.04337315791828789,2.216937329416469,0.31431300962438685,0.05,0.005555555555555556,6,7-8
7,False,0.9999999999999999,1.0,-9.93338349776379,-1.4083355544187455,0.05,0.005555555555555556,7,8-9
8,False,0.999999652349528,1.0,-5.302712610244909,-0.7518081533400717,0.05,0.005555555555555556,8,9-10
