,reject,pvals,pvals_corrected,tstats,effectsize,alpha,alpha_corrected,step,dimension_step
0,True,3.383201997078318e-57,3.044881797370486e-56,34.423574230998504,4.880506577703554,0.05,0.005555555555555556,0,1-2
1,True,4.067685161419503e-29,3.2541481291356026e-28,15.799877759020989,2.2400755602065003,0.05,0.005555555555555556,1,2-3
2,True,6.203013528066498e-25,3.721808116839899e-24,13.71993471501077,1.9451853306381988,0.05,0.005555555555555556,2,3-4
3,True,3.450681159296768e-27,2.4154768115077377e-26,14.827000785949005,2.1021429784672563,0.05,0.005555555555555556,3,4-5
4,True,1.2212884442971493e-14,6.106442221485747e-14,8.922470276720338,1.2650102683318873,0.05,0.005555555555555556,4,5-6
5,True,0.004752352611535019,0.014257057834605059,2.6448803295888217,0.3749859256094617,0.05,0.005555555555555556,5,6-7
6,True,8.250950262144353e-10,3.300380104857741e-09,6.646521302129417,0.9423307038430243,0.05,0.005555555555555556,6,7-8
7,False,0.9999999998496463,1.0,-7.006079323917121,-0.9933081322362892,0.05,0.005555555555555556,7,8-9
8,False,0.9999859467554104,1.0,-4.392764486154109,-0.6227974999084177,0.05,0.005555555555555556,8,9-10
