,reject,pvals,pvals_corrected,tstats,effectsize,alpha,alpha_corrected,step,dimension_step
0,True,5.728523381396854e-38,5.155671043257169e-37,20.65416745459982,2.9283071956075943,0.05,0.005555555555555556,0,1-2
1,True,2.2088158528895691e-26,1.7670526823116553e-25,14.427597979830312,2.045516435002162,0.05,0.005555555555555556,1,2-3
2,True,1.0374269922416067e-19,7.261988945691247e-19,11.252521212062845,1.595360302294458,0.05,0.005555555555555556,2,3-4
3,True,3.0562955229908136e-14,1.8337773137944882e-13,8.739021744848326,1.2390012966759116,0.05,0.005555555555555556,3,4-5
4,True,9.486071161898574e-08,3.7944284647594296e-07,5.603115019282097,0.7943986154293845,0.05,0.005555555555555556,4,5-6
5,True,1.1907768959678874e-12,5.953884479839437e-12,8.001590277172308,1.134449715121738,0.05,0.005555555555555556,5,6-7
6,True,6.433037894946866e-05,0.00019299113684840598,3.9859255895523216,0.5651166821755903,0.05,0.005555555555555556,6,7-8
7,False,0.9999455401363729,1.0,-4.031691173689082,-0.5716052365863862,0.05,0.005555555555555556,7,8-9
8,False,0.9964140382475931,1.0,-2.74573208236215,-0.3892844885500853,0.05,0.005555555555555556,8,9-10
