,reject,pvals,pvals_corrected,tstats,effectsize,alpha,alpha_corrected,step,dimension_step
0,True,4.391513301472337e-29,3.9523619713251035e-28,15.782875008636724,2.2376649437338294,0.05,0.005555555555555556,0,1-2
1,True,5.979781193767639e-19,4.1858468356373474e-18,10.901152420625442,1.5455439268564373,0.05,0.005555555555555556,1,2-3
2,True,1.4085670478985163e-20,1.126853638318813e-19,11.654918360656552,1.6524113777400822,0.05,0.005555555555555556,2,3-4
3,True,2.5411146586333e-13,1.5246687951799801e-12,8.313752723244619,1.178707492107488,0.05,0.005555555555555556,3,4-5
4,True,6.957913807189868e-10,3.478956903594934e-09,6.682801457297958,0.94747443281062,0.05,0.005555555555555556,4,5-6
5,True,1.2867068835701984e-05,5.146827534280794e-05,4.41564626102586,0.6260416328976804,0.05,0.005555555555555556,5,6-7
6,True,4.7227278170989254e-05,0.00014168183451296776,4.0705864571788055,0.5771197332984185,0.05,0.005555555555555556,6,7-8
7,False,0.9999692200518914,1.0,-4.1860913412523875,-0.5934957883441601,0.05,0.005555555555555556,7,8-9
8,False,0.9999980412836349,1.0,-4.889000947298132,-0.6931529283266795,0.05,0.005555555555555556,8,9-10
