,reject,pvals,pvals_corrected,tstats,effectsize,alpha,alpha_corrected,step,dimension_step
0,True,3.097186086105114e-34,2.7874674774946026e-33,18.520480476999342,2.625797256951597,0.05,0.005555555555555556,0,1-2
1,True,1.1809304814127421e-12,8.266513369889196e-12,8.003273990988474,1.1346884287515204,0.05,0.005555555555555556,1,2-3
2,True,4.461685575536611e-09,2.6770113453219666e-08,6.283356174392346,0.8908418670703091,0.05,0.005555555555555556,2,3-4
3,True,6.047519715207939e-16,4.838015772166351e-15,9.521675402337808,1.3499643912636163,0.05,0.005555555555555556,3,4-5
4,False,0.013649553972176296,0.054598215888705184,2.2404155564529518,0.3176417064272071,0.05,0.005555555555555556,4,5-6
5,True,5.390742229646941e-09,2.6953711148234705e-08,6.242171076373901,0.8850027249628232,0.05,0.005555555555555556,5,6-7
6,False,0.2520267390934645,0.7560802172803935,0.6705737464211884,0.09507262547120443,0.05,0.005555555555555556,6,7-8
7,False,0.9999990962678303,1.0,-5.076270168884838,-0.7197035898478272,0.05,0.005555555555555556,7,8-9
8,False,0.9995653819996997,1.0,-3.434259817094049,-0.48690259513427453,0.05,0.005555555555555556,8,9-10
