,reject,pvals,pvals_corrected,tstats,effectsize,alpha,alpha_corrected,step,dimension_step
0,True,1.875794613464292e-17,1.4109180882926382e-16,10.213144166553937,1.4479994712174704,0.05,0.005555555555555556,0,1-2
1,True,3.5267004286395277e-25,3.1740303857755748e-24,13.838900689680688,1.9620520922941282,0.05,0.005555555555555556,1,2-3
2,True,1.7636476103657977e-17,1.4109180882926382e-16,10.225427070492989,1.4497409171540712,0.05,0.005555555555555556,2,3-4
3,True,1.5707193886020603e-12,9.424316331612362e-12,7.945397400027328,1.1264827996385922,0.05,0.005555555555555556,3,4-5
4,False,0.8061786911037054,1.0,-0.8677263999168624,-0.12302454050886137,0.05,0.005555555555555556,4,5-6
5,False,0.6441797335698529,1.0,-0.37071678510159156,-0.05255949588535658,0.05,0.005555555555555556,5,6-7
6,False,0.9686496486226879,1.0,-1.8825284541266611,-0.2669011777052987,0.05,0.005555555555555556,6,7-8
7,False,0.8102828098303911,1.0,-0.8828903227106372,-0.12517445162623053,0.05,0.005555555555555556,7,8-9
8,False,0.8400604660081163,1.0,-0.9997288180884811,-0.14173958345693566,0.05,0.005555555555555556,8,9-10
