,reject,pvals,pvals_corrected,tstats,effectsize,alpha,alpha_corrected,step,dimension_step
0,True,5.824148948762354e-57,5.241734053886119e-56,34.21960289557342,4.851587923367287,0.05,0.005555555555555556,0,1-2
1,True,1.525803234008609e-40,1.0680622638060263e-39,22.210655153629695,3.1489829569987333,0.05,0.005555555555555556,1,2-3
2,True,3.453746309350649e-44,2.7629970474805192e-43,24.54694328240582,3.4802172879658775,0.05,0.005555555555555556,2,3-4
3,True,1.4541089334579951e-37,8.724653600747971e-37,20.416135196806863,2.89455945076075,0.05,0.005555555555555556,3,4-5
4,True,2.106613004780336e-27,8.426452019121344e-27,14.93387069096629,2.1172947831838544,0.05,0.005555555555555556,4,5-6
5,True,5.668361975270632e-30,2.834180987635316e-29,16.24013376782273,2.3024941903118985,0.05,0.005555555555555556,5,6-7
6,True,1.4694995427083019e-15,4.408498628124905e-15,9.34486077716461,1.3248959618378628,0.05,0.005555555555555556,6,7-8
7,False,0.9999897276980827,1.0,-4.473773584642386,-0.6342828103928195,0.05,0.005555555555555556,7,8-9
8,False,0.9973662723482785,1.0,-2.853403712041934,-0.4045499602108125,0.05,0.005555555555555556,8,9-10
