,reject,pvals,pvals_corrected,tstats,effectsize,alpha,alpha_corrected,step,dimension_step
0,True,7.382575685694318e-56,5.906060548555454e-55,33.27940532386187,4.718288562810269,0.05,0.005555555555555556,0,1-2
1,True,8.020008845930296e-61,7.218007961337266e-60,37.69130972283339,5.343799681873257,0.05,0.005555555555555556,1,2-3
2,True,7.797228626503707e-49,5.4580600385525946e-48,27.776696630916867,3.938125358638381,0.05,0.005555555555555556,2,3-4
3,True,3.0734395338021754e-28,1.5367197669010876e-27,15.353642981705768,2.1768092720728918,0.05,0.005555555555555556,3,4-5
4,True,9.889108739605514e-32,5.933465243763308e-31,17.16233764896785,2.4332424408482853,0.05,0.005555555555555556,4,5-6
5,True,3.5003862099052936e-24,1.4001544839621175e-23,13.357392492555615,1.8937848081499118,0.05,0.005555555555555556,5,6-7
6,True,7.456642683900158e-06,2.2369928051700473e-05,4.555702533460436,0.6458985354458782,0.05,0.005555555555555556,6,7-8
7,False,0.9999901633602374,1.0,-4.484907799011467,-0.6358613973838511,0.05,0.005555555555555556,7,8-9
8,False,0.973121455514975,1.0,-1.9520519408360255,-0.2767580807657714,0.05,0.005555555555555556,8,9-10
