,reject,pvals,pvals_corrected,tstats,effectsize,alpha,alpha_corrected,step,dimension_step
0,True,2.48289931142792e-56,2.234609380285128e-55,33.68011300825674,4.775100109348177,0.05,0.005555555555555556,0,1-2
1,True,2.849462212822923e-52,2.2795697702583384e-51,30.36920909258822,4.305686671041892,0.05,0.005555555555555556,1,2-3
2,True,6.019519718111119e-37,3.611711830866671e-36,20.05640950479403,2.843558250413093,0.05,0.005555555555555556,2,3-4
3,True,1.3324313207558935e-44,9.327019245291254e-44,24.822570738378776,3.5192952059892866,0.05,0.005555555555555556,3,4-5
4,True,3.7313250766635886e-26,1.4925300306654354e-25,14.315530467612845,2.0296277237703197,0.05,0.005555555555555556,4,5-6
5,True,1.4128563257339646e-25,4.238568977201894e-25,14.032339070372476,1.9894774050467026,0.05,0.005555555555555556,5,6-7
6,True,3.2730856730079434e-32,1.6365428365039718e-31,17.418563171254156,2.469569590914177,0.05,0.005555555555555556,6,7-8
7,False,0.9999997329400209,1.0,-5.364365915620468,-0.7605492375866814,0.05,0.005555555555555556,7,8-9
8,False,0.9998363441693706,1.0,-3.7229152817455224,-0.5278275985772052,0.05,0.005555555555555556,8,9-10
