,reject,pvals,pvals_corrected,tstats,effectsize,alpha,alpha_corrected,step,dimension_step
0,True,1.28971527820093e-16,1.1607437503808371e-15,9.82925372494756,1.393572240250551,0.05,0.005555555555555556,0,1-2
1,True,6.807784521903778e-06,5.446227617523022e-05,4.578830708139108,0.6491776025146281,0.05,0.005555555555555556,1,2-3
2,False,0.020564110856585303,0.12338466513951182,2.069244760075705,0.29337344793597736,0.05,0.005555555555555556,2,3-4
3,True,0.0020900136317978523,0.014630095422584966,2.932274699754019,0.4157321335591041,0.05,0.005555555555555556,3,4-5
4,False,0.9943056308941074,1.0,-2.578696617548095,-0.3656025292258075,0.05,0.005555555555555556,4,5-6
5,False,0.894084958530313,1.0,-1.2566702933501155,-0.1781682399260256,0.05,0.005555555555555556,5,6-7
6,False,0.9986488959132512,1.0,-3.0772571340330335,-0.4362874576344588,0.05,0.005555555555555556,6,7-8
7,False,0.9813575960888152,1.0,-2.1110739311065405,-0.29930390544704094,0.05,0.005555555555555556,7,8-9
8,False,0.9691082384070898,1.0,-1.8892586670181628,-0.2678553740379021,0.05,0.005555555555555556,8,9-10
