,reject,pvals,pvals_corrected,tstats,effectsize,alpha,alpha_corrected,step,dimension_step
0,True,9.897312622065825e-44,8.907581359859242e-43,24.24485046861159,3.4373871636183586,0.05,0.005555555555555556,0,1-2
1,True,1.8079188796943095e-34,1.4463351037554476e-33,18.650137749165207,2.6441798097163467,0.05,0.005555555555555556,1,2-3
2,True,3.5766630790328763e-31,2.5036641553230135e-30,16.86682834664655,2.391345713795086,0.05,0.005555555555555556,2,3-4
3,True,5.032715375857952e-27,3.019629225514771e-26,14.745475076281002,2.0905844238669515,0.05,0.005555555555555556,3,4-5
4,True,2.7613458956590543e-22,1.380672947829527e-21,12.454659765065161,1.7657971394418204,0.05,0.005555555555555556,4,5-6
5,True,8.726910062284864e-16,2.6180730186854594e-15,9.44864831777721,1.339610754998049,0.05,0.005555555555555556,5,6-7
6,True,5.335936146095983e-19,2.1343744584383934e-18,10.923963981168757,1.5487781049964597,0.05,0.005555555555555556,6,7-8
7,False,0.9997849866371643,1.0,-3.6437657003269672,-0.516605926761735,0.05,0.005555555555555556,7,8-9
8,False,0.9996613312756607,1.0,-3.5094591524101344,-0.4975642088349982,0.05,0.005555555555555556,8,9-10
