,reject,pvals,pvals_corrected,tstats,effectsize,alpha,alpha_corrected,step,dimension_step
0,True,1.3056386597654248e-18,1.0445109278123399e-17,10.74491704663461,1.523393183144717,0.05,0.005555555555555556,0,1-2
1,True,1.0096276946936524e-17,7.067393862855567e-17,10.336597049008443,1.4655023778248009,0.05,0.005555555555555556,1,2-3
2,True,1.1250058840936076e-22,1.0125052956842468e-21,12.638892980008965,1.7919173619187478,0.05,0.005555555555555556,2,3-4
3,True,5.486689110594404e-15,3.292013466356642e-14,9.082228717841087,1.2876605055647008,0.05,0.005555555555555556,3,4-5
4,True,6.912848893357435e-05,0.0002765139557342974,3.966059108305769,0.5623000515796799,0.05,0.005555555555555556,4,5-6
5,True,3.970480172961292e-05,0.0001985240086480646,4.1176371275879236,0.5837904847106956,0.05,0.005555555555555556,5,6-7
6,False,0.4868239013006121,1.0,0.033117202160850505,0.00469529171772123,0.05,0.005555555555555556,6,7-8
7,False,0.8663423977779786,1.0,-1.1155503073639785,-0.15816052616483908,0.05,0.005555555555555556,7,8-9
8,False,0.9999986192188621,1.0,-4.974114379899833,-0.7052201432206363,0.05,0.005555555555555556,8,9-10
