,reject,pvals,pvals_corrected,tstats,effectsize,alpha,alpha_corrected,step,dimension_step
0,True,6.947350821244121e-10,6.252615739119709e-09,6.683124535841209,0.9475202382503709,0.05,0.005555555555555556,0,1-2
1,True,2.586111293812618e-07,1.8102779056688325e-06,5.371857505678716,0.7616113804749063,0.05,0.005555555555555556,1,2-3
2,True,1.3614498697659498e-08,1.0891598958127598e-07,6.038869568712248,0.856179037488027,0.05,0.005555555555555556,2,3-4
3,True,2.3572234145321625e-06,1.4143340487192975e-05,4.843592906795549,0.6867150657483677,0.05,0.005555555555555556,3,4-5
4,False,0.6598574808208945,1.0,-0.4132940433020957,-0.05859601572242276,0.05,0.005555555555555556,4,5-6
5,False,0.9998252126503661,1.0,-3.703932839047614,-0.5251363052261331,0.05,0.005555555555555556,5,6-7
6,False,0.9999788180448907,1.0,-4.285352744451952,-0.6075688746534637,0.05,0.005555555555555556,6,7-8
7,False,0.95760160512978,1.0,-1.7409628610838472,-0.24683028665297474,0.05,0.005555555555555556,7,8-9
8,False,0.8736621354208851,1.0,-1.1505821679298576,-0.16312727438144362,0.05,0.005555555555555556,8,9-10
