,reject,pvals,pvals_corrected,tstats,effectsize,alpha,alpha_corrected,step,dimension_step
0,True,3.020911876820771e-16,2.718820689138694e-15,9.659844736231479,1.3695537673806883,0.05,0.005555555555555556,0,1-2
1,True,1.4636673005215344e-05,0.00011709338404172275,4.382185749360354,0.6212976674343331,0.05,0.005555555555555556,1,2-3
2,False,0.5883685969189811,1.0,-0.2239434460025957,-0.031750260850747405,0.05,0.005555555555555556,2,3-4
3,False,0.10495506738598101,0.629730404315886,1.2620103961696305,0.1789253491896182,0.05,0.005555555555555556,3,4-5
4,False,0.7718087081199494,1.0,-0.7477514996788853,-0.1060147353723716,0.05,0.005555555555555556,4,5-6
5,False,0.9827785013886386,1.0,-2.144469794539117,-0.30403870521120974,0.05,0.005555555555555556,5,6-7
6,False,0.007577265856737602,0.053040860997163215,2.4716821433660856,0.3504302277776776,0.05,0.005555555555555556,6,7-8
7,False,0.9389838328454386,1.0,-1.5596559960511278,-0.2211249563047342,0.05,0.005555555555555556,7,8-9
8,False,0.9784538607636734,1.0,-2.0491542118203405,-0.29052504956072434,0.05,0.005555555555555556,8,9-10
