,reject,pvals,pvals_corrected,tstats,effectsize,alpha,alpha_corrected,step,dimension_step
0,True,3.83988236658624e-27,3.455894129927616e-26,14.80389644838554,2.0988672909777675,0.05,0.005555555555555556,0,1-2
1,True,2.6493055831807492e-11,1.8545139082265245e-10,7.367103204836547,1.0444933872511115,0.05,0.005555555555555556,1,2-3
2,True,1.1848168406879624e-21,9.4785347255037e-21,12.157162498504306,1.7236185627328509,0.05,0.005555555555555556,2,3-4
3,False,0.23493977075660616,0.7048193122698185,0.725462855845417,0.10285469533389771,0.05,0.005555555555555556,3,4-5
4,True,0.0029965295124256466,0.011986118049702586,2.8087260346820013,0.39821564708084956,0.05,0.005555555555555556,4,5-6
5,True,8.066423438682942e-06,4.839854063209765e-05,4.535678611219957,0.6430595831758352,0.05,0.005555555555555556,5,6-7
6,True,0.0016559948950409377,0.008279974475204689,3.0102273062566303,0.4267841006277223,0.05,0.005555555555555556,6,7-8
7,False,0.9849420396103226,1.0,-2.200231018753185,-0.31194442179169474,0.05,0.005555555555555556,7,8-9
8,False,0.9991552428002983,1.0,-3.2283024282273693,-0.4577023620514091,0.05,0.005555555555555556,8,9-10
