,reject,pvals,pvals_corrected,tstats,effectsize,alpha,alpha_corrected,step,dimension_step
0,True,4.016160535592879e-31,3.614544482033591e-30,16.84031266800049,2.3875863730835154,0.05,0.005555555555555556,0,1-2
1,True,6.839586110401815e-29,5.471668888321452e-28,15.684688279915347,2.223744222656111,0.05,0.005555555555555556,1,2-3
2,True,5.342825108596518e-05,0.00021371300434386073,4.036924949698194,0.5723472710441473,0.05,0.005555555555555556,2,3-4
3,True,5.875364742807122e-12,4.112755319964986e-11,7.676595594815195,1.0883726089409904,0.05,0.005555555555555556,3,4-5
4,True,1.5219686055960895e-05,7.609843027980448e-05,4.372013405960096,0.6198554526154282,0.05,0.005555555555555556,4,5-6
5,False,0.04227042625259378,0.12681127875778134,1.742417201706888,0.24703648020305008,0.05,0.005555555555555556,5,6-7
6,True,7.15410039547146e-08,4.2924602372828754e-07,5.667363221649472,0.8035075990623868,0.05,0.005555555555555556,6,7-8
7,False,0.9999999833336792,1.0,-5.99411632472841,-0.8498340106709105,0.05,0.005555555555555556,7,8-9
8,False,0.9961116688453177,1.0,-2.7170058685362615,-0.38521174251305357,0.05,0.005555555555555556,8,9-10
