,reject,pvals,pvals_corrected,tstats,effectsize,alpha,alpha_corrected,step,dimension_step
0,True,3.783420008559685e-47,3.4050780077037166e-46,26.569993386851838,3.767041348579593,0.05,0.005555555555555556,0,1-2
1,True,1.6258905103329934e-37,1.3007124082663947e-36,20.38771729769718,2.8905304169771395,0.05,0.005555555555555556,1,2-3
2,True,2.3801788095741327e-32,1.6661251667018929e-31,17.49274352091792,2.480086734835401,0.05,0.005555555555555556,2,3-4
3,True,1.323396172544264e-31,7.940377035265584e-31,17.095142069060273,2.4237155838307416,0.05,0.005555555555555556,3,4-5
4,True,1.8334234223578872e-26,9.167117111789436e-26,14.46748879809239,2.0511720766741046,0.05,0.005555555555555556,4,5-6
5,True,1.0042261884484173e-14,4.016904753793669e-14,8.961561428527105,1.2705525348682638,0.05,0.005555555555555556,5,6-7
6,False,0.01827777024874503,0.05483331074623509,2.119428067636088,0.3004883384756941,0.05,0.005555555555555556,6,7-8
7,False,0.9999961205752237,1.0,-4.720258520857227,-0.6692289593437932,0.05,0.005555555555555556,7,8-9
8,False,0.9999734688197424,1.0,-4.225714491680205,-0.599113480597574,0.05,0.005555555555555556,8,9-10
