,reject,pvals,pvals_corrected,tstats,effectsize,alpha,alpha_corrected,step,dimension_step
0,True,4.5964540049345016e-35,4.136808604441051e-34,18.982290287732535,2.6912717426574355,0.05,0.005555555555555556,0,1-2
1,True,1.5228882291007764e-27,1.2183105832806212e-26,15.004302583956433,2.1272804782982497,0.05,0.005555555555555556,1,2-3
2,True,4.1107209958961424e-27,2.8775046971272997e-26,14.789168865189382,2.0967792432294368,0.05,0.005555555555555556,2,3-4
3,True,4.878734131016396e-17,2.439367065508198e-16,10.02277114944414,1.421008759678139,0.05,0.005555555555555556,3,4-5
4,True,2.964583609578324e-21,1.7787501657469942e-20,11.970616018205389,1.6971703700484764,0.05,0.005555555555555556,4,5-6
5,True,0.0021557292856835743,0.008622917142734297,2.9217998961089338,0.41424703652220324,0.05,0.005555555555555556,5,6-7
6,True,0.009287156084358051,0.027861468253074152,2.3934698058185733,0.3393414365528992,0.05,0.005555555555555556,6,7-8
7,False,0.9999999471277341,1.0,-5.735856382330737,-0.8132184245272102,0.05,0.005555555555555556,7,8-9
8,False,0.9979999484566915,1.0,-2.9471172969989343,-0.4178364877728156,0.05,0.005555555555555556,8,9-10
