,reject,pvals,pvals_corrected,tstats,effectsize,alpha,alpha_corrected,step,dimension_step
0,True,3.1088611372227365e-35,2.797975023500463e-34,19.077745701786615,2.704805223319325,0.05,0.005555555555555556,0,1-2
1,True,1.7889809323146506e-33,1.4311847458517204e-32,18.10155395723618,2.5664026798063384,0.05,0.005555555555555556,1,2-3
2,True,1.8420843149994486e-29,1.2894590204996141e-28,15.976190848660114,2.2650728829117095,0.05,0.005555555555555556,2,3-4
3,True,9.533962588214164e-22,5.720377552928499e-21,12.201450839244957,1.729897676483499,0.05,0.005555555555555556,3,4-5
4,True,0.00020197656536230773,0.0008079062614492309,3.6620024640620183,0.5191914992176246,0.05,0.005555555555555556,4,5-6
5,True,1.611338650382441e-08,8.056693251912205e-08,6.001591601880592,0.8508938407474318,0.05,0.005555555555555556,5,6-7
6,True,0.0009933562872694551,0.0029800688618083653,3.176737217248718,0.4503915479658875,0.05,0.005555555555555556,6,7-8
7,False,0.9999036117016411,1.0,-3.873426017846733,-0.5491667144002065,0.05,0.005555555555555556,7,8-9
8,False,0.9954701446968767,1.0,-2.662237930893614,-0.3774468521469771,0.05,0.005555555555555556,8,9-10
