,reject,pvals,pvals_corrected,tstats,effectsize,alpha,alpha_corrected,step,dimension_step
0,True,1.4106558520140078e-71,1.269590266812607e-70,49.05587808688175,6.955045808765959,0.05,0.005555555555555556,0,1-2
1,True,3.101343571652016e-69,2.481074857321613e-68,46.3460952935824,6.5708581396384425,0.05,0.005555555555555556,1,2-3
2,True,2.652778194995753e-63,1.8569447364970271e-62,40.07948384576144,5.682390306932638,0.05,0.005555555555555556,2,3-4
3,True,8.581744928478992e-58,5.149046957087395e-57,34.9432791279062,4.954189314737255,0.05,0.005555555555555556,3,4-5
4,True,9.55384798305407e-41,3.821539193221628e-40,22.336755804911054,3.1668612590571286,0.05,0.005555555555555556,4,5-6
5,True,7.150198276645178e-53,3.5750991383225895e-52,30.841300064343496,4.372618799514806,0.05,0.005555555555555556,5,6-7
6,True,9.372997774670477e-29,2.8118993324011433e-28,15.61501852314787,2.213866581714791,0.05,0.005555555555555556,6,7-8
7,False,0.9663825044416845,1.0,-1.8504209289944276,-0.26234903600873605,0.05,0.005555555555555556,7,8-9
8,False,0.9845098466538004,1.0,-2.1885581390401043,-0.31028946388877215,0.05,0.005555555555555556,8,9-10
