,reject,pvals,pvals_corrected,tstats,effectsize,alpha,alpha_corrected,step,dimension_step
0,True,2.53426104255137e-52,2.2808349382962328e-51,30.40900895082413,4.311329416580416,0.05,0.005555555555555556,0,1-2
1,True,1.2186024077265849e-31,8.530216854086094e-31,17.11415512799764,2.426411217891964,0.05,0.005555555555555556,1,2-3
2,True,4.8693757940711736e-23,2.921625476442704e-22,12.811306908649462,1.816361869254651,0.05,0.005555555555555556,2,3-4
3,True,5.587499602718727e-38,4.4699996821749815e-37,20.660560516165393,2.9292135912890274,0.05,0.005555555555555556,3,4-5
4,True,3.822349189266306e-05,0.00011467047567798917,4.127903854429422,0.5852460810280675,0.05,0.005555555555555556,4,5-6
5,True,1.843208865546232e-11,7.372835462184928e-11,7.441938400724838,1.0551033739807185,0.05,0.005555555555555556,5,6-7
6,True,2.8738860622628347e-16,1.4369430311314173e-15,9.669775774113987,1.3709617703783945,0.05,0.005555555555555556,6,7-8
7,False,0.9999999999999792,1.0,-8.816648088143557,-1.250007006789369,0.05,0.005555555555555556,7,8-9
8,False,0.999999985041504,1.0,-6.01805537288704,-0.8532280417851154,0.05,0.005555555555555556,8,9-10
