,reject,pvals,pvals_corrected,tstats,effectsize,alpha,alpha_corrected,step,dimension_step
0,True,7.604976344175705e-28,6.083981075340564e-27,15.155475064951773,2.1487134150094276,0.05,0.005555555555555556,0,1-2
1,True,1.998583128348746e-30,1.7987248155138715e-29,16.475252939973068,2.335828923611923,0.05,0.005555555555555556,1,2-3
2,True,1.9114210834666078e-13,9.557105417333039e-13,8.371094920671974,1.186837355957366,0.05,0.005555555555555556,2,3-4
3,True,2.0417543633119517e-16,1.4292280543183661e-15,9.73781840586143,1.3806087207380298,0.05,0.005555555555555556,3,4-5
4,True,2.3521634741302825e-16,1.4292280543183661e-15,9.709649475891714,1.3766149853088867,0.05,0.005555555555555556,4,5-6
5,True,4.3726527091410186e-05,0.00017490610836564074,4.091513564029605,0.5800867373042273,0.05,0.005555555555555556,5,6-7
6,True,0.0005428385744952346,0.0016285157234857037,3.3662958268110525,0.47726679440663106,0.05,0.005555555555555556,6,7-8
7,False,0.9936886940177785,1.0,-2.5405219363740423,-0.3601901980912931,0.05,0.005555555555555556,7,8-9
8,False,0.9999999646980989,1.0,-5.82678403463569,-0.8261099680430443,0.05,0.005555555555555556,8,9-10
