,reject,pvals,pvals_corrected,tstats,effectsize,alpha,alpha_corrected,step,dimension_step
0,True,2.1757922072372188e-51,1.958212986513497e-50,29.68568911576144,4.208778554513688,0.05,0.005555555555555556,0,1-2
1,True,1.1548670239022078e-36,9.238936191217662e-36,19.892728789203883,2.8203519208285965,0.05,0.005555555555555556,1,2-3
2,True,1.5373641260140467e-30,1.0761548882098328e-29,16.534678315322704,2.344254136326042,0.05,0.005555555555555556,2,3-4
3,True,1.622979739256704e-20,9.737878435540225e-20,11.626290225833449,1.6483525371509569,0.05,0.005555555555555556,3,4-5
4,True,1.9746157171130348e-19,9.873078585565174e-19,11.123252899535592,1.5770328954614459,0.05,0.005555555555555556,4,5-6
5,True,9.485451027214822e-15,3.794180410885929e-14,8.972953829256872,1.2721677270131688,0.05,0.005555555555555556,5,6-7
6,True,9.248590991767343e-11,2.7745772975302027e-10,7.107649080080423,1.0077084922838624,0.05,0.005555555555555556,6,7-8
7,False,0.9986419426637436,1.0,-3.0755784671367135,-0.43604945954703517,0.05,0.005555555555555556,7,8-9
8,False,0.8714584634844401,1.0,-1.1398885849720126,-0.16161115924433553,0.05,0.005555555555555556,8,9-10
