,reject,pvals,pvals_corrected,tstats,effectsize,alpha,alpha_corrected,step,dimension_step
0,True,4.001024426227192e-64,3.2008195409817537e-63,40.89934447581344,5.798628532833241,0.05,0.005555555555555556,0,1-2
1,True,1.2615255403007113e-64,1.1353729862706402e-63,41.40689256437127,5.870587701514705,0.05,0.005555555555555556,1,2-3
2,True,1.580147223924158e-57,1.1061030567469106e-56,34.71118263800308,4.9212831313748655,0.05,0.005555555555555556,2,3-4
3,True,3.0106081692986246e-56,1.8063649015791747e-55,33.60895351861301,4.765011257012806,0.05,0.005555555555555556,3,4-5
4,True,4.3334400465817567e-47,2.1667200232908785e-46,26.52853817210638,3.7611639098543854,0.05,0.005555555555555556,4,5-6
5,True,3.9160778284515457e-39,1.1748233485354636e-38,21.349523830911018,3.0268934535499463,0.05,0.005555555555555556,5,6-7
6,True,7.797222216810409e-44,3.1188888867241636e-43,24.313049707272818,3.4470563173978856,0.05,0.005555555555555556,6,7-8
7,False,0.9993785492717195,1.0,-3.324503900159119,-0.4713416173302775,0.05,0.005555555555555556,7,8-9
8,False,0.9999999921471859,1.0,-6.159944929792457,-0.8733448637960249,0.05,0.005555555555555556,8,9-10
