,reject,pvals,pvals_corrected,tstats,effectsize,alpha,alpha_corrected,step,dimension_step
0,True,3.2108135199883346e-42,2.889732167989501e-41,23.26523456007882,3.2984991488778115,0.05,0.005555555555555556,0,1-2
1,True,4.486400382652117e-36,3.5891203061216937e-35,19.55440880396549,2.7723855794416044,0.05,0.005555555555555556,1,2-3
2,True,4.485429973711441e-32,2.6912579842268646e-31,17.345347181216837,2.4591891720020578,0.05,0.005555555555555556,2,3-4
3,True,5.445239848687471e-35,3.8116678940812297e-34,18.941009089968656,2.685418975717253,0.05,0.005555555555555556,3,4-5
4,True,4.817108875703999e-13,2.4085544378519993e-12,8.184737370906625,1.1604159494720545,0.05,0.005555555555555556,4,5-6
5,True,1.1361682538316116e-06,3.408504761494835e-06,5.02124392219345,0.7119020769334065,0.05,0.005555555555555556,5,6-7
6,True,3.6362667325514546e-10,1.4545066930205819e-09,6.8203283272319695,0.9669727216524424,0.05,0.005555555555555556,6,7-8
7,False,0.9999998943660079,1.0,-5.578529453292294,-0.7909129222900083,0.05,0.005555555555555556,7,8-9
8,False,0.9998634722157791,1.0,-3.7748765604746626,-0.535194566368571,0.05,0.005555555555555556,8,9-10
