,reject,pvals,pvals_corrected,tstats,effectsize,alpha,alpha_corrected,step,dimension_step
0,True,1.3395244771467754e-22,1.0716195817174203e-21,12.603033370450081,1.7868332570796748,0.05,0.005555555555555556,0,1-2
1,True,0.00045118050683460654,0.002163437471320352,3.42289075946644,0.4852907125284332,0.05,0.005555555555555556,1,2-3
2,True,1.5009132760303282e-24,1.3508219484272953e-23,13.5344313754733,1.9188850323971367,0.05,0.005555555555555556,2,3-4
3,True,0.0004326874942640704,0.002163437471320352,3.4356114140517837,0.48709422188977536,0.05,0.005555555555555556,3,4-5
4,False,0.02593514789152018,0.07780544367456053,1.9679576816860576,0.27901316538658705,0.05,0.005555555555555556,4,5-6
5,True,7.782892436724758e-05,0.0004669735462034855,3.9331826438522324,0.5576388911801118,0.05,0.005555555555555556,5,6-7
6,True,6.073978590493051e-05,0.0004251785013345136,4.001742597036001,0.5673591863544322,0.05,0.005555555555555556,6,7-8
7,False,0.9992923264094048,1.0,-3.284020828056088,-0.46560200707485644,0.05,0.005555555555555556,7,8-9
8,False,0.9988390871658391,1.0,-3.126593793849102,-0.4432823121239562,0.05,0.005555555555555556,8,9-10
