,reject,pvals,pvals_corrected,tstats,effectsize,alpha,alpha_corrected,step,dimension_step
0,True,3.113087213915316e-44,2.8017784925237843e-43,24.576886520508182,3.484462581308622,0.05,0.005555555555555556,0,1-2
1,True,7.267055495688322e-34,5.8136443965506575e-33,18.316094663493942,2.59681983872917,0.05,0.005555555555555556,1,2-3
2,True,1.2517398013021727e-12,7.510438807813036e-12,7.991464536124499,1.1330141074926077,0.05,0.005555555555555556,2,3-4
3,True,4.368221355169967e-27,3.0577549486189766e-26,14.776044904173016,2.0949185538763766,0.05,0.005555555555555556,3,4-5
4,True,1.964779836613852e-11,9.82389918306926e-11,7.428776896604071,1.053237361840235,0.05,0.005555555555555556,4,5-6
5,True,1.2307158818355502e-07,4.922863527342201e-07,5.543522508787193,0.7859497066234435,0.05,0.005555555555555556,5,6-7
6,True,1.3970380898670483e-05,4.1911142696011446e-05,4.394301233724162,0.623015376953189,0.05,0.005555555555555556,6,7-8
7,False,0.9999999989016279,1.0,-6.58547406705625,-0.9336755470505924,0.05,0.005555555555555556,7,8-9
8,False,0.9999999999687404,1.0,-7.332911536219356,-1.0396457597947333,0.05,0.005555555555555556,8,9-10
