,reject,pvals,pvals_corrected,tstats,effectsize,alpha,alpha_corrected,step,dimension_step
0,True,1.941725564955838e-37,1.747553008460254e-36,20.34258887998064,2.8841321987668818,0.05,0.005555555555555556,0,1-2
1,True,7.940542080257018e-31,4.7643252481542114e-30,16.68476935453676,2.3655337483507255,0.05,0.005555555555555556,1,2-3
2,True,1.9165600420879985e-32,1.3415920294615989e-31,17.54328500284916,2.487252406632207,0.05,0.005555555555555556,2,3-4
3,True,1.0198365229111261e-33,8.158692183289009e-33,18.23523071153915,2.585355106834506,0.05,0.005555555555555556,3,4-5
4,True,1.7910591164953463e-17,8.955295582476732e-17,10.222354108491334,1.4493052386518486,0.05,0.005555555555555556,4,5-6
5,True,8.388519861811669e-07,3.3554079447246677e-06,5.09411321834712,0.7222333422693099,0.05,0.005555555555555556,5,6-7
6,True,2.0887263883144555e-05,6.266179164943366e-05,4.28904686791742,0.6080926202050173,0.05,0.005555555555555556,6,7-8
7,False,0.999999840838224,1.0,-5.48436538389583,-0.7775625259311394,0.05,0.005555555555555556,7,8-9
8,False,0.9999999907525615,1.0,-6.124076923952535,-0.8682595685487576,0.05,0.005555555555555556,8,9-10
