,reject,pvals,pvals_corrected,tstats,effectsize,alpha,alpha_corrected,step,dimension_step
0,True,3.8152975688059814e-43,3.433767811925383e-42,23.86156446099403,3.3830456281123,0.05,0.005555555555555556,0,1-2
1,True,3.162983777013148e-20,2.214088643909203e-19,11.491631518609477,1.6292608907710224,0.05,0.005555555555555556,1,2-3
2,True,1.4712611969481104e-39,1.1770089575584883e-38,21.606947486018296,3.063390472528185,0.05,0.005555555555555556,2,3-4
3,True,5.020872069177842e-19,3.0125232415067053e-18,10.936153006528965,1.55050624101299,0.05,0.005555555555555556,3,4-5
4,True,3.063619518097513e-08,1.2254478072390052e-07,5.858544986714016,0.8306129732943935,0.05,0.005555555555555556,4,5-6
5,True,7.130363182817959e-10,3.56518159140898e-09,6.677594465547339,0.9467361957722924,0.05,0.005555555555555556,5,6-7
6,True,1.5161726408148976e-06,4.5485179224446925e-06,4.951420880015537,0.7020027034883993,0.05,0.005555555555555556,6,7-8
7,False,0.999999999894597,1.0,-7.080365121057551,-1.0038402262931387,0.05,0.005555555555555556,7,8-9
8,False,0.9999936062423878,1.0,-4.594731929961725,-0.6514320464366342,0.05,0.005555555555555556,8,9-10
