,reject,pvals,pvals_corrected,tstats,effectsize,alpha,alpha_corrected,step,dimension_step
0,True,6.909653986799944e-70,6.21868858811995e-69,47.08642202799399,6.675820206409878,0.05,0.005555555555555556,0,1-2
1,True,9.36956955224262e-65,7.495655641794096e-64,41.53859185532991,5.889259767683353,0.05,0.005555555555555556,1,2-3
2,True,7.4295570432287055e-53,4.457734225937223e-52,30.828133524932053,4.370752073480724,0.05,0.005555555555555556,2,3-4
3,True,4.465865173761348e-61,3.1261056216329437e-60,37.93023927151003,5.3776746428549105,0.05,0.005555555555555556,3,4-5
4,True,2.1423235639055288e-49,1.0711617819527644e-48,28.187493767421156,3.9963673678311844,0.05,0.005555555555555556,4,5-6
5,True,2.884488609233043e-49,1.1537954436932173e-48,28.092490766013,3.982898029343476,0.05,0.005555555555555556,5,6-7
6,True,1.1149880042607566e-38,3.3449640127822697e-38,21.076589238809493,2.988197324464234,0.05,0.005555555555555556,6,7-8
7,False,0.9999979072914676,1.0,-4.872803186401776,-0.690856441678656,0.05,0.005555555555555556,7,8-9
8,False,0.985004441669031,1.0,-2.20194047829042,-0.3121867855991195,0.05,0.005555555555555556,8,9-10
