,reject,pvals,pvals_corrected,tstats,effectsize,alpha,alpha_corrected,step,dimension_step
0,True,2.6370879538334218e-46,2.3733791584500795e-45,25.981610322594502,3.6836215561998866,0.05,0.005555555555555556,0,1-2
1,True,2.1340722271603976e-24,1.707257781728318e-23,13.460762267657163,1.9084403713384823,0.05,0.005555555555555556,1,2-3
2,True,2.784693198693497e-24,1.949285239085448e-23,13.405144421403412,1.9005549826029133,0.05,0.005555555555555556,2,3-4
3,True,4.872041096143274e-13,2.4360205480716367e-12,8.182447104088551,1.160091239951907,0.05,0.005555555555555556,3,4-5
4,True,2.0589490125701153e-16,1.235369407542069e-15,9.736149239544988,1.3803720696241153,0.05,0.005555555555555556,4,5-6
5,True,0.002443370100286124,0.007330110300858372,2.8791557453299794,0.40820103278706954,0.05,0.005555555555555556,5,6-7
6,True,0.0002759860034806021,0.0011039440139224083,3.5703745771681037,0.5062006778204633,0.05,0.005555555555555556,6,7-8
7,False,0.9999505823135395,1.0,-4.0582362794997495,-0.5753687494234156,0.05,0.005555555555555556,7,8-9
8,False,0.9956586385985337,1.0,-2.6775584214241426,-0.37961896112979615,0.05,0.005555555555555556,8,9-10
