,reject,pvals,pvals_corrected,tstats,effectsize,alpha,alpha_corrected,step,dimension_step
0,True,2.614487523316732e-53,2.353038770985059e-52,31.188567528908912,4.421853696904042,0.05,0.005555555555555556,0,1-2
1,True,9.141580473276987e-43,7.31326437862159e-42,23.615654977570834,3.3481810657251136,0.05,0.005555555555555556,1,2-3
2,True,1.2064192784748287e-39,8.444934949323801e-39,21.659379698227095,3.0708242083410733,0.05,0.005555555555555556,2,3-4
3,True,1.274053474075263e-36,7.644320844451577e-36,19.86812560657652,2.8168637300370327,0.05,0.005555555555555556,3,4-5
4,True,2.4010915770008267e-35,1.2005457885004134e-34,19.140959963888406,2.713767616937204,0.05,0.005555555555555556,4,5-6
5,True,4.172412870303188e-32,1.6689651481212752e-31,17.362141882976157,2.461570291750312,0.05,0.005555555555555556,5,6-7
6,True,6.2543372286407904e-21,1.876301168592237e-20,11.819192406992327,1.6757018285894818,0.05,0.005555555555555556,6,7-8
7,False,0.9999999589421472,1.0,-5.7928577165996655,-0.8212999614696137,0.05,0.005555555555555556,7,8-9
8,False,0.9987084610442127,1.0,-3.091975187954756,-0.4383741543410221,0.05,0.005555555555555556,8,9-10
