,reject,pvals,pvals_corrected,tstats,effectsize,alpha,alpha_corrected,step,dimension_step
0,True,1.4924030319059622e-50,1.343162728715366e-49,29.04964565289602,4.118601564658152,0.05,0.005555555555555556,0,1-2
1,True,2.4503277721491858e-48,1.9602622177193486e-47,27.416486107203824,3.887055419806856,0.05,0.005555555555555556,1,2-3
2,True,6.834954884334285e-12,3.417477442167143e-11,7.645643298298179,1.083984253282957,0.05,0.005555555555555556,2,3-4
3,True,9.481497161870358e-30,6.637048013309251e-29,16.124682579464167,2.2861257481389106,0.05,0.005555555555555556,3,4-5
4,True,8.296879363696366e-17,4.97812761821782e-16,9.917060076923091,1.4060212519512256,0.05,0.005555555555555556,4,5-6
5,True,1.8775207259286193e-08,7.510082903714477e-08,5.967686895677805,0.846086898257166,0.05,0.005555555555555556,5,6-7
6,False,0.3433147257300041,1.0,0.40462038900033087,0.057366282093124915,0.05,0.005555555555555556,6,7-8
7,False,0.9999760812764489,1.0,-4.253232080777618,-0.6030148702002706,0.05,0.005555555555555556,7,8-9
8,False,0.9998033379509612,1.0,-3.669758985716241,-0.5202912035859015,0.05,0.005555555555555556,8,9-10
