,reject,pvals,pvals_corrected,tstats,effectsize,alpha,alpha_corrected,step,dimension_step
0,True,1.2252571049957606e-29,1.1027313944961845e-28,16.067283207389124,2.277987778180055,0.05,0.005555555555555556,0,1-2
1,True,7.479905944627166e-27,5.983924755701732e-26,14.660057824323914,2.0784741340629798,0.05,0.005555555555555556,1,2-3
2,True,0.00017117611186724026,0.0008558805593362013,3.7099620279911845,0.5259911117636488,0.05,0.005555555555555556,2,3-4
3,True,2.1261309954355848e-12,1.4882916968049094e-11,7.883873000761437,1.1177599914464071,0.05,0.005555555555555556,3,4-5
4,True,5.412246768380868e-08,3.247348061028521e-07,5.730576067419347,0.8124697918755147,0.05,0.005555555555555556,4,5-6
5,False,0.5546338340302664,1.0,-0.13773154209932822,-0.019527306858440868,0.05,0.005555555555555556,5,6-7
6,False,0.9729844559124766,1.0,-1.9497816308801277,-0.27643620069025016,0.05,0.005555555555555556,6,7-8
7,False,0.9999997880436322,1.0,-5.418105993848146,-0.7681684000686616,0.05,0.005555555555555556,7,8-9
8,False,0.9999963378907135,1.0,-4.734620574096258,-0.6712651829744963,0.05,0.005555555555555556,8,9-10
