,reject,pvals,pvals_corrected,tstats,effectsize,alpha,alpha_corrected,step,dimension_step
0,True,1.0801028699723082e-56,9.720925829750773e-56,33.98892223894395,4.8188824740587926,0.05,0.005555555555555556,0,1-2
1,True,2.022230201637501e-43,1.6177841613100008e-42,24.04134625159138,3.408534736409822,0.05,0.005555555555555556,1,2-3
2,True,6.388591371927653e-38,4.472013960349357e-37,20.62621108882904,2.9243435971120584,0.05,0.005555555555555556,2,3-4
3,True,1.3519092136592034e-24,5.4076368546368135e-24,13.5563400143844,1.9219911960859108,0.05,0.005555555555555556,3,4-5
4,True,1.805156689035071e-29,9.025783445175355e-29,15.980709349708142,2.265713507093797,0.05,0.005555555555555556,4,5-6
5,True,4.445521734447714e-30,2.6673130406686287e-29,16.29480040699442,2.3102447187802095,0.05,0.005555555555555556,5,6-7
6,True,2.83728368229363e-12,8.51185104688089e-12,7.825150460433193,1.1094344252978061,0.05,0.005555555555555556,6,7-8
7,False,0.9992600725070191,1.0,-3.270056289957279,-0.46362214235806426,0.05,0.005555555555555556,7,8-9
8,False,0.9999998946665911,1.0,-5.5791813813981594,-0.791005351373273,0.05,0.005555555555555556,8,9-10
