,reject,pvals,pvals_corrected,tstats,effectsize,alpha,alpha_corrected,step,dimension_step
0,True,8.366367802868877e-64,7.52973102258199e-63,40.577876188160566,5.753051391950522,0.05,0.005555555555555556,0,1-2
1,True,1.2921288357731436e-54,1.0337030686185149e-53,32.24578494199752,4.57174390017048,0.05,0.005555555555555556,1,2-3
2,True,2.178365148319282e-49,1.5248556038234974e-48,28.18215864348347,3.9956109644636544,0.05,0.005555555555555556,2,3-4
3,True,2.3559626983529769e-35,1.4135776190117861e-34,19.145607695288096,2.7144265631441074,0.05,0.005555555555555556,3,4-5
4,True,9.821183029085508e-26,3.9284732116342033e-25,14.10949204229492,2.00041600149895,0.05,0.005555555555555556,4,5-6
5,True,6.691264533609388e-32,3.345632266804694e-31,17.252638613930344,2.446045133866594,0.05,0.005555555555555556,5,6-7
6,True,2.9739681421200803e-09,8.92190442636024e-09,6.371327388125687,0.9033142525464085,0.05,0.005555555555555556,6,7-8
7,False,0.999999574688398,1.0,-5.255335707156859,-0.7450911493008968,0.05,0.005555555555555556,7,8-9
8,False,0.9998303999697946,1.0,-3.712631345378337,-0.5263695623271654,0.05,0.005555555555555556,8,9-10
