{
  "data": {
    "name": "normal-8-100",
    "n_dimension": 8,
    "distance": "euclidean",
    "subject": null,
    "n_objects": 100,
    "n_train_triplets": 29473,
    "n_test_triplets": 10000,
    "frac_train_ndlogn": 7.999975790709088,
    "frac_train_triplets": 0.06075654504225933,
    "max_train_score": 0.6811318834187222,
    "max_test_score": 0.6752,
    "noise_sd": 2.0,
    "distance_sd": 1.0735874039198345,
    "distance_mean": 4.012032087568304,
    "difference_sd": 0.973858138393401,
    "difference_mean": -0.07268696309566011
  },
  "n_repeats": 10,
  "n_splits": 10,
  "embedding_method": "soe",
  "embedding_dimension": [
    1,
    2,
    3,
    4,
    5,
    6,
    7,
    8,
    9,
    10
  ],
  "random_state": 982354592,
  "alpha": 0.05
}