,reject,pvals,pvals_corrected,tstats,effectsize,alpha,alpha_corrected,step,dimension_step
0,True,4.4225868562513855e-44,3.980328170626247e-43,24.47575104883003,3.4701237932602877,0.05,0.005555555555555556,0,1-2
1,True,6.202100748770552e-28,4.961680599016442e-27,15.199984595380863,2.1550238885986013,0.05,0.005555555555555556,1,2-3
2,True,4.546663089542273e-18,2.7279978537253637e-17,10.495711779061251,1.4880613509698082,0.05,0.005555555555555556,2,3-4
3,True,4.1016882328579834e-23,2.8711817630005886e-22,12.846704526462663,1.8213804738136397,0.05,0.005555555555555556,3,4-5
4,True,1.1203615982141517e-10,5.601807991070759e-10,7.067617725532032,1.0020329256539489,0.05,0.005555555555555556,4,5-6
5,False,0.025057285340700057,0.10022914136280023,1.983206193270252,0.2811750693361146,0.05,0.005555555555555556,5,6-7
6,False,0.96541219340969,1.0,-1.8372303683315039,-0.26047890428891524,0.05,0.005555555555555556,6,7-8
7,False,0.9983053838938446,1.0,-3.002568549128974,-0.42569825712153286,0.05,0.005555555555555556,7,8-9
8,False,0.9666774802359177,1.0,-1.8544938881752981,-0.2629264921421278,0.05,0.005555555555555556,8,9-10
