,reject,pvals,pvals_corrected,tstats,effectsize,alpha,alpha_corrected,step,dimension_step
0,True,9.276855983275206e-19,8.349170384947685e-18,10.813265120247307,1.5330834384506216,0.05,0.005555555555555556,0,1-2
1,True,5.424501440470638e-10,4.33960115237651e-09,6.735672298445347,0.9549703565708025,0.05,0.005555555555555556,1,2-3
2,False,0.6818529261524406,1.0,-0.47435112894510273,-0.06725256910925163,0.05,0.005555555555555556,2,3-4
3,False,0.9006775683036599,1.0,-1.2940905565303606,-0.18347361116275576,0.05,0.005555555555555556,3,4-5
4,False,0.996775068264157,1.0,-2.7830760719480665,-0.3945790458667871,0.05,0.005555555555555556,4,5-6
5,False,0.9990609679126871,1.0,-3.1946978812653373,-0.4529379755473122,0.05,0.005555555555555556,5,6-7
6,False,0.7245962145759846,1.0,-0.598598880485203,-0.08486817069051565,0.05,0.005555555555555556,6,7-8
7,False,0.6287999054989561,1.0,-0.3295978536656939,-0.046729734745668584,0.05,0.005555555555555556,7,8-9
8,False,0.9686620966449965,1.0,-1.8827100449955585,-0.2669269233011557,0.05,0.005555555555555556,8,9-10
