,reject,pvals,pvals_corrected,tstats,effectsize,alpha,alpha_corrected,step,dimension_step
0,True,2.566830983779435e-73,2.3101478854014917e-72,51.16269291530472,7.253745867020294,0.05,0.005555555555555556,0,1-2
1,True,8.311264989016555e-62,5.8178854923115885e-61,38.62379530191036,5.47600565129873,0.05,0.005555555555555556,1,2-3
2,True,5.629736856885359e-65,4.503789485508287e-64,41.76501305300186,5.921361319287322,0.05,0.005555555555555556,2,3-4
3,True,7.363067570808867e-46,2.9796255021345627e-45,25.674425376672378,3.640069479385202,0.05,0.005555555555555556,3,4-5
4,True,1.2130057884932568e-53,7.278034730959541e-53,31.455792069319827,4.459740266103612,0.05,0.005555555555555556,4,5-6
5,True,1.584346705509012e-42,4.753040116527036e-42,23.461811228867454,3.326369401937764,0.05,0.005555555555555556,5,6-7
6,True,5.959251004269126e-46,2.9796255021345627e-45,25.737486527134752,3.649010165136307,0.05,0.005555555555555556,6,7-8
7,False,0.9999979918403314,1.0,-4.882901892249655,-0.6922882163103701,0.05,0.005555555555555556,7,8-9
8,False,0.9998573163553389,1.0,-3.762275064813567,-0.533407951124896,0.05,0.005555555555555556,8,9-10
