,reject,pvals,pvals_corrected,tstats,effectsize,alpha,alpha_corrected,step,dimension_step
0,True,6.071566471861805e-38,5.464409824675624e-37,20.639255554085278,2.926193015712767,0.05,0.005555555555555556,0,1-2
1,True,1.0851760899548289e-32,8.681408719638631e-32,17.67634107981931,2.506116835250182,0.05,0.005555555555555556,1,2-3
2,True,7.20022428410508e-30,5.040156998873556e-29,16.18640276445613,2.2948763144458546,0.05,0.005555555555555556,2,3-4
3,True,1.6710794859335902e-20,8.355397429667951e-20,11.620390736939513,1.6475161192311112,0.05,0.005555555555555556,3,4-5
4,True,2.5839799743741226e-25,1.5503879846244734e-24,13.904572740984806,1.9713629464259577,0.05,0.005555555555555556,4,5-6
5,True,7.215643340761784e-17,2.8862573363047135e-16,9.944855287176745,1.409962002134844,0.05,0.005555555555555556,5,6-7
6,True,0.013731834391451281,0.041195503174353845,2.237970382378849,0.3172950344612977,0.05,0.005555555555555556,6,7-8
7,False,0.9999999995498253,1.0,-6.775181019216674,-0.9605718252128206,0.05,0.005555555555555556,7,8-9
8,False,0.9999999999579585,1.0,-7.271563086952108,-1.030947897446927,0.05,0.005555555555555556,8,9-10
