,reject,pvals,pvals_corrected,tstats,effectsize,alpha,alpha_corrected,step,dimension_step
0,True,9.721968902413841e-18,8.749772012172457e-17,10.344128590417037,1.4665701849368176,0.05,0.005555555555555556,0,1-2
1,True,5.5399824330132066e-15,4.431985946410565e-14,9.080300022251459,1.287387058901423,0.05,0.005555555555555556,1,2-3
2,True,4.501631577286738e-09,2.700978946372043e-08,6.281417832409675,0.8905670527604183,0.05,0.005555555555555556,2,3-4
3,True,1.4638333758618866e-09,1.0246833631033207e-08,6.52398295946026,0.9249574588858178,0.05,0.005555555555555556,3,4-5
4,False,0.19880419369354774,0.5964125810806432,0.8495801703597206,0.12045180381046244,0.05,0.005555555555555556,4,5-6
5,True,0.0004728430035390385,0.0023642150176951923,3.4085994696002073,0.4832645215893991,0.05,0.005555555555555556,5,6-7
6,False,0.13549486449741013,0.5419794579896405,1.10696915948493,0.15694390791401752,0.05,0.005555555555555556,6,7-8
7,False,0.9997732190325683,1.0,-3.6281829227952,-0.5143966312442987,0.05,0.005555555555555556,7,8-9
8,False,0.9961534359865286,1.0,-2.7208502373686962,-0.38575678955691695,0.05,0.005555555555555556,8,9-10
