{
  "data": {
    "name": "normal-8-100",
    "n_dimension": 8,
    "distance": "euclidean",
    "subject": null,
    "n_objects": 100,
    "n_train_triplets": 29473,
    "n_test_triplets": 10000,
    "frac_train_ndlogn": 7.999975790709088,
    "frac_train_triplets": 0.06075654504225933,
    "max_train_score": 0.6732942014725342,
    "max_test_score": 0.6741,
    "noise_sd": 2.0,
    "distance_sd": 1.0710189002664543,
    "distance_mean": 3.9434841178922695,
    "difference_sd": 0.9545949008948383,
    "difference_mean": -0.07838634312782954
  },
  "n_repeats": 10,
  "n_splits": 10,
  "embedding_method": "soe",
  "embedding_dimension": [
    1,
    2,
    3,
    4,
    5,
    6,
    7,
    8,
    9,
    10
  ],
  "random_state": 2707481121,
  "alpha": 0.05
}