,reject,pvals,pvals_corrected,tstats,effectsize,alpha,alpha_corrected,step,dimension_step
0,True,4.626623194568254e-55,4.1639608751114284e-54,32.613543312961475,4.62388395792424,0.05,0.005555555555555556,0,1-2
1,True,1.8824045107465643e-51,1.5059236085972515e-50,29.733978101265393,4.215624871801985,0.05,0.005555555555555556,1,2-3
2,True,7.644761404412507e-35,4.586856842647504e-34,18.858512214956352,2.6737227312065666,0.05,0.005555555555555556,2,3-4
3,True,2.8582458527274942e-37,2.0007720969092458e-36,20.24451564699345,2.870227568890894,0.05,0.005555555555555556,3,4-5
4,True,3.957242722040546e-29,1.5828970888162185e-28,15.805989761015374,2.2409421078153096,0.05,0.005555555555555556,4,5-6
5,True,1.6318458999259505e-23,4.8955376997778516e-23,13.037308771944065,1.8484039684562301,0.05,0.005555555555555556,5,6-7
6,True,1.1850685079457956e-31,5.925342539728978e-31,17.120588589911588,2.427323341455244,0.05,0.005555555555555556,6,7-8
7,False,0.9999989556782505,1.0,-5.041545796692862,-0.7147804367274592,0.05,0.005555555555555556,7,8-9
8,False,0.9985960469738853,1.0,-3.0646941208171135,-0.4345062983560925,0.05,0.005555555555555556,8,9-10
