,reject,pvals,pvals_corrected,tstats,effectsize,alpha,alpha_corrected,step,dimension_step
0,True,1.932700402496554e-30,1.7394303622468986e-29,16.482839482531634,2.3369045286786907,0.05,0.005555555555555556,0,1-2
1,True,1.2197684681323414e-21,9.758147745058732e-21,12.151240036825383,1.722778887776781,0.05,0.005555555555555556,1,2-3
2,True,1.9809557515854845e-10,1.3866690261098392e-09,6.948244446246121,0.9851084171515082,0.05,0.005555555555555556,2,3-4
3,True,7.792883068092722e-09,3.896441534046361e-08,6.16162378671291,0.873582888824696,0.05,0.005555555555555556,3,4-5
4,True,9.10496822220499e-09,3.896441534046361e-08,6.127487194592807,0.8687430700056347,0.05,0.005555555555555556,4,5-6
5,True,2.913642595360896e-09,1.7481855572165377e-08,6.375759619500141,0.9039426455840335,0.05,0.005555555555555556,5,6-7
6,False,0.09148867360904951,0.27446602082714855,1.3410363216470382,0.19012948930921936,0.05,0.005555555555555556,6,7-8
7,False,0.9984186792521864,1.0,-3.0255159350846714,-0.42895169232109537,0.05,0.005555555555555556,7,8-9
8,False,0.9999366679718541,1.0,-3.9902369397384407,-0.5657279369163368,0.05,0.005555555555555556,8,9-10
