,reject,pvals,pvals_corrected,tstats,effectsize,alpha,alpha_corrected,step,dimension_step
0,True,1.1913085933923003e-16,1.0721777340530703e-15,9.845051540995984,1.3958120235054885,0.05,0.005555555555555556,0,1-2
1,True,1.7279963334350818e-09,1.3823970667480654e-08,6.4883715117400245,0.919908537943621,0.05,0.005555555555555556,1,2-3
2,False,0.17088733737422357,0.8545077695330492,0.9552566960997726,0.13543441356278574,0.05,0.005555555555555556,2,3-4
3,False,0.06646118121963518,0.46522826853744625,1.5151438879408468,0.2148141172569966,0.05,0.005555555555555556,3,4-5
4,False,0.8804799115922294,1.0,-1.1845277520412443,-0.16794001246110604,0.05,0.005555555555555556,4,5-6
5,False,0.14241796158884154,0.8545077695330492,1.075340811217172,0.1524597029698462,0.05,0.005555555555555556,5,6-7
6,False,0.9970777151370577,1.0,-2.8174497920970487,-0.39945248423090035,0.05,0.005555555555555556,6,7-8
7,False,0.8864948061361108,1.0,-1.2156468747165654,-0.17235202040339875,0.05,0.005555555555555556,7,8-9
8,False,0.7441455279078493,1.0,-0.6585570405253532,-0.09336892056905223,0.05,0.005555555555555556,8,9-10
