,reject,pvals,pvals_corrected,tstats,effectsize,alpha,alpha_corrected,step,dimension_step
0,True,6.544720584973999e-64,5.890248526476599e-63,40.684638876584316,5.768187995709588,0.05,0.005555555555555556,0,1-2
1,True,2.7064612917871833e-53,2.1651690334297466e-52,31.176580906373875,4.420154257161552,0.05,0.005555555555555556,1,2-3
2,True,3.0968341589890886e-42,2.167783911292362e-41,23.275265447075004,3.2999213082862613,0.05,0.005555555555555556,2,3-4
3,True,2.745353641355759e-37,1.3726768206778795e-36,20.254724087167137,2.871674901439264,0.05,0.005555555555555556,3,4-5
4,True,3.9656784110102303e-38,2.379407046606138e-37,20.748623135720752,2.9416989361026027,0.05,0.005555555555555556,4,5-6
5,True,5.599518042764969e-30,2.2398072171059875e-29,16.24288070751539,2.302883646013059,0.05,0.005555555555555556,5,6-7
6,True,8.098369165540185e-23,2.4295107496620555e-22,12.7065009113758,1.8015026813143042,0.05,0.005555555555555556,6,7-8
7,False,0.9999999480276162,1.0,-5.7397335689171305,-0.8137681244076147,0.05,0.005555555555555556,7,8-9
8,False,0.999839408002909,1.0,-3.7283553655886075,-0.5285988829534664,0.05,0.005555555555555556,8,9-10
