,reject,pvals,pvals_corrected,tstats,effectsize,alpha,alpha_corrected,step,dimension_step
0,True,2.892053083292837e-28,2.3136424666342696e-27,15.36698639311263,2.1787010746702395,0.05,0.005555555555555556,0,1-2
1,True,1.401836286623999e-29,1.2616526579615991e-28,16.037179962177895,2.2737197993444545,0.05,0.005555555555555556,1,2-3
2,True,4.622429899129512e-15,3.2357009293906585e-14,9.116423984493219,1.2925086431433888,0.05,0.005555555555555556,2,3-4
3,True,5.744410398691973e-13,3.4466462392151835e-12,8.14916590052423,1.155372696438105,0.05,0.005555555555555556,3,4-5
4,True,5.860897796261711e-06,2.9304488981308558e-05,4.616733143072727,0.6545513351132008,0.05,0.005555555555555556,4,5-6
5,False,0.03800985119414059,0.11402955358242177,1.79304332819302,0.2542141527381909,0.05,0.005555555555555556,5,6-7
6,True,7.035495712269308e-05,0.00028141982849077234,3.961192741078308,0.561610107615588,0.05,0.005555555555555556,6,7-8
7,False,0.999935253801685,1.0,-3.984148739368248,-0.5648647638549427,0.05,0.005555555555555556,7,8-9
8,False,0.9999533303544105,1.0,-4.073818218980707,-0.5775779261236581,0.05,0.005555555555555556,8,9-10
