,reject,pvals,pvals_corrected,tstats,effectsize,alpha,alpha_corrected,step,dimension_step
0,True,2.4425663300895192e-33,2.1983096970805674e-32,18.027714152686134,2.555933817700836,0.05,0.005555555555555556,0,1-2
1,True,7.499353032545185e-19,5.999482426036148e-18,10.855826005208776,1.5391176369220947,0.05,0.005555555555555556,1,2-3
2,True,1.2065554116487391e-08,8.445887881541173e-08,6.065529441607224,0.8599588217763043,0.05,0.005555555555555556,2,3-4
3,True,1.9559432382723308e-07,9.779716191361655e-07,5.4367276833749,0.7708085465454164,0.05,0.005555555555555556,3,4-5
4,True,3.963319544532006e-06,1.5853278178128023e-05,4.714922040923722,0.668472363725846,0.05,0.005555555555555556,4,5-6
5,True,1.8855130823539014e-08,1.1313078494123408e-07,5.96674372580404,0.845953177489476,0.05,0.005555555555555556,5,6-7
6,False,0.36776653670166326,1.0,0.3387265984565664,0.04802399020848192,0.05,0.005555555555555556,6,7-8
7,False,0.9999993615785523,1.0,-5.159232637651793,-0.7314658453243384,0.05,0.005555555555555556,7,8-9
8,False,0.9999999688231554,1.0,-5.854629534196798,-0.8300578481456587,0.05,0.005555555555555556,8,9-10
