{
  "data": {
    "name": "normal-8-100",
    "n_dimension": 8,
    "distance": "euclidean",
    "subject": null,
    "n_objects": 100,
    "n_train_triplets": 14736,
    "n_test_triplets": 10000,
    "frac_train_ndlogn": 3.999852178328949,
    "frac_train_triplets": 0.030377241805813235,
    "max_train_score": 0.6821389793702497,
    "max_test_score": 0.685,
    "noise_sd": 2.0,
    "distance_sd": 1.0753088616273536,
    "distance_mean": 4.0574161287126085,
    "difference_sd": 0.9743798729408475,
    "difference_mean": -0.07330200190057544
  },
  "n_repeats": 10,
  "n_splits": 10,
  "embedding_method": "soe",
  "embedding_dimension": [
    1,
    2,
    3,
    4,
    5,
    6,
    7,
    8,
    9,
    10
  ],
  "random_state": 1207551880,
  "alpha": 0.05
}