,reject,pvals,pvals_corrected,tstats,effectsize,alpha,alpha_corrected,step,dimension_step
0,True,2.3688194023249374e-47,2.131937462092444e-46,26.713377289184542,3.787370035942958,0.05,0.005555555555555556,0,1-2
1,True,2.98875915421521e-37,2.391007323372168e-36,20.233208446038965,2.868624456202378,0.05,0.005555555555555556,1,2-3
2,True,5.3776295982388254e-33,3.764340718767178e-32,17.84130598687877,2.529505234972746,0.05,0.005555555555555556,2,3-4
3,True,4.123875875807503e-26,2.4743255254845017e-25,14.294185356582739,2.0266014559549794,0.05,0.005555555555555556,3,4-5
4,True,8.190285763011187e-17,4.0951428815055933e-16,9.919634080136706,1.4063861890588827,0.05,0.005555555555555556,4,5-6
5,True,4.030277967118517e-11,1.6121111868474067e-10,7.2803158081179715,1.0321888410205415,0.05,0.005555555555555556,5,6-7
6,True,0.015636280259058225,0.04690884077717468,2.1846756514128463,0.30973901243723106,0.05,0.005555555555555556,6,7-8
7,False,0.9999999999994722,1.0,-8.166294484628652,-1.1578011533678654,0.05,0.005555555555555556,7,8-9
8,False,0.9999621584727559,1.0,-4.130613115336793,-0.5856301947052357,0.05,0.005555555555555556,8,9-10
