{
  "data": {
    "name": "normal-8-100",
    "n_dimension": 8,
    "distance": "euclidean",
    "subject": null,
    "n_objects": 100,
    "n_train_triplets": 14736,
    "n_test_triplets": 10000,
    "frac_train_ndlogn": 3.999852178328949,
    "frac_train_triplets": 0.030377241805813235,
    "max_train_score": 0.8734391965255157,
    "max_test_score": 0.8795,
    "noise_sd": 0.5,
    "distance_sd": 1.065008315319503,
    "distance_mean": 3.7788924909646346,
    "difference_sd": 0.9235505285714569,
    "difference_mean": -0.1517390727775633
  },
  "n_repeats": 10,
  "n_splits": 10,
  "embedding_method": "soe",
  "embedding_dimension": [
    1,
    2,
    3,
    4,
    5,
    6,
    7,
    8,
    9,
    10
  ],
  "random_state": 3554859458,
  "alpha": 0.05
}