,reject,pvals,pvals_corrected,tstats,effectsize,alpha,alpha_corrected,step,dimension_step
0,True,9.172185225148201e-83,8.254966702633381e-82,64.15765265231438,9.096145672684777,0.05,0.005555555555555556,0,1-2
1,True,1.0029865277252475e-62,8.02389222180198e-62,39.51180981957852,5.601906601196982,0.05,0.005555555555555556,1,2-3
2,True,3.6744576440481965e-62,2.5721203508337377e-61,38.964450039683236,5.5243030093031535,0.05,0.005555555555555556,2,3-4
3,True,6.626240725287884e-50,3.975744435172731e-49,28.5647254438155,4.049850532176822,0.05,0.005555555555555556,3,4-5
4,True,2.765378921498257e-38,1.3826894607491287e-37,20.841472608549857,2.954862951548468,0.05,0.005555555555555556,4,5-6
5,True,1.8088862441567897e-25,5.426658732470369e-25,13.97999749816728,1.9820565199950637,0.05,0.005555555555555556,5,6-7
6,True,3.745718057232472e-29,1.4982872228929887e-28,15.818190453175006,2.2426718979276914,0.05,0.005555555555555556,6,7-8
7,False,0.9998980375871388,1.0,-3.8576209136351647,-0.5469258978438483,0.05,0.005555555555555556,7,8-9
8,False,0.996320585863778,1.0,-2.736625493520576,-0.38799337431414055,0.05,0.005555555555555556,8,9-10
