,reject,pvals,pvals_corrected,tstats,effectsize,alpha,alpha_corrected,step,dimension_step
0,True,1.8023188054269807e-44,1.6220869248842826e-43,24.73491476053754,3.5068675140373,0.05,0.005555555555555556,0,1-2
1,True,1.0857476698206085e-29,7.600233688744259e-29,16.094333695672812,2.281822943149059,0.05,0.005555555555555556,1,2-3
2,True,1.3155049553966542e-34,1.0524039643173234e-33,18.726958243964194,2.6550712682166457,0.05,0.005555555555555556,2,3-4
3,True,4.120251228555082e-24,2.4721507371330494e-23,13.323386258182662,1.8889634711955792,0.05,0.005555555555555556,3,4-5
4,True,5.4350085664753913e-17,2.1740034265901565e-16,10.001273270038565,1.4179608326633115,0.05,0.005555555555555556,4,5-6
5,True,8.129074489940529e-20,4.064537244970264e-19,11.301555577264702,1.6023122980487419,0.05,0.005555555555555556,5,6-7
6,True,7.920919340938884e-12,2.3762758022816652e-11,7.615446133263179,1.0797029586796616,0.05,0.005555555555555556,6,7-8
7,False,0.9999966986528029,1.0,-4.760397135338384,-0.6749197330757897,0.05,0.005555555555555556,7,8-9
8,False,0.9992982191037452,1.0,-3.28663628924071,-0.465972822012016,0.05,0.005555555555555556,8,9-10
