,reject,pvals,pvals_corrected,tstats,effectsize,alpha,alpha_corrected,step,dimension_step
0,True,1.052913459015562e-31,9.476221131140059e-31,17.14786296021466,2.431190247976154,0.05,0.005555555555555556,0,1-2
1,True,6.905110206616935e-26,5.524088165293548e-25,14.184370447236669,2.0110321143230814,0.05,0.005555555555555556,1,2-3
2,True,1.3825668315965743e-14,9.67796782117602e-14,8.897685263393777,1.2614962979417985,0.05,0.005555555555555556,2,3-4
3,True,2.053741784544374e-07,8.214967138177496e-07,5.425422011622267,0.7692056506641283,0.05,0.005555555555555556,3,4-5
4,True,7.4596771797814e-09,3.7298385898907e-08,6.1711965188563145,0.8749400919401822,0.05,0.005555555555555556,4,5-6
5,True,9.055018855585881e-10,5.433011313351529e-09,6.626699554479727,0.9395204154884008,0.05,0.005555555555555556,5,6-7
6,True,4.368704341595362e-06,1.3106113024786087e-05,4.690588904267971,0.6650224595204421,0.05,0.005555555555555556,6,7-8
7,False,0.9945326764308396,1.0,-2.593689456641113,-0.367728184432931,0.05,0.005555555555555556,7,8-9
8,False,0.9999999733821011,1.0,-5.88997308165338,-0.8350687867159452,0.05,0.005555555555555556,8,9-10
