,reject,pvals,pvals_corrected,tstats,effectsize,alpha,alpha_corrected,step,dimension_step
0,True,1.736171024003881e-21,1.562553921603493e-20,12.079373816058759,1.712589836494292,0.05,0.005555555555555556,0,1-2
1,True,6.291815722062515e-18,5.033452577650012e-17,10.430901056394443,1.4788726143163018,0.05,0.005555555555555556,1,2-3
2,True,0.0051838058547608,0.0155514175642824,2.6132208931500385,0.3704973130456121,0.05,0.005555555555555556,2,3-4
3,True,0.0006749212092720731,0.0032645666478053866,3.2988245516158354,0.46770084985402344,0.05,0.005555555555555556,3,4-5
4,True,9.761053911702793e-11,6.832737738191956e-10,7.0963979116830505,1.0061133237809712,0.05,0.005555555555555556,4,5-6
5,True,0.0006385967790832712,0.0032645666478053866,3.316051120111957,0.4701431988179168,0.05,0.005555555555555556,5,6-7
6,True,0.0005440944413008978,0.0032645666478053866,3.3655846731098955,0.4771659684350755,0.05,0.005555555555555556,6,7-8
7,False,0.9999998621184654,1.0,-5.517419906064018,-0.7822489310029119,0.05,0.005555555555555556,7,8-9
8,False,0.9999951082515629,1.0,-4.662243782772234,-0.6610037440036445,0.05,0.005555555555555556,8,9-10
