,reject,pvals,pvals_corrected,tstats,effectsize,alpha,alpha_corrected,step,dimension_step
0,True,7.736836939489352e-13,6.963153245540417e-12,8.088942198330056,1.1468342985157984,0.05,0.005555555555555556,0,1-2
1,False,0.021028895724635056,0.12617337434781034,2.0596356740457553,0.2920110906380342,0.05,0.005555555555555556,1,2-3
2,False,0.015300546432487686,0.10710382502741381,2.193643715678697,0.31101048693157163,0.05,0.005555555555555556,2,3-4
3,True,3.5243692413637157e-05,0.00028194953930909725,4.149767536733842,0.5883458708576621,0.05,0.005555555555555556,3,4-5
4,False,0.9721822641496399,1.0,-1.9366803627246458,-0.27457872868632593,0.05,0.005555555555555556,4,5-6
5,False,0.9264219121441764,1.0,-1.4610945606815564,-0.2071511100561965,0.05,0.005555555555555556,5,6-7
6,False,0.9998988318123617,1.0,-3.859821801324164,-0.5472379353670546,0.05,0.005555555555555556,6,7-8
7,False,0.9977042836165062,1.0,-2.900432474672664,-0.4112176055814043,0.05,0.005555555555555556,7,8-9
8,False,0.9993050895865317,1.0,-3.289711821800622,-0.46640886496292705,0.05,0.005555555555555556,8,9-10
