,reject,pvals,pvals_corrected,tstats,effectsize,alpha,alpha_corrected,step,dimension_step
0,True,2.0076542125698028e-57,1.8068887913128226e-56,34.62050371709509,4.908426852506764,0.05,0.005555555555555556,0,1-2
1,True,4.836092665300989e-46,3.385264865710692e-45,25.799857320237248,3.6578529733801757,0.05,0.005555555555555556,1,2-3
2,True,8.063067239120632e-39,4.837840343472379e-38,21.16089752994714,3.0001503879866642,0.05,0.005555555555555556,2,3-4
3,True,1.2741221140288679e-48,1.0192976912230943e-47,27.621767729011157,3.916159843966569,0.05,0.005555555555555556,3,4-5
4,True,1.0840189928252497e-33,5.420094964126249e-33,18.22068759103758,2.5832932118438245,0.05,0.005555555555555556,4,5-6
5,True,9.235950260888082e-18,2.7707850782664246e-17,10.354353200410861,1.4680198100104502,0.05,0.005555555555555556,5,6-7
6,True,5.104769390154867e-28,2.0419077560619467e-27,15.242535299597218,2.161056643664077,0.05,0.005555555555555556,6,7-8
7,False,0.9999963695493818,1.0,-4.736781587027564,-0.6715715671330664,0.05,0.005555555555555556,7,8-9
8,False,0.9980959876059418,1.0,-2.963657641123245,-0.42018154519638456,0.05,0.005555555555555556,8,9-10
