,reject,pvals,pvals_corrected,tstats,effectsize,alpha,alpha_corrected,step,dimension_step
0,True,1.0304703042146381e-06,8.243762433717105e-06,5.044757710167211,0.715235815495898,0.05,0.005555555555555556,0,1-2
1,True,6.929353807702156e-09,6.23641842693194e-08,6.187337975840508,0.8772285959303965,0.05,0.005555555555555556,1,2-3
2,False,0.017062875906521512,0.08531437953260756,2.148344687120295,0.30458807985207154,0.05,0.005555555555555556,2,3-4
3,True,0.00347881570861965,0.0208728942517179,2.7564430824893393,0.39080307305917034,0.05,0.005555555555555556,3,4-5
4,False,0.05064886268438446,0.20259545073753785,1.6539863756234963,0.2344989317928938,0.05,0.005555555555555556,4,5-6
5,True,0.0021566201661268156,0.01509634116288771,2.9216599237365077,0.4142271915148331,0.05,0.005555555555555556,5,6-7
6,False,0.9997633808980508,1.0,-3.6157322984604785,-0.5126314062402256,0.05,0.005555555555555556,6,7-8
7,False,0.9870038157037873,1.0,-2.2603043942595957,-0.32046150669218937,0.05,0.005555555555555556,7,8-9
8,False,0.9802266746211685,1.0,-2.0860316666821634,-0.29575346250280693,0.05,0.005555555555555556,8,9-10
