,reject,pvals,pvals_corrected,tstats,effectsize,alpha,alpha_corrected,step,dimension_step
0,True,1.254140419779225e-38,1.1287263778013026e-37,21.046052678891076,2.983867911122604,0.05,0.005555555555555556,0,1-2
1,True,4.585756933532281e-35,3.668605546825825e-34,18.98285824594749,2.6913522666548957,0.05,0.005555555555555556,1,2-3
2,True,3.743086973709096e-21,2.6201608815963673e-20,11.923280840417302,1.6904592817401771,0.05,0.005555555555555556,2,3-4
3,True,3.438064565539903e-18,1.7190322827699515e-17,10.551493150800258,1.4959699240267106,0.05,0.005555555555555556,3,4-5
4,True,1.597524483671207e-20,9.585146902027243e-20,11.629483699716534,1.6488053015904522,0.05,0.005555555555555556,4,5-6
5,True,1.413177366911599e-14,5.652709467646396e-14,8.893308768827765,1.260875807159134,0.05,0.005555555555555556,5,6-7
6,True,1.8270748219714176e-10,5.481224465914253e-10,6.9652190171627115,0.987515038394735,0.05,0.005555555555555556,6,7-8
7,False,0.999999999999976,1.0,-8.787382590213957,-1.2458578021139126,0.05,0.005555555555555556,7,8-9
8,False,0.9999999999878426,1.0,-7.527550802536331,-1.0672413317468163,0.05,0.005555555555555556,8,9-10
