,reject,pvals,pvals_corrected,tstats,effectsize,alpha,alpha_corrected,step,dimension_step
0,True,2.0993525570287623e-12,1.889417301325886e-11,7.886450495221524,1.118125423536115,0.05,0.005555555555555556,0,1-2
1,True,0.0011139516985109498,0.0077976618895766485,3.139930382705604,0.4451731474335468,0.05,0.005555555555555556,1,2-3
2,True,1.028023938253684e-07,8.224191506029472e-07,5.584744348504413,0.7917940578966406,0.05,0.005555555555555556,2,3-4
3,False,0.8640312217915566,1.0,-1.1047688467204002,-0.15663195190247056,0.05,0.005555555555555556,3,4-5
4,False,0.9917216134631208,1.0,-2.43787918692083,-0.34563771116769887,0.05,0.005555555555555556,4,5-6
5,False,0.9903710914444592,1.0,-2.3793953191549724,-0.33734598354506923,0.05,0.005555555555555556,5,6-7
6,False,0.9738249278672741,1.0,-1.9638665665833492,-0.2784331351423444,0.05,0.005555555555555556,6,7-8
7,False,0.44225415708128524,1.0,0.14563161483514556,0.02064736361642775,0.05,0.005555555555555556,7,8-9
8,False,0.8468972267202138,1.0,-1.0285330302590048,-0.1458233879456984,0.05,0.005555555555555556,8,9-10
