,reject,pvals,pvals_corrected,tstats,effectsize,alpha,alpha_corrected,step,dimension_step
0,True,4.220319392963111e-33,3.7982874536668e-32,17.898435565622627,2.5376049541643035,0.05,0.005555555555555556,0,1-2
1,True,6.13141444295004e-20,4.905131554360032e-19,11.35829590273253,1.6103568296772273,0.05,0.005555555555555556,1,2-3
2,True,3.0190442344119473e-13,2.1133309640883633e-12,8.27901969388506,1.173783111590945,0.05,0.005555555555555556,2,3-4
3,True,1.738429566540996e-07,1.0430577399245976e-06,5.463998269420906,0.7746749165418101,0.05,0.005555555555555556,3,4-5
4,True,1.3509441697744277e-05,6.754720848872139e-05,4.403013532550538,0.6242505895270989,0.05,0.005555555555555556,4,5-6
5,False,0.7875660143196301,1.0,-0.8013156951321795,-0.1136089615408963,0.05,0.005555555555555556,5,6-7
6,False,0.8388942008060889,1.0,-0.9948975751899755,-0.14105461935104663,0.05,0.005555555555555556,6,7-8
7,False,0.9945931810521943,1.0,-2.5977795677224513,-0.36830807232900065,0.05,0.005555555555555556,7,8-9
8,False,0.9999997736629824,1.0,-5.402866987487222,-0.7660078437509745,0.05,0.005555555555555556,8,9-10
