,reject,pvals,pvals_corrected,tstats,effectsize,alpha,alpha_corrected,step,dimension_step
0,True,1.0603226796650797e-48,9.542904116985718e-48,27.67963970984788,3.9243648194651337,0.05,0.005555555555555556,0,1-2
1,True,4.8186760636169275e-48,3.854940850893542e-47,27.205437623994964,3.8571333813920408,0.05,0.005555555555555556,1,2-3
2,True,1.1757987523482197e-46,8.230591266437538e-46,26.225177580881855,3.7181540425189334,0.05,0.005555555555555556,2,3-4
3,True,1.4602840946658344e-29,7.301420473329172e-29,16.02805155974349,2.2724255924202668,0.05,0.005555555555555556,3,4-5
4,True,4.005333763890656e-28,1.6021335055562625e-27,15.295607879675607,2.168581169572692,0.05,0.005555555555555556,4,5-6
5,True,4.366223185362379e-35,2.619733911217427e-34,18.99481876802326,2.6930480059256596,0.05,0.005555555555555556,5,6-7
6,True,1.3514329517946196e-23,4.054298855383859e-23,13.076393800695858,1.853945366877928,0.05,0.005555555555555556,6,7-8
7,False,0.9999999738868823,1.0,-5.894247223100218,-0.8356747660748969,0.05,0.005555555555555556,7,8-9
8,False,0.9999957035289554,1.0,-4.6947598178110965,-0.6656138034304515,0.05,0.005555555555555556,8,9-10
