,reject,pvals,pvals_corrected,tstats,effectsize,alpha,alpha_corrected,step,dimension_step
0,True,3.164500212504556e-44,2.8480501912541005e-43,24.572161589801226,3.4837926899359317,0.05,0.005555555555555556,0,1-2
1,True,0.0025768457359900496,0.010307382943960199,2.860914934646016,0.40561488656273115,0.05,0.005555555555555556,1,2-3
2,True,3.7160923459441912e-09,1.8580461729720955e-08,6.323070375183074,0.8964724682649069,0.05,0.005555555555555556,2,3-4
3,True,3.580941074306119e-12,2.5066587520142835e-11,7.777710758670434,1.1027085177861757,0.05,0.005555555555555556,3,4-5
4,True,5.665454984320309e-13,4.532363987456247e-12,8.15196322192452,1.1557692951585765,0.05,0.005555555555555556,4,5-6
5,True,5.805886069529464e-10,3.4835316417176783e-09,6.721256234652924,0.9529264754301813,0.05,0.005555555555555556,5,6-7
6,True,0.008535008238322008,0.025605024714966024,2.426143145032821,0.34397379825597535,0.05,0.005555555555555556,6,7-8
7,False,0.9999268958576214,1.0,-3.95057277728919,-0.5601044300592729,0.05,0.005555555555555556,7,8-9
8,False,0.9998462476871965,1.0,-3.740864543463424,-0.5303724095631677,0.05,0.005555555555555556,8,9-10
