,reject,pvals,pvals_corrected,tstats,effectsize,alpha,alpha_corrected,step,dimension_step
0,True,3.0334851689771783e-68,2.7301366520794607e-67,45.241990361996926,6.414320316316615,0.05,0.005555555555555556,0,1-2
1,True,1.6011082373518499e-49,1.2808865898814799e-48,28.280739725446608,4.009587596167546,0.05,0.005555555555555556,1,2-3
2,True,3.244933370265514e-38,1.9469600221593083e-37,20.8002523340447,2.949018822187955,0.05,0.005555555555555556,2,3-4
3,True,6.869255314692018e-42,4.808478720284413e-41,23.054861427795306,3.2686728603874893,0.05,0.005555555555555556,3,4-5
4,True,3.560391961867797e-33,1.7801959809338986e-32,17.938579789474627,2.543296523181854,0.05,0.005555555555555556,4,5-6
5,True,1.7614258608478004e-22,7.045703443391202e-22,12.54682442504392,1.7788640634700954,0.05,0.005555555555555556,5,6-7
6,True,1.4503009475503708e-18,4.350902842651113e-18,10.723910413562848,1.5204149040678796,0.05,0.005555555555555556,6,7-8
7,False,0.9999993641848535,1.0,-5.160205064924214,-0.7316037141484047,0.05,0.005555555555555556,7,8-9
8,False,0.9925742042800207,1.0,-2.479350573246296,-0.3515174426676795,0.05,0.005555555555555556,8,9-10
