,reject,pvals,pvals_corrected,tstats,effectsize,alpha,alpha_corrected,step,dimension_step
0,True,1.9066967736061503e-52,1.7160270962455352e-51,30.505784474037792,4.325050059719781,0.05,0.005555555555555556,0,1-2
1,True,3.7059677928446014e-29,2.594177454991221e-28,15.820560460478546,2.2430079128968665,0.05,0.005555555555555556,1,2-3
2,True,4.6761917722375106e-38,3.7409534177900085e-37,20.70626285135972,2.9356931783892963,0.05,0.005555555555555556,2,3-4
3,True,7.65254397654672e-24,4.5915263859280323e-23,13.19448383979943,1.8706879401138956,0.05,0.005555555555555556,3,4-5
4,True,2.1627844181963332e-16,1.0813922090981667e-15,9.726356483518702,1.3789836719557205,0.05,0.005555555555555556,4,5-6
5,True,8.599389522585171e-13,2.579816856775551e-12,8.06754568502953,1.1438007429877644,0.05,0.005555555555555556,5,6-7
6,True,2.3903741704879875e-13,9.56149668195195e-13,8.326072225222726,1.180454126842008,0.05,0.005555555555555556,6,7-8
7,False,0.9999992805902002,1.0,-5.130800343009578,-0.7274347705704687,0.05,0.005555555555555556,7,8-9
8,False,0.9965220442679545,1.0,-2.756530261291927,-0.39081543309815436,0.05,0.005555555555555556,8,9-10
