,reject,pvals,pvals_corrected,tstats,effectsize,alpha,alpha_corrected,step,dimension_step
0,True,4.668781393073353e-63,4.201903253766018e-62,39.83732315426174,5.648057240883348,0.05,0.005555555555555556,0,1-2
1,True,8.857590966893982e-59,7.086072773515185e-58,35.8183470614475,5.078254723428603,0.05,0.005555555555555556,1,2-3
2,True,3.133887288701861e-46,2.1937211020913026e-45,25.92978400206634,3.6762737225165356,0.05,0.005555555555555556,2,3-4
3,True,1.7017534968379752e-31,1.0210520981027851e-30,17.037253589497897,2.4155082691753385,0.05,0.005555555555555556,3,4-5
4,True,5.21067522762282e-19,2.60533761381141e-18,10.928721372923116,1.5494525986325374,0.05,0.005555555555555556,4,5-6
5,True,1.633196786783341e-14,4.899590360350023e-14,8.864385805145115,1.2567751663147926,0.05,0.005555555555555556,5,6-7
6,True,1.1918665790556967e-16,4.767466316222787e-16,9.844958334665131,1.3957988088954147,0.05,0.005555555555555556,6,7-8
7,False,0.9999944643387345,1.0,-4.631135324954173,-0.656593248103816,0.05,0.005555555555555556,7,8-9
8,False,0.9996763743898657,1.0,-3.5230415998476468,-0.4994899014901321,0.05,0.005555555555555556,8,9-10
