,reject,pvals,pvals_corrected,tstats,effectsize,alpha,alpha_corrected,step,dimension_step
0,True,1.0552827967082814e-21,9.497545170374533e-21,12.180754076762396,1.7269633302486926,0.05,0.005555555555555556,0,1-2
1,True,2.493773874627847e-17,1.9950190997022776e-16,10.156415275578212,1.439956560748762,0.05,0.005555555555555556,1,2-3
2,False,0.7088414265139652,1.0,-0.5518171281681119,-0.07823554595585168,0.05,0.005555555555555556,2,3-4
3,False,0.2916351190265595,1.0,0.5504213707901383,0.07803765822291708,0.05,0.005555555555555556,3,4-5
4,False,0.7774151310428264,1.0,-0.766555766926406,-0.10868076735889837,0.05,0.005555555555555556,4,5-6
5,False,0.9762125468545616,1.0,-2.006088463926396,-0.2844192726167123,0.05,0.005555555555555556,5,6-7
6,False,0.9999999784051044,1.0,-5.936586438136641,-0.8416775366208441,0.05,0.005555555555555556,6,7-8
7,False,0.988009061773494,1.0,-2.2926899353000714,-0.3250530649368355,0.05,0.005555555555555556,7,8-9
8,False,0.9997500137184776,1.0,-3.5995788684460353,-0.5103412047373563,0.05,0.005555555555555556,8,9-10
