,reject,pvals,pvals_corrected,tstats,effectsize,alpha,alpha_corrected,step,dimension_step
0,True,1.526719619481339e-48,1.374047657533205e-47,27.564875681511847,3.908093801487187,0.05,0.005555555555555556,0,1-2
1,True,7.651497827992149e-48,6.121198262393719e-47,27.061852885756107,3.8367762199093276,0.05,0.005555555555555556,1,2-3
2,True,1.761397447671342e-39,1.2329782133699395e-38,21.559468280472842,3.0566589642480237,0.05,0.005555555555555556,2,3-4
3,True,6.574434368730361e-31,3.9446606212382166e-30,16.727778907453168,2.3716315580814653,0.05,0.005555555555555556,3,4-5
4,True,1.5498327289617527e-29,7.749163644808764e-29,16.01475556625644,2.2705405126422287,0.05,0.005555555555555556,4,5-6
5,True,2.061964560572227e-23,8.247858242288908e-23,12.988857005502183,1.8415345724070535,0.05,0.005555555555555556,5,6-7
6,True,6.930516751475306e-10,2.079155025442592e-09,6.683640426852373,0.947593380262193,0.05,0.005555555555555556,6,7-8
7,False,0.9999979361063918,1.0,-4.8761995977189985,-0.6913379781879987,0.05,0.005555555555555556,7,8-9
8,False,0.9999974913818619,1.0,-4.828278191792249,-0.6845437756084277,0.05,0.005555555555555556,8,9-10
