,reject,pvals,pvals_corrected,tstats,effectsize,alpha,alpha_corrected,step,dimension_step
0,True,2.453103987318914e-47,2.2077935885870227e-46,26.702650825214924,3.7858492590007407,0.05,0.005555555555555556,0,1-2
1,True,2.2020075882944846e-27,1.541405311806139e-26,14.92426743064866,2.1159332518439338,0.05,0.005555555555555556,1,2-3
2,True,1.0790370424097703e-32,8.632296339278162e-32,17.67767086431092,2.5063053694771824,0.05,0.005555555555555556,2,3-4
3,True,3.9830817635415296e-10,1.9915408817707647e-09,6.801077048541726,0.9642433132636897,0.05,0.005555555555555556,3,4-5
4,True,3.10803580641994e-09,1.243214322567976e-08,6.361786880823605,0.9019616182054773,0.05,0.005555555555555556,4,5-6
5,True,4.499502539317815e-12,2.699701523590689e-11,7.731115884604785,1.0961023882820555,0.05,0.005555555555555556,5,6-7
6,False,0.9596904032920781,1.0,-1.7651673712947056,-0.250261954454275,0.05,0.005555555555555556,6,7-8
7,False,0.9999987908487405,1.0,-5.006221617256232,-0.7097722441169078,0.05,0.005555555555555556,7,8-9
8,False,0.9999853011169456,1.0,-4.3810818617371785,-0.6211411604205698,0.05,0.005555555555555556,8,9-10
