,reject,pvals,pvals_corrected,tstats,effectsize,alpha,alpha_corrected,step,dimension_step
0,True,4.852087217326831e-58,4.366878495594148e-57,35.16126992702104,4.985095621032456,0.05,0.005555555555555556,0,1-2
1,True,3.011772649549828e-50,2.4094181196398624e-49,28.820430897655953,4.086103947962426,0.05,0.005555555555555556,1,2-3
2,True,3.6264379322198896e-41,2.175862759331934e-40,22.599205830048952,3.2040709068818605,0.05,0.005555555555555556,2,3-4
3,True,2.882712588238669e-42,2.0178988117670683e-41,23.295158665695446,3.3027417296543984,0.05,0.005555555555555556,3,4-5
4,True,1.4443967867377462e-18,5.777587146950985e-18,10.724725848880611,1.520530514881717,0.05,0.005555555555555556,4,5-6
5,True,4.51577701245127e-21,2.257888506225635e-20,11.885210102929399,1.6850616875368298,0.05,0.005555555555555556,5,6-7
6,True,2.1883059954165422e-13,6.564917986249627e-13,8.343860274735189,1.1829760814788948,0.05,0.005555555555555556,6,7-8
7,False,0.9999765511026956,1.0,-4.258486081734477,-0.6037597721113023,0.05,0.005555555555555556,7,8-9
8,False,0.9965407410200968,1.0,-2.758430491399733,-0.3910848439814654,0.05,0.005555555555555556,8,9-10
