,reject,pvals,pvals_corrected,tstats,effectsize,alpha,alpha_corrected,step,dimension_step
0,True,3.4457740857934703e-26,2.7566192686347763e-25,14.332527382286768,2.0320375128674684,0.05,0.005555555555555556,0,1-2
1,True,5.628110728666191e-31,5.065299655799572e-30,16.76322467140657,2.376656988705416,0.05,0.005555555555555556,1,2-3
2,True,6.204947268749852e-16,4.3434630881248966e-15,9.51655894967777,1.3492389906792883,0.05,0.005555555555555556,2,3-4
3,True,2.8881555263331986e-15,1.7328933157999193e-14,9.210208216098634,1.3058051868481075,0.05,0.005555555555555556,3,4-5
4,True,1.2864879486180696e-09,5.1459517944722784e-09,6.551655519613064,0.9288808199796242,0.05,0.005555555555555556,4,5-6
5,True,4.416660887911254e-14,2.208330443955627e-13,8.665280999771603,1.2285464790274985,0.05,0.005555555555555556,5,6-7
6,False,0.1449464847745781,0.43483945432373433,1.06405338884893,0.15085939445034577,0.05,0.005555555555555556,6,7-8
7,False,0.9999611631302248,1.0,-4.123607087251012,-0.5846368938374416,0.05,0.005555555555555556,7,8-9
8,False,0.9999999132994811,1.0,-5.623634921960454,-0.797307886829371,0.05,0.005555555555555556,8,9-10
