,reject,pvals,pvals_corrected,tstats,effectsize,alpha,alpha_corrected,step,dimension_step
0,True,6.355196232087425e-62,5.719676608878683e-61,38.735500634236445,5.49184301337867,0.05,0.005555555555555556,0,1-2
1,True,5.230264491702631e-54,2.615132245851316e-53,31.750659813212007,4.501546034265899,0.05,0.005555555555555556,1,2-3
2,True,2.3603292020039955e-58,1.652230441402797e-57,35.43840807635921,5.024387722186773,0.05,0.005555555555555556,2,3-4
3,True,1.5475515135229752e-61,1.2380412108183801e-60,38.36609743027708,5.439469754441341,0.05,0.005555555555555556,3,4-5
4,True,1.4941278370668412e-54,8.964767022401047e-54,32.194052924353265,4.564409436564335,0.05,0.005555555555555556,4,5-6
5,True,3.6676591011832347e-42,1.4670636404732939e-41,23.228341358694593,3.293268503424786,0.05,0.005555555555555556,5,6-7
6,True,1.4471430370927337e-36,4.341429111278201e-36,19.836243011009056,2.812343478411298,0.05,0.005555555555555556,6,7-8
7,False,0.9999997790395148,1.0,-5.408450430420362,-0.766799453296763,0.05,0.005555555555555556,7,8-9
8,False,0.9981348159402972,1.0,-2.97056421465995,-0.4211607455940274,0.05,0.005555555555555556,8,9-10
