,reject,pvals,pvals_corrected,tstats,effectsize,alpha,alpha_corrected,step,dimension_step
0,True,8.717638372006358e-20,6.10234686040445e-19,11.287498313734853,1.6003192869029044,0.05,0.005555555555555556,0,1-2
1,True,9.168972564696209e-23,7.335178051756967e-22,12.68095307561893,1.7978805594619718,0.05,0.005555555555555556,1,2-3
2,True,8.380132629741261e-28,7.542119366767136e-27,15.134307709731173,2.1457123490627747,0.05,0.005555555555555556,2,3-4
3,True,2.661476517604118e-05,0.00010645906070416472,4.224877788011739,0.5989948543988494,0.05,0.005555555555555556,3,4-5
4,True,1.1236540065738778e-13,6.741924039443267e-13,8.477926997658123,1.2019837974901897,0.05,0.005555555555555556,4,5-6
5,True,0.0038337041005964477,0.011501112301789343,2.722041548737908,0.3859256913372642,0.05,0.005555555555555556,5,6-7
6,True,3.8277861331834e-06,1.9138930665917e-05,4.7235991809969,0.6697025915609517,0.05,0.005555555555555556,6,7-8
7,False,0.9999999899474182,1.0,-6.105727226832116,-0.8656579846198458,0.05,0.005555555555555556,7,8-9
8,False,0.9999997134615184,1.0,-5.347942302899411,-0.7582207301116326,0.05,0.005555555555555556,8,9-10
