,reject,pvals,pvals_corrected,tstats,effectsize,alpha,alpha_corrected,step,dimension_step
0,True,7.0452024312730066e-65,6.340682188145706e-64,41.66518726345642,5.907208215393124,0.05,0.005555555555555556,0,1-2
1,True,1.986007795773829e-48,1.588806236619063e-47,27.482307012117467,3.8963873781103655,0.05,0.005555555555555556,1,2-3
2,True,3.1509939986009723e-40,2.2056957990206807e-39,22.016263288066476,3.121422461038409,0.05,0.005555555555555556,2,3-4
3,True,4.2461675000382853e-38,2.5477005000229714e-37,20.731051156357694,2.9392076154660765,0.05,0.005555555555555556,3,4-5
4,True,5.563474786677868e-29,2.781737393338934e-28,15.7304192214454,2.2302278655063357,0.05,0.005555555555555556,4,5-6
5,True,3.4242362343805145e-14,1.3696944937522058e-13,8.716261669931358,1.2357744180666224,0.05,0.005555555555555556,5,6-7
6,True,4.5337061317564736e-11,1.360111839526942e-10,7.255917561799719,1.028729705695383,0.05,0.005555555555555556,6,7-8
7,False,0.991336266702097,1.0,-2.4203741179974703,-0.34315587696157285,0.05,0.005555555555555556,7,8-9
8,False,0.9996756820977772,1.0,-3.5224035686007054,-0.49939944267616404,0.05,0.005555555555555556,8,9-10
