,reject,pvals,pvals_corrected,tstats,effectsize,alpha,alpha_corrected,step,dimension_step
0,True,3.3920949312151786e-32,3.0528854380936606e-31,17.410256694167014,2.468391914947431,0.05,0.005555555555555556,0,1-2
1,True,1.414432676279675e-20,1.13154614102374e-19,11.654078565169947,1.6522923131894691,0.05,0.005555555555555556,1,2-3
2,True,1.5218250980380068e-07,1.0652775686266046e-06,5.494702465493998,0.7790280970073901,0.05,0.005555555555555556,2,3-4
3,True,0.0026764322776780076,0.013382161388390039,2.8478617385784073,0.4037642301247762,0.05,0.005555555555555556,3,4-5
4,True,3.8198217835294296e-07,2.2918930701176576e-06,5.280609886557115,0.7486744726937922,0.05,0.005555555555555556,4,5-6
5,False,0.030471614025898087,0.12188645610359235,1.8954988021651433,0.2687400881128041,0.05,0.005555555555555556,5,6-7
6,False,0.9986497676842452,1.0,-3.0774681636987418,-0.4363173770049654,0.05,0.005555555555555556,6,7-8
7,False,0.9996038379650306,1.0,-3.462315229148172,-0.49088023621685073,0.05,0.005555555555555556,7,8-9
8,False,0.9990153081187064,1.0,-3.1795395148985897,-0.4507888522092269,0.05,0.005555555555555556,8,9-10
