,reject,pvals,pvals_corrected,tstats,effectsize,alpha,alpha_corrected,step,dimension_step
0,True,1.0234090326297598e-41,9.210681293667838e-41,22.945110770520365,3.2531126282877296,0.05,0.005555555555555556,0,1-2
1,True,6.215062855938487e-25,4.350543999156941e-24,13.719526437283346,1.9451274458258647,0.05,0.005555555555555556,1,2-3
2,True,2.3848246166859182e-29,1.9078596933487346e-28,15.918622011493007,2.2569108865257617,0.05,0.005555555555555556,2,3-4
3,True,7.744805133438118e-16,4.646883080062871e-15,9.472421855612309,1.342981320384458,0.05,0.005555555555555556,3,4-5
4,True,1.2077115439672243e-10,6.038557719836122e-10,7.051927465817889,0.9998083915243177,0.05,0.005555555555555556,4,5-6
5,True,6.262311772725701e-09,2.5049247090902802e-08,6.209465294742358,0.8803657636376991,0.05,0.005555555555555556,5,6-7
6,True,0.0015575088764947155,0.004672526629484147,3.0305317739369313,0.42966282807785566,0.05,0.005555555555555556,6,7-8
7,False,0.9999999723540175,1.0,-5.881509180214664,-0.8338687914345867,0.05,0.005555555555555556,7,8-9
8,False,0.9998920356959744,1.0,-3.8414987365086173,-0.5446401273138909,0.05,0.005555555555555556,8,9-10
