,reject,pvals,pvals_corrected,tstats,effectsize,alpha,alpha_corrected,step,dimension_step
0,True,9.11534198018216e-30,8.203807782163945e-29,16.13350765668987,2.2873769502122268,0.05,0.005555555555555556,0,1-2
1,True,3.1736574934782252e-21,2.2215602454347577e-20,11.956777933415259,1.6952084336328141,0.05,0.005555555555555556,1,2-3
2,True,8.422197339129654e-23,6.737757871303723e-22,12.698432020325004,1.800358689828007,0.05,0.005555555555555556,2,3-4
3,True,3.7003236614280523e-10,1.8501618307140263e-09,6.816639384834816,0.9664497106625533,0.05,0.005555555555555556,3,4-5
4,True,4.448145439099971e-15,2.6688872634599823e-14,9.12409027702649,1.2935955550045497,0.05,0.005555555555555556,4,5-6
5,True,4.48653189299217e-08,1.794612757196868e-07,5.772897679444728,0.8184700667012152,0.05,0.005555555555555556,5,6-7
6,True,5.835372225325925e-07,1.7506116675977777e-06,5.180579129250574,0.7344923088739871,0.05,0.005555555555555556,6,7-8
7,False,0.9999330789707598,1.0,-3.9750296431755503,-0.5635718763513813,0.05,0.005555555555555556,7,8-9
8,False,0.9907885416816739,1.0,-2.396649407451951,-0.3397922342121441,0.05,0.005555555555555556,8,9-10
