,reject,pvals,pvals_corrected,tstats,effectsize,alpha,alpha_corrected,step,dimension_step
0,True,3.5403678042870516e-42,3.1863310238583463e-41,23.238133573451726,3.294656824353106,0.05,0.005555555555555556,0,1-2
1,True,1.602815267528532e-36,1.1219706872699726e-35,19.81069413868611,2.808721209596668,0.05,0.005555555555555556,1,2-3
2,True,7.187500884650787e-40,5.7500007077206296e-39,21.79659688744283,3.090278591260391,0.05,0.005555555555555556,2,3-4
3,True,2.3072396382561527e-26,1.3843437829536917e-25,14.418267682215227,2.0441936037767703,0.05,0.005555555555555556,3,4-5
4,True,6.07600182242646e-15,3.03800091121323e-14,9.061871151739302,1.2847742499249153,0.05,0.005555555555555556,4,5-6
5,True,3.4808339159476866e-11,1.3923335663790746e-10,7.310665448368526,1.0364917532596891,0.05,0.005555555555555556,5,6-7
6,True,7.769457303680089e-08,2.3308371911040266e-07,5.648607910399836,0.8008485079608503,0.05,0.005555555555555556,6,7-8
7,False,0.9999896740238053,1.0,-4.472433537465976,-0.6340928211425746,0.05,0.005555555555555556,7,8-9
8,False,0.9982452450035529,1.0,-2.990958066729861,-0.4240521457869303,0.05,0.005555555555555556,8,9-10
