,reject,pvals,pvals_corrected,tstats,effectsize,alpha,alpha_corrected,step,dimension_step
0,True,6.105465604881956e-41,5.49491904439376e-40,22.457810744174424,3.1840241900001436,0.05,0.005555555555555556,0,1-2
1,True,1.10510133351873e-36,7.735709334631111e-36,19.90376860749721,2.8219171245298647,0.05,0.005555555555555556,1,2-3
2,True,2.2961684838936213e-40,1.836934787114897e-39,22.10095574790425,3.1334299912427523,0.05,0.005555555555555556,2,3-4
3,True,1.3696412504427563e-15,8.217847502656538e-15,9.358879606440627,1.3268835238508652,0.05,0.005555555555555556,3,4-5
4,True,2.045181135756886e-07,8.180724543027544e-07,5.426390346392464,0.7693429392612869,0.05,0.005555555555555556,4,5-6
5,True,1.0905177114359909e-07,5.452588557179954e-07,5.571242068280466,0.7898797311912044,0.05,0.005555555555555556,5,6-7
6,True,2.8255001463231353e-07,8.476500438969407e-07,5.351214385941861,0.7586846396029686,0.05,0.005555555555555556,6,7-8
7,False,0.9997995161248439,1.0,-3.66416130720737,-0.5194975757482143,0.05,0.005555555555555556,7,8-9
8,False,0.9999110061665172,1.0,-3.8957952748274205,-0.5523381836119735,0.05,0.005555555555555556,8,9-10
