,reject,pvals,pvals_corrected,tstats,effectsize,alpha,alpha_corrected,step,dimension_step
0,True,1.8585828007752496e-65,1.6727245206977246e-64,42.261425911847596,5.991741757024423,0.05,0.005555555555555556,0,1-2
1,True,3.080189437614358e-63,2.464151550091486e-62,40.01536424577848,5.673299556292492,0.05,0.005555555555555556,1,2-3
2,True,1.2002711938115328e-55,7.201627162869197e-55,33.10198072821247,4.6931336529713725,0.05,0.005555555555555556,2,3-4
3,True,7.838721423904301e-57,5.487104996733011e-56,34.108487107096536,4.835834145653529,0.05,0.005555555555555556,3,4-5
4,True,1.7794144837361737e-51,8.897072418680868e-51,29.752753367127124,4.218286792029136,0.05,0.005555555555555556,4,5-6
5,True,6.870314932391709e-36,2.0610944797175126e-35,19.448879465320196,2.7574238375857782,0.05,0.005555555555555556,5,6-7
6,True,3.496861144007603e-49,1.3987444576030413e-48,28.03113668817268,3.974199368987662,0.05,0.005555555555555556,6,7-8
7,False,0.9990539067485679,1.0,-3.192309359845723,-0.4525993356832124,0.05,0.005555555555555556,7,8-9
8,False,0.9963143576504652,1.0,-2.73602609236144,-0.3879083923979626,0.05,0.005555555555555556,8,9-10
