,reject,pvals,pvals_corrected,tstats,effectsize,alpha,alpha_corrected,step,dimension_step
0,True,3.2831015359866145e-49,2.954791382387953e-48,28.05122740196568,3.977047790832515,0.05,0.005555555555555556,0,1-2
1,True,2.1082546075628934e-30,1.6866036860503147e-29,16.463165538976895,2.3341151956976374,0.05,0.005555555555555556,1,2-3
2,True,8.394118458447842e-24,5.875882920913489e-23,13.175257708931262,1.867962097133843,0.05,0.005555555555555556,2,3-4
3,True,7.966118272098581e-19,3.9830591360492906e-18,10.84374257727895,1.5374044723013327,0.05,0.005555555555555556,3,4-5
4,True,1.2268418594259511e-23,7.361051156555706e-23,13.0964565775091,1.8567898278727963,0.05,0.005555555555555556,4,5-6
5,True,1.0138700198165482e-06,4.055480079266193e-06,5.048662950618208,0.7157894927979906,0.05,0.005555555555555556,5,6-7
6,True,0.013221709350159585,0.039665128050478754,2.2533421858372606,0.3194744184900017,0.05,0.005555555555555556,6,7-8
7,False,0.9999999999990512,1.0,-8.04762924313243,-1.1409770290691872,0.05,0.005555555555555556,7,8-9
8,False,0.9999999862248024,1.0,-6.036276852285281,-0.8558114472578257,0.05,0.005555555555555556,8,9-10
