,reject,pvals,pvals_corrected,tstats,effectsize,alpha,alpha_corrected,step,dimension_step
0,True,1.3596515319148325e-40,1.087721225531866e-39,22.24166504683733,3.1533794786021603,0.05,0.005555555555555556,0,1-2
1,True,1.1232963584294947e-43,1.0109667225865452e-42,24.20870714508852,3.432262834372049,0.05,0.005555555555555556,1,2-3
2,True,3.979013250623563e-40,2.7853092754364944e-39,21.953963802208047,3.112589762595207,0.05,0.005555555555555556,2,3-4
3,True,1.4828814045794773e-17,8.897288427476863e-17,10.259978669681518,1.4546395748581842,0.05,0.005555555555555556,3,4-5
4,True,1.0871688901949136e-10,4.348675560779654e-10,7.0739001969882676,1.0029236420874208,0.05,0.005555555555555556,4,5-6
5,True,2.507995666677605e-16,1.2539978333388026e-15,9.696881468600143,1.3748047623740887,0.05,0.005555555555555556,5,6-7
6,True,9.559699041401816e-10,2.8679097124205447e-09,6.6151290398810465,0.9378799707098505,0.05,0.005555555555555556,6,7-8
7,False,0.9999019304442411,1.0,-3.8685690015091816,-0.548478096186875,0.05,0.005555555555555556,7,8-9
8,False,0.9999999941085238,1.0,-6.22279498871206,-0.8822556214038145,0.05,0.005555555555555556,8,9-10
