,reject,pvals,pvals_corrected,tstats,effectsize,alpha,alpha_corrected,step,dimension_step
0,True,7.404942064484458e-27,6.664447858036012e-26,14.662226720170729,2.07878163584579,0.05,0.005555555555555556,0,1-2
1,True,4.0465386968491067e-25,3.2372309574792854e-24,13.809901413711424,1.9579406320440422,0.05,0.005555555555555556,1,2-3
2,True,1.532515687883812e-18,9.195094127302872e-18,10.712888796327642,1.5188522808767957,0.05,0.005555555555555556,2,3-4
3,True,9.841169486774054e-22,6.888818640741838e-21,12.19498537014664,1.7289810150046379,0.05,0.005555555555555556,3,4-5
4,True,9.517755315903045e-11,4.758877657951523e-10,7.101664620979303,1.0068600274553405,0.05,0.005555555555555556,4,5-6
5,False,0.6482197866204747,1.0,-0.3816209080763101,-0.05410546097152359,0.05,0.005555555555555556,5,6-7
6,True,1.9600982838269623e-09,7.84039313530785e-09,6.46127139301806,0.9160663364687959,0.05,0.005555555555555556,6,7-8
7,False,0.9999998439083724,1.0,-5.4888567647177355,-0.7781993050609644,0.05,0.005555555555555556,7,8-9
8,False,0.9997470059305247,1.0,-3.596057025201887,-0.5098418847363778,0.05,0.005555555555555556,8,9-10
