,reject,pvals,pvals_corrected,tstats,effectsize,alpha,alpha_corrected,step,dimension_step
0,True,3.6560221156357714e-09,3.2904199040721945e-08,6.326605297377557,0.8969736425737126,0.05,0.005555555555555556,0,1-2
1,True,0.00014452676827278902,0.0011562141461823122,3.758602577564547,0.5328872731135106,0.05,0.005555555555555556,1,2-3
2,True,0.000537021184536338,0.003759148291754366,3.369610295675394,0.47773671327634115,0.05,0.005555555555555556,2,3-4
3,False,0.1563115734953158,0.9378694409718948,1.0149090801880412,0.1438918111289085,0.05,0.005555555555555556,3,4-5
4,False,0.9494524435628632,1.0,-1.654981958192734,-0.23464008352935226,0.05,0.005555555555555556,4,5-6
5,False,0.9540410778160413,1.0,-1.7018718122092942,-0.2412880347101249,0.05,0.005555555555555556,5,6-7
6,False,0.9833509440049898,1.0,-2.158602800151643,-0.3060424549204,0.05,0.005555555555555556,6,7-8
7,False,0.9922496700515241,1.0,-2.4630864501899357,-0.34921154732327137,0.05,0.005555555555555556,7,8-9
8,False,0.5239221418619401,1.0,-0.06015215048173103,-0.008528253461395047,0.05,0.005555555555555556,8,9-10
