,reject,pvals,pvals_corrected,tstats,effectsize,alpha,alpha_corrected,step,dimension_step
0,True,4.349516118160317e-36,3.914564506344285e-35,19.562095053819775,2.7734753208124445,0.05,0.005555555555555556,0,1-2
1,True,3.0154789859614707e-24,2.4123831887691766e-23,13.388516592433804,1.8981975217502276,0.05,0.005555555555555556,1,2-3
2,True,7.612524261946672e-18,5.328766983362671e-17,10.39289838985933,1.4734846710786156,0.05,0.005555555555555556,2,3-4
3,True,4.168399983138876e-11,2.5010399898833255e-10,7.273333230159451,1.0311988648656192,0.05,0.005555555555555556,3,4-5
4,True,1.1409889724412116e-06,5.704944862206058e-06,5.020223039893474,0.7117573382509368,0.05,0.005555555555555556,4,5-6
5,True,0.00015057911197261995,0.0006023164478904798,3.746848703841072,0.5312208320392638,0.05,0.005555555555555556,5,6-7
6,False,0.4599329350289075,1.0,0.10085963135878778,0.014299679950957874,0.05,0.005555555555555556,6,7-8
7,False,0.9997359502036698,1.0,-3.5834435849014747,-0.5080535760052584,0.05,0.005555555555555556,7,8-9
8,False,0.9965218207340832,1.0,-2.756507598999151,-0.3908122200829045,0.05,0.005555555555555556,8,9-10
