,reject,pvals,pvals_corrected,tstats,effectsize,alpha,alpha_corrected,step,dimension_step
0,True,7.716707921478285e-71,6.945037129330456e-70,48.18672280105532,6.831818683626181,0.05,0.005555555555555556,0,1-2
1,True,1.5088835150131267e-67,1.2071068120105013e-66,44.47966898785056,6.306239892828951,0.05,0.005555555555555556,1,2-3
2,True,4.481052616554443e-58,3.13673683158811e-57,35.191773209216635,4.989420316324066,0.05,0.005555555555555556,2,3-4
3,True,2.4052127398315566e-51,1.2026063699157783e-50,29.65230515030987,4.20404544162184,0.05,0.005555555555555556,3,4-5
4,True,4.32668885248919e-51,1.730675540995676e-50,29.45736856430073,4.176407716269196,0.05,0.005555555555555556,4,5-6
5,True,4.638389125446122e-52,2.783033475267673e-51,30.20423909833154,4.282297550066522,0.05,0.005555555555555556,5,6-7
6,True,7.144852277670162e-35,2.1434556833010486e-34,18.87493991825385,2.676051818635489,0.05,0.005555555555555556,6,7-8
7,False,0.9999999995387883,1.0,-6.770053056797994,-0.9598447927975738,0.05,0.005555555555555556,7,8-9
8,False,0.9996422791624072,1.0,-3.4930516779738734,-0.49523798941419306,0.05,0.005555555555555556,8,9-10
