,reject,pvals,pvals_corrected,tstats,effectsize,alpha,alpha_corrected,step,dimension_step
0,True,2.233301904022435e-21,1.786641523217948e-20,12.0281673530736,1.705329884992947,0.05,0.005555555555555556,0,1-2
1,True,2.995974905789962e-26,2.696377415210966e-25,14.362407564184673,2.0362738662256965,0.05,0.005555555555555556,1,2-3
2,True,3.3855410432278876e-14,2.369878730259521e-13,8.71853740752867,1.236097067662457,0.05,0.005555555555555556,2,3-4
3,True,2.2552762998758917e-06,1.353165779925535e-05,4.854454247791884,0.6882549652898733,0.05,0.005555555555555556,3,4-5
4,True,0.0025538704536529713,0.012769352268264856,2.863992005976318,0.4060511476774785,0.05,0.005555555555555556,4,5-6
5,False,0.9998492455461897,1.0,-3.746514921350204,-0.5311735090148948,0.05,0.005555555555555556,5,6-7
6,False,0.9549884482083882,1.0,-1.7120241379980021,-0.242727411471477,0.05,0.005555555555555556,6,7-8
7,False,0.9925198397098176,1.0,-2.4765823160136486,-0.35112496460767184,0.05,0.005555555555555556,7,8-9
8,False,0.9923122039860806,1.0,-2.4661723896508687,-0.349649065744119,0.05,0.005555555555555556,8,9-10
