,reject,pvals,pvals_corrected,tstats,effectsize,alpha,alpha_corrected,step,dimension_step
0,True,2.5449220208567597e-33,2.0359376166854077e-32,18.01799236614754,2.554555481946674,0.05,0.005555555555555556,0,1-2
1,True,4.321136656405442e-34,3.889022990764898e-33,18.440522132836335,2.614460920346596,0.05,0.005555555555555556,1,2-3
2,True,7.974841356662445e-22,4.784904813997467e-21,12.237868863416821,1.735060952246935,0.05,0.005555555555555556,2,3-4
3,True,8.512029981777124e-22,4.784904813997467e-21,12.224571303845224,1.733175650432513,0.05,0.005555555555555556,3,4-5
4,True,4.759272350359463e-22,3.331490645251624e-21,12.343277290789924,1.7500055515406525,0.05,0.005555555555555556,4,5-6
5,True,1.7095222408468286e-14,5.1285667225404854e-14,8.855254397314983,1.2554805332915162,0.05,0.005555555555555556,5,6-7
6,True,9.218550357467131e-16,3.6874201429868525e-15,9.437734290067118,1.3380633856380024,0.05,0.005555555555555556,6,7-8
7,False,0.9999999998036347,1.0,-6.950086678076856,-0.9853696051532893,0.05,0.005555555555555556,7,8-9
8,False,0.9999996124871203,1.0,-5.277232052950853,-0.7481955700957319,0.05,0.005555555555555556,8,9-10
