{
  "data": {
    "name": "normal-8-100",
    "n_dimension": 8,
    "distance": "euclidean",
    "subject": null,
    "n_objects": 100,
    "n_train_triplets": 14736,
    "n_test_triplets": 10000,
    "frac_train_ndlogn": 3.999852178328949,
    "frac_train_triplets": 0.030377241805813235,
    "max_train_score": 0.6769815418023887,
    "max_test_score": 0.6719,
    "noise_sd": 2.0,
    "distance_sd": 1.07564445864526,
    "distance_mean": 4.066213120338283,
    "difference_sd": 0.9666159523424727,
    "difference_mean": -0.07782891114393005
  },
  "n_repeats": 10,
  "n_splits": 10,
  "embedding_method": "soe",
  "embedding_dimension": [
    1,
    2,
    3,
    4,
    5,
    6,
    7,
    8,
    9,
    10
  ],
  "random_state": 2337538825,
  "alpha": 0.05
}