,reject,pvals,pvals_corrected,tstats,effectsize,alpha,alpha_corrected,step,dimension_step
0,True,1.2093829447097573e-57,9.675063557678058e-57,34.812687990314934,4.935674360371185,0.05,0.005555555555555556,0,1-2
1,True,1.8871737684314e-58,1.6984563915882598e-57,35.52482768030385,5.0366401234820035,0.05,0.005555555555555556,1,2-3
2,True,1.3434020324520803e-45,9.403814227164562e-45,25.49578915258657,3.614742787252175,0.05,0.005555555555555556,2,3-4
3,True,6.248051631623977e-44,3.748830978974386e-43,24.37651129108269,3.4560537758005827,0.05,0.005555555555555556,3,4-5
4,True,6.295002747071284e-36,3.1475013735356417e-35,19.470508011529994,2.760490290282838,0.05,0.005555555555555556,4,5-6
5,True,5.054011729101084e-26,2.0216046916404337e-25,14.250819814075577,2.0204531747209726,0.05,0.005555555555555556,5,6-7
6,True,9.342772362113937e-09,2.802831708634181e-08,6.121823738113927,0.8679401162968701,0.05,0.005555555555555556,6,7-8
7,False,0.9998388435878591,1.0,-3.7273458329147675,-0.5284557533986438,0.05,0.005555555555555556,7,8-9
8,False,0.9975554195056479,1.0,-2.878986263310123,-0.4081770039599884,0.05,0.005555555555555556,8,9-10
