,reject,pvals,pvals_corrected,tstats,effectsize,alpha,alpha_corrected,step,dimension_step
0,True,1.8429824994392374e-58,1.6586842494953135e-57,35.53399128303743,5.037939321035302,0.05,0.005555555555555556,0,1-2
1,True,6.677735463705456e-43,4.674414824593819e-42,23.703829854918116,3.360682326227403,0.05,0.005555555555555556,1,2-3
2,True,1.0715701208105307e-44,8.572560966484246e-44,24.88593633889239,3.5282790560692225,0.05,0.005555555555555556,2,3-4
3,True,4.421288577827393e-38,2.652773146696436e-37,20.720663970827516,2.937734940752996,0.05,0.005555555555555556,3,4-5
4,True,1.4395482386508304e-31,7.197741193254152e-31,17.07576391541206,2.420968187360253,0.05,0.005555555555555556,4,5-6
5,True,6.1942266751443186e-30,2.4776906700577274e-29,16.22019677743455,2.299667563068714,0.05,0.005555555555555556,5,6-7
6,True,2.7388788862638113e-28,8.216636658791433e-28,15.378927265324318,2.1803940280219627,0.05,0.005555555555555556,6,7-8
7,False,0.9999964929121208,1.0,-4.745380548310189,-0.6727907109331741,0.05,0.005555555555555556,7,8-9
8,False,0.9999739289667228,1.0,-4.2303665618658925,-0.5997730419490138,0.05,0.005555555555555556,8,9-10
