,reject,pvals,pvals_corrected,tstats,effectsize,alpha,alpha_corrected,step,dimension_step
0,True,3.45883688909744e-17,3.112953200187696e-16,10.091260683131603,1.4307190709149225,0.05,0.005555555555555556,0,1-2
1,False,0.16349717379054862,0.6539886951621945,0.9850632533278999,0.13966032856029276,0.05,0.005555555555555556,1,2-3
2,True,0.0027221175741223604,0.021776940592978883,2.842021985805449,0.402936281474548,0.05,0.005555555555555556,2,3-4
3,False,0.02602550187058018,0.15615301122348108,1.9664132355763746,0.27879419685802476,0.05,0.005555555555555556,3,4-5
4,False,0.009228831119730338,0.06460181783811236,2.3959176350316254,0.33968848495918114,0.05,0.005555555555555556,4,5-6
5,False,0.032863846834489674,0.16431923417244837,1.8608874286736081,0.26383295572570065,0.05,0.005555555555555556,5,6-7
6,False,0.9712096337298595,1.0,-1.9212174144692697,-0.27238642232776383,0.05,0.005555555555555556,6,7-8
7,False,0.9713247936081182,1.0,-1.923024995298589,-0.27264269757878873,0.05,0.005555555555555556,7,8-9
8,False,0.9994084327558925,1.0,-3.339772843451387,-0.4735064180471476,0.05,0.005555555555555556,8,9-10
