,reject,pvals,pvals_corrected,tstats,effectsize,alpha,alpha_corrected,step,dimension_step
0,True,6.3556400325696734e-46,5.720076029312706e-45,25.718276309841162,3.6462865783515257,0.05,0.005555555555555556,0,1-2
1,True,7.43927014219117e-39,5.951416113752935e-38,21.181874825910104,3.0031245077059783,0.05,0.005555555555555556,1,2-3
2,True,1.0700396965149146e-25,7.490277875604402e-25,14.09128862986207,1.9978351575250206,0.05,0.005555555555555556,2,3-4
3,True,3.216138646055091e-22,1.9296831876330547e-21,12.423441788566478,1.7613711161990853,0.05,0.005555555555555556,3,4-5
4,True,1.75361384114649e-19,8.76806920573245e-19,11.147077232495176,1.5804106624805936,0.05,0.005555555555555556,4,5-6
5,True,1.3876724415057491e-11,5.5506897660229964e-11,7.500365108613941,1.0633869975885644,0.05,0.005555555555555556,5,6-7
6,False,0.31857404097898323,0.9557221229369497,0.4731495452019123,0.06708221093194704,0.05,0.005555555555555556,6,7-8
7,False,0.9999999999998456,1.0,-8.414012398985424,-1.1929221115321842,0.05,0.005555555555555556,7,8-9
8,False,0.9999999999769789,1.0,-7.396101886786238,-1.048604763282272,0.05,0.005555555555555556,8,9-10
