,reject,pvals,pvals_corrected,tstats,effectsize,alpha,alpha_corrected,step,dimension_step
0,True,1.9129627054072223e-38,1.5303701643257779e-37,20.93666056071869,2.968358511990875,0.05,0.005555555555555556,0,1-2
1,True,3.612984324147787e-39,3.2516858917330084e-38,21.370630764655562,3.029885953058688,0.05,0.005555555555555556,1,2-3
2,True,1.055843370536811e-34,7.3909035937576765e-34,18.780187432690642,2.662617997791035,0.05,0.005555555555555556,2,3-4
3,True,4.142254163849162e-23,2.0711270819245809e-22,12.844673351934233,1.8210924978881897,0.05,0.005555555555555556,3,4-5
4,True,1.5454297402586166e-25,9.2725784415517e-25,14.01333309257462,1.9867827749354983,0.05,0.005555555555555556,4,5-6
5,True,6.668849800529683e-11,2.667539920211873e-10,7.175766842491576,1.0173660945210732,0.05,0.005555555555555556,5,6-7
6,True,0.009495474074003418,0.028486422222010255,2.384836995467101,0.338117493698456,0.05,0.005555555555555556,6,7-8
7,False,0.9999999999998865,1.0,-8.476016842213857,-1.2017129794122172,0.05,0.005555555555555556,7,8-9
8,False,0.9999999999239838,1.0,-7.148520132129113,-1.0135031095720832,0.05,0.005555555555555556,8,9-10
