,reject,pvals,pvals_corrected,tstats,effectsize,alpha,alpha_corrected,step,dimension_step
0,True,3.362198383706221e-44,2.6897587069649767e-43,24.55468704031552,3.4813151827155866,0.05,0.005555555555555556,0,1-2
1,True,4.1344193270002433e-53,3.720977394300219e-52,31.029989469318675,4.399370811840564,0.05,0.005555555555555556,1,2-3
2,True,1.776179006356579e-39,1.0657074038139474e-38,21.55726544881609,3.0563466511128965,0.05,0.005555555555555556,2,3-4
3,True,3.754375008842777e-42,2.6280625061899437e-41,23.221864810804306,3.292350271216612,0.05,0.005555555555555556,3,4-5
4,True,2.5015096769301336e-39,1.2507548384650668e-38,21.46712937713315,3.043567336339104,0.05,0.005555555555555556,4,5-6
5,True,2.3432399925453843e-34,9.372959970181537e-34,18.587606408011442,2.635314239285872,0.05,0.005555555555555556,5,6-7
6,True,7.148910924487657e-21,2.1446732773462972e-20,11.792114732833763,1.6718628092606642,0.05,0.005555555555555556,6,7-8
7,False,0.9999994324443948,1.0,-5.1871645305560286,-0.7354259741050411,0.05,0.005555555555555556,7,8-9
8,False,0.998304715529984,1.0,-3.00243743538672,-0.4256796680733067,0.05,0.005555555555555556,8,9-10
