,reject,pvals,pvals_corrected,tstats,effectsize,alpha,alpha_corrected,step,dimension_step
0,True,7.900796580064215e-45,7.110716922057793e-44,24.974762336238953,3.5408726310830163,0.05,0.005555555555555556,0,1-2
1,True,2.6443853821716617e-36,2.1155083057373294e-35,19.685780022891418,2.7910111322033964,0.05,0.005555555555555556,1,2-3
2,True,1.002108998419036e-18,7.014762988933252e-18,10.797828273459602,1.5308948327067546,0.05,0.005555555555555556,2,3-4
3,True,6.97323998760592e-06,2.789295995042368e-05,4.572736715989515,0.6483136083061538,0.05,0.005555555555555556,3,4-5
4,True,4.267464558319747e-09,2.1337322791598735e-08,6.293031474676719,0.8922136120948747,0.05,0.005555555555555556,4,5-6
5,True,3.2210232311878796e-09,1.9326139387127278e-08,6.354056826788783,0.9008656663641668,0.05,0.005555555555555556,5,6-7
6,False,0.961243927018606,1.0,-1.7838488731469744,-0.2529105810047764,0.05,0.005555555555555556,6,7-8
7,False,0.9971680541755371,1.0,-2.8283424440094675,-0.40099682297243994,0.05,0.005555555555555556,7,8-9
8,False,0.9999866304399083,1.0,-4.405714263602691,-0.6246334938581887,0.05,0.005555555555555556,8,9-10
