{
  "data": {
    "name": "normal-8-100",
    "n_dimension": 8,
    "distance": "euclidean",
    "subject": null,
    "n_objects": 100,
    "n_train_triplets": 14736,
    "n_test_triplets": 10000,
    "frac_train_ndlogn": 3.999852178328949,
    "frac_train_triplets": 0.030377241805813235,
    "max_train_score": 0.7810124864277959,
    "max_test_score": 0.782,
    "noise_sd": 1.0,
    "distance_sd": 1.0737664074603934,
    "distance_mean": 4.016771773607457,
    "difference_sd": 0.9610418009917908,
    "difference_mean": -0.11800899741451282
  },
  "n_repeats": 10,
  "n_splits": 10,
  "embedding_method": "soe",
  "embedding_dimension": [
    1,
    2,
    3,
    4,
    5,
    6,
    7,
    8,
    9,
    10
  ],
  "random_state": 3666146148,
  "alpha": 0.05
}