,reject,pvals,pvals_corrected,tstats,effectsize,alpha,alpha_corrected,step,dimension_step
0,True,3.118298734592087e-26,2.8064688611328784e-25,14.353856869578516,2.0350615655799458,0.05,0.005555555555555556,0,1-2
1,True,1.68168645095317e-11,1.345349160762536e-10,7.46082618898237,1.0577812474115997,0.05,0.005555555555555556,1,2-3
2,True,1.0580230331579572e-07,7.4061612321057e-07,5.578165201316693,0.7908612793620854,0.05,0.005555555555555556,2,3-4
3,True,2.5897470237209148e-06,1.5538482142325487e-05,4.8204372623610725,0.6834321040717252,0.05,0.005555555555555556,3,4-5
4,True,0.00011391927121005096,0.0005695963560502548,3.8263257342548695,0.5424889289285634,0.05,0.005555555555555556,4,5-6
5,False,0.044332886359224034,0.17733154543689614,1.719404798976542,0.2437738270531898,0.05,0.005555555555555556,5,6-7
6,False,0.999435151139806,1.0,-3.3540500528605173,-0.47553061268669683,0.05,0.005555555555555556,6,7-8
7,False,0.9779429971326824,1.0,-2.0390118417073957,-0.28908708429548013,0.05,0.005555555555555556,7,8-9
8,False,0.9973393590537957,1.0,-2.849901541262997,-0.4040534293332185,0.05,0.005555555555555556,8,9-10
