,reject,pvals,pvals_corrected,tstats,effectsize,alpha,alpha_corrected,step,dimension_step
0,True,2.3035360052888528e-42,2.0731824047599674e-41,23.35750813461748,3.311581514597947,0.05,0.005555555555555556,0,1-2
1,True,5.995759135864895e-31,4.796607308691916e-30,16.74878819722262,2.37461021381967,0.05,0.005555555555555556,1,2-3
2,True,5.7412631091761875e-28,4.018884176423331e-27,15.21685125952577,2.157415211032197,0.05,0.005555555555555556,2,3-4
3,True,2.125592462100974e-17,1.2753554772605843e-16,10.18823728252692,1.444468222239423,0.05,0.005555555555555556,3,4-5
4,False,0.034135862275209684,0.13654344910083874,1.8433352179207019,0.2613444378437993,0.05,0.005555555555555556,4,5-6
5,True,5.580242129287182e-07,2.790121064643591e-06,5.191178813177615,0.7359951111913862,0.05,0.005555555555555556,5,6-7
6,False,0.4911450822382898,1.0,0.0222539628286039,0.003155123033887853,0.05,0.005555555555555556,6,7-8
7,False,0.9999963717725897,1.0,-4.736934029306063,-0.6715931800991676,0.05,0.005555555555555556,7,8-9
8,False,0.9979405200121862,1.0,-2.937245225915203,-0.41643684497174005,0.05,0.005555555555555556,8,9-10
