,reject,pvals,pvals_corrected,tstats,effectsize,alpha,alpha_corrected,step,dimension_step
0,True,1.0273252469514745e-39,9.24592722256327e-39,21.701895748653637,3.07685205026046,0.05,0.005555555555555556,0,1-2
1,True,6.182301884234889e-21,3.7093811305409335e-20,11.82153936786582,1.676034576081181,0.05,0.005555555555555556,1,2-3
2,True,1.2101365806543471e-21,8.47095606458043e-21,12.152854962889053,1.7230078488144511,0.05,0.005555555555555556,2,3-4
3,True,3.200641731135194e-23,2.5605133849081553e-22,12.897926704202915,1.8286426533220208,0.05,0.005555555555555556,3,4-5
4,True,4.788560958228324e-09,2.3942804791141622e-08,6.267974195228079,0.8886610403500639,0.05,0.005555555555555556,4,5-6
5,True,1.1238702375563546e-08,4.4954809502254185e-08,6.081176845078416,0.8621772798321898,0.05,0.005555555555555556,5,6-7
6,False,0.7953518744062804,1.0,-0.828649261789926,-0.11748426080441966,0.05,0.005555555555555556,6,7-8
7,False,0.9961599252817812,1.0,-2.721450936367221,-0.38584195547820815,0.05,0.005555555555555556,7,8-9
8,False,0.9998757113703256,1.0,-3.801623820539831,-0.5389867402377809,0.05,0.005555555555555556,8,9-10
