,reject,pvals,pvals_corrected,tstats,effectsize,alpha,alpha_corrected,step,dimension_step
0,True,1.3193358734586647e-45,1.1874022861127982e-44,25.501145885672084,3.615502254322138,0.05,0.005555555555555556,0,1-2
1,True,1.241982388967839e-13,8.693876722774873e-13,8.457807380589147,1.1991312777957766,0.05,0.005555555555555556,1,2-3
2,True,1.279542770160743e-32,1.0236342161285945e-31,17.637744849404466,2.500644737694299,0.05,0.005555555555555556,2,3-4
3,True,8.383417350334603e-08,5.030050410200762e-07,5.631295453079599,0.798393981848581,0.05,0.005555555555555556,3,4-5
4,True,2.0787897181576877e-05,6.236369154473063e-05,4.29030381032616,0.6082708270249275,0.05,0.005555555555555556,4,5-6
5,True,6.7538344923294744e-06,3.3769172461647375e-05,4.580848810566156,0.6494637251032818,0.05,0.005555555555555556,5,6-7
6,True,1.0736637246184838e-05,4.294654898473935e-05,4.462398182844045,0.6326700283229428,0.05,0.005555555555555556,6,7-8
7,False,0.9999995681524414,1.0,-5.251743492829227,-0.744581852226256,0.05,0.005555555555555556,7,8-9
8,False,0.9994118969233712,1.0,-3.3415894098239094,-0.47376396725079617,0.05,0.005555555555555556,8,9-10
