,reject,pvals,pvals_corrected,tstats,effectsize,alpha,alpha_corrected,step,dimension_step
0,True,4.296263430437473e-50,3.866637087393726e-49,28.705015448865247,4.069740572875001,0.05,0.005555555555555556,0,1-2
1,True,1.4919756598576211e-46,1.1935805278860969e-45,26.153186166498703,3.7079472415319876,0.05,0.005555555555555556,1,2-3
2,True,1.1621152169822538e-41,8.134806518875777e-41,22.91019601113716,3.2481624824462436,0.05,0.005555555555555556,2,3-4
3,True,5.717298465995707e-35,2.858649232997854e-34,18.929141566191532,2.683736421562166,0.05,0.005555555555555556,3,4-5
4,True,4.5781250729228987e-35,2.7468750437537393e-34,18.983264273962668,2.6914098325074565,0.05,0.005555555555555556,4,5-6
5,True,4.2954580380969776e-27,1.718183215238791e-26,14.779672858461304,2.0954329180922704,0.05,0.005555555555555556,5,6-7
6,True,2.88533881610672e-22,8.65601644832016e-22,12.44566411098262,1.7645217533175912,0.05,0.005555555555555556,6,7-8
7,False,0.9999591815074286,1.0,-4.110157573976641,-0.5827300483262229,0.05,0.005555555555555556,7,8-9
8,False,0.9999998692202852,1.0,-5.529574776711573,-0.7839722246315296,0.05,0.005555555555555556,8,9-10
