,reject,pvals,pvals_corrected,tstats,effectsize,alpha,alpha_corrected,step,dimension_step
0,True,7.150799654005989e-58,6.43571968860539e-57,35.01288758730164,4.964058265057857,0.05,0.005555555555555556,0,1-2
1,True,4.436742926788997e-43,3.105720048752298e-42,23.818969179153132,3.377006552918986,0.05,0.005555555555555556,1,2-3
2,True,2.90655378646423e-43,2.325243029171384e-42,23.938492647317858,3.393952354904957,0.05,0.005555555555555556,2,3-4
3,True,2.094901913652321e-37,1.2569411481913926e-36,20.32330538305467,2.8813982225401027,0.05,0.005555555555555556,3,4-5
4,True,7.103764899589812e-35,3.551882449794906e-34,18.87634121808069,2.676250492165911,0.05,0.005555555555555556,4,5-6
5,True,8.790308307009904e-26,3.5161233228039616e-25,14.133047662398049,2.0037556709383795,0.05,0.005555555555555556,5,6-7
6,True,4.7053554570808785e-14,1.4116066371242636e-13,8.652592546684325,1.22674753513115,0.05,0.005555555555555556,6,7-8
7,False,0.99999999169198,1.0,-6.147590797596456,-0.8715933192573958,0.05,0.005555555555555556,7,8-9
8,False,0.9997618435984631,1.0,-3.613831204012539,-0.5123618728124723,0.05,0.005555555555555556,8,9-10
