,reject,pvals,pvals_corrected,tstats,effectsize,alpha,alpha_corrected,step,dimension_step
0,True,5.398422867736889e-27,4.8585805809632e-26,14.730340493690008,2.0884386725457644,0.05,0.005555555555555556,0,1-2
1,True,3.9494023400569204e-17,2.764581638039844e-16,10.064848803198,1.4269744465804342,0.05,0.005555555555555556,1,2-3
2,True,7.269369491651237e-06,4.361621694990742e-05,4.562171209118401,0.6468156515444528,0.05,0.005555555555555556,2,3-4
3,True,3.1933414185006265e-20,2.554673134800501e-19,11.489705653918548,1.6289878454669884,0.05,0.005555555555555556,3,4-5
4,False,0.2591957125403989,0.7775871376211967,0.648145292988332,0.09189276350300118,0.05,0.005555555555555556,4,5-6
5,False,0.12697911944517923,0.6348955972258962,1.1474569025499632,0.16268418040923466,0.05,0.005555555555555556,5,6-7
6,False,0.13004061086643914,0.6348955972258962,1.132687788871879,0.1605902445509462,0.05,0.005555555555555556,6,7-8
7,False,0.9999910227199702,1.0,-4.508342303042937,-0.6391838952251071,0.05,0.005555555555555556,7,8-9
8,False,0.9999948410618401,1.0,-4.6488799268753365,-0.6591090428267528,0.05,0.005555555555555556,8,9-10
