,reject,pvals,pvals_corrected,tstats,effectsize,alpha,alpha_corrected,step,dimension_step
0,True,1.2339513012507173e-45,1.1105561711256456e-44,25.52097987066124,3.6183142776626562,0.05,0.005555555555555556,0,1-2
1,True,7.28701987941181e-31,5.100913915588267e-30,16.704328892733034,2.3683068611653093,0.05,0.005555555555555556,1,2-3
2,True,6.729836302149536e-35,5.3838690417196284e-34,18.88948283621571,2.678113684910489,0.05,0.005555555555555556,2,3-4
3,True,4.652618956872436e-21,2.326309478436218e-20,11.879156146922504,1.68420336957384,0.05,0.005555555555555556,3,4-5
4,True,3.7392828321681765e-23,2.243569699300906e-22,12.865800646112342,1.8240878840591146,0.05,0.005555555555555556,4,5-6
5,True,6.728506003422443e-07,2.0185518010267328e-06,5.146738489198611,0.7296944495564449,0.05,0.005555555555555556,5,6-7
6,True,2.07826199855852e-08,8.31304799423408e-08,5.945115247484744,0.8428867344177978,0.05,0.005555555555555556,6,7-8
7,False,0.9999999999357336,1.0,-7.183461234948352,-1.0184569903340626,0.05,0.005555555555555556,7,8-9
8,False,0.9981067742575445,1.0,-2.965563181212336,-0.4204517089183874,0.05,0.005555555555555556,8,9-10
