,reject,pvals,pvals_corrected,tstats,effectsize,alpha,alpha_corrected,step,dimension_step
0,True,1.4534635916504675e-34,1.162770873320374e-33,18.70284385014882,2.6516523769404667,0.05,0.005555555555555556,0,1-2
1,True,2.3020656005840484e-41,2.0718590405256434e-40,22.72304649600689,3.2216287926707987,0.05,0.005555555555555556,1,2-3
2,True,3.6152006536789214e-15,2.1691203922073528e-14,9.165441429547027,1.2994582399923964,0.05,0.005555555555555556,2,3-4
3,True,2.4894370474833106e-25,1.7426059332383173e-24,13.912449827921472,1.9724797443025979,0.05,0.005555555555555556,3,4-5
4,True,3.659897624956292e-14,1.829948812478146e-13,8.702932679427226,1.2338846600364703,0.05,0.005555555555555556,4,5-6
5,True,0.00016147196841432838,0.0006458878736573135,3.7267828809614074,0.5283759391790956,0.05,0.005555555555555556,5,6-7
6,False,0.3342302406113281,1.0,0.42954444760717364,0.06089996604928499,0.05,0.005555555555555556,6,7-8
7,False,0.9999961702414452,1.0,-4.723470777785975,-0.6696843868065205,0.05,0.005555555555555556,7,8-9
8,False,0.9998543298506343,1.0,-3.7563466715584095,-0.5325674352016263,0.05,0.005555555555555556,8,9-10
