,reject,pvals,pvals_corrected,tstats,effectsize,alpha,alpha_corrected,step,dimension_step
0,True,5.319285093384264e-16,4.787356584045838e-15,9.54722006410964,1.3535860631145995,0.05,0.005555555555555556,0,1-2
1,False,0.8073515296766673,1.0,-0.8720392868447638,-0.12363601312583208,0.05,0.005555555555555556,1,2-3
2,False,0.411087840768212,1.0,0.22534465263704365,0.03194892116853587,0.05,0.005555555555555556,2,3-4
3,False,0.05938059401578371,0.4750447521262697,1.5736400499443224,0.22310758793242955,0.05,0.005555555555555556,3,4-5
4,False,0.07160796433995416,0.5012557503796791,1.4756330099651456,0.20921234277078984,0.05,0.005555555555555556,4,5-6
5,False,0.9020035696553678,1.0,-1.3018377871257751,-0.18457199826300805,0.05,0.005555555555555556,5,6-7
6,False,0.2936670112643252,1.0,0.5444822031663349,0.07719561473087451,0.05,0.005555555555555556,6,7-8
7,False,0.9986741973550316,1.0,-3.0834338555691994,-0.43716318105247487,0.05,0.005555555555555556,7,8-9
8,False,0.2857568020627572,1.0,0.5677152276059411,0.0804895471922904,0.05,0.005555555555555556,8,9-10
