,reject,pvals,pvals_corrected,tstats,effectsize,alpha,alpha_corrected,step,dimension_step
0,True,3.0534869263366347e-44,2.748138233702971e-43,24.58246337314213,3.4852532564947665,0.05,0.005555555555555556,0,1-2
1,True,9.231141584907683e-36,7.384913267926146e-35,19.375934450787792,2.74708183704722,0.05,0.005555555555555556,1,2-3
2,True,3.2242132137363675e-22,1.6121066068681838e-21,12.422928512329586,1.7612983449048112,0.05,0.005555555555555556,2,3-4
3,True,3.738404475707581e-17,1.4953617902830323e-16,10.075782213376995,1.4285245639487596,0.05,0.005555555555555556,3,4-5
4,True,5.39177412995859e-27,3.774241890971013e-26,14.730606331245033,2.088476362470907,0.05,0.005555555555555556,4,5-6
5,True,7.815114763018425e-23,4.689068857811055e-22,12.7138290215977,1.8025416463532082,0.05,0.005555555555555556,5,6-7
6,False,0.04925200827090729,0.14775602481272188,1.667858458033874,0.2364656883242167,0.05,0.005555555555555556,6,7-8
7,False,0.9999981476860771,1.0,-4.902650813421825,-0.6950881794703992,0.05,0.005555555555555556,7,8-9
8,False,0.9999999987483614,1.0,-6.557534808045649,-0.9297143739178324,0.05,0.005555555555555556,8,9-10
