,reject,pvals,pvals_corrected,tstats,effectsize,alpha,alpha_corrected,step,dimension_step
0,True,3.200717345727046e-26,2.560573876581637e-25,14.348283719470448,2.0342714153306303,0.05,0.005555555555555556,0,1-2
1,True,3.649006665545909e-28,3.284105998991318e-27,15.316015297864123,2.17147449314318,0.05,0.005555555555555556,1,2-3
2,True,1.8491938088582378e-14,1.2944356662007663e-13,8.83955123995211,1.2532541705586422,0.05,0.005555555555555556,2,3-4
3,True,8.320362838324346e-09,4.160181419162173e-08,6.147265188249098,0.8715471550052214,0.05,0.005555555555555556,3,4-5
4,True,5.867341138627904e-11,3.5204046831767426e-10,7.202388522155081,1.0211404638481911,0.05,0.005555555555555556,4,5-6
5,True,0.0013429109467722798,0.005371643787089119,3.079245452752954,0.43656935754775733,0.05,0.005555555555555556,5,6-7
6,False,0.7694156577003044,1.0,-0.7398056218683964,-0.10488818446108365,0.05,0.005555555555555556,6,7-8
7,False,0.9999998751169771,1.0,-5.540169280626752,-0.7854742925370458,0.05,0.005555555555555556,7,8-9
8,False,0.9999980531626141,1.0,-4.890488582150454,-0.6933638422670292,0.05,0.005555555555555556,8,9-10
