,reject,pvals,pvals_corrected,tstats,effectsize,alpha,alpha_corrected,step,dimension_step
0,True,8.688219725885271e-64,7.819397753296743e-63,40.56148646213357,5.750727688864238,0.05,0.005555555555555556,0,1-2
1,True,2.6548644901479325e-60,2.123891592118346e-59,37.20687965990918,5.275118141348917,0.05,0.005555555555555556,1,2-3
2,True,5.955372185734206e-44,4.1687605300139445e-43,24.390272576879106,3.4580048238061263,0.05,0.005555555555555556,2,3-4
3,True,1.4952925058915764e-26,8.971755035349459e-26,14.51119321554033,2.057368402930002,0.05,0.005555555555555556,3,4-5
4,True,2.3571453540264906e-25,1.1785726770132452e-24,13.923992137583506,1.974116190240763,0.05,0.005555555555555556,4,5-6
5,True,2.283304479756546e-11,9.133217919026184e-11,7.39779450342121,1.048844739136176,0.05,0.005555555555555556,5,6-7
6,True,4.716373199781417e-07,1.4149119599344252e-06,5.230958695232913,0.7416350245463545,0.05,0.005555555555555556,6,7-8
7,False,0.9999999981246357,1.0,-6.470778416800634,-0.9174142235822571,0.05,0.005555555555555556,7,8-9
8,False,0.9999984236829088,1.0,-4.941966549802014,-0.7006622871654097,0.05,0.005555555555555556,8,9-10
