,reject,pvals,pvals_corrected,tstats,effectsize,alpha,alpha_corrected,step,dimension_step
0,True,2.115317405582991e-60,1.9037856650246917e-59,37.29840235900659,5.288094049427395,0.05,0.005555555555555556,0,1-2
1,True,1.7808590811284507e-46,1.4246872649027605e-45,26.099778540959996,3.700375213537682,0.05,0.005555555555555556,1,2-3
2,True,1.4604966215890062e-43,8.762979729534037e-43,24.13387919328458,3.4216538746944587,0.05,0.005555555555555556,2,3-4
3,True,2.817435707988577e-44,1.9722049955920037e-43,24.60568479942076,3.488545544591755,0.05,0.005555555555555556,3,4-5
4,True,2.073628767458146e-27,8.294515069832584e-27,14.937293249495768,2.1177800267934694,0.05,0.005555555555555556,4,5-6
5,True,8.103252278673895e-34,4.0516261393369477e-33,18.290083703255736,2.593132055999722,0.05,0.005555555555555556,5,6-7
6,True,7.447066525011271e-23,2.2341199575033815e-22,12.723759756663279,1.8039496064181264,0.05,0.005555555555555556,6,7-8
7,False,0.9997616767803718,1.0,-3.613625608538045,-0.5123327238908966,0.05,0.005555555555555556,7,8-9
8,False,0.9995942962428354,1.0,-3.455122346365856,-0.489860443458081,0.05,0.005555555555555556,8,9-10
