{
  "data": {
    "name": "normal-8-100",
    "n_dimension": 8,
    "distance": "euclidean",
    "subject": null,
    "n_objects": 100,
    "n_train_triplets": 7368,
    "n_test_triplets": 10000,
    "frac_train_ndlogn": 1.9999260891644746,
    "frac_train_triplets": 0.015188620902906617,
    "max_train_score": 0.8705211726384365,
    "max_test_score": 0.8775,
    "noise_sd": 0.5,
    "distance_sd": 1.0665476537234975,
    "distance_mean": 3.821631309878893,
    "difference_sd": 0.9312294932373445,
    "difference_mean": -0.15045779001557527
  },
  "n_repeats": 10,
  "n_splits": 10,
  "embedding_method": "soe",
  "embedding_dimension": [
    1,
    2,
    3,
    4,
    5,
    6,
    7,
    8,
    9,
    10
  ],
  "random_state": 2420140217,
  "alpha": 0.05
}