,reject,pvals,pvals_corrected,tstats,effectsize,alpha,alpha_corrected,step,dimension_step
0,True,2.3629836459837157e-50,2.126685281385344e-49,28.899466855845652,4.097309510500223,0.05,0.005555555555555556,0,1-2
1,True,3.898656550220116e-36,3.1189252401760927e-35,19.589254707852284,2.7773259630863794,0.05,0.005555555555555556,1,2-3
2,True,4.370031841359549e-30,3.0590222889516846e-29,16.298656543355246,2.3107914342010796,0.05,0.005555555555555556,2,3-4
3,True,1.6275146962146386e-13,8.137573481073193e-13,8.403448994958506,1.191424452907593,0.05,0.005555555555555556,3,4-5
4,True,3.8504164558545554e-17,2.3102498735127334e-16,10.069903314422909,1.4276910652300463,0.05,0.005555555555555556,4,5-6
5,True,1.4336141271671065e-12,5.734456508668426e-12,7.963938987656488,1.129111589426019,0.05,0.005555555555555556,5,6-7
6,True,0.011668750699944665,0.035006252099834,2.3035760491520736,0.32659647672504205,0.05,0.005555555555555556,6,7-8
7,False,0.9999940624503805,1.0,-4.613451724832942,-0.6540861020959667,0.05,0.005555555555555556,7,8-9
8,False,0.9999915978055611,1.0,-4.525269443394867,-0.6415837918562627,0.05,0.005555555555555556,8,9-10
