,reject,pvals,pvals_corrected,tstats,effectsize,alpha,alpha_corrected,step,dimension_step
0,True,8.514195019391394e-45,7.662775517452255e-44,24.95294705405792,3.53777970332762,0.05,0.005555555555555556,0,1-2
1,True,6.693450359144322e-22,4.6854152514010256e-21,12.273615006459123,1.7401289700266918,0.05,0.005555555555555556,1,2-3
2,True,5.589829343682544e-24,4.471863474946035e-23,13.259832183399915,1.8799528996048538,0.05,0.005555555555555556,2,3-4
3,True,1.3351496842650131e-20,8.010898105590079e-20,11.665736922964069,1.653945212203314,0.05,0.005555555555555556,3,4-5
4,True,1.1778416206936662e-14,5.889208103468331e-14,8.929707271384128,1.2660363151863603,0.05,0.005555555555555556,4,5-6
5,True,1.6899059155716315e-11,6.759623662286526e-11,7.45982233583899,1.0576389230894234,0.05,0.005555555555555556,5,6-7
6,False,0.24692430180543778,0.7407729054163134,0.6867454659353808,0.09736542002333783,0.05,0.005555555555555556,6,7-8
7,False,0.9990882369709917,1.0,-3.204081990621925,-0.4542684360954639,0.05,0.005555555555555556,7,8-9
8,False,0.9999999998336092,1.0,-6.9848404596116715,-0.990296927872381,0.05,0.005555555555555556,8,9-10
