,reject,pvals,pvals_corrected,tstats,effectsize,alpha,alpha_corrected,step,dimension_step
0,True,4.981400643043166e-44,4.48326057873885e-43,24.441545715034508,3.465274228381831,0.05,0.005555555555555556,0,1-2
1,True,8.051146907181384e-43,6.440917525745107e-42,23.65128933679281,3.3532332350149168,0.05,0.005555555555555556,1,2-3
2,True,1.068887956129893e-31,6.4133277367793585e-31,17.144388365417694,2.430697626766989,0.05,0.005555555555555556,2,3-4
3,True,1.8200983028583032e-34,1.2740688120008123e-33,18.648517485712585,2.643950091954179,0.05,0.005555555555555556,3,4-5
4,True,5.135779471931623e-19,2.5678897359658113e-18,10.931620957004329,1.5498636959545644,0.05,0.005555555555555556,4,5-6
5,True,1.0576478010792352e-10,4.230591204316941e-10,7.079649607894847,1.0037387822457084,0.05,0.005555555555555556,5,6-7
6,True,0.014145814903558653,0.04243744471067596,2.2258591323738193,0.31557792528149237,0.05,0.005555555555555556,6,7-8
7,False,0.9999968784201593,1.0,-4.774281481857323,-0.6768882283882774,0.05,0.005555555555555556,7,8-9
8,False,0.9999257837377951,1.0,-3.9463848151522134,-0.5595106690331944,0.05,0.005555555555555556,8,9-10
