,reject,pvals,pvals_corrected,tstats,effectsize,alpha,alpha_corrected,step,dimension_step
0,True,2.7108756493478965e-24,2.1687005194783172e-23,13.410756441324645,1.9013506437378085,0.05,0.005555555555555556,0,1-2
1,True,1.2657039328902656e-25,1.139133539601239e-24,14.055658045531016,1.99278352343182,0.05,0.005555555555555556,1,2-3
2,True,1.8457777997173086e-19,1.292044459802116e-18,11.136795209712115,1.5789528975347433,0.05,0.005555555555555556,2,3-4
3,True,1.6318180987901843e-07,9.790908592741105e-07,5.4786110717174035,0.7767466908801794,0.05,0.005555555555555556,3,4-5
4,False,0.07585480404497898,0.22756441213493694,1.4446652049182063,0.20482178834391895,0.05,0.005555555555555556,4,5-6
5,True,2.75627450871533e-06,1.378137254357665e-05,4.805064331061064,0.6812525601398601,0.05,0.005555555555555556,5,6-7
6,True,0.010726566118101027,0.04290626447240411,2.3370051561126943,0.3313359896911636,0.05,0.005555555555555556,6,7-8
7,False,0.9999928930636681,1.0,-4.56791387054191,-0.6476298347743197,0.05,0.005555555555555556,7,8-9
8,False,0.9999899360182983,1.0,-4.479039475607878,-0.6350293980458649,0.05,0.005555555555555556,8,9-10
