,reject,pvals,pvals_corrected,tstats,effectsize,alpha,alpha_corrected,step,dimension_step
0,True,8.139278591622916e-25,7.325350732460624e-24,13.662817688940748,1.9370873911400224,0.05,0.005555555555555556,0,1-2
1,True,7.648427921359304e-21,6.118742337087443e-20,11.778438888367772,1.6699238749587226,0.05,0.005555555555555556,1,2-3
2,True,3.646051665548149e-18,2.5522361658837046e-17,10.539768412216569,1.4943076136752182,0.05,0.005555555555555556,2,3-4
3,True,1.8956251264705264e-07,9.478125632352632e-07,5.443979984201233,0.7718367634774783,0.05,0.005555555555555556,3,4-5
4,True,9.336309098268567e-11,5.60178545896114e-10,7.105680041948588,1.007429325934381,0.05,0.005555555555555556,4,5-6
5,True,0.003579637390131332,0.014318549560525327,2.746356151581199,0.38937296785522874,0.05,0.005555555555555556,5,6-7
6,False,0.9999998862256358,1.0,-5.561532866612361,-0.7885031796952018,0.05,0.005555555555555556,6,7-8
7,False,0.9999999840039002,1.0,-6.003209671289794,-0.8511232474424426,0.05,0.005555555555555556,7,8-9
8,False,0.999917490248675,1.0,-3.9169218056608277,-0.5553334615573895,0.05,0.005555555555555556,8,9-10
