,reject,pvals,pvals_corrected,tstats,effectsize,alpha,alpha_corrected,step,dimension_step
0,True,1.0896210751587227e-12,9.806589676428505e-12,8.019588604477946,1.1370014825301242,0.05,0.005555555555555556,0,1-2
1,True,4.6244918496013856e-10,3.6995934796811085e-09,6.769485705104258,0.9597643547914979,0.05,0.005555555555555556,1,2-3
2,False,0.012915964548068452,0.09041175183647916,2.2628064464204805,0.32081624272125514,0.05,0.005555555555555556,2,3-4
3,False,0.17639155738963286,1.0,0.9335973008523516,0.13236358714991056,0.05,0.005555555555555556,3,4-5
4,False,0.9782519127054664,1.0,-2.045120465330911,-0.289953152925519,0.05,0.005555555555555556,4,5-6
5,False,0.5798276701546232,1.0,-0.20198277743312104,-0.028636720499450194,0.05,0.005555555555555556,5,6-7
6,False,0.960933976278059,1.0,-1.780072863789225,-0.2523752258326406,0.05,0.005555555555555556,6,7-8
7,False,0.9763926469122812,1.0,-2.0094177506471707,-0.2848912923329325,0.05,0.005555555555555556,7,8-9
8,False,0.972239810318991,1.0,-1.937609477913997,-0.27471045680853207,0.05,0.005555555555555556,8,9-10
