,reject,pvals,pvals_corrected,tstats,effectsize,alpha,alpha_corrected,step,dimension_step
0,True,4.794358460287394e-41,4.314922614258654e-40,22.523351819948573,3.1933164746792126,0.05,0.005555555555555556,0,1-2
1,True,7.54487753197215e-26,5.281414272380505e-25,14.165523689760361,2.0083600581555765,0.05,0.005555555555555556,1,2-3
2,True,1.1257627862763773e-24,6.754576717658264e-24,13.594724238024028,1.9274332357386252,0.05,0.005555555555555556,2,3-4
3,True,6.486797177459278e-33,5.189437741967422e-32,17.79716554324194,2.523247089782282,0.05,0.005555555555555556,3,4-5
4,True,5.359701398397078e-11,1.6079104195191234e-10,7.221186266889871,1.0238055710857052,0.05,0.005555555555555556,4,5-6
5,True,6.050030258086319e-13,2.4200121032345277e-12,8.138687486582219,1.1538870875404146,0.05,0.005555555555555556,5,6-7
6,True,5.461953702209385e-16,2.7309768511046922e-15,9.541950835969136,1.3528390023234516,0.05,0.005555555555555556,6,7-8
7,False,0.9999999998278575,1.0,-6.9777143556078745,-0.9892866028773486,0.05,0.005555555555555556,7,8-9
8,False,0.9999981067695929,1.0,-4.897313686981055,-0.6943314921919248,0.05,0.005555555555555556,8,9-10
