,reject,pvals,pvals_corrected,tstats,effectsize,alpha,alpha_corrected,step,dimension_step
0,True,3.059085176650148e-46,2.7531766589851332e-45,25.937033362569878,3.6773015225754206,0.05,0.005555555555555556,0,1-2
1,True,2.560988294028672e-35,2.0487906352229375e-34,19.125172828904006,2.7115293480224936,0.05,0.005555555555555556,1,2-3
2,True,3.584931818920687e-15,2.150959091352412e-14,9.167118031758386,1.2996959453528516,0.05,0.005555555555555556,2,3-4
3,True,3.4826250906638038e-19,2.4378375634646626e-18,11.009449909198494,1.560898131558795,0.05,0.005555555555555556,3,4-5
4,True,4.46440388108887e-06,2.2322019405444347e-05,4.685164849160346,0.6642534476667354,0.05,0.005555555555555556,4,5-6
5,True,3.673545920894858e-05,0.00014694183683579433,4.13860910534,0.5867638504245409,0.05,0.005555555555555556,5,6-7
6,False,0.02206360079614098,0.06619080238842294,2.0388821733906157,0.2890687001768317,0.05,0.005555555555555556,6,7-8
7,False,0.9999998105379241,1.0,-5.444102647191195,-0.7718541543946832,0.05,0.005555555555555556,7,8-9
8,False,0.9994283508866213,1.0,-3.3503571139901003,-0.4750070350846971,0.05,0.005555555555555556,8,9-10
