,reject,pvals,pvals_corrected,tstats,effectsize,alpha,alpha_corrected,step,dimension_step
0,True,6.136865623502868e-31,5.523179061152581e-30,16.74348275100463,2.3738580181008064,0.05,0.005555555555555556,0,1-2
1,True,9.990591471289236e-26,7.992473177031389e-25,14.105860402574681,1.9999011147697698,0.05,0.005555555555555556,1,2-3
2,True,9.494556621667895e-22,6.646189635167526e-21,12.202295267553765,1.7300173978665223,0.05,0.005555555555555556,2,3-4
3,True,1.0173001231462323e-12,6.103800738877394e-12,8.033507160126925,1.1389748279457146,0.05,0.005555555555555556,3,4-5
4,True,6.62039732009534e-06,2.648158928038136e-05,4.585908116887782,0.6501810235922655,0.05,0.005555555555555556,4,5-6
5,True,2.2085547598308555e-07,1.1042773799154278e-06,5.408560800338206,0.7668151013264071,0.05,0.005555555555555556,5,6-7
6,False,0.8748184837632654,1.0,-1.1562463193024417,-0.16393032661086934,0.05,0.005555555555555556,6,7-8
7,False,0.9999999894327893,1.0,-6.094742620424846,-0.8641006087510759,0.05,0.005555555555555556,7,8-9
8,False,0.9998495458249299,1.0,-3.7470867604987563,-0.5312545832434793,0.05,0.005555555555555556,8,9-10
