{
  "data": {
    "name": "normal-8-100",
    "n_dimension": 8,
    "distance": "euclidean",
    "subject": null,
    "n_objects": 100,
    "n_train_triplets": 14736,
    "n_test_triplets": 10000,
    "frac_train_ndlogn": 3.999852178328949,
    "frac_train_triplets": 0.030377241805813235,
    "max_train_score": 0.6756921824104235,
    "max_test_score": 0.6772,
    "noise_sd": 2.0,
    "distance_sd": 1.0745348898531728,
    "distance_mean": 4.037065483945636,
    "difference_sd": 0.9632033593974484,
    "difference_mean": -0.07524835823719239
  },
  "n_repeats": 10,
  "n_splits": 10,
  "embedding_method": "soe",
  "embedding_dimension": [
    1,
    2,
    3,
    4,
    5,
    6,
    7,
    8,
    9,
    10
  ],
  "random_state": 3813941016,
  "alpha": 0.05
}