,reject,pvals,pvals_corrected,tstats,effectsize,alpha,alpha_corrected,step,dimension_step
0,True,1.0518066604211644e-38,9.466259943790478e-38,21.091746239750613,2.990346254214962,0.05,0.005555555555555556,0,1-2
1,True,2.3196138778318307e-34,1.8556911022654646e-33,18.590047469577467,2.6356603281884836,0.05,0.005555555555555556,1,2-3
2,True,9.881796200332338e-22,5.9290777201994025e-21,12.194145543494011,1.7288619460353676,0.05,0.005555555555555556,2,3-4
3,True,2.2700846384716942e-27,1.589059246930186e-26,14.917666683808049,2.1149974109531193,0.05,0.005555555555555556,3,4-5
4,True,1.6504825387880523e-11,8.252412693940261e-11,7.464682042846436,1.0583279227806348,0.05,0.005555555555555556,4,5-6
5,False,0.21103572073184823,0.6331071621955446,0.8061799048813388,0.11429859962196239,0.05,0.005555555555555556,5,6-7
6,True,6.738324812653725e-06,2.69532992506149e-05,4.581431868425419,0.6495463898985822,0.05,0.005555555555555556,6,7-8
7,False,0.9999999917484605,1.0,-6.149086891961943,-0.871805432570866,0.05,0.005555555555555556,7,8-9
8,False,0.9954686271688705,1.0,-2.662116951710356,-0.3774296999565714,0.05,0.005555555555555556,8,9-10
