,reject,pvals,pvals_corrected,tstats,effectsize,alpha,alpha_corrected,step,dimension_step
0,True,9.985052706818725e-71,8.986547436136852e-70,48.056160600139606,6.813307831844997,0.05,0.005555555555555556,0,1-2
1,True,1.7331261699078848e-68,1.3865009359263078e-67,45.510774512268036,6.4524280039314394,0.05,0.005555555555555556,1,2-3
2,True,5.564489641608604e-57,2.782244820804302e-56,34.23668940619368,4.8540104152013015,0.05,0.005555555555555556,2,3-4
3,True,2.6758067034204144e-57,1.87306469239429e-56,34.51197524141944,4.893039898907792,0.05,0.005555555555555556,3,4-5
4,True,3.274309036145109e-57,1.9645854216870654e-56,34.43589199557771,4.882252966113079,0.05,0.005555555555555556,4,5-6
5,True,1.922118982187016e-52,7.688475928748064e-52,30.503041038724675,4.324661100862652,0.05,0.005555555555555556,5,6-7
6,True,1.9594845248069695e-39,5.878453574420909e-39,21.531387110525532,3.052677671262066,0.05,0.005555555555555556,6,7-8
7,False,0.9999983460905039,1.0,-4.930275406823005,-0.6990047399326024,0.05,0.005555555555555556,7,8-9
8,False,0.9999944369386733,1.0,-4.629890772955886,-0.6564167979719042,0.05,0.005555555555555556,8,9-10
