,reject,pvals,pvals_corrected,tstats,effectsize,alpha,alpha_corrected,step,dimension_step
0,True,9.471606807525758e-61,8.524446126773182e-60,37.623659320536596,5.334208341032873,0.05,0.005555555555555556,0,1-2
1,True,1.3841709078990896e-46,1.1073367263192717e-45,26.17584185057249,3.7111593198130666,0.05,0.005555555555555556,1,2-3
2,True,8.80888894115484e-46,6.166222258808389e-45,25.621067444178944,3.6325044967730142,0.05,0.005555555555555556,2,3-4
3,True,1.8838645551013027e-37,1.1303187330607816e-36,20.350274925416475,2.8852219111556767,0.05,0.005555555555555556,3,4-5
4,True,1.492891167063747e-33,7.464455835318735e-33,18.144531448234858,2.572495943861509,0.05,0.005555555555555556,4,5-6
5,True,1.8030299904834213e-33,7.464455835318735e-33,18.09969710590806,2.5661394190810025,0.05,0.005555555555555556,5,6-7
6,True,1.342825141915548e-18,4.028475425746644e-18,10.739302434234098,1.522597154453214,0.05,0.005555555555555556,6,7-8
7,False,0.9999999715172955,1.0,-5.874846164804155,-0.832924122228533,0.05,0.005555555555555556,7,8-9
8,False,0.9991088796080381,1.0,-3.2113615024964766,-0.45530051095636626,0.05,0.005555555555555556,8,9-10
