,reject,pvals,pvals_corrected,tstats,effectsize,alpha,alpha_corrected,step,dimension_step
0,True,3.23527947545128e-38,2.911751527906152e-37,20.801019859101523,2.9491276403793276,0.05,0.005555555555555556,0,1-2
1,True,6.656638710817148e-32,4.659647097572004e-31,17.253839570937906,2.4462154031865553,0.05,0.005555555555555556,1,2-3
2,True,7.57758814832821e-24,4.546552888996926e-23,13.196530367513699,1.8709780927838047,0.05,0.005555555555555556,2,3-4
3,True,2.888076288295299e-33,2.3104610306362393e-32,17.988054148613294,2.5503109004101923,0.05,0.005555555555555556,3,4-5
4,True,1.236723736739292e-13,6.18361868369646e-13,8.458660152244509,1.1992521820820468,0.05,0.005555555555555556,4,5-6
5,True,2.6368600485412242e-11,1.0547440194164897e-10,7.368075749131022,1.0446312726663343,0.05,0.005555555555555556,5,6-7
6,True,9.434961241661245e-06,2.8304883724983734e-05,4.495604236713206,0.6373779172609276,0.05,0.005555555555555556,6,7-8
7,False,0.9999999999999689,1.0,-8.736037441958318,-1.238578188087977,0.05,0.005555555555555556,7,8-9
8,False,0.999999999972254,1.0,-7.357557384596526,-1.0431399996523,0.05,0.005555555555555556,8,9-10
