,reject,pvals,pvals_corrected,tstats,effectsize,alpha,alpha_corrected,step,dimension_step
0,True,1.0435315640074012e-64,9.39178407606661e-64,41.49084904179743,5.88249088558181,0.05,0.005555555555555556,0,1-2
1,True,2.2037672184440416e-53,1.322260331066425e-52,31.24787314359501,4.430261930187081,0.05,0.005555555555555556,1,2-3
2,True,8.869859515809143e-60,7.0958876126473145e-59,36.724191448454604,5.206683557096401,0.05,0.005555555555555556,2,3-4
3,True,3.1648496002446408e-53,1.5824248001223204e-52,31.12238268483791,4.4124701400233635,0.05,0.005555555555555556,3,4-5
4,True,1.2755824722159728e-54,8.92907730551181e-54,32.250378458337806,4.572395159873006,0.05,0.005555555555555556,4,5-6
5,True,5.129679848659884e-52,2.0518719394639536e-51,30.1702422132014,4.2774775386294275,0.05,0.005555555555555556,5,6-7
6,True,1.6684249759073964e-36,5.0052749277221896e-36,19.800667483620625,2.8072996501830207,0.05,0.005555555555555556,6,7-8
7,False,0.9996913963854184,1.0,-3.537213340564696,-0.5014991429861759,0.05,0.005555555555555556,7,8-9
8,False,0.9996822042319994,1.0,-3.5284662101763256,-0.5002589920619867,0.05,0.005555555555555556,8,9-10
