,reject,pvals,pvals_corrected,tstats,effectsize,alpha,alpha_corrected,step,dimension_step
0,True,6.199484993114413e-42,5.579536493802972e-41,23.083161988259253,3.272685258128936,0.05,0.005555555555555556,0,1-2
1,True,7.980841373394028e-27,6.384673098715223e-26,14.646102485547672,2.0764955736080286,0.05,0.005555555555555556,1,2-3
2,True,2.0789521053945505e-21,1.4552664737761854e-20,12.042727120607951,1.7073941401671597,0.05,0.005555555555555556,2,3-4
3,True,1.400223378571568e-07,5.600893514286272e-07,5.513876119840881,0.781746499969576,0.05,0.005555555555555556,3,4-5
4,True,1.0711794871943086e-07,5.355897435971544e-07,5.575337367905318,0.7904603547087575,0.05,0.005555555555555556,4,5-6
5,True,1.0304700381341775e-06,3.0914101144025327e-06,5.044757772270092,0.7152358243007222,0.05,0.005555555555555556,5,6-7
6,True,3.8304714998441437e-10,2.298282899906486e-09,6.809335205043586,0.965414138432993,0.05,0.005555555555555556,6,7-8
7,False,0.9999999802137404,1.0,-5.956036600579691,-0.8444351423564864,0.05,0.005555555555555556,7,8-9
8,False,0.9186743777798406,1.0,-1.4066883803240038,-0.19943750892573484,0.05,0.005555555555555556,8,9-10
