,reject,pvals,pvals_corrected,tstats,effectsize,alpha,alpha_corrected,step,dimension_step
0,True,4.329882088251452e-33,3.896893879426307e-32,17.89238894887418,2.5367476767469266,0.05,0.005555555555555556,0,1-2
1,True,4.6271499092300815e-15,3.701719927384065e-14,9.116220401646116,1.292479779568162,0.05,0.005555555555555556,1,2-3
2,True,1.9411867808712572e-14,1.35883074660988e-13,8.829842454827336,1.251877678119333,0.05,0.005555555555555556,2,3-4
3,True,2.1790556827083973e-09,1.3074334096250384e-08,6.438468781875977,0.9128334271572597,0.05,0.005555555555555556,3,4-5
4,True,0.00011168684507192153,0.0004467473802876861,3.831923307454645,0.5432825418357344,0.05,0.005555555555555556,4,5-6
5,True,2.1525276421635762e-07,1.0762638210817881e-06,5.414525296293238,0.7676607358193822,0.05,0.005555555555555556,5,6-7
6,False,0.9999968616708003,1.0,-4.772955466661731,-0.6767002285646452,0.05,0.005555555555555556,6,7-8
7,False,0.9999731398898001,1.0,-4.222436347094847,-0.5986487117126191,0.05,0.005555555555555556,7,8-9
8,False,0.9808982097647032,1.0,-2.100747619010672,-0.29783986124962225,0.05,0.005555555555555556,8,9-10
