,reject,pvals,pvals_corrected,tstats,effectsize,alpha,alpha_corrected,step,dimension_step
0,True,7.320636635690042e-47,6.588572972121038e-46,26.368856162381288,3.738524508914362,0.05,0.005555555555555556,0,1-2
1,True,1.7512820997494436e-21,1.0507692598496661e-20,12.077610738958198,1.712339870894307,0.05,0.005555555555555556,1,2-3
2,True,5.676273999608624e-22,3.973391799726037e-21,12.307274385332587,1.7449011304912327,0.05,0.005555555555555556,2,3-4
3,True,2.702756630463517e-24,2.1622053043708135e-23,13.411383043056606,1.9014394820976461,0.05,0.005555555555555556,3,4-5
4,True,3.523120820354987e-11,1.7615604101774936e-10,7.308166225008445,1.0361374182924317,0.05,0.005555555555555556,4,5-6
5,False,0.10086157684978583,0.30258473054935753,1.2851936895631972,0.18221223088124233,0.05,0.005555555555555556,5,6-7
6,True,8.914373939179064e-08,3.5657495756716257e-07,5.617298938426866,0.7964095835589323,0.05,0.005555555555555556,6,7-8
7,False,0.9920002549771407,1.0,-2.4509954237059564,-0.3474973053944623,0.05,0.005555555555555556,7,8-9
8,False,0.9966169031788774,1.0,-2.766269253645903,-0.3921962082589447,0.05,0.005555555555555556,8,9-10
