,reject,pvals,pvals_corrected,tstats,effectsize,alpha,alpha_corrected,step,dimension_step
0,True,1.0669136203989767e-58,9.602222583590789e-58,35.745945978068214,5.067989840377985,0.05,0.005555555555555556,0,1-2
1,True,2.4489614838034647e-45,1.9591691870427718e-44,25.31832467639275,3.5895822232282124,0.05,0.005555555555555556,1,2-3
2,True,4.286120684219297e-44,3.000284478953508e-43,24.48476696033067,3.47140205144137,0.05,0.005555555555555556,2,3-4
3,True,1.6194600092102087e-36,8.097300046051043e-36,19.808111821564875,2.8083550937595576,0.05,0.005555555555555556,3,4-5
4,True,2.4805038103662524e-40,1.4883022862197515e-39,22.08027090029757,3.1304973342755886,0.05,0.005555555555555556,4,5-6
5,True,3.1738851597756626e-31,1.269554063910265e-30,16.89418398753934,2.395224142700192,0.05,0.005555555555555556,5,6-7
6,True,9.272826082875213e-19,2.781847824862564e-18,10.813352042976495,1.533095762184023,0.05,0.005555555555555556,6,7-8
7,False,0.9999993405394467,1.0,-5.151521830734606,-0.7303726223014704,0.05,0.005555555555555556,7,8-9
8,False,0.9999995754979434,1.0,-5.255784390344287,-0.7451547627197954,0.05,0.005555555555555556,8,9-10
