,reject,pvals,pvals_corrected,tstats,effectsize,alpha,alpha_corrected,step,dimension_step
0,True,1.987802252705159e-30,1.789022027434643e-29,16.47647699861153,2.3360024682356286,0.05,0.005555555555555556,0,1-2
1,True,1.920951106981279e-12,1.3446657748868954e-11,7.904505403341091,1.120685212860898,0.05,0.005555555555555556,1,2-3
2,True,1.0669556026117505e-12,8.535644820894004e-12,8.023849211062686,1.1376055429429766,0.05,0.005555555555555556,2,3-4
3,True,8.317802192923301e-07,4.158901096461651e-06,5.096138839350656,0.7225205308269348,0.05,0.005555555555555556,3,4-5
4,True,0.006075611443948811,0.024302445775795243,2.5546924337536843,0.3621992633094074,0.05,0.005555555555555556,4,5-6
5,True,7.904231679238117e-08,4.7425390075428704e-07,5.644695278524311,0.8002937827171411,0.05,0.005555555555555556,5,6-7
6,False,0.8863995646014746,1.0,-1.2151449637127738,-0.17228086044949656,0.05,0.005555555555555556,6,7-8
7,False,0.9998986100783718,1.0,-3.8592056982148764,-0.5471505854812686,0.05,0.005555555555555556,7,8-9
8,False,0.999981654995608,1.0,-4.323177239640949,-0.6129315571085,0.05,0.005555555555555556,8,9-10
