,reject,pvals,pvals_corrected,tstats,effectsize,alpha,alpha_corrected,step,dimension_step
0,True,3.627179936690159e-57,3.264461943021143e-56,34.39736926449415,4.876791289147672,0.05,0.005555555555555556,0,1-2
1,True,5.231411084741646e-46,3.6619877593191526e-45,25.77637750707496,3.6545240516995623,0.05,0.005555555555555556,1,2-3
2,True,2.519700583189196e-49,2.0157604665513567e-48,28.135642927991217,3.989016057906215,0.05,0.005555555555555556,2,3-4
3,True,2.560574278844132e-41,1.536344567306479e-40,22.694003337506604,3.217511110841865,0.05,0.005555555555555556,3,4-5
4,True,7.869925721881953e-34,3.9349628609409764e-33,18.29705929540787,2.594121041720769,0.05,0.005555555555555556,4,5-6
5,True,6.225860183604372e-21,1.8677580550813117e-20,11.820116951444044,1.6758329086815054,0.05,0.005555555555555556,5,6-7
6,True,1.0242465933645099e-23,4.0969863734580394e-23,13.13391718682696,1.8621009193054796,0.05,0.005555555555555556,6,7-8
7,False,0.9999989624870232,1.0,-5.043119410262205,-0.715003540561024,0.05,0.005555555555555556,7,8-9
8,False,0.9996334705876245,1.0,-3.485742728054819,-0.49420174088530183,0.05,0.005555555555555556,8,9-10
