,reject,pvals,pvals_corrected,tstats,effectsize,alpha,alpha_corrected,step,dimension_step
0,True,1.6452570276714499e-28,1.3162056221371599e-27,15.490948479291019,2.1962761751789683,0.05,0.005555555555555556,0,1-2
1,True,3.88048215468598e-33,3.492433939217382e-32,17.918249364838115,2.5404141156055755,0.05,0.005555555555555556,1,2-3
2,True,1.6754614377087739e-25,1.0052768626252644e-24,13.99622103333235,1.9843566608681584,0.05,0.005555555555555556,2,3-4
3,True,1.6054140527508612e-23,6.421656211003445e-23,13.040692675038533,1.8488837315743782,0.05,0.005555555555555556,3,4-5
4,True,1.282586142424763e-25,8.97810299697334e-25,14.052848079181084,1.9923851319352852,0.05,0.005555555555555556,4,5-6
5,True,6.841408421760434e-25,3.420704210880217e-24,13.699330491605734,1.9422641044116031,0.05,0.005555555555555556,5,6-7
6,True,0.0010570897624735491,0.003171269287420647,3.1567972674380913,0.44756450114161533,0.05,0.005555555555555556,6,7-8
7,False,0.999998931228594,1.0,-5.03597638511871,-0.7139908165201214,0.05,0.005555555555555556,7,8-9
8,False,0.9999999999908978,1.0,-7.586954840171401,-1.0756635192417754,0.05,0.005555555555555556,8,9-10
