,reject,pvals,pvals_corrected,tstats,effectsize,alpha,alpha_corrected,step,dimension_step
0,True,1.746622389568354e-20,1.397297911654683e-19,11.611460646943494,1.6462500286539798,0.05,0.005555555555555556,0,1-2
1,True,7.02492028566555e-32,6.322428257098995e-31,17.241376735485346,2.4444484469142376,0.05,0.005555555555555556,1,2-3
2,True,1.2563428434483584e-07,7.53805706069015e-07,5.538792556914959,0.7852791033598269,0.05,0.005555555555555556,2,3-4
3,True,0.00261132467130662,0.0130566233565331,2.8563440840197725,0.40496684036051567,0.05,0.005555555555555556,3,4-5
4,True,1.6092315642743457e-08,1.1264620949920419e-07,6.001881436073215,0.8509349328686058,0.05,0.005555555555555556,4,5-6
5,False,0.9699127097257122,1.0,-1.9012705653084143,-0.2695583973272004,0.05,0.005555555555555556,5,6-7
6,False,0.9893720416713943,1.0,-2.3406522060237376,-0.33185306124685443,0.05,0.005555555555555556,6,7-8
7,False,0.8345601494880867,1.0,-0.977143770505613,-0.13853751987846283,0.05,0.005555555555555556,7,8-9
8,False,0.9939573756709523,1.0,-2.556714993694948,-0.3624860178756502,0.05,0.005555555555555556,8,9-10
