,reject,pvals,pvals_corrected,tstats,effectsize,alpha,alpha_corrected,step,dimension_step
0,True,4.247513790401398e-69,3.822762411361258e-68,46.19238271115403,6.549065072347309,0.05,0.005555555555555556,0,1-2
1,True,8.589895332351028e-65,6.871916265880822e-64,41.577131023760806,5.894723775103501,0.05,0.005555555555555556,1,2-3
2,True,3.0025563247431334e-53,2.1017894273201934e-52,31.14060885010195,4.4150542098489005,0.05,0.005555555555555556,2,3-4
3,True,3.158233565887289e-52,1.8949401395323733e-51,30.334314371444584,4.300739366182558,0.05,0.005555555555555556,3,4-5
4,True,6.987578015168134e-49,3.493789007584067e-48,27.811376871891223,3.9430422549216053,0.05,0.005555555555555556,4,5-6
5,True,1.3376445226915295e-41,5.350578090766118e-41,22.87159726594521,3.2426900283502134,0.05,0.005555555555555556,5,6-7
6,True,5.7501203787384566e-33,1.7250361136215369e-32,17.82553458770036,2.527269197049627,0.05,0.005555555555555556,6,7-8
7,False,0.9994117024339867,1.0,-3.3414871564114415,-0.4737494699633038,0.05,0.005555555555555556,7,8-9
8,False,0.999892550243908,1.0,-3.84284698236266,-0.5448312789565083,0.05,0.005555555555555556,8,9-10
