,reject,pvals,pvals_corrected,tstats,effectsize,alpha,alpha_corrected,step,dimension_step
0,True,1.0929510393036334e-43,9.8365593537327e-43,24.216523063760057,3.4333709599324935,0.05,0.005555555555555556,0,1-2
1,True,3.649784747660654e-39,2.9198277981285234e-38,21.367974750297872,3.0295093885724964,0.05,0.005555555555555556,1,2-3
2,True,3.959027566133277e-13,1.9795137830666383e-12,8.224344428884232,1.166031360169562,0.05,0.005555555555555556,2,3-4
3,True,1.5629498373138662e-14,9.377699023883197e-14,8.873174477834342,1.2580212070246044,0.05,0.005555555555555556,3,4-5
4,True,1.5045918037390273e-19,1.0532142626173191e-18,11.177828403550867,1.5847705029667172,0.05,0.005555555555555556,4,5-6
5,True,0.0008855401357960505,0.0026566204073881516,3.2133563633781725,0.4555833384044804,0.05,0.005555555555555556,5,6-7
6,True,2.652471583958115e-07,1.060988633583246e-06,5.365953601177943,0.7607743365190173,0.05,0.005555555555555556,6,7-8
7,False,0.9998504352073049,1.0,-3.7487868538700506,-0.5314956191343381,0.05,0.005555555555555556,7,8-9
8,False,0.9750755945227483,1.0,-1.985553783451594,-0.2815079060498418,0.05,0.005555555555555556,8,9-10
