,reject,pvals,pvals_corrected,tstats,effectsize,alpha,alpha_corrected,step,dimension_step
0,True,1.7353030394672816e-55,1.3882424315738253e-54,32.96793376459972,4.674128738396172,0.05,0.005555555555555556,0,1-2
1,True,1.2398215411370748e-55,1.1158393870233673e-54,33.09017360151474,4.691459661795287,0.05,0.005555555555555556,1,2-3
2,True,5.342395856792777e-46,3.7396770997549436e-45,25.77010692782448,3.6536350213196074,0.05,0.005555555555555556,2,3-4
3,True,3.899236726118418e-37,1.949618363059209e-36,20.16594673566202,2.8590882233370913,0.05,0.005555555555555556,3,4-5
4,True,2.8648434698966095e-33,1.1459373879586438e-32,17.989965021009883,2.5505818201362533,0.05,0.005555555555555556,4,5-6
5,True,6.382111837367508e-40,3.829267102420505e-39,21.82816525078117,3.0947542916593735,0.05,0.005555555555555556,5,6-7
6,True,1.6770639202093806e-29,5.0311917606281417e-29,15.997137350528696,2.2680426367049527,0.05,0.005555555555555556,6,7-8
7,False,0.9994167826946885,1.0,-3.344168582529957,-0.4741296372789121,0.05,0.005555555555555556,7,8-9
8,False,0.9993918360432528,1.0,-3.3312058142415197,-0.4722918015134443,0.05,0.005555555555555556,8,9-10
