,reject,pvals,pvals_corrected,tstats,effectsize,alpha,alpha_corrected,step,dimension_step
0,True,9.60452423420963e-46,8.644071810788668e-45,25.595361136680562,3.6288599071091863,0.05,0.005555555555555556,0,1-2
1,True,2.25849929248701e-32,1.806799433989608e-31,17.504978654200208,2.4818214079423417,0.05,0.005555555555555556,1,2-3
2,True,1.0829710344223033e-29,7.580797240956123e-29,16.094906925986066,2.2819042146142356,0.05,0.005555555555555556,2,3-4
3,True,5.798193207114227e-25,3.478915924268536e-24,13.73413586352068,1.947198741513213,0.05,0.005555555555555556,3,4-5
4,True,1.545565943465906e-16,7.727829717329529e-16,9.793233911917502,1.3884654220787604,0.05,0.005555555555555556,4,5-6
5,True,1.0564651403517776e-09,4.2258605614071105e-09,6.593786492260879,0.9348540663297243,0.05,0.005555555555555556,5,6-7
6,True,4.253274547785652e-08,1.2759823643356955e-07,5.784918107323624,0.8201742992987976,0.05,0.005555555555555556,6,7-8
7,False,0.9999999995076806,1.0,-6.756228220046925,-0.9578847346628055,0.05,0.005555555555555556,7,8-9
8,False,0.9999995748951143,1.0,-5.255450198378638,-0.7451073816408982,0.05,0.005555555555555556,8,9-10
