,reject,pvals,pvals_corrected,tstats,effectsize,alpha,alpha_corrected,step,dimension_step
0,True,2.388065740110185e-30,2.1492591660991665e-29,16.43498416560641,2.3301196960676327,0.05,0.005555555555555556,0,1-2
1,True,1.2338995562982924e-24,9.871196450386339e-24,13.575488020381192,1.9247059626755203,0.05,0.005555555555555556,1,2-3
2,True,3.150244748496725e-11,2.2051713239477074e-10,7.331310704397707,1.0394187970109465,0.05,0.005555555555555556,2,3-4
3,True,0.0003687956640771083,0.0018439783203855415,3.4838890929127144,0.4939389361444868,0.05,0.005555555555555556,3,4-5
4,True,1.281155428306204e-09,7.686932569837224e-09,6.552544867827998,0.929006910018495,0.05,0.005555555555555556,4,5-6
5,False,0.2389028272092416,0.9556113088369664,0.7125413094166257,0.10102270392252855,0.05,0.005555555555555556,5,6-7
6,False,0.9999999164937561,1.0,-5.632188204169089,-0.7985205543403062,0.05,0.005555555555555556,6,7-8
7,False,0.9999649819865386,1.0,-4.15149499248076,-0.5885907861322629,0.05,0.005555555555555556,7,8-9
8,False,0.9974820358713218,1.0,-2.8688521733804566,-0.40674021264282656,0.05,0.005555555555555556,8,9-10
