,reject,pvals,pvals_corrected,tstats,effectsize,alpha,alpha_corrected,step,dimension_step
0,True,3.2883731907942378e-53,2.6306985526353902e-52,31.109131826523587,4.410591459421248,0.05,0.005555555555555556,0,1-2
1,True,1.0838392130794221e-57,9.754552917714798e-57,34.854364210022915,4.941583132744841,0.05,0.005555555555555556,1,2-3
2,True,5.752644534341517e-35,2.301057813736607e-34,18.927641646458557,2.6835237658956257,0.05,0.005555555555555556,2,3-4
3,True,3.996123900841766e-38,1.998061950420883e-37,20.74665618623532,2.941420065877296,0.05,0.005555555555555556,3,4-5
4,True,6.897548161326602e-40,4.8282837129286216e-39,21.807531358142327,3.091828858987225,0.05,0.005555555555555556,4,5-6
5,True,1.650663281755451e-39,9.903979690532706e-39,21.576588482744032,3.059086232817971,0.05,0.005555555555555556,5,6-7
6,True,1.6877379697285883e-29,5.063213909185764e-29,15.995720959541536,2.2678418235795332,0.05,0.005555555555555556,6,7-8
7,False,0.9999999675822359,1.0,-5.845889398711063,-0.8288186889449928,0.05,0.005555555555555556,7,8-9
8,False,0.9999990895253102,1.0,-5.074488098529762,-0.7194509314216129,0.05,0.005555555555555556,8,9-10
