,reject,pvals,pvals_corrected,tstats,effectsize,alpha,alpha_corrected,step,dimension_step
0,True,4.179236419826561e-69,3.3433891358612487e-68,46.2002917308417,6.550186397586513,0.05,0.005555555555555556,0,1-2
1,True,1.0961577215308177e-70,9.865419493777359e-70,48.0089676441666,6.806616907465619,0.05,0.005555555555555556,1,2-3
2,True,3.24713220511336e-61,2.272992543579352e-60,38.06084960180803,5.396192318325152,0.05,0.005555555555555556,2,3-4
3,True,1.2508614920649788e-54,7.505168952389873e-54,32.25735463173323,4.573384228001582,0.05,0.005555555555555556,3,4-5
4,True,1.403354703797058e-47,7.016773518985289e-47,26.874386693008127,3.810197632204752,0.05,0.005555555555555556,4,5-6
5,True,9.023314202237788e-42,3.6093256808951153e-41,22.979734693922946,3.258021539976512,0.05,0.005555555555555556,5,6-7
6,True,3.943713239831773e-40,1.183113971949532e-39,21.95634108148109,3.1129268085699,0.05,0.005555555555555556,6,7-8
7,False,0.9999988833021232,1.0,-5.025410578201645,-0.7124928172184961,0.05,0.005555555555555556,7,8-9
8,False,0.9999993868245604,1.0,-5.168819651243578,-0.7328250732354572,0.05,0.005555555555555556,8,9-10
