,reject,pvals,pvals_corrected,tstats,effectsize,alpha,alpha_corrected,step,dimension_step
0,True,1.1033307126833958e-51,9.929976414150562e-51,29.912624348807242,4.240952985040875,0.05,0.005555555555555556,0,1-2
1,True,2.0511331458304563e-27,1.4357932020813195e-26,14.939659024237653,2.1181154416783867,0.05,0.005555555555555556,1,2-3
2,True,1.0709881303570774e-27,8.56790504285662e-27,15.080864557410525,2.138135284151274,0.05,0.005555555555555556,2,3-4
3,True,8.126107334817502e-17,4.875664400890501e-16,9.921200061140315,1.4066082107623055,0.05,0.005555555555555556,3,4-5
4,True,9.995950371355696e-16,4.997975185677848e-15,9.421610912532996,1.3357774449166226,0.05,0.005555555555555556,4,5-6
5,False,0.0318341774323533,0.09550253229705989,1.8755168784396785,0.2659070903095288,0.05,0.005555555555555556,5,6-7
6,True,0.00022677105348730802,0.0009070842139492321,3.628195725475793,0.5143984463831459,0.05,0.005555555555555556,6,7-8
7,False,0.9999999760867038,1.0,-5.913875781575017,-0.8384576644486755,0.05,0.005555555555555556,7,8-9
8,False,0.9999970371171436,1.0,-4.787199741538771,-0.6787197538110795,0.05,0.005555555555555556,8,9-10
