,reject,pvals,pvals_corrected,tstats,effectsize,alpha,alpha_corrected,step,dimension_step
0,True,4.518634479066657e-61,4.066771031159992e-60,37.925432485827244,5.376993146244912,0.05,0.005555555555555556,0,1-2
1,True,4.4437551759297154e-41,3.110628623150801e-40,22.54396718526787,3.1962392805844746,0.05,0.005555555555555556,1,2-3
2,True,1.6099324782263555e-42,1.2879459825810844e-41,23.457340077032562,3.325735490833889,0.05,0.005555555555555556,2,3-4
3,True,3.6284301579124306e-33,1.8142150789562153e-32,17.934108418136244,2.542662580957206,0.05,0.005555555555555556,3,4-5
4,True,1.7765655030682296e-35,1.0659393018409377e-34,19.214827157396638,2.7242403621952715,0.05,0.005555555555555556,4,5-6
5,True,2.1586495750215135e-29,8.634598300086054e-29,15.940825171798208,2.260058806877907,0.05,0.005555555555555556,5,6-7
6,True,3.349974863601946e-26,1.0049924590805839e-25,14.338548603848938,2.032891189805336,0.05,0.005555555555555556,6,7-8
7,False,0.9999999722417574,1.0,-5.880603794504808,-0.8337404276312624,0.05,0.005555555555555556,7,8-9
8,False,0.9999996993326709,1.0,-5.33669931368698,-0.7566267212374783,0.05,0.005555555555555556,8,9-10
