,reject,pvals,pvals_corrected,tstats,effectsize,alpha,alpha_corrected,step,dimension_step
0,True,4.450762566451141e-47,4.005686309806027e-46,26.520385113350923,3.7600079852366397,0.05,0.005555555555555556,0,1-2
1,True,2.4596528408575275e-43,1.967722272686022e-42,23.9857876945367,3.400657753580162,0.05,0.005555555555555556,1,2-3
2,True,1.4863161419101178e-29,1.0404212993370825e-28,16.02410360162019,2.2718658586907026,0.05,0.005555555555555556,2,3-4
3,True,5.968278892939069e-24,3.5809673357634414e-23,13.246194746384447,1.8780194106356265,0.05,0.005555555555555556,3,4-5
4,True,4.753489709127809e-21,2.3767448545639044e-20,11.87480686926752,1.6835867375512334,0.05,0.005555555555555556,4,5-6
5,True,8.851187949661438e-13,3.540475179864575e-12,8.061701702836391,1.1429721946986702,0.05,0.005555555555555556,5,6-7
6,True,4.0164026682757085e-06,1.2049208004827126e-05,4.711601799179081,0.6680016263885333,0.05,0.005555555555555556,6,7-8
7,False,0.9999999999778435,1.0,-7.403999373692562,-1.0497244534264445,0.05,0.005555555555555556,7,8-9
8,False,0.9999928657266871,1.0,-4.566938563668875,-0.647491557686148,0.05,0.005555555555555556,8,9-10
