,reject,pvals,pvals_corrected,tstats,effectsize,alpha,alpha_corrected,step,dimension_step
0,True,1.80158516703303e-24,1.621426650329727e-23,13.496197050315304,1.9134642450560122,0.05,0.005555555555555556,0,1-2
1,True,6.280357861704907e-23,5.024286289363925e-22,12.758853202788286,1.8089250861140478,0.05,0.005555555555555556,1,2-3
2,True,8.744526469677206e-13,6.121168528774044e-12,8.064156738913358,1.1433202648799283,0.05,0.005555555555555556,2,3-4
3,True,0.004378975921765556,0.013136927765296666,2.6744536246837676,0.3791787691609974,0.05,0.005555555555555556,3,4-5
4,True,2.1415600843020412e-07,1.0707800421510207e-06,5.415710646415271,0.7678287924258416,0.05,0.005555555555555556,4,5-6
5,True,1.4128823947418573e-07,8.477294368451144e-07,5.511805509463454,0.7814529329071008,0.05,0.005555555555555556,5,6-7
6,True,0.0029478953490760518,0.011791581396304207,2.814417876448869,0.3990226251998571,0.05,0.005555555555555556,6,7-8
7,False,0.9981948708598306,1.0,-2.9815122941733163,-0.42271294275169763,0.05,0.005555555555555556,7,8-9
8,False,0.9999925802843187,1.0,-4.556965501875308,-0.6460775966210731,0.05,0.005555555555555556,8,9-10
