,reject,pvals,pvals_corrected,tstats,effectsize,alpha,alpha_corrected,step,dimension_step
0,True,2.201333386952142e-17,1.9812000482569278e-16,10.181262303308554,1.4434793234189185,0.05,0.005555555555555556,0,1-2
1,True,5.807980008912547e-05,0.00046463840071300376,4.014048170940267,0.5691038463940657,0.05,0.005555555555555556,1,2-3
2,False,0.025455251086920327,0.15273150652152195,1.9762381429769207,0.28018715288495916,0.05,0.005555555555555556,2,3-4
3,False,0.007398962811532051,0.051792739680724356,2.480723599748573,0.3517121076618127,0.05,0.005555555555555556,3,4-5
4,False,0.06376079647671176,0.3188039823835588,1.5368436797925202,0.21789067102088558,0.05,0.005555555555555556,4,5-6
5,False,0.9988004592309595,1.0,-3.115994564127201,-0.44177957420286756,0.05,0.005555555555555556,5,6-7
6,False,0.9958144492723405,1.0,-2.6906850928329185,-0.3814800347569558,0.05,0.005555555555555556,6,7-8
7,False,0.990193398816471,1.0,-2.372251664995927,-0.33633317032358034,0.05,0.005555555555555556,7,8-9
8,False,0.9975556967326383,1.0,-2.8790250744337684,-0.40818250652468346,0.05,0.005555555555555556,8,9-10
