,reject,pvals,pvals_corrected,tstats,effectsize,alpha,alpha_corrected,step,dimension_step
0,True,2.3608556351131547e-29,2.124770071601839e-28,15.920872270441484,2.2572299238089295,0.05,0.005555555555555556,0,1-2
1,True,9.457249334263708e-19,6.6200745339845955e-18,10.809412389479483,1.5325372058680224,0.05,0.005555555555555556,1,2-3
2,True,1.0808083156408282e-19,8.646466525126626e-19,11.244287646545487,1.59419296358652,0.05,0.005555555555555556,2,3-4
3,True,0.0011054308033522856,0.0066325848201137134,3.1424061606941205,0.4455241583621855,0.05,0.005555555555555556,3,4-5
4,False,0.9999985822547165,1.0,-4.967710675772074,-0.7043122386576914,0.05,0.005555555555555556,4,5-6
5,False,0.40632884743551534,1.0,0.23763190872517,0.033690984144263345,0.05,0.005555555555555556,5,6-7
6,False,0.4380406755411291,1.0,0.15634260247554918,0.022165946355160837,0.05,0.005555555555555556,6,7-8
7,False,0.9803389169891088,1.0,-2.088461035921651,-0.2960978936903828,0.05,0.005555555555555556,7,8-9
8,False,0.7633988015907671,1.0,-0.7200310709203539,-0.10208458756189391,0.05,0.005555555555555556,8,9-10
