,reject,pvals,pvals_corrected,tstats,effectsize,alpha,alpha_corrected,step,dimension_step
0,True,1.2769816904098696e-37,1.1492835213688826e-36,20.44922395714828,2.8992507100533116,0.05,0.005555555555555556,0,1-2
1,True,1.859158976473401e-29,1.4873271811787208e-28,15.974132305076207,2.264781026655461,0.05,0.005555555555555556,1,2-3
2,True,1.3444932996922319e-19,8.066959798153391e-19,11.200424306751739,1.587974105633337,0.05,0.005555555555555556,2,3-4
3,True,1.178692225507654e-13,5.89346112753827e-13,8.468318477663047,1.2006215204435564,0.05,0.005555555555555556,3,4-5
4,True,3.929199306686313e-09,1.5716797226745253e-08,6.310969305117339,0.8947568023768513,0.05,0.005555555555555556,4,5-6
5,True,8.807580251540726e-22,6.165306176078509e-21,12.21761005191875,1.7321886978404255,0.05,0.005555555555555556,5,6-7
6,True,9.641850840920015e-06,2.8925552522760046e-05,4.490041084760288,0.636589184530364,0.05,0.005555555555555556,6,7-8
7,False,0.9999995124275174,1.0,-5.223111817978005,-0.7405225097389141,0.05,0.005555555555555556,7,8-9
8,False,0.9998597274668172,1.0,-3.7671480073120085,-0.5340988273179613,0.05,0.005555555555555556,8,9-10
