,reject,pvals,pvals_corrected,tstats,effectsize,alpha,alpha_corrected,step,dimension_step
0,True,5.658329535937297e-23,3.960830675156108e-22,12.780346171002968,1.8119723168299005,0.05,0.005555555555555556,0,1-2
1,True,1.1103750769125798e-24,8.883000615300638e-24,13.59761148894356,1.9278425844892721,0.05,0.005555555555555556,1,2-3
2,True,4.451702185298637e-26,4.0065319667687733e-25,14.277870398075311,2.0242883532604092,0.05,0.005555555555555556,2,3-4
3,True,1.7265360234537596e-06,8.632680117268798e-06,4.919806532466149,0.6975204835385125,0.05,0.005555555555555556,3,4-5
4,True,0.007687681204600124,0.030750724818400497,2.466178075884794,0.34964987192716934,0.05,0.005555555555555556,4,5-6
5,True,3.2261402823869886e-07,1.935684169432193e-06,5.320221350992018,0.7542905081301393,0.05,0.005555555555555556,5,6-7
6,False,0.9934752318878675,1.0,-2.528092728414021,-0.3584280094586582,0.05,0.005555555555555556,6,7-8
7,False,0.9996056992063556,1.0,-3.4637372988477395,-0.49108185445893443,0.05,0.005555555555555556,7,8-9
8,False,0.9983904995375864,1.0,-3.01966954765943,-0.42812280302292954,0.05,0.005555555555555556,8,9-10
