,reject,pvals,pvals_corrected,tstats,effectsize,alpha,alpha_corrected,step,dimension_step
0,True,6.310191579051531e-39,5.679172421146378e-38,21.224799535307245,3.009210288489605,0.05,0.005555555555555556,0,1-2
1,True,1.4125508258608817e-21,1.1300406606887054e-20,12.121357510591675,1.7185422020432386,0.05,0.005555555555555556,1,2-3
2,True,6.56761304902071e-21,4.5973291343144973e-20,11.809291471404393,1.6742980934358318,0.05,0.005555555555555556,2,3-4
3,True,6.196169753871592e-20,3.717701852322955e-19,11.356181478407578,1.6100570507595373,0.05,0.005555555555555556,3,4-5
4,True,2.018855143185441e-16,1.0094275715927204e-15,9.740063300750364,1.3809269975153966,0.05,0.005555555555555556,4,5-6
5,True,1.82102316668001e-05,7.28409266672004e-05,4.325111538765685,0.6132057982299527,0.05,0.005555555555555556,5,6-7
6,True,0.007024663475945433,0.0210739904278363,2.5003560866531567,0.3544955630006316,0.05,0.005555555555555556,6,7-8
7,False,0.9930168552055885,1.0,-2.5025911806719514,-0.35481245022992725,0.05,0.005555555555555556,7,8-9
8,False,0.9999001069772169,1.0,-3.8633901287307686,-0.5477438458010632,0.05,0.005555555555555556,8,9-10
