,reject,pvals,pvals_corrected,tstats,effectsize,alpha,alpha_corrected,step,dimension_step
0,True,2.837755342661521e-52,1.9864287398630645e-51,30.37060610154256,4.305884736220859,0.05,0.005555555555555556,0,1-2
1,True,1.868952351068023e-60,1.6820571159612205e-59,37.3483681190654,5.29517809651067,0.05,0.005555555555555556,1,2-3
2,True,4.781650191288834e-55,3.825320153031067e-54,32.60168794550738,4.622203127268698,0.05,0.005555555555555556,2,3-4
3,True,5.954540700197964e-41,2.977270350098982e-40,22.464590894484786,3.184985466361671,0.05,0.005555555555555556,3,4-5
4,True,3.4950334533386266e-44,2.097020072003176e-43,24.54351841807941,3.479731717444914,0.05,0.005555555555555556,4,5-6
5,True,1.857150448629392e-23,5.571451345888176e-23,13.010517429945532,1.8446055447373009,0.05,0.005555555555555556,5,6-7
6,True,6.196767307543121e-25,2.4787069230172486e-24,13.72014667483333,1.9452153818845124,0.05,0.005555555555555556,6,7-8
7,False,0.9999999691079742,1.0,-5.856683830231859,-0.8303491021927948,0.05,0.005555555555555556,7,8-9
8,False,0.9736876806169595,1.0,-1.96154056144288,-0.2781033587132132,0.05,0.005555555555555556,8,9-10
