,reject,pvals,pvals_corrected,tstats,effectsize,alpha,alpha_corrected,step,dimension_step
0,True,2.205697247581132e-64,1.9851275228230188e-63,41.16050992511863,5.835656056025621,0.05,0.005555555555555556,0,1-2
1,True,4.531081253685813e-49,3.62486500294865e-48,27.948729851512624,3.9625158899372797,0.05,0.005555555555555556,1,2-3
2,True,3.804152666415927e-40,2.6629068664911486e-39,21.96595462367397,3.1142897976538495,0.05,0.005555555555555556,2,3-4
3,True,3.511729742259472e-36,2.107037845355683e-35,19.615216878452607,2.78100682851703,0.05,0.005555555555555556,3,4-5
4,True,4.654717070899152e-26,2.327358535449576e-25,14.26836202107785,2.022940274290806,0.05,0.005555555555555556,4,5-6
5,True,4.034630350120571e-24,1.6138521400482283e-23,13.32776478049137,1.8895842494676107,0.05,0.005555555555555556,5,6-7
6,True,4.126076106070739e-10,1.2378228318212217e-09,6.793618682764451,0.9631858808486057,0.05,0.005555555555555556,6,7-8
7,False,0.9999668887059265,1.0,-4.166532050460047,-0.5907227106060188,0.05,0.005555555555555556,7,8-9
8,False,0.993774770560745,1.0,-2.545641031704472,-0.3609159733482261,0.05,0.005555555555555556,8,9-10
