,reject,pvals,pvals_corrected,tstats,effectsize,alpha,alpha_corrected,step,dimension_step
0,True,3.030123375004065e-39,2.727111037503658e-38,21.416774119776985,3.036428067095894,0.05,0.005555555555555556,0,1-2
1,True,8.795377775188538e-38,7.03630222015083e-37,20.544389854437444,2.912743143598303,0.05,0.005555555555555556,1,2-3
2,True,1.6025366542422343e-34,1.121775657969564e-33,18.679251904096855,2.6483075572795336,0.05,0.005555555555555556,2,3-4
3,True,1.7364231781027123e-25,1.0418539068616273e-24,13.988653181315854,1.9832837057096455,0.05,0.005555555555555556,3,4-5
4,True,6.674576219540463e-18,3.3372881097702316e-17,10.419121883673302,1.4772025863999771,0.05,0.005555555555555556,4,5-6
5,True,3.245010081413811e-12,1.2980040325655243e-11,7.797793639203787,1.105555829046899,0.05,0.005555555555555556,5,6-7
6,True,1.0449455452585888e-05,3.134836635775766e-05,4.4693761006123776,0.6336593437652758,0.05,0.005555555555555556,6,7-8
7,False,0.9999999996867427,1.0,-6.851799706663663,-0.9714346718640934,0.05,0.005555555555555556,7,8-9
8,False,0.9999991765865017,1.0,-5.098557195203425,-0.7228634005582261,0.05,0.005555555555555556,8,9-10
