,reject,pvals,pvals_corrected,tstats,effectsize,alpha,alpha_corrected,step,dimension_step
0,True,1.4414489177281209e-24,1.0090142424096846e-23,13.542900718601615,1.9200857991905322,0.05,0.005555555555555556,0,1-2
1,True,4.247787883533576e-29,3.3982303068268607e-28,15.790260144052706,2.238711993692473,0.05,0.005555555555555556,1,2-3
2,True,5.229724527384194e-31,4.706752074645775e-30,16.779981300431825,2.3790327105763964,0.05,0.005555555555555556,2,3-4
3,True,2.6478149972463423e-09,1.5886889983478053e-08,6.39643569487641,0.9068740588416406,0.05,0.005555555555555556,3,4-5
4,True,0.00045215690053534416,0.0018086276021413766,3.4222328517033684,0.48519743566114315,0.05,0.005555555555555556,4,5-6
5,True,0.003754390187979656,0.011263170563938968,2.729470401147392,0.3869789394051718,0.05,0.005555555555555556,5,6-7
6,True,1.618192103728223e-08,8.090960518641116e-08,6.000651468781218,0.8507605505276359,0.05,0.005555555555555556,6,7-8
7,False,0.9999999918801522,1.0,-6.152614801812815,-0.8723056126834012,0.05,0.005555555555555556,7,8-9
8,False,0.9999995511031922,1.0,-5.242617491558087,-0.7432879857342685,0.05,0.005555555555555556,8,9-10
