,reject,pvals,pvals_corrected,tstats,effectsize,alpha,alpha_corrected,step,dimension_step
0,True,1.573222259098079e-36,1.4159000331882713e-35,19.815352735625183,2.809381696298352,0.05,0.005555555555555556,0,1-2
1,True,3.157164411481364e-23,2.525731529185091e-22,12.900752601816107,1.8290433035216938,0.05,0.005555555555555556,1,2-3
2,True,1.0732722048587541e-10,7.512905434011279e-10,7.0765871246771495,1.0033045894048436,0.05,0.005555555555555556,2,3-4
3,True,0.0003566674606313251,0.0017833373031566255,3.493937056996081,0.49536351670873396,0.05,0.005555555555555556,3,4-5
4,True,5.805591064256018e-08,3.483354638553611e-07,5.714711629760167,0.8102205631397761,0.05,0.005555555555555556,4,5-6
5,True,0.012033448156540158,0.04813379262616063,2.2912728942371134,0.3248521596449494,0.05,0.005555555555555556,5,6-7
6,False,0.6260745700740187,1.0,-0.3223717630597258,-0.04570523384704455,0.05,0.005555555555555556,6,7-8
7,False,0.9792867720990965,1.0,-2.0661417118588044,-0.29293350386939415,0.05,0.005555555555555556,7,8-9
8,False,0.9999985709909488,1.0,-4.965791632620324,-0.7040401604980512,0.05,0.005555555555555556,8,9-10
