,reject,pvals,pvals_corrected,tstats,effectsize,alpha,alpha_corrected,step,dimension_step
0,True,1.747274690727651e-42,1.5725472216548858e-41,23.43450112410114,3.3224974290550136,0.05,0.005555555555555556,0,1-2
1,True,3.182849822787251e-34,2.2279948759510756e-33,18.513922659829543,2.6248675025449857,0.05,0.005555555555555556,1,2-3
2,True,1.7314288247221568e-34,1.3851430597777255e-33,18.660571847581725,2.6456591356460857,0.05,0.005555555555555556,2,3-4
3,True,5.924175021799245e-23,2.962087510899622e-22,12.770883693244993,1.8106307453641002,0.05,0.005555555555555556,3,4-5
4,True,1.3768203357781812e-26,8.260922014669087e-26,14.5289031681145,2.0598792851367436,0.05,0.005555555555555556,4,5-6
5,True,6.861164617899638e-07,2.744465847159855e-06,5.142090282929614,0.7290354360235057,0.05,0.005555555555555556,5,6-7
6,True,9.277624558337723e-06,2.7832873675013168e-05,4.499914464173942,0.63798901282388,0.05,0.005555555555555556,6,7-8
7,False,0.9993987737244019,1.0,-3.3347599649045208,-0.4727957019966575,0.05,0.005555555555555556,7,8-9
8,False,0.9937261718635073,1.0,-2.542743035475272,-0.360505101148731,0.05,0.005555555555555556,8,9-10
