,reject,pvals,pvals_corrected,tstats,effectsize,alpha,alpha_corrected,step,dimension_step
0,True,1.1963301827103164e-65,9.570641461682531e-65,42.46022528834434,6.019927141206929,0.05,0.005555555555555556,0,1-2
1,True,6.497454244325431e-66,5.8477088198928885e-65,42.73706801629067,6.059177358097968,0.05,0.005555555555555556,1,2-3
2,True,2.986511427167044e-57,1.7919068563002262e-56,34.4705511833412,4.8871668775135175,0.05,0.005555555555555556,2,3-4
3,True,5.0536101007934205e-57,2.52680505039671e-56,34.27279200961269,4.8591289712314305,0.05,0.005555555555555556,3,4-5
4,True,9.015318253689199e-58,6.310722777582438e-57,34.9244912070095,4.951525600304164,0.05,0.005555555555555556,4,5-6
5,True,7.398485715530793e-42,2.9593942862123174e-41,23.034401958697252,3.26577215714153,0.05,0.005555555555555556,5,6-7
6,True,4.505379168353345e-33,1.3516137505060033e-32,17.883017427814718,2.5354190009427557,0.05,0.005555555555555556,6,7-8
7,False,0.9999974668047038,1.0,-4.825877146474261,-0.684203360130675,0.05,0.005555555555555556,7,8-9
8,False,0.9999569174482537,1.0,-4.095537458853696,-0.580657237189718,0.05,0.005555555555555556,8,9-10
