,reject,pvals,pvals_corrected,tstats,effectsize,alpha,alpha_corrected,step,dimension_step
0,True,2.227846666744106e-33,2.0050620000696954e-32,18.049515455463002,2.559024763483834,0.05,0.005555555555555556,0,1-2
1,True,3.4299398598384356e-21,2.7439518878707485e-20,11.941012582788284,1.6929732532614086,0.05,0.005555555555555556,1,2-3
2,True,3.674125234459411e-09,2.2044751406756464e-08,6.325533994119924,0.8968217553071405,0.05,0.005555555555555556,2,3-4
3,True,2.9232626155341287e-08,1.1693050462136515e-07,5.8690359668674015,0.8321003638047912,0.05,0.005555555555555556,3,4-5
4,True,9.705947249546105e-11,6.794163074682274e-10,7.097579318074998,1.0062808212531438,0.05,0.005555555555555556,4,5-6
5,True,6.594822937598156e-09,3.2974114687990777e-08,6.198159170491433,0.878762803602094,0.05,0.005555555555555556,5,6-7
6,False,0.7750926524639778,1.0,-0.7587333694308551,-0.10757172324354125,0.05,0.005555555555555556,6,7-8
7,False,0.9999999981830849,1.0,-6.477587002213656,-0.9183795314166534,0.05,0.005555555555555556,7,8-9
8,False,0.9999614835091771,1.0,-4.1258431786404905,-0.5849539224719889,0.05,0.005555555555555556,8,9-10
