,reject,pvals,pvals_corrected,tstats,effectsize,alpha,alpha_corrected,step,dimension_step
0,True,9.109438670678498e-68,8.198494803610648e-67,44.71820551362414,6.340059131797233,0.05,0.005555555555555556,0,1-2
1,True,3.2623707341093676e-61,2.609896587287494e-60,38.058927944079905,5.395919869476021,0.05,0.005555555555555556,1,2-3
2,True,2.5402475553424005e-59,1.7781732887396803e-58,36.307589142682,5.147618502434566,0.05,0.005555555555555556,2,3-4
3,True,3.5992479530009383e-57,2.159548771800563e-56,34.400277670257594,4.877203637190436,0.05,0.005555555555555556,3,4-5
4,True,8.364978437055758e-52,4.182489218527879e-51,30.005548496438273,4.254127587733129,0.05,0.005555555555555556,4,5-6
5,True,5.74958641195e-48,2.29983456478e-47,27.15052235109533,3.8493476021233177,0.05,0.005555555555555556,5,6-7
6,True,5.413744933066378e-42,1.6241234799199135e-41,23.12058500896437,3.277991020322113,0.05,0.005555555555555556,6,7-8
7,False,0.9999142139820204,1.0,-3.9060564002234854,-0.5537929857674405,0.05,0.005555555555555556,7,8-9
8,False,0.9998508113244848,1.0,-3.7495087117550434,-0.5315979627240023,0.05,0.005555555555555556,8,9-10
