,reject,pvals,pvals_corrected,tstats,effectsize,alpha,alpha_corrected,step,dimension_step
0,True,2.650594435780691e-39,2.385534992202622e-38,21.451915717638645,3.041410373650232,0.05,0.005555555555555556,0,1-2
1,True,7.530608891580239e-38,6.024487113264191e-37,20.584096321688502,2.918372648346873,0.05,0.005555555555555556,1,2-3
2,True,9.073980207085517e-38,6.351786144959862e-37,20.536419918033733,2.911613181707037,0.05,0.005555555555555556,2,3-4
3,True,4.175767565217483e-20,2.5054605391304898e-19,11.435645987067394,1.6213233723392113,0.05,0.005555555555555556,3,4-5
4,True,2.769824955519604e-17,1.384912477759802e-16,10.135503677797686,1.4369917555884009,0.05,0.005555555555555556,4,5-6
5,True,1.9038942474068354e-07,7.615576989627342e-07,5.442972492683313,0.7716939233137232,0.05,0.005555555555555556,5,6-7
6,True,2.000241286131351e-07,7.615576989627342e-07,5.431539729484168,0.7700730086573797,0.05,0.005555555555555556,6,7-8
7,False,0.9999999999573101,1.0,-7.268391400045276,-1.0304982219220284,0.05,0.005555555555555556,7,8-9
8,False,0.9999947933764632,1.0,-4.646565651333439,-0.6587809293970126,0.05,0.005555555555555556,8,9-10
