,reject,pvals,pvals_corrected,tstats,effectsize,alpha,alpha_corrected,step,dimension_step
0,True,1.360833097705065e-23,1.088666478164052e-22,13.074956327943108,1.8537415648212914,0.05,0.005555555555555556,0,1-2
1,True,3.232721173416303e-25,2.9094490560746724e-24,13.857267862375162,1.9646561538755218,0.05,0.005555555555555556,1,2-3
2,True,1.0464664924165222e-07,6.278798954499134e-07,5.580677752030222,0.7912175038552743,0.05,0.005555555555555556,2,3-4
3,True,4.506664891502871e-11,3.1546654240520097e-10,7.2571581419032976,1.0289055926998834,0.05,0.005555555555555556,3,4-5
4,True,2.0997586520952545e-06,1.0498793260476273e-05,4.8719791170991495,0.6907396067554443,0.05,0.005555555555555556,4,5-6
5,True,1.2586080636738143e-05,5.034432254695257e-05,4.421364650827827,0.6268523749448336,0.05,0.005555555555555556,5,6-7
6,False,0.9800416087496917,1.0,-2.082051933761113,-0.2951892238049788,0.05,0.005555555555555556,6,7-8
7,False,0.9998314431592797,1.0,-3.7144111221580474,-0.5266218955747802,0.05,0.005555555555555556,7,8-9
8,False,0.9999986878262281,1.0,-4.986455499531893,-0.7069698428635705,0.05,0.005555555555555556,8,9-10
