,reject,pvals,pvals_corrected,tstats,effectsize,alpha,alpha_corrected,step,dimension_step
0,True,2.261881556698484e-14,2.0356934010286358e-13,8.799259940627627,1.247541749470181,0.05,0.005555555555555556,0,1-2
1,True,3.491235896737929e-06,2.7929887173903433e-05,4.746506732814812,0.6729503791548885,0.05,0.005555555555555556,1,2-3
2,False,0.01828906673066925,0.12802346711468476,2.119167099271526,0.30045133889478864,0.05,0.005555555555555556,2,3-4
3,False,0.6766994514891271,1.0,-0.45989347268875996,-0.06520279107098745,0.05,0.005555555555555556,3,4-5
4,False,0.038991107340457055,0.23394664404274235,1.7809832650875959,0.2525043007362294,0.05,0.005555555555555556,4,5-6
5,False,0.35406929470334814,1.0,0.3754371318113514,0.05322873734794935,0.05,0.005555555555555556,5,6-7
6,False,0.44815167694194546,1.0,0.13066767936881812,0.018525806308587897,0.05,0.005555555555555556,6,7-8
7,False,0.6761842248810184,1.0,-0.45845340935254114,-0.06499862172652708,0.05,0.005555555555555556,7,8-9
8,False,0.9980217414737463,1.0,-2.9508053439047304,-0.41835937180170324,0.05,0.005555555555555556,8,9-10
