,reject,pvals,pvals_corrected,tstats,effectsize,alpha,alpha_corrected,step,dimension_step
0,True,3.177315748762625e-34,2.5418525990101e-33,18.51434090794144,2.624926800938799,0.05,0.005555555555555556,0,1-2
1,True,2.680007314601273e-36,2.4120065831411455e-35,19.682448123653277,2.7905387420896077,0.05,0.005555555555555556,1,2-3
2,True,8.858877306193173e-27,6.20121411433522e-26,14.623642738412352,2.073311274880304,0.05,0.005555555555555556,2,3-4
3,True,3.89485504968353e-11,2.3369130298101184e-10,7.287396420888527,1.033192716358093,0.05,0.005555555555555556,3,4-5
4,True,3.5375665715108023e-08,1.7687832857554012e-07,5.8263157857049235,0.8260435806315782,0.05,0.005555555555555556,4,5-6
5,True,2.0582623136075906e-07,8.233049254430362e-07,5.424912267188316,0.7691333801019213,0.05,0.005555555555555556,5,6-7
6,True,0.0004995444518806348,0.0014986333556419045,3.391807924471162,0.48088384938196993,0.05,0.005555555555555556,6,7-8
7,False,0.9999999813281956,1.0,-5.968913023319551,-0.8462607362200831,0.05,0.005555555555555556,7,8-9
8,False,0.9908220392454985,1.0,-2.3980638513154453,-0.33999277127820393,0.05,0.005555555555555556,8,9-10
