,reject,pvals,pvals_corrected,tstats,effectsize,alpha,alpha_corrected,step,dimension_step
0,True,6.556051609399691e-54,5.900446448459722e-53,31.67124536283276,4.490286809850684,0.05,0.005555555555555556,0,1-2
1,True,8.36455393078025e-52,6.6916431446242e-51,30.005565550674653,4.254130005649185,0.05,0.005555555555555556,1,2-3
2,True,3.2576559604015904e-43,2.2803591722811134e-42,23.906224082766325,3.3893773813565975,0.05,0.005555555555555556,2,3-4
3,True,2.1784500407939934e-32,1.307070024476396e-31,17.51339528808583,2.4830147017230884,0.05,0.005555555555555556,3,4-5
4,True,5.041235363592844e-31,2.5206176817964222e-30,16.788362631636375,2.380220999212528,0.05,0.005555555555555556,4,5-6
5,True,3.225565516949746e-22,1.2902262067798984e-21,12.422842676600403,1.76128617528413,0.05,0.005555555555555556,5,6-7
6,True,2.5189987856295443e-14,7.556996356888634e-14,8.777718661380876,1.2444876693113216,0.05,0.005555555555555556,6,7-8
7,False,0.9998324567082216,1.0,-3.7161503778285856,-0.526868483819319,0.05,0.005555555555555556,7,8-9
8,False,0.9995169529738861,1.0,-3.4020797504997824,-0.48234016865205215,0.05,0.005555555555555556,8,9-10
