,reject,pvals,pvals_corrected,tstats,effectsize,alpha,alpha_corrected,step,dimension_step
0,True,6.248110548373502e-76,5.623299493536152e-75,54.48568808729479,7.724873579841308,0.05,0.005555555555555556,0,1-2
1,True,3.8360691672638375e-63,3.06885533381107e-62,39.9213317684975,5.659967816804665,0.05,0.005555555555555556,1,2-3
2,True,6.858200261214418e-58,4.8007401828500925e-57,35.02884703789994,4.9663209645410324,0.05,0.005555555555555556,2,3-4
3,True,3.531453668406888e-56,2.118872201044133e-55,33.5501293901976,4.756671287905223,0.05,0.005555555555555556,3,4-5
4,True,1.7993079058376738e-52,8.996539529188369e-52,30.52553209559577,4.327849838623069,0.05,0.005555555555555556,4,5-6
5,True,9.138827848423752e-46,3.655531139369501e-45,25.610134037746988,3.6309543799359365,0.05,0.005555555555555556,5,6-7
6,True,3.5087793240609237e-34,1.052633797218277e-33,18.490499953905438,2.621546677416162,0.05,0.005555555555555556,6,7-8
7,False,0.9999999875631298,1.0,-6.058843485439731,-0.8590109000748934,0.05,0.005555555555555556,7,8-9
8,False,0.9999395147258447,1.0,-4.002897463614115,-0.5675229210640538,0.05,0.005555555555555556,8,9-10
