,reject,pvals,pvals_corrected,tstats,effectsize,alpha,alpha_corrected,step,dimension_step
0,True,1.2354442429118811e-52,1.111899818620693e-51,30.653858857397818,4.346043754248086,0.05,0.005555555555555556,0,1-2
1,True,3.2613266620225306e-37,2.6090613296180245e-36,20.211117985383133,2.8654925141846253,0.05,0.005555555555555556,1,2-3
2,True,5.350526076734081e-29,3.745368253713857e-28,15.739068589867005,2.231454155931361,0.05,0.005555555555555556,2,3-4
3,True,1.1712915571026776e-21,7.027749342616065e-21,12.159501504868677,1.7239501824499086,0.05,0.005555555555555556,3,4-5
4,True,1.429867953463454e-13,7.149339767317271e-13,8.429488010593559,1.1951162132759676,0.05,0.005555555555555556,4,5-6
5,True,1.4997554412564691e-06,5.999021765025877e-06,4.954065034287616,0.7023775864750047,0.05,0.005555555555555556,5,6-7
6,True,7.501500544477313e-06,2.2504501633431937e-05,4.554176433943772,0.6456821680611513,0.05,0.005555555555555556,6,7-8
7,False,0.9999999826786145,1.0,-5.985570046397776,-0.8486223361560082,0.05,0.005555555555555556,7,8-9
8,False,0.9999535775392125,1.0,-4.0752626373385565,-0.5777827129145108,0.05,0.005555555555555556,8,9-10
