,reject,pvals,pvals_corrected,tstats,effectsize,alpha,alpha_corrected,step,dimension_step
0,True,1.6071351777460528e-38,1.4464216599714476e-37,20.981751491446627,2.974751415369697,0.05,0.005555555555555556,0,1-2
1,True,6.335597268762485e-35,5.068477815009988e-34,18.904159923451047,2.6801945734409163,0.05,0.005555555555555556,1,2-3
2,True,1.683059399568303e-22,1.178141579697812e-21,12.556162838242457,1.7801880453069303,0.05,0.005555555555555556,2,3-4
3,True,2.116158936583296e-15,1.2696953619499777e-14,9.272199057087924,1.3145941262294563,0.05,0.005555555555555556,3,4-5
4,True,8.358687748974872e-14,3.3434750995899487e-13,8.537345065981754,1.2104079742285476,0.05,0.005555555555555556,4,5-6
5,True,4.636027812908208e-14,2.318013906454104e-13,8.655567271175366,1.2271692857125385,0.05,0.005555555555555556,5,6-7
6,True,3.1229317184039457e-13,9.368795155211837e-13,8.272198551542989,1.1728160234598715,0.05,0.005555555555555556,6,7-8
7,False,1.0,1.0,-10.811291280608208,-1.532803591352894,0.05,0.005555555555555556,7,8-9
8,False,0.9999999993803287,1.0,-6.707424436668888,-0.950965430345509,0.05,0.005555555555555556,8,9-10
