,reject,pvals,pvals_corrected,tstats,effectsize,alpha,alpha_corrected,step,dimension_step
0,True,1.5071673801238184e-30,1.3564506421114366e-29,16.539175512270553,2.3448917400547513,0.05,0.005555555555555556,0,1-2
1,True,3.401480730424155e-18,2.721184584339324e-17,10.553628727759527,1.4962727019232462,0.05,0.005555555555555556,1,2-3
2,True,2.7559724329477008e-17,1.9291807030633906e-16,10.13650229894372,1.4371333381282947,0.05,0.005555555555555556,2,3-4
3,True,4.655941600795442e-14,2.793564960477265e-13,8.654708288817865,1.227047500885147,0.05,0.005555555555555556,3,4-5
4,True,1.7325463080212736e-09,8.662731540106368e-09,6.487806492892666,0.9198284306839113,0.05,0.005555555555555556,4,5-6
5,False,0.41376507325070033,1.0,0.21844748614031922,0.030971054482499892,0.05,0.005555555555555556,5,6-7
6,True,0.0025356463156486226,0.01014258526259449,2.866450875494668,0.4063997613565082,0.05,0.005555555555555556,6,7-8
7,False,0.9999964572599016,1.0,-4.742865630666925,-0.6724341508613475,0.05,0.005555555555555556,7,8-9
8,False,0.9184055030901773,1.0,-1.404873148448497,-0.19918014892444566,0.05,0.005555555555555556,8,9-10
