,reject,pvals,pvals_corrected,tstats,effectsize,alpha,alpha_corrected,step,dimension_step
0,True,1.5004312316340618e-42,1.3503881084706556e-41,23.477003997205014,3.3285234027195365,0.05,0.005555555555555556,0,1-2
1,True,3.828448496145798e-36,3.0627587969166386e-35,19.593767013545136,2.777965708903208,0.05,0.005555555555555556,1,2-3
2,True,2.2952498125322198e-32,1.606674868772554e-31,17.501214702325665,2.481287762256435,0.05,0.005555555555555556,2,3-4
3,True,3.2448240506258237e-20,1.9468944303754942e-19,11.486481222743224,1.6285306919635514,0.05,0.005555555555555556,3,4-5
4,True,1.1417507746456144e-13,4.567003098582458e-13,8.474716868142469,1.2015286716479021,0.05,0.005555555555555556,4,5-6
5,True,6.670279213878033e-17,3.335139606939016e-16,9.960500428371372,1.4121801394496123,0.05,0.005555555555555556,5,6-7
6,True,8.039822171780329e-08,2.411946651534099e-07,5.640824479533307,0.7997449884574342,0.05,0.005555555555555556,6,7-8
7,False,0.9999958237078402,1.0,-4.701852340193342,-0.6666193672892994,0.05,0.005555555555555556,7,8-9
8,False,0.9959913747993256,1.0,-2.7061398601502997,-0.38367118123823646,0.05,0.005555555555555556,8,9-10
