{
  "data": {
    "name": "normal-8-100",
    "n_dimension": 8,
    "distance": "euclidean",
    "subject": null,
    "n_objects": 100,
    "n_train_triplets": 14736,
    "n_test_triplets": 10000,
    "frac_train_ndlogn": 3.999852178328949,
    "frac_train_triplets": 0.030377241805813235,
    "max_train_score": 0.7875950054288816,
    "max_test_score": 0.7875,
    "noise_sd": 1.0,
    "distance_sd": 1.0685017225988704,
    "distance_mean": 3.875293174519649,
    "difference_sd": 0.9475487816560538,
    "difference_mean": -0.11528939407556558
  },
  "n_repeats": 10,
  "n_splits": 10,
  "embedding_method": "soe",
  "embedding_dimension": [
    1,
    2,
    3,
    4,
    5,
    6,
    7,
    8,
    9,
    10
  ],
  "random_state": 2950845082,
  "alpha": 0.05
}