,reject,pvals,pvals_corrected,tstats,effectsize,alpha,alpha_corrected,step,dimension_step
0,True,5.153429115625712e-56,4.638086204063141e-55,33.411142969851454,4.736966066879686,0.05,0.005555555555555556,0,1-2
1,True,1.1630586361798746e-46,8.141410453259123e-46,26.228474408424418,3.718621460236776,0.05,0.005555555555555556,1,2-3
2,True,3.56493943562453e-52,2.851951548499624e-51,30.293270775389836,4.294920285944881,0.05,0.005555555555555556,2,3-4
3,True,5.301919344037805e-40,3.181151606422683e-39,21.877480864720624,3.1017461623059224,0.05,0.005555555555555556,3,4-5
4,True,2.1954600431403924e-26,8.78184017256157e-26,14.42889617884106,2.0457004911018744,0.05,0.005555555555555556,4,5-6
5,True,3.684767720405423e-21,1.105430316121627e-20,11.926467500514256,1.6909110801344904,0.05,0.005555555555555556,5,6-7
6,True,1.0011024514314464e-27,5.0055122571572315e-27,15.095558513891367,2.140218564370115,0.05,0.005555555555555556,6,7-8
7,False,0.9999998887501351,1.0,-5.566672731771197,-0.7892318996575124,0.05,0.005555555555555556,7,8-9
8,False,0.9999872129441746,1.0,-4.417262230226825,-0.6262707418293024,0.05,0.005555555555555556,8,9-10
