,reject,pvals,pvals_corrected,tstats,effectsize,alpha,alpha_corrected,step,dimension_step
0,True,1.0641777606176827e-78,9.577599845559144e-78,58.22558880043054,8.25510933943831,0.05,0.005555555555555556,0,1-2
1,True,3.0894442087136596e-64,2.1626109460995617e-63,41.012556486107094,5.814679508748916,0.05,0.005555555555555556,1,2-3
2,True,2.1878364995952055e-67,1.7502691996761644e-66,44.30478420043285,6.281445072000502,0.05,0.005555555555555556,2,3-4
3,True,3.133305832779508e-56,1.8799834996677047e-55,33.59421921510897,4.762922256472455,0.05,0.005555555555555556,3,4-5
4,True,5.538419481537766e-52,2.769209740768883e-51,30.144373919600692,4.273809982894947,0.05,0.005555555555555556,4,5-6
5,True,1.935975063045529e-46,7.743900252182115e-46,26.074606461366947,3.696806365654427,0.05,0.005555555555555556,5,6-7
6,True,4.77192043319576e-43,1.431576129958728e-42,23.798431063966014,3.374094699385366,0.05,0.005555555555555556,6,7-8
7,False,0.9998639454820233,1.0,-3.7758676235145705,-0.5353350773350596,0.05,0.005555555555555556,7,8-9
8,False,0.9843511473026599,1.0,-2.1843430893293316,-0.3096918624398137,0.05,0.005555555555555556,8,9-10
