{
  "data": {
    "name": "normal-8-100",
    "n_dimension": 8,
    "distance": "euclidean",
    "subject": null,
    "n_objects": 100,
    "n_train_triplets": 14736,
    "n_test_triplets": 10000,
    "frac_train_ndlogn": 3.999852178328949,
    "frac_train_triplets": 0.030377241805813235,
    "max_train_score": 0.675285016286645,
    "max_test_score": 0.6774,
    "noise_sd": 2.0,
    "distance_sd": 1.0752482492024702,
    "distance_mean": 4.0558255563922785,
    "difference_sd": 0.9682459545513252,
    "difference_mean": -0.0761797361199093
  },
  "n_repeats": 10,
  "n_splits": 10,
  "embedding_method": "soe",
  "embedding_dimension": [
    1,
    2,
    3,
    4,
    5,
    6,
    7,
    8,
    9,
    10
  ],
  "random_state": 4123604566,
  "alpha": 0.05
}