,reject,pvals,pvals_corrected,tstats,effectsize,alpha,alpha_corrected,step,dimension_step
0,True,3.62035260438336e-58,3.258317343945024e-57,35.27366797948988,5.001031195610335,0.05,0.005555555555555556,0,1-2
1,True,7.862204530417379e-48,5.503543171292165e-47,27.053435513158988,3.83558282139552,0.05,0.005555555555555556,1,2-3
2,True,7.99765131748845e-48,5.503543171292165e-47,27.04814396351603,3.834832595905703,0.05,0.005555555555555556,2,3-4
3,True,1.050137593506449e-50,8.401100748051592e-50,29.164923043427805,4.134945366117451,0.05,0.005555555555555556,3,4-5
4,True,3.187090309401839e-32,1.5935451547009196e-31,17.424756885982255,2.4704477235934874,0.05,0.005555555555555556,4,5-6
5,True,9.512365280325867e-24,2.8537095840977604e-23,13.149274471586503,1.8642782449016442,0.05,0.005555555555555556,5,6-7
6,True,4.7891183066294625e-24,1.915647322651785e-23,13.292032546236513,1.8845182036483525,0.05,0.005555555555555556,6,7-8
7,False,0.999235296024614,1.0,-3.259710664428479,-0.46215535994015083,0.05,0.005555555555555556,7,8-9
8,False,0.9999998760478147,1.0,-5.541886394887689,-0.7857177416161255,0.05,0.005555555555555556,8,9-10
