,reject,pvals,pvals_corrected,tstats,effectsize,alpha,alpha_corrected,step,dimension_step
0,True,1.5013815221387738e-54,1.3512433699248965e-53,32.192329233715256,4.564165055099463,0.05,0.005555555555555556,0,1-2
1,True,4.771469839903151e-51,3.817175871922521e-50,29.424981739405144,4.1718159760021,0.05,0.005555555555555556,1,2-3
2,True,1.0431706830362595e-40,7.302194781253817e-40,22.31304156135659,3.1634991002970834,0.05,0.005555555555555556,2,3-4
3,True,1.2551999623831673e-29,6.275999811915837e-29,16.06188278359764,2.277222116727823,0.05,0.005555555555555556,3,4-5
4,True,1.095876685171158e-30,6.575260111026947e-30,16.611500626608834,2.355145852364312,0.05,0.005555555555555556,4,5-6
5,True,7.75340276127117e-21,3.101361104508468e-20,11.775679027417679,1.669532587307124,0.05,0.005555555555555556,5,6-7
6,True,4.089419151436285e-17,1.2268257454308854e-16,10.05791149363843,1.425990888489986,0.05,0.005555555555555556,6,7-8
7,False,0.9999998988809368,1.0,-5.5885190645422975,-0.7923292297044324,0.05,0.005555555555555556,7,8-9
8,False,0.9880679783973968,1.0,-2.2946612132308926,-0.32533254884060725,0.05,0.005555555555555556,8,9-10
