,reject,pvals,pvals_corrected,tstats,effectsize,alpha,alpha_corrected,step,dimension_step
0,True,1.3745521867372558e-32,1.2370969680635303e-31,17.62097995837289,2.498267844452329,0.05,0.005555555555555556,0,1-2
1,True,1.4547099591314922e-31,1.1637679673051938e-30,17.073351354594877,2.420626139237697,0.05,0.005555555555555556,1,2-3
2,True,1.674580306567935e-19,1.1722062145975545e-18,11.156335365139304,1.5817232622984891,0.05,0.005555555555555556,2,3-4
3,True,5.738104967740661e-14,3.4428629806443965e-13,8.612814827594105,1.221107928437112,0.05,0.005555555555555556,3,4-5
4,True,2.062185080762404e-06,1.031092540381202e-05,4.876402427485448,0.6913667349929332,0.05,0.005555555555555556,4,5-6
5,False,0.21636546247472183,0.8654618498988873,0.7877398131672528,0.11168419972553877,0.05,0.005555555555555556,5,6-7
6,False,0.8065765803600429,1.0,-0.8691877439248065,-0.1232317269850593,0.05,0.005555555555555556,6,7-8
7,False,0.9999999965748634,1.0,-6.340747564785549,-0.8989787054020285,0.05,0.005555555555555556,7,8-9
8,False,0.9999993820989834,1.0,-5.166996171861612,-0.7325665439189407,0.05,0.005555555555555556,8,9-10
