{
  "data": {
    "name": "normal-8-100",
    "n_dimension": 8,
    "distance": "euclidean",
    "subject": null,
    "n_objects": 100,
    "n_train_triplets": 29473,
    "n_test_triplets": 10000,
    "frac_train_ndlogn": 7.999975790709088,
    "frac_train_triplets": 0.06075654504225933,
    "max_train_score": 0.8800936450310454,
    "max_test_score": 0.8764,
    "noise_sd": 0.5,
    "distance_sd": 1.071428341409849,
    "distance_mean": 3.9544797871337964,
    "difference_sd": 0.9466013513067082,
    "difference_mean": -0.15038111100031304
  },
  "n_repeats": 10,
  "n_splits": 10,
  "embedding_method": "soe",
  "embedding_dimension": [
    1,
    2,
    3,
    4,
    5,
    6,
    7,
    8,
    9,
    10
  ],
  "random_state": 2378521340,
  "alpha": 0.05
}