,reject,pvals,pvals_corrected,tstats,effectsize,alpha,alpha_corrected,step,dimension_step
0,True,1.689422520174216e-41,1.5204802681567942e-40,22.807630829437283,3.2336209929259936,0.05,0.005555555555555556,0,1-2
1,True,1.496382056109535e-31,8.97829233665721e-31,17.066848591811574,2.419704190333606,0.05,0.005555555555555556,1,2-3
2,True,1.1004005709388609e-36,8.803204567510887e-36,19.9048371837074,2.8220686251610196,0.05,0.005555555555555556,2,3-4
3,True,7.1767808044383616e-34,5.023746563106853e-33,18.3190812812054,2.597243275507932,0.05,0.005555555555555556,3,4-5
4,True,1.8732214769626166e-11,7.492885907850466e-11,7.438610740468582,1.0546315848614354,0.05,0.005555555555555556,4,5-6
5,True,6.534509198767425e-08,1.9603527596302274e-07,5.687921105989329,0.8064222554275584,0.05,0.005555555555555556,5,6-7
6,True,2.1747708009301595e-18,1.0873854004650797e-17,10.64294960610327,1.5089364401904464,0.05,0.005555555555555556,6,7-8
7,False,0.999992396694656,1.0,-4.550745467621387,-0.6451957324112123,0.05,0.005555555555555556,7,8-9
8,False,0.9999991316233117,1.0,-5.0858323788911735,-0.7210593011554369,0.05,0.005555555555555556,8,9-10
