,reject,pvals,pvals_corrected,tstats,effectsize,alpha,alpha_corrected,step,dimension_step
0,True,2.167022295050473e-43,1.950320065545426e-42,24.02171546518234,3.405751522163913,0.05,0.005555555555555556,0,1-2
1,True,1.3575562176788163e-24,8.145337306072897e-24,13.555466367015208,1.921867332082036,0.05,0.005555555555555556,1,2-3
2,True,8.270444298054733e-35,6.616355438443786e-34,18.83941324669414,2.671014917090415,0.05,0.005555555555555556,2,3-4
3,True,1.7549991069369282e-31,1.2284993748558498e-30,17.030167703488203,2.4145036462083245,0.05,0.005555555555555556,3,4-5
4,True,3.27059729112311e-14,1.308238916449244e-13,8.725453728880147,1.2370776500860856,0.05,0.005555555555555556,4,5-6
5,True,1.774274410102357e-22,8.871372050511785e-22,12.54533325284176,1.7786526480112503,0.05,0.005555555555555556,5,6-7
6,True,3.9181002721171023e-11,1.1754300816351308e-10,7.286163838727098,1.0330179632860834,0.05,0.005555555555555556,6,7-8
7,False,0.9999999999999897,1.0,-8.956586565979402,-1.269847208651285,0.05,0.005555555555555556,7,8-9
8,False,0.9999999988798648,1.0,-6.5812801559756045,-0.9330809425949934,0.05,0.005555555555555556,8,9-10
