,reject,pvals,pvals_corrected,tstats,effectsize,alpha,alpha_corrected,step,dimension_step
0,True,1.6620641406687228e-55,1.4958577266018506e-54,32.98359072330958,4.676348551174983,0.05,0.005555555555555556,0,1-2
1,True,7.792685761861673e-54,6.234148609489338e-53,31.610616574434236,4.481690979603901,0.05,0.005555555555555556,1,2-3
2,True,9.686444635391113e-45,6.780511244773779e-44,24.915344723811085,3.532448518980662,0.05,0.005555555555555556,2,3-4
3,True,1.4787580840271006e-30,5.915032336108402e-30,16.543490083356392,2.3455034514483186,0.05,0.005555555555555556,3,4-5
4,True,4.184605419822395e-33,2.510763251893437e-32,17.90044078278099,2.537889249904933,0.05,0.005555555555555556,4,5-6
5,True,1.6645690104987113e-31,8.322845052493557e-31,17.04233571357019,2.4162288027200853,0.05,0.005555555555555556,5,6-7
6,True,7.017994038494406e-22,2.1053982115483217e-21,12.263950257477887,1.7387587209451105,0.05,0.005555555555555556,6,7-8
7,False,0.9999958431542383,1.0,-4.703018574271497,-0.6667847136606955,0.05,0.005555555555555556,7,8-9
8,False,0.9998429059913865,1.0,-3.7346882200112717,-0.5294967425847192,0.05,0.005555555555555556,8,9-10
