,reject,pvals,pvals_corrected,tstats,effectsize,alpha,alpha_corrected,step,dimension_step
0,True,2.1539510853727123e-25,1.938555976835441e-24,13.943054228460078,1.9768187759537863,0.05,0.005555555555555556,0,1-2
1,True,7.956655752912848e-20,6.365324602330278e-19,11.305867348746816,1.602923612520005,0.05,0.005555555555555556,1,2-3
2,True,2.563706754015916e-12,1.7945947278111415e-11,7.845795492478115,1.1123614372930164,0.05,0.005555555555555556,2,3-4
3,False,0.1506990160754156,0.6027960643016624,1.0388652627818533,0.1472882715295976,0.05,0.005555555555555556,3,4-5
4,False,0.01293704763720802,0.0646852381860401,2.2621475467979293,0.320722825230081,0.05,0.005555555555555556,4,5-6
5,False,0.2717340038090602,0.8152020114271806,0.6096839258719113,0.08643978660003543,0.05,0.005555555555555556,5,6-7
6,True,0.0026933691294009784,0.01616021477640587,2.8456861923908985,0.40345578546975625,0.05,0.005555555555555556,6,7-8
7,False,0.999987865168817,1.0,-4.430811174063443,-0.628191684409867,0.05,0.005555555555555556,7,8-9
8,False,0.9998556766505542,1.0,-3.759005703072957,-0.5329444274543769,0.05,0.005555555555555556,8,9-10
