,reject,pvals,pvals_corrected,tstats,effectsize,alpha,alpha_corrected,step,dimension_step
0,True,1.908731557609936e-61,1.7178584018489423e-60,38.27948179741105,5.427189560551598,0.05,0.005555555555555556,0,1-2
1,True,1.2846696181645138e-52,1.0277356945316111e-51,30.640502805023505,4.344150159439262,0.05,0.005555555555555556,1,2-3
2,True,2.396035867179533e-45,1.677225107025673e-44,25.3247659318168,3.590495451740011,0.05,0.005555555555555556,2,3-4
3,True,7.050176636680521e-25,3.5250883183402606e-24,13.693009962597204,1.9413679922532985,0.05,0.005555555555555556,3,4-5
4,True,3.046859240550538e-14,9.965768523062814e-14,8.739640793315935,1.2390890641488013,0.05,0.005555555555555556,4,5-6
5,True,1.0578570980334563e-27,6.347142588200738e-27,15.083550429463092,2.1385160818026585,0.05,0.005555555555555556,5,6-7
6,True,2.4914421307657035e-14,9.965768523062814e-14,8.779919720041736,1.2447997310745818,0.05,0.005555555555555556,6,7-8
7,False,0.9983152212301276,1.0,-3.004503900444797,-0.4259726474205663,0.05,0.005555555555555556,7,8-9
8,False,0.9999997938757306,1.0,-5.424576792516033,-0.7690858171634031,0.05,0.005555555555555556,8,9-10
