,reject,pvals,pvals_corrected,tstats,effectsize,alpha,alpha_corrected,step,dimension_step
0,True,2.2104365585997367e-57,1.989392902739763e-56,34.5841209119664,4.903268570029926,0.05,0.005555555555555556,0,1-2
1,True,8.738769954087129e-42,6.991015963269703e-41,22.988551522832562,3.2592715726198134,0.05,0.005555555555555556,1,2-3
2,True,2.4368022936845893e-33,1.5283557246031857e-32,18.028273762125536,2.5560131580253365,0.05,0.005555555555555556,2,3-4
3,True,5.0005566930290795e-33,2.5002783465145397e-32,17.858434028524414,2.531933614993769,0.05,0.005555555555555556,3,4-5
4,True,2.183365320861694e-33,1.5283557246031857e-32,18.054295885686873,2.5597025234687583,0.05,0.005555555555555556,4,5-6
5,True,8.049738781977931e-11,2.4149216345933794e-10,7.136589766322769,1.0118116457978235,0.05,0.005555555555555556,5,6-7
6,True,2.6236438558167603e-13,1.0494575423267041e-12,8.307312891990712,1.1777944655117287,0.05,0.005555555555555556,6,7-8
7,False,0.9999144520748545,1.0,-3.9068325449172847,-0.5539030260339718,0.05,0.005555555555555556,7,8-9
8,False,0.9999118527205278,1.0,-3.8984684930321643,-0.5527171872257278,0.05,0.005555555555555556,8,9-10
