,reject,pvals,pvals_corrected,tstats,effectsize,alpha,alpha_corrected,step,dimension_step
0,True,2.4670828018305425e-34,1.973666241464434e-33,18.575203316995474,2.633555753462143,0.05,0.005555555555555556,0,1-2
1,True,2.1221894350870403e-45,1.9099704915783363e-44,25.36056890529908,3.595571526827654,0.05,0.005555555555555556,1,2-3
2,True,1.4081967557580026e-23,9.857377290306018e-23,13.067861919351772,1.8527357335394323,0.05,0.005555555555555556,2,3-4
3,True,3.760646138407839e-15,1.8803230692039196e-14,9.15757585421881,1.2983430742089372,0.05,0.005555555555555556,3,4-5
4,True,5.117519128944864e-23,3.0705114773669184e-22,12.801056746580125,1.8149086214580619,0.05,0.005555555555555556,4,5-6
5,True,6.112283889998151e-06,2.4449135559992603e-05,4.60612229688772,0.6530469502328449,0.05,0.005555555555555556,5,6-7
6,True,9.97785969371987e-05,0.00029933579081159613,3.8637124504086926,0.5477895439339383,0.05,0.005555555555555556,6,7-8
7,False,0.999999998962111,1.0,-6.5975759788877735,-0.9353913322825441,0.05,0.005555555555555556,7,8-9
8,False,0.9999999859997033,1.0,-6.032694750871395,-0.8553035839721842,0.05,0.005555555555555556,8,9-10
