,reject,pvals,pvals_corrected,tstats,effectsize,alpha,alpha_corrected,step,dimension_step
0,True,5.6162769353411605e-68,5.054649241807044e-67,44.94790258711789,6.372625130625326,0.05,0.005555555555555556,0,1-2
1,True,4.964590375446633e-51,3.9716723003573063e-50,29.411857810832775,4.169955291248886,0.05,0.005555555555555556,1,2-3
2,True,3.399055749836655e-48,2.3793390248856585e-47,27.314195407268905,3.8725528457708136,0.05,0.005555555555555556,2,3-4
3,True,2.1085711644786825e-37,1.2651426986872094e-36,20.321654166956765,2.88116411637283,0.05,0.005555555555555556,3,4-5
4,True,3.932702542636753e-26,1.9663512713183764e-25,14.304312694671136,2.02803729000938,0.05,0.005555555555555556,4,5-6
5,True,1.0529354418146546e-11,3.1588063254439636e-11,7.557073457210425,1.0714269955991897,0.05,0.005555555555555556,5,6-7
6,True,1.4769356915747023e-12,5.907742766298809e-12,7.957896230572504,1.12825485922427,0.05,0.005555555555555556,6,7-8
7,False,0.9997695684772747,1.0,-3.623504332475369,-0.5137333099204556,0.05,0.005555555555555556,7,8-9
8,False,0.9999998835787227,1.0,-5.556262513617846,-0.787755959424467,0.05,0.005555555555555556,8,9-10
