,reject,pvals,pvals_corrected,tstats,effectsize,alpha,alpha_corrected,step,dimension_step
0,True,3.025688838434543e-38,2.7231199545910887e-37,20.818277862918595,2.951574446181132,0.05,0.005555555555555556,0,1-2
1,True,6.27162428037651e-32,5.017299424301208e-31,17.26763389618481,2.4481711354603375,0.05,0.005555555555555556,1,2-3
2,True,3.3197751556800144e-31,2.32384260897601e-30,16.883891485648967,2.3937648920471393,0.05,0.005555555555555556,2,3-4
3,True,2.5750665340476796e-21,1.5450399204286076e-20,11.999229107993616,1.701227077582179,0.05,0.005555555555555556,3,4-5
4,True,6.456327782112193e-10,3.2281638910560965e-09,6.698705645895889,0.9497292973561889,0.05,0.005555555555555556,4,5-6
5,True,1.0573590563004624e-05,4.2294362252018494e-05,4.466337417699999,0.6332285252848385,0.05,0.005555555555555556,5,6-7
6,True,0.00464985746956513,0.01394957240869539,2.652782709829247,0.3761063095209087,0.05,0.005555555555555556,6,7-8
7,False,0.9999042692240655,1.0,-3.875347561636949,-0.5494391470954451,0.05,0.005555555555555556,7,8-9
8,False,0.9928343934601338,1.0,-2.49285590367707,-0.35343220182543417,0.05,0.005555555555555556,8,9-10
