,reject,pvals,pvals_corrected,tstats,effectsize,alpha,alpha_corrected,step,dimension_step
0,True,1.3142337483182994e-64,1.1828103734864694e-63,41.38879800134836,5.868022289995804,0.05,0.005555555555555556,0,1-2
1,True,6.349760112260735e-55,5.079808089808588e-54,32.49981187427321,4.607759338473483,0.05,0.005555555555555556,1,2-3
2,True,1.8248577207526475e-54,1.2774004045268533e-53,32.1229488081979,4.554328434973118,0.05,0.005555555555555556,2,3-4
3,True,1.789406708162339e-48,8.947033540811694e-48,27.515010343754827,3.9010239920801384,0.05,0.005555555555555556,3,4-5
4,True,2.0908703674065676e-53,1.2545222204439405e-52,31.266140705813495,4.432851869191312,0.05,0.005555555555555556,4,5-6
5,True,1.3864815399712088e-47,5.545926159884835e-47,26.87811559553191,3.8107263086627174,0.05,0.005555555555555556,5,6-7
6,True,1.8407701690357854e-43,5.522310507107357e-43,24.068053543597884,3.4123212436863675,0.05,0.005555555555555556,6,7-8
7,False,0.9999960946054581,1.0,-4.718594732674687,-0.6689930707311145,0.05,0.005555555555555556,7,8-9
8,False,0.9999320842899627,1.0,-3.9709530267946405,-0.5629939017073686,0.05,0.005555555555555556,8,9-10
