,reject,pvals,pvals_corrected,tstats,effectsize,alpha,alpha_corrected,step,dimension_step
0,True,1.5599920222288092e-19,1.4039928200059283e-18,11.170567323650948,1.5837410413548874,0.05,0.005555555555555556,0,1-2
1,True,9.377695024264354e-09,7.502156019411483e-08,6.121004018516689,0.8678238980663241,0.05,0.005555555555555556,1,2-3
2,True,0.006134299551144772,0.04294009685801341,2.551118350520682,0.3616925368256647,0.05,0.005555555555555556,2,3-4
3,False,0.9997523681006065,1.0,-3.6023637291825397,-0.5107360368094501,0.05,0.005555555555555556,3,4-5
4,False,0.9580885907639574,1.0,-1.7465167626073157,-0.2476177078758644,0.05,0.005555555555555556,4,5-6
5,False,0.8846352838720651,1.0,-1.2059019713115982,-0.17097040718543718,0.05,0.005555555555555556,5,6-7
6,False,0.3283793656430733,1.0,0.44573945355999434,0.06319606210683831,0.05,0.005555555555555556,6,7-8
7,False,0.974212782265788,1.0,-1.970496188064983,-0.2793730698229117,0.05,0.005555555555555556,7,8-9
8,False,0.9614238133171751,1.0,-1.7860518244653514,-0.25322291110529277,0.05,0.005555555555555556,8,9-10
