,reject,pvals,pvals_corrected,tstats,effectsize,alpha,alpha_corrected,step,dimension_step
0,True,5.431772289429028e-48,4.888595060486125e-47,27.168192062389778,3.8518527790006516,0.05,0.005555555555555556,0,1-2
1,True,5.613475108344832e-31,3.9294325758413826e-30,16.76381884409362,2.376741229339116,0.05,0.005555555555555556,1,2-3
2,True,2.9910933840264084e-23,1.4955466920132041e-22,12.911918770616845,1.8306264209491303,0.05,0.005555555555555556,2,3-4
3,True,8.980497226770398e-33,7.184397781416319e-32,17.720733980800446,2.512410773345857,0.05,0.005555555555555556,3,4-5
4,True,9.433792715297717e-29,5.66027562917863e-28,15.613590463772997,2.2136641142683353,0.05,0.005555555555555556,4,5-6
5,True,7.111733778005082e-14,2.8446935112020326e-13,8.569767176432206,1.2150047172121385,0.05,0.005555555555555556,5,6-7
6,True,9.543498215288776e-12,2.8630494645866328e-11,7.577244259107494,1.0742867721777518,0.05,0.005555555555555556,6,7-8
7,False,0.9976916126941098,1.0,-2.8985580037262295,-0.41095184678127505,0.05,0.005555555555555556,7,8-9
8,False,0.9998546900213386,1.0,-3.7570554710499295,-0.5326679273979747,0.05,0.005555555555555556,8,9-10
