,reject,pvals,pvals_corrected,tstats,effectsize,alpha,alpha_corrected,step,dimension_step
0,True,2.1689529838727256e-32,1.9520576854854532e-31,17.51441444009026,2.4831591950876617,0.05,0.005555555555555556,0,1-2
1,True,2.749602132721082e-25,2.1996817061768656e-24,13.891447209009552,1.9695020343454395,0.05,0.005555555555555556,1,2-3
2,True,3.4200929297521167e-08,2.05205575785127e-07,5.8338895699961295,0.8271173768563193,0.05,0.005555555555555556,2,3-4
3,True,2.171989736581833e-06,8.687958946327332e-06,4.863687915877671,0.6895640965708555,0.05,0.005555555555555556,3,4-5
4,True,2.3018690539788482e-12,1.6113083377851938e-11,7.867719278457656,1.1154697485033311,0.05,0.005555555555555556,4,5-6
5,True,6.30555868340099e-08,3.1527793417004946e-07,5.6960057045559145,0.8075684738945177,0.05,0.005555555555555556,5,6-7
6,False,0.9903304011952594,1.0,-2.3777492167687404,-0.3371126023897694,0.05,0.005555555555555556,6,7-8
7,False,0.9999101156673392,1.0,-3.893009356490873,-0.551943201595428,0.05,0.005555555555555556,7,8-9
8,False,0.9999907684742197,1.0,-4.501190729421009,-0.6381699591977634,0.05,0.005555555555555556,8,9-10
