,reject,pvals,pvals_corrected,tstats,effectsize,alpha,alpha_corrected,step,dimension_step
0,True,4.144914746410356e-44,3.73042327176932e-43,24.49440601685028,3.4727686578963284,0.05,0.005555555555555556,0,1-2
1,True,1.4319638420078063e-33,1.145571073606245e-32,18.154436832849484,2.573900309789404,0.05,0.005555555555555556,1,2-3
2,True,3.7145264865398034e-22,2.228715891923882e-21,12.39395907341515,1.7571911148936123,0.05,0.005555555555555556,2,3-4
3,True,1.6664452608856724e-23,1.1665116826199706e-22,13.032961488834234,1.8477876192163083,0.05,0.005555555555555556,3,4-5
4,True,1.4428872319499706e-11,7.214436159749853e-11,7.492341216461184,1.0622493859574325,0.05,0.005555555555555556,4,5-6
5,True,1.3963969975880993e-06,5.585587990352397e-06,4.971388945103034,0.70483373644127,0.05,0.005555555555555556,5,6-7
6,True,0.00020057478086385225,0.0006017243425915568,3.6640293972059808,0.5194788738079357,0.05,0.005555555555555556,6,7-8
7,False,0.9999441777544706,1.0,-4.0249229074424555,-0.5706456451240167,0.05,0.005555555555555556,7,8-9
8,False,0.9510375470058824,1.0,-1.6707738166329982,-0.2368790221263347,0.05,0.005555555555555556,8,9-10
