,reject,pvals,pvals_corrected,tstats,effectsize,alpha,alpha_corrected,step,dimension_step
0,True,2.6745872765232044e-20,2.1396698212185635e-19,11.525455453989036,1.6340563817330012,0.05,0.005555555555555556,0,1-2
1,True,8.839899068993678e-15,6.187929348295575e-14,8.98702890185904,1.2741632630942152,0.05,0.005555555555555556,1,2-3
2,True,3.849973170893599e-21,3.464975853804239e-20,11.917567625365272,1.6896492733588815,0.05,0.005555555555555556,2,3-4
3,False,0.03789747206726119,0.11369241620178358,1.7944409108566457,0.25441229925653147,0.05,0.005555555555555556,3,4-5
4,True,0.0013829344812702274,0.006914672406351137,3.0696371571872545,0.4352071123202792,0.05,0.005555555555555556,4,5-6
5,True,1.256099124081278e-08,7.536594744487668e-08,6.056652334742273,0.8587002430431767,0.05,0.005555555555555556,5,6-7
6,False,0.02626775725516413,0.10507102902065651,1.9622946492753266,0.2782102718013697,0.05,0.005555555555555556,6,7-8
7,False,0.9995970038897389,1.0,-3.4571471318045504,-0.49014751355096775,0.05,0.005555555555555556,7,8-9
8,False,0.9999615659544916,1.0,-4.126421495258132,-0.5850359150633873,0.05,0.005555555555555556,8,9-10
