,reject,pvals,pvals_corrected,tstats,effectsize,alpha,alpha_corrected,step,dimension_step
0,True,1.4476550950001632e-62,1.3028895855001469e-61,39.35643172773872,5.5798774012607275,0.05,0.005555555555555556,0,1-2
1,True,2.506079109274245e-52,2.004863287419396e-51,30.412807753944556,4.311868003407345,0.05,0.005555555555555556,1,2-3
2,True,3.7174771812036433e-48,2.6022340268425505e-47,27.28625832177168,3.8685919807945006,0.05,0.005555555555555556,2,3-4
3,True,4.735907790598436e-29,2.367953895299218e-28,15.766124344539277,2.2352900675585694,0.05,0.005555555555555556,3,4-5
4,True,5.023176582994068e-38,3.0139059497964408e-37,20.68788205046079,2.933087184627907,0.05,0.005555555555555556,4,5-6
5,True,1.360363487008043e-18,4.081090461024129e-18,10.736708235966004,1.5222293541304952,0.05,0.005555555555555556,5,6-7
6,True,3.576184299305894e-21,1.4304737197223575e-20,11.932537841155753,1.6917717210787144,0.05,0.005555555555555556,6,7-8
7,False,0.999686183064255,1.0,-3.5322226911433154,-0.5007915785373301,0.05,0.005555555555555556,7,8-9
8,False,0.9728400668205146,1.0,-1.9473993987482265,-0.27609845250897935,0.05,0.005555555555555556,8,9-10
