,reject,pvals,pvals_corrected,tstats,effectsize,alpha,alpha_corrected,step,dimension_step
0,True,1.1111163337424334e-65,1.00000470036819e-64,42.49365149369377,6.024666242788329,0.05,0.005555555555555556,0,1-2
1,True,4.605402085175297e-56,3.2237814596227078e-55,33.45243767944903,4.742820749501045,0.05,0.005555555555555556,1,2-3
2,True,5.240631447208661e-52,3.1443788683251966e-51,30.16302013859995,4.276453607112017,0.05,0.005555555555555556,2,3-4
3,True,1.37848860022064e-59,1.102790880176512e-58,36.549116824953366,5.181861821681799,0.05,0.005555555555555556,3,4-5
4,True,3.6884003452058684e-48,1.8442001726029343e-47,27.2887072402612,3.868939183636255,0.05,0.005555555555555556,4,5-6
5,True,6.563355225498858e-39,2.625342090199543e-38,21.2145367749863,3.0077552545377078,0.05,0.005555555555555556,5,6-7
6,True,8.002392520782044e-37,2.4007177562346133e-36,19.984780782589073,2.8334028712090653,0.05,0.005555555555555556,6,7-8
7,False,0.9795551535477596,1.0,-2.071740549271225,-0.2937272960141449,0.05,0.005555555555555556,7,8-9
8,False,0.9998404926148731,1.0,-3.7303048405081753,-0.5288752756692306,0.05,0.005555555555555556,8,9-10
