,reject,pvals,pvals_corrected,tstats,effectsize,alpha,alpha_corrected,step,dimension_step
0,True,1.674171969437977e-17,1.3393375755503816e-16,10.235801214532076,1.4512117428702227,0.05,0.005555555555555556,0,1-2
1,True,1.5389331122851698e-20,1.3850398010566529e-19,11.637032524923852,1.6498755591654217,0.05,0.005555555555555556,1,2-3
2,True,4.3737003517921176e-07,3.061590246254482e-06,5.248749475263386,0.744157366310709,0.05,0.005555555555555556,2,3-4
3,False,0.1288253649073139,0.6441268245365694,1.1385206977356022,0.16141722288519808,0.05,0.005555555555555556,3,4-5
4,True,2.058326553840559e-05,0.00012349959323043353,4.292910637115765,0.6086404177945619,0.05,0.005555555555555556,4,5-6
5,False,0.998070599904438,1.0,-2.959211725551226,-0.4195512120401717,0.05,0.005555555555555556,5,6-7
6,False,0.9868744609573425,1.0,-2.256298228316863,-0.31989352037259117,0.05,0.005555555555555556,6,7-8
7,False,0.9462412084722792,1.0,-1.624178233806492,-0.23027279213549573,0.05,0.005555555555555556,7,8-9
8,False,0.8133701068224493,1.0,-0.8944327145342658,-0.12681090921310492,0.05,0.005555555555555556,8,9-10
