,reject,pvals,pvals_corrected,tstats,effectsize,alpha,alpha_corrected,step,dimension_step
0,True,8.395898586400639e-75,7.556308727760576e-74,53.02720148689607,7.518092221259184,0.05,0.005555555555555556,0,1-2
1,True,4.358581589530858e-63,3.4868652716246863e-62,39.86670578721614,5.652223052731993,0.05,0.005555555555555556,1,2-3
2,True,4.016322868869257e-59,2.81142600820848e-58,36.127484734451585,5.122083654044232,0.05,0.005555555555555556,2,3-4
3,True,9.371299976919058e-54,5.622779986151435e-53,31.545998715739515,4.472529586824626,0.05,0.005555555555555556,3,4-5
4,True,2.4526813101724657e-45,9.810725240689863e-45,25.317877253187397,3.589518788447092,0.05,0.005555555555555556,4,5-6
5,True,8.980894749155569e-50,4.490447374577784e-49,28.46659945476006,4.035938422649349,0.05,0.005555555555555556,5,6-7
6,True,2.8906521775402056e-44,8.671956532620617e-44,24.598278562933963,3.4874955029648373,0.05,0.005555555555555556,6,7-8
7,False,0.9999988938465759,1.0,-5.027696743462363,-0.7128169452279172,0.05,0.005555555555555556,7,8-9
8,False,0.9989643756077266,1.0,-3.1633849085739647,-0.44849848393141606,0.05,0.005555555555555556,8,9-10
