{
  "data": {
    "name": "normal-8-100",
    "n_dimension": 8,
    "distance": "euclidean",
    "subject": null,
    "n_objects": 100,
    "n_train_triplets": 14736,
    "n_test_triplets": 10000,
    "frac_train_ndlogn": 3.999852178328949,
    "frac_train_triplets": 0.030377241805813235,
    "max_train_score": 0.6716883821932682,
    "max_test_score": 0.6769,
    "noise_sd": 2.0,
    "distance_sd": 1.0716464971486626,
    "distance_mean": 3.9603276720807874,
    "difference_sd": 0.9603744505911282,
    "difference_mean": -0.07853100442992736
  },
  "n_repeats": 10,
  "n_splits": 10,
  "embedding_method": "soe",
  "embedding_dimension": [
    1,
    2,
    3,
    4,
    5,
    6,
    7,
    8,
    9,
    10
  ],
  "random_state": 4010630443,
  "alpha": 0.05
}