,reject,pvals,pvals_corrected,tstats,effectsize,alpha,alpha_corrected,step,dimension_step
0,True,5.615454654703147e-54,4.492363723762518e-53,31.725663949836157,4.498002169970966,0.05,0.005555555555555556,0,1-2
1,True,4.8926079085635625e-54,4.403347117707206e-53,31.774149333785903,4.504876332244217,0.05,0.005555555555555556,1,2-3
2,True,1.0579396699743253e-41,7.405577689820277e-41,22.93599166744399,3.251819739808214,0.05,0.005555555555555556,2,3-4
3,True,5.5086928672309485e-34,3.305215720338569e-33,18.3823453312089,2.6062127279564873,0.05,0.005555555555555556,3,4-5
4,True,1.375073447422981e-29,6.875367237114905e-29,16.04148840260106,2.2743306415447386,0.05,0.005555555555555556,4,5-6
5,True,3.65997045943303e-21,1.097991137829909e-20,11.927837824570007,1.691105361981076,0.05,0.005555555555555556,5,6-7
6,True,1.7399427828418586e-22,6.959771131367434e-22,12.549342264303611,1.7792210377629467,0.05,0.005555555555555556,6,7-8
7,False,0.9999999999384105,1.0,-7.192307166415733,-1.019711149080704,0.05,0.005555555555555556,7,8-9
8,False,0.9999987130268326,1.0,-4.991147066369578,-0.7076350039725653,0.05,0.005555555555555556,8,9-10
