,reject,pvals,pvals_corrected,tstats,effectsize,alpha,alpha_corrected,step,dimension_step
0,True,1.2052914894634163e-29,1.0847623405170747e-28,16.070958474887345,2.278508850369698,0.05,0.005555555555555556,0,1-2
1,True,2.230439135546867e-26,1.7843513084374936e-25,14.425512813811142,2.045220804269459,0.05,0.005555555555555556,1,2-3
2,True,6.76783163618261e-24,4.7374821453278266e-23,13.220034048489008,1.8743103983959555,0.05,0.005555555555555556,2,3-4
3,True,5.132290450848585e-17,2.5661452254242925e-16,10.01268335715273,1.4195785323489736,0.05,0.005555555555555556,3,4-5
4,True,2.0859859584147877e-18,1.2515915750488726e-17,10.651276321218655,1.5101169854649896,0.05,0.005555555555555556,4,5-6
5,True,1.0753519321292931e-07,4.3014077285171726e-07,5.574447659020803,0.7903342135348639,0.05,0.005555555555555556,5,6-7
6,False,0.20693358359588343,0.6208007507876503,0.8205620947930321,0.11633767819046828,0.05,0.005555555555555556,6,7-8
7,False,0.9999720515730113,1.0,-4.211858766287363,-0.5971490431319919,0.05,0.005555555555555556,7,8-9
8,False,0.988529624382474,1.0,-2.310411254403575,-0.32756555866772613,0.05,0.005555555555555556,8,9-10
