,reject,pvals,pvals_corrected,tstats,effectsize,alpha,alpha_corrected,step,dimension_step
0,True,1.2307975348093583e-29,1.1077177813284224e-28,16.06627400498966,2.277844695450883,0.05,0.005555555555555556,0,1-2
1,True,1.3412675296881019e-20,1.0730140237504815e-19,11.664812898717138,1.6538142058649008,0.05,0.005555555555555556,1,2-3
2,True,7.185429461536615e-11,3.5927147307683077e-10,7.160242539525909,1.0151650894124875,0.05,0.005555555555555556,2,3-4
3,True,1.3422198674363302e-12,8.053319204617982e-12,7.977306663333513,1.1310068321638165,0.05,0.005555555555555556,3,4-5
4,True,2.375338007583698e-07,9.501352030334792e-07,5.391644613642184,0.7644167576830194,0.05,0.005555555555555556,4,5-6
5,True,5.726785229953076e-15,4.0087496609671535e-14,9.07368288932249,1.2864488948232635,0.05,0.005555555555555556,5,6-7
6,False,0.6928547133513703,1.0,-0.5055582315622132,-0.07167705067446706,0.05,0.005555555555555556,6,7-8
7,False,0.9999768534636855,1.0,-4.261921197214817,-0.6042467960206868,0.05,0.005555555555555556,7,8-9
8,False,0.9982045312196758,1.0,-2.9833047049724533,-0.42296706722571165,0.05,0.005555555555555556,8,9-10
