,reject,pvals,pvals_corrected,tstats,effectsize,alpha,alpha_corrected,step,dimension_step
0,True,1.6615115324715494e-37,1.3292092259772395e-36,20.38220463237796,2.889748842142098,0.05,0.005555555555555556,0,1-2
1,True,1.0753805848949176e-41,9.67842526405426e-41,22.931499179822026,3.2511828037584563,0.05,0.005555555555555556,1,2-3
2,True,4.970561529552519e-21,2.4852807647762595e-20,11.865753141989025,1.6823031179236225,0.05,0.005555555555555556,2,3-4
3,True,2.661193971802965e-23,1.596716383081779e-22,12.936077063092291,1.8340515360909022,0.05,0.005555555555555556,3,4-5
4,True,3.459686351697609e-35,2.4217804461883265e-34,19.05161730958091,2.7011007913167377,0.05,0.005555555555555556,4,5-6
5,True,1.9225608488509868e-14,7.690243395403947e-14,8.831770594576431,1.2521510459766347,0.05,0.005555555555555556,5,6-7
6,True,3.917581490413427e-07,1.175274447124028e-06,5.274671111347923,0.7478324848375207,0.05,0.005555555555555556,6,7-8
7,False,0.9999999999999976,1.0,-9.240372556203955,-1.3100818275975024,0.05,0.005555555555555556,7,8-9
8,False,0.9999999999706491,1.0,-7.345936947895459,-1.0414924770163654,0.05,0.005555555555555556,8,9-10
