,reject,pvals,pvals_corrected,tstats,effectsize,alpha,alpha_corrected,step,dimension_step
0,True,6.963721247003962e-19,5.57097699760317e-18,10.870657425182852,1.5412204064443535,0.05,0.005555555555555556,0,1-2
1,True,3.83990471870775e-24,3.455914246836975e-23,13.338080677065985,1.8910468169729333,0.05,0.005555555555555556,1,2-3
2,True,1.6260590389837326e-11,1.1382413272886129e-10,7.467750897284551,1.058763018920586,0.05,0.005555555555555556,2,3-4
3,False,0.6289950452512219,1.0,-0.33011591925957257,-0.04680318506554646,0.05,0.005555555555555556,3,4-5
4,False,0.06805186696382333,0.27481404846049196,1.5026840951416809,0.21304759236608645,0.05,0.005555555555555556,4,5-6
5,True,0.0007121002037629746,0.004272601222577848,3.2820694570639377,0.4653253455376546,0.05,0.005555555555555556,5,6-7
6,False,0.05496280969209839,0.27481404846049196,1.6130100349785417,0.22868938689479792,0.05,0.005555555555555556,6,7-8
7,False,0.99202000713927,1.0,-2.4519405968948256,-0.3476313101882234,0.05,0.005555555555555556,7,8-9
8,False,0.9999645203129347,1.0,-4.147972444369203,-0.588091366196571,0.05,0.005555555555555556,8,9-10
