,reject,pvals,pvals_corrected,tstats,effectsize,alpha,alpha_corrected,step,dimension_step
0,True,3.2566862159696205e-51,2.9310175943726585e-50,29.551558082693234,4.189761720736617,0.05,0.005555555555555556,0,1-2
1,True,1.676813649909929e-26,1.1737695549369503e-25,14.486624833825596,2.053885146143311,0.05,0.005555555555555556,1,2-3
2,True,3.269133179710158e-26,1.961479907826095e-25,14.34376595184207,2.0336308951313367,0.05,0.005555555555555556,2,3-4
3,True,5.259037623880546e-27,4.207230099104437e-26,14.735983682526728,2.0892387527481286,0.05,0.005555555555555556,3,4-5
4,True,7.851235568410172e-16,3.925617784205086e-15,9.469704143824451,1.3425960085580937,0.05,0.005555555555555556,4,5-6
5,True,2.3686179034806754e-06,9.474471613922702e-06,4.842407450487086,0.6865469940870055,0.05,0.005555555555555556,5,6-7
6,False,0.9502786857375873,1.0,-1.6631626690536727,-0.23579992860816887,0.05,0.005555555555555556,6,7-8
7,False,0.7157458271878165,1.0,-0.5721632877800283,-0.08112018440596198,0.05,0.005555555555555556,7,8-9
8,False,0.9999236043030101,1.0,-3.938348735017403,-0.558371329413964,0.05,0.005555555555555556,8,9-10
