,reject,pvals,pvals_corrected,tstats,effectsize,alpha,alpha_corrected,step,dimension_step
0,True,7.904179590090653e-44,7.113761631081587e-43,24.309150111833848,3.446503440434484,0.05,0.005555555555555556,0,1-2
1,True,7.025379715981273e-37,5.6203037727850185e-36,20.017517960245787,2.8380442838008224,0.05,0.005555555555555556,1,2-3
2,True,3.388995769426532e-30,2.3722970385985725e-29,16.355947906404406,2.3189140908529047,0.05,0.005555555555555556,2,3-4
3,True,1.683518834924344e-24,1.0101113009546065e-23,13.510386212057652,1.9154759564707224,0.05,0.005555555555555556,3,4-5
4,True,9.742334829333868e-10,3.861774598354544e-09,6.611090173526088,0.937307348190191,0.05,0.005555555555555556,4,5-6
5,True,9.65443649588636e-10,3.861774598354544e-09,6.613024553708961,0.9375816008039068,0.05,0.005555555555555556,5,6-7
6,True,9.887406240763614e-13,4.943703120381807e-12,8.03927682506555,1.1397928396807873,0.05,0.005555555555555556,6,7-8
7,False,0.999999999438626,1.0,-6.728398116442688,-0.9539390373686432,0.05,0.005555555555555556,7,8-9
8,False,0.9999987262299824,1.0,-4.993640934257673,-0.707988579651549,0.05,0.005555555555555556,8,9-10
