,reject,pvals,pvals_corrected,tstats,effectsize,alpha,alpha_corrected,step,dimension_step
0,True,8.041887309544912e-43,7.23769857859042e-42,23.65161234789179,3.3532790308925517,0.05,0.005555555555555556,0,1-2
1,True,5.698287482480088e-18,4.5586299859840703e-17,10.450666049949996,1.4816748561872017,0.05,0.005555555555555556,1,2-3
2,True,4.681607432989622e-12,3.277125203092735e-11,7.723013790110608,1.0949536892769303,0.05,0.005555555555555556,2,3-4
3,True,0.002963283703041942,0.011853134812167768,2.8126076863244114,0.3987659800081049,0.05,0.005555555555555556,3,4-5
4,True,0.0004453133936167903,0.0026718803617007416,3.4268725407394185,0.48585524163756466,0.05,0.005555555555555556,4,5-6
5,True,0.0011175602950309362,0.005587801475154681,3.138887197969708,0.4450252467556237,0.05,0.005555555555555556,5,6-7
6,False,0.9870898259372393,1.0,-2.2629875789337137,-0.3208419233323485,0.05,0.005555555555555556,6,7-8
7,False,0.999999983977659,1.0,-6.002846639166576,-0.8510717774627886,0.05,0.005555555555555556,7,8-9
8,False,0.999999861646475,1.0,-5.51663398312033,-0.7821375043953639,0.05,0.005555555555555556,8,9-10
