{
  "data": {
    "name": "normal-8-100",
    "n_dimension": 8,
    "distance": "euclidean",
    "subject": null,
    "n_objects": 100,
    "n_train_triplets": 29473,
    "n_test_triplets": 10000,
    "frac_train_ndlogn": 7.999975790709088,
    "frac_train_triplets": 0.06075654504225933,
    "max_train_score": 0.6722084619821531,
    "max_test_score": 0.6814,
    "noise_sd": 2.0,
    "distance_sd": 1.059239355299724,
    "distance_mean": 3.6148047208337157,
    "difference_sd": 0.9154236361954441,
    "difference_mean": -0.10214793199669546
  },
  "n_repeats": 10,
  "n_splits": 10,
  "embedding_method": "soe",
  "embedding_dimension": [
    1,
    2,
    3,
    4,
    5,
    6,
    7,
    8,
    9,
    10
  ],
  "random_state": 3870503921,
  "alpha": 0.05
}