,reject,pvals,pvals_corrected,tstats,effectsize,alpha,alpha_corrected,step,dimension_step
0,True,1.829248925842388e-12,1.646324033258149e-11,7.914446413478651,1.122094629705291,0.05,0.005555555555555556,0,1-2
1,True,0.0003113901291932944,0.002491121033546355,3.53453602434848,0.5011195583644237,0.05,0.005555555555555556,1,2-3
2,False,0.13335671563123452,0.6667835781561726,1.1169634588253277,0.15836087999666734,0.05,0.005555555555555556,2,3-4
3,False,0.016367113816866168,0.11456979671806317,2.1657194161098183,0.30705143471900526,0.05,0.005555555555555556,3,4-5
4,False,0.023748278885411648,0.1424896733124699,2.006810794328795,0.28452168319896404,0.05,0.005555555555555556,4,5-6
5,False,0.888547664861089,1.0,-1.226540144025411,-0.17389644667818813,0.05,0.005555555555555556,5,6-7
6,False,0.9928241908784817,1.0,-2.4923181231323133,-0.35335595635863765,0.05,0.005555555555555556,6,7-8
7,False,0.975296618097137,1.0,-1.9894823158086878,-0.2820648856325213,0.05,0.005555555555555556,7,8-9
8,False,0.9958795397398909,1.0,-2.6963006155625253,-0.3822761925131254,0.05,0.005555555555555556,8,9-10
