,reject,pvals,pvals_corrected,tstats,effectsize,alpha,alpha_corrected,step,dimension_step
0,True,1.5028951406028017e-44,1.3526056265425214e-43,24.787608913545828,3.5143383873010037,0.05,0.005555555555555556,0,1-2
1,True,5.154567016349927e-29,3.6081969114449485e-28,15.747339551624295,2.232626796604567,0.05,0.005555555555555556,1,2-3
2,True,1.282084075585259e-30,1.0256672604682073e-29,16.575865386795765,2.350093558226037,0.05,0.005555555555555556,2,3-4
3,True,2.8729266170364903e-22,1.723755970221894e-21,12.446546955813744,1.76464692131951,0.05,0.005555555555555556,3,4-5
4,True,5.331650931293658e-06,1.5994952793880973e-05,4.640593990048469,0.6579342790176668,0.05,0.005555555555555556,4,5-6
5,True,1.7890389572745132e-08,8.945194786372566e-08,5.978400932262827,0.8476059132692639,0.05,0.005555555555555556,5,6-7
6,True,1.8655576198022381e-06,7.4622304792089525e-06,4.900910861099769,0.6948414924559799,0.05,0.005555555555555556,6,7-8
7,False,0.9999999999999964,1.0,-9.168046657529754,-1.2998276040863397,0.05,0.005555555555555556,7,8-9
8,False,0.9999999997766456,1.0,-6.923028611383182,-0.9815333657322387,0.05,0.005555555555555556,8,9-10
