,reject,pvals,pvals_corrected,tstats,effectsize,alpha,alpha_corrected,step,dimension_step
0,True,4.44655838285687e-23,4.001902544571183e-22,12.830044834412805,1.8190184954761712,0.05,0.005555555555555556,0,1-2
1,True,1.2303890934650626e-21,9.843112747720501e-21,12.149474103213814,1.7225285171862892,0.05,0.005555555555555556,1,2-3
2,True,3.562963213350463e-06,2.1377779280102777e-05,4.7414499856086465,0.6722334434922562,0.05,0.005555555555555556,2,3-4
3,True,0.00472386902785365,0.02361934513926825,2.647060809046093,0.3752950696937555,0.05,0.005555555555555556,3,4-5
4,True,1.7874921970303982e-07,1.2512445379212786e-06,5.457566161497224,0.7737629849446036,0.05,0.005555555555555556,4,5-6
5,False,0.2385774555708734,0.9543098222834936,0.7135976613081668,0.10117247141385412,0.05,0.005555555555555556,5,6-7
6,False,0.7746002908955065,1.0,-0.7570810232149293,-0.10733745685036097,0.05,0.005555555555555556,6,7-8
7,False,0.9897120215848225,1.0,-2.353460296667034,-0.33366896712033983,0.05,0.005555555555555556,7,8-9
8,False,0.9984918605652431,1.0,-3.0411613897315126,-0.4311698740765016,0.05,0.005555555555555556,8,9-10
