,reject,pvals,pvals_corrected,tstats,effectsize,alpha,alpha_corrected,step,dimension_step
0,True,1.7858999014326176e-48,1.6073099112893558e-47,27.51562605805957,3.9011112868419815,0.05,0.005555555555555556,0,1-2
1,True,1.0121588204154664e-38,8.097270563323731e-38,21.101733706213807,2.9917622575457354,0.05,0.005555555555555556,1,2-3
2,True,1.253488051199541e-24,8.774416358396787e-24,13.572185495744861,1.9242377372349406,0.05,0.005555555555555556,2,3-4
3,True,7.043470930206887e-21,4.226082558124133e-20,11.795123830925816,1.6722894332635254,0.05,0.005555555555555556,3,4-5
4,True,8.00373287634951e-17,4.001866438174755e-16,9.92422063880856,1.407036462316877,0.05,0.005555555555555556,4,5-6
5,True,2.1703754547650268e-09,8.681501819060107e-09,6.43932878672675,0.912955356951734,0.05,0.005555555555555556,5,6-7
6,True,2.496316111038715e-08,7.488948333116145e-08,5.904295858629924,0.837099441835484,0.05,0.005555555555555556,6,7-8
7,False,0.9999999961945101,1.0,-6.317912699969571,-0.8957412232281119,0.05,0.005555555555555556,7,8-9
8,False,0.9999878278434974,1.0,-4.430017038072137,-0.6280790933725984,0.05,0.005555555555555556,8,9-10
