,reject,pvals,pvals_corrected,tstats,effectsize,alpha,alpha_corrected,step,dimension_step
0,True,6.745748343474499e-12,6.071173509127049e-11,7.648332340114116,1.0843655003371513,0.05,0.005555555555555556,0,1-2
1,False,0.17468084070201334,0.8734042035100666,0.9402817488561253,0.1333112950268386,0.05,0.005555555555555556,1,2-3
2,False,0.3813904635030185,1.0,0.302664031320869,0.04291111044377244,0.05,0.005555555555555556,2,3-4
3,True,4.266664166848723e-05,0.00034133313334789786,4.098167057767712,0.5810300565463151,0.05,0.005555555555555556,3,4-5
4,False,0.06450015160804877,0.4515010612563414,1.5308314418697537,0.21703826776572455,0.05,0.005555555555555556,4,5-6
5,False,0.08824751380414614,0.5294850828248768,1.3613452457904225,0.19300884858791428,0.05,0.005555555555555556,5,6-7
6,False,0.951438730560005,1.0,-1.6748362925157876,-0.23745499195836514,0.05,0.005555555555555556,6,7-8
7,False,0.9982887960246997,1.0,-2.999328523958128,-0.425238892732114,0.05,0.005555555555555556,7,8-9
8,False,0.9695716810780829,1.0,-1.8961459357556156,-0.2688318374391163,0.05,0.005555555555555556,8,9-10
