,reject,pvals,pvals_corrected,tstats,effectsize,alpha,alpha_corrected,step,dimension_step
0,True,3.00926852825124e-41,2.407414822600992e-40,22.64998794797266,3.2112706955758887,0.05,0.005555555555555556,0,1-2
1,True,2.0173003736957637e-49,1.8155703363261873e-48,28.206729054250225,3.9990945089253467,0.05,0.005555555555555556,1,2-3
2,True,3.0296947254431214e-26,2.120786307810185e-25,14.360015927063678,2.0359347846235893,0.05,0.005555555555555556,2,3-4
3,True,7.901329955840797e-07,3.160531982336319e-06,5.108420181911395,0.7242617553943924,0.05,0.005555555555555556,3,4-5
4,True,1.0606544293257795e-09,5.303272146628898e-09,6.5929409975883395,0.9347341937597509,0.05,0.005555555555555556,4,5-6
5,True,2.8476949255836676e-12,1.7086169553502005e-11,7.824404469404284,1.1093286601585133,0.05,0.005555555555555556,5,6-7
6,True,0.0034032318122400166,0.01020969543672005,2.7641813890635323,0.39190019492926437,0.05,0.005555555555555556,6,7-8
7,False,0.9995601495035702,1.0,-3.430624627819207,-0.4863872051562319,0.05,0.005555555555555556,7,8-9
8,False,0.9998800405998874,1.0,-3.811688940624137,-0.5404137531460628,0.05,0.005555555555555556,8,9-10
