,reject,pvals,pvals_corrected,tstats,effectsize,alpha,alpha_corrected,step,dimension_step
0,True,1.1720440771618134e-35,1.054839669445632e-34,19.317090286485165,2.7387390272909973,0.05,0.005555555555555556,0,1-2
1,True,1.441809718183549e-16,1.0092668027284844e-15,9.807065260230551,1.3904264034099656,0.05,0.005555555555555556,1,2-3
2,True,2.2960294430576457e-21,1.8368235544461165e-20,12.02253686698877,1.7045316057617352,0.05,0.005555555555555556,2,3-4
3,True,5.21604256483077e-08,2.608021282415385e-07,5.738917959713868,0.8136524889406337,0.05,0.005555555555555556,3,4-5
4,True,1.9979493559817477e-12,1.1987696135890486e-11,7.896516481445949,1.1195525592440376,0.05,0.005555555555555556,4,5-6
5,True,0.0019030676057557245,0.007612270423022898,2.963824146360095,0.42020515198103203,0.05,0.005555555555555556,5,6-7
6,False,0.9999353938880825,1.0,-3.9847461242917954,-0.5649494599132087,0.05,0.005555555555555556,6,7-8
7,False,0.9890152407447398,1.0,-2.327594291376699,-0.3300017358179983,0.05,0.005555555555555556,7,8-9
8,False,0.9999999997587423,1.0,-6.906812733492304,-0.9792343104924025,0.05,0.005555555555555556,8,9-10
