,reject,pvals,pvals_corrected,tstats,effectsize,alpha,alpha_corrected,step,dimension_step
0,True,2.5567248291838813e-17,2.3010523462654933e-16,10.151449519596312,1.439252525642753,0.05,0.005555555555555556,0,1-2
1,True,2.7298944754817554e-06,2.1839155803854043e-05,4.807438399184644,0.6815891508441054,0.05,0.005555555555555556,1,2-3
2,True,0.00017015391456115102,0.0011910774019280573,3.7116905891338337,0.5262361837590799,0.05,0.005555555555555556,2,3-4
3,False,0.8689554553127911,1.0,-1.1278979580231305,-0.15991115176393536,0.05,0.005555555555555556,3,4-5
4,False,0.9793015388672001,1.0,-2.0664481422010232,-0.2929769489599815,0.05,0.005555555555555556,4,5-6
5,False,0.7182989155528767,1.0,-0.5797471804466326,-0.08219541377626456,0.05,0.005555555555555556,5,6-7
6,False,0.9754014949477102,1.0,-1.9913569061971534,-0.2823306613669065,0.05,0.005555555555555556,6,7-8
7,False,0.9975924506240418,1.0,-2.8842066758013685,-0.40891714376449795,0.05,0.005555555555555556,7,8-9
8,False,0.9662168223285429,1.0,-1.8481463079883185,-0.2620265447210039,0.05,0.005555555555555556,8,9-10
