{
  "data": {
    "name": "normal-8-100",
    "n_dimension": 8,
    "distance": "euclidean",
    "subject": null,
    "n_objects": 100,
    "n_train_triplets": 14736,
    "n_test_triplets": 10000,
    "frac_train_ndlogn": 3.999852178328949,
    "frac_train_triplets": 0.030377241805813235,
    "max_train_score": 0.8772394136807817,
    "max_test_score": 0.8802,
    "noise_sd": 0.5,
    "distance_sd": 1.0739980309219543,
    "distance_mean": 4.0228976213668775,
    "difference_sd": 0.9547852367646129,
    "difference_mean": -0.14341848859384035
  },
  "n_repeats": 10,
  "n_splits": 10,
  "embedding_method": "soe",
  "embedding_dimension": [
    1,
    2,
    3,
    4,
    5,
    6,
    7,
    8,
    9,
    10
  ],
  "random_state": 4091070181,
  "alpha": 0.05
}