{
  "data": {
    "name": "normal-8-100",
    "n_dimension": 8,
    "distance": "euclidean",
    "subject": null,
    "n_objects": 100,
    "n_train_triplets": 14736,
    "n_test_triplets": 10000,
    "frac_train_ndlogn": 3.999852178328949,
    "frac_train_triplets": 0.030377241805813235,
    "max_train_score": 0.7792480998914224,
    "max_test_score": 0.7895,
    "noise_sd": 1.0,
    "distance_sd": 1.0784400241063599,
    "distance_mean": 4.138871304336253,
    "difference_sd": 0.9714305926155282,
    "difference_mean": -0.11106678731568399
  },
  "n_repeats": 10,
  "n_splits": 10,
  "embedding_method": "soe",
  "embedding_dimension": [
    1,
    2,
    3,
    4,
    5,
    6,
    7,
    8,
    9,
    10
  ],
  "random_state": 3160591799,
  "alpha": 0.05
}