{
  "data": {
    "name": "normal-8-100",
    "n_dimension": 8,
    "distance": "euclidean",
    "subject": null,
    "n_objects": 100,
    "n_train_triplets": 29473,
    "n_test_triplets": 10000,
    "frac_train_ndlogn": 7.999975790709088,
    "frac_train_triplets": 0.06075654504225933,
    "max_train_score": 0.674278152885692,
    "max_test_score": 0.6715,
    "noise_sd": 2.0,
    "distance_sd": 1.066200585105303,
    "distance_mean": 3.8120316210926335,
    "difference_sd": 0.9350202605938951,
    "difference_mean": -0.09007560470937158
  },
  "n_repeats": 10,
  "n_splits": 10,
  "embedding_method": "soe",
  "embedding_dimension": [
    1,
    2,
    3,
    4,
    5,
    6,
    7,
    8,
    9,
    10
  ],
  "random_state": 2459171835,
  "alpha": 0.05
}