{
  "data": {
    "name": "normal-8-100",
    "n_dimension": 8,
    "distance": "euclidean",
    "subject": null,
    "n_objects": 100,
    "n_train_triplets": 29473,
    "n_test_triplets": 10000,
    "frac_train_ndlogn": 7.999975790709088,
    "frac_train_triplets": 0.06075654504225933,
    "max_train_score": 0.6754656804532962,
    "max_test_score": 0.6773,
    "noise_sd": 2.0,
    "distance_sd": 1.0756487646768145,
    "distance_mean": 4.066325888332728,
    "difference_sd": 0.9679142552217409,
    "difference_mean": -0.07866066802281473
  },
  "n_repeats": 10,
  "n_splits": 10,
  "embedding_method": "soe",
  "embedding_dimension": [
    1,
    2,
    3,
    4,
    5,
    6,
    7,
    8,
    9,
    10
  ],
  "random_state": 2085257587,
  "alpha": 0.05
}