,reject,pvals,pvals_corrected,tstats,effectsize,alpha,alpha_corrected,step,dimension_step
0,True,4.075600318999554e-43,3.6680402870995984e-42,23.842928102479807,3.380403401895384,0.05,0.005555555555555556,0,1-2
1,True,1.532664931429574e-35,1.2261319451436592e-34,19.2510986783474,2.7293828670204703,0.05,0.005555555555555556,1,2-3
2,True,3.799008747980582e-32,2.6593061235864073e-31,17.38392062873019,2.464658039443025,0.05,0.005555555555555556,2,3-4
3,True,1.2156041233352522e-20,7.293624740011514e-20,11.684698952292287,1.6566336113870235,0.05,0.005555555555555556,3,4-5
4,True,3.2075527230390064e-16,1.6037763615195032e-15,9.647911991239129,1.3678619662901212,0.05,0.005555555555555556,4,5-6
5,True,2.782369858656171e-14,1.1129479434624683e-13,8.757817891847358,1.2416661773895956,0.05,0.005555555555555556,5,6-7
6,True,3.265662528845847e-13,9.79698758653754e-13,8.263186782537174,1.1715383525935494,0.05,0.005555555555555556,6,7-8
7,False,0.9999999999959664,1.0,-7.753432290930132,-1.0992663644319662,0.05,0.005555555555555556,7,8-9
8,False,0.9999633630888286,1.0,-4.139332704458381,-0.5868664408828468,0.05,0.005555555555555556,8,9-10
