,reject,pvals,pvals_corrected,tstats,effectsize,alpha,alpha_corrected,step,dimension_step
0,True,3.5545880856260653e-59,3.1991292770634585e-58,36.17542391563236,5.128880376764322,0.05,0.005555555555555556,0,1-2
1,True,2.9976862032792127e-44,2.098380342295449e-43,24.587785108622427,3.4860077616731684,0.05,0.005555555555555556,1,2-3
2,True,3.291296492573945e-44,2.098380342295449e-43,24.560831959926244,3.482186397319228,0.05,0.005555555555555556,2,3-4
3,True,1.3064315715382534e-48,1.0451452572306028e-47,27.613885177164896,3.9150422712858064,0.05,0.005555555555555556,3,4-5
4,True,8.347855687079859e-38,4.17392784353993e-37,20.557740580357123,2.914635983232876,0.05,0.005555555555555556,4,5-6
5,True,2.45882306693208e-31,9.83529226772832e-31,16.952706498598797,2.403521349092903,0.05,0.005555555555555556,5,6-7
6,True,1.1335889259471134e-28,3.40076677784134e-28,15.5730431332603,2.2079153935821108,0.05,0.005555555555555556,6,7-8
7,False,0.9999999558512461,1.0,-5.7765236948749275,-0.8189841560296268,0.05,0.005555555555555556,7,8-9
8,False,0.9999999057288012,1.0,-5.604538257020331,-0.7946003992736906,0.05,0.005555555555555556,8,9-10
