,reject,pvals,pvals_corrected,tstats,effectsize,alpha,alpha_corrected,step,dimension_step
0,True,9.797592868867601e-71,8.817833581980841e-70,48.06575164461923,6.814667631247457,0.05,0.005555555555555556,0,1-2
1,True,2.1471951294151785e-65,1.7177561035321428e-64,42.196470934752874,5.98253256826215,0.05,0.005555555555555556,1,2-3
2,True,1.259142885661858e-49,8.814000199633005e-49,28.357858396935143,4.020521329571808,0.05,0.005555555555555556,2,3-4
3,True,1.6864666688645929e-40,6.7458666754583715e-40,22.18375111693822,3.1451685556481244,0.05,0.005555555555555556,3,4-5
4,True,7.539354392395143e-48,4.523612635437086e-47,27.066428677645916,3.837424966674163,0.05,0.005555555555555556,4,5-6
5,True,4.5249540853586695e-37,1.357486225607601e-36,20.128362897556165,2.853759660769472,0.05,0.005555555555555556,5,6-7
6,True,7.091237004978032e-44,3.545618502489016e-43,24.340227301581873,3.4509095032089063,0.05,0.005555555555555556,6,7-8
7,False,0.999999846775279,1.0,-5.493129680814469,-0.7788051106921909,0.05,0.005555555555555556,7,8-9
8,False,0.9999938108016266,1.0,-4.602960157552015,-0.6525986283437825,0.05,0.005555555555555556,8,9-10
