,reject,pvals,pvals_corrected,tstats,effectsize,alpha,alpha_corrected,step,dimension_step
0,True,2.402216719678539e-41,2.161995047710685e-40,22.711422035964247,3.219980699613417,0.05,0.005555555555555556,0,1-2
1,True,3.6767541702957084e-36,2.941403336236567e-35,19.603808048415072,2.779389307057218,0.05,0.005555555555555556,1,2-3
2,True,2.537316931971891e-20,1.5223901591831347e-19,11.53608419563028,1.635563303795908,0.05,0.005555555555555556,2,3-4
3,True,7.186906578198316e-16,2.8747626312793262e-15,9.487307983906094,1.34509184634457,0.05,0.005555555555555556,3,4-5
4,True,1.3709009325064362e-24,9.596306527545053e-24,13.553416233431314,1.921576668179031,0.05,0.005555555555555556,4,5-6
5,True,8.142016972244852e-18,4.071008486122426e-17,10.379489345039245,1.471583563105167,0.05,0.005555555555555556,5,6-7
6,True,2.343181643592985e-06,7.0295449307789556e-06,4.845061467315963,0.6869232753674951,0.05,0.005555555555555556,6,7-8
7,False,0.9999999998987498,1.0,-7.088757109260302,-1.0050300258574925,0.05,0.005555555555555556,7,8-9
8,False,0.999999930462292,1.0,-5.673812251651117,-0.8044219298384887,0.05,0.005555555555555556,8,9-10
