,reject,pvals,pvals_corrected,tstats,effectsize,alpha,alpha_corrected,step,dimension_step
0,True,8.602080485938016e-32,7.741872437344215e-31,17.194541750090828,2.437808274898667,0.05,0.005555555555555556,0,1-2
1,True,3.5197125197754694e-17,2.8157700158203755e-16,10.087786231396846,1.430226469988836,0.05,0.005555555555555556,1,2-3
2,True,3.150160421284683e-08,2.2051122948992782e-07,5.852309557202568,0.8297289263752324,0.05,0.005555555555555556,2,3-4
3,False,0.7312580290391837,1.0,-0.6187778088080682,-0.08772909941772689,0.05,0.005555555555555556,3,4-5
4,True,8.370644193183137e-05,0.0005022386515909882,3.9129061109496646,0.5547641242677646,0.05,0.005555555555555556,4,5-6
5,False,0.04056992426030717,0.20284962130153586,1.762095206200548,0.24982638893602832,0.05,0.005555555555555556,5,6-7
6,False,0.04422904056915799,0.20284962130153586,1.7205422872704843,0.2439350979038979,0.05,0.005555555555555556,6,7-8
7,False,0.955790766998476,1.0,-1.7207595001485354,-0.24396589391807633,0.05,0.005555555555555556,7,8-9
8,False,0.9998033182099708,1.0,-3.669729807685232,-0.5202870667821139,0.05,0.005555555555555556,8,9-10
