,reject,pvals,pvals_corrected,tstats,effectsize,alpha,alpha_corrected,step,dimension_step
0,True,6.003818708367156e-67,5.40343683753044e-66,43.83275853637356,6.21452220272414,0.05,0.005555555555555556,0,1-2
1,True,1.7280538954820133e-64,1.2096377268374093e-63,41.2679678163974,5.850891224276682,0.05,0.005555555555555556,1,2-3
2,True,5.356815895714555e-59,3.214089537428733e-58,36.01465025681711,5.10608620396565,0.05,0.005555555555555556,2,3-4
3,True,2.4319136169144285e-65,1.945530893531543e-64,42.140512025917495,5.974598824345278,0.05,0.005555555555555556,3,4-5
4,True,2.958684521418678e-56,1.4793422607093391e-55,33.61537224502031,4.7659212914049665,0.05,0.005555555555555556,4,5-6
5,True,1.1589530476930095e-49,4.635812190772038e-49,28.384509846611824,4.02429991963278,0.05,0.005555555555555556,5,6-7
6,True,2.4195360922423827e-34,7.258608276727148e-34,18.579889428155887,2.6342201410759563,0.05,0.005555555555555556,6,7-8
7,False,0.9999999527620921,1.0,-5.76128527526348,-0.8168236829001253,0.05,0.005555555555555556,7,8-9
8,False,0.9974490050838816,1.0,-2.8643789124144003,-0.40610600251048756,0.05,0.005555555555555556,8,9-10
