,reject,pvals,pvals_corrected,tstats,effectsize,alpha,alpha_corrected,step,dimension_step
0,True,5.4475787765734676e-24,4.902820898916121e-23,13.265199504017591,1.8807138677542805,0.05,0.005555555555555556,0,1-2
1,True,1.179684922053953e-12,9.437479376431623e-12,8.003487973574364,1.1347187667812364,0.05,0.005555555555555556,1,2-3
2,True,1.5938545874654105e-05,9.563127524792462e-05,4.35997616164408,0.6181488358165009,0.05,0.005555555555555556,2,3-4
3,True,6.205195857818705e-06,4.3436371004730934e-05,4.602307246518172,0.6525060599029243,0.05,0.005555555555555556,3,4-5
4,False,0.09428229965851977,0.37712919863407907,1.3239617182408,0.18770868565656482,0.05,0.005555555555555556,4,5-6
5,True,0.0046328958027126,0.023164479013563,2.6541056434631995,0.376293872446799,0.05,0.005555555555555556,5,6-7
6,False,0.9025718341271227,1.0,-1.3051817761392515,-0.1850461024413401,0.05,0.005555555555555556,6,7-8
7,False,0.9923517200648295,1.0,-2.4681340240554643,-0.34992718240772963,0.05,0.005555555555555556,7,8-9
8,False,0.9999564325037383,1.0,-4.09250196082083,-0.5802268702552273,0.05,0.005555555555555556,8,9-10
