,reject,pvals,pvals_corrected,tstats,effectsize,alpha,alpha_corrected,step,dimension_step
0,True,1.7640177174519706e-42,1.5876159457067736e-41,23.431841543301626,3.322120358925722,0.05,0.005555555555555556,0,1-2
1,True,2.2080959351407497e-25,1.7664767481125998e-24,13.937803635681446,1.9760743572475534,0.05,0.005555555555555556,1,2-3
2,True,5.490777707262102e-19,3.294466624357261e-18,10.91823544525586,1.5479659244536754,0.05,0.005555555555555556,2,3-4
3,True,4.724174671709752e-21,3.306922270196827e-20,11.876061237522364,1.6837645794126725,0.05,0.005555555555555556,3,4-5
4,True,1.558608212371738e-13,7.793041061858689e-13,8.412150743885933,1.1926581697376015,0.05,0.005555555555555556,4,5-6
5,True,3.328697566494395e-05,9.986092699483184e-05,4.165112233263064,0.5905214117193165,0.05,0.005555555555555556,5,6-7
6,True,5.707810079534979e-07,2.2831240318139917e-06,5.185821003829611,0.735235491531047,0.05,0.005555555555555556,6,7-8
7,False,0.9998953868501647,1.0,-3.8503919348591147,-0.5459009874661566,0.05,0.005555555555555556,7,8-9
8,False,0.9985658086934288,1.0,-3.057701850090633,-0.43351494797961293,0.05,0.005555555555555556,8,9-10
