,reject,pvals,pvals_corrected,tstats,effectsize,alpha,alpha_corrected,step,dimension_step
0,True,2.5191660373122966e-32,2.267249433581067e-31,17.47951608382272,2.478211374847618,0.05,0.005555555555555556,0,1-2
1,True,8.615870849855464e-18,6.031109594898824e-17,10.368209838310712,1.4699843768494794,0.05,0.005555555555555556,1,2-3
2,True,1.6893119675599693e-18,1.3514495740479754e-17,10.693420261567853,1.5160920703502596,0.05,0.005555555555555556,2,3-4
3,True,2.091318585405908e-11,1.045659292702954e-10,7.415910085462701,1.051413130690148,0.05,0.005555555555555556,3,4-5
4,True,1.5229434630472214e-13,9.137660778283329e-13,8.416806411087121,1.1933182410668168,0.05,0.005555555555555556,4,5-6
5,True,3.756840194494369e-08,1.5027360777977476e-07,5.812817884545243,0.8241298747812517,0.05,0.005555555555555556,5,6-7
6,False,0.61998914224828,1.0,-0.3062970450392751,-0.04342619197570707,0.05,0.005555555555555556,6,7-8
7,False,0.9999990588972902,1.0,-5.066551736716442,-0.7183257296696675,0.05,0.005555555555555556,7,8-9
8,False,0.9999908254207545,1.0,-4.502775855235756,-0.6383946952148151,0.05,0.005555555555555556,8,9-10
