,reject,pvals,pvals_corrected,tstats,effectsize,alpha,alpha_corrected,step,dimension_step
0,True,7.89118677074322e-50,7.102068093668898e-49,28.50831147458615,4.041852270693264,0.05,0.005555555555555556,0,1-2
1,True,2.2552421429718977e-37,1.8041937143775182e-36,20.304586114254036,2.8787442414660216,0.05,0.005555555555555556,1,2-3
2,True,9.026352145488959e-21,6.318446501842271e-20,11.744909766376002,1.6651701820584048,0.05,0.005555555555555556,2,3-4
3,True,1.680021352887611e-17,1.0080128117325667e-16,10.235106247325758,1.4511132117880357,0.05,0.005555555555555556,3,4-5
4,True,2.996378122945501e-17,1.4981890614727506e-16,10.119844937679838,1.4347716902450731,0.05,0.005555555555555556,4,5-6
5,True,0.0038855318816640835,0.011656595644992251,2.7172623444602406,0.38524810516457847,0.05,0.005555555555555556,5,6-7
6,True,3.690127788211207e-08,1.4760511152844827e-07,5.816840727164362,0.824700225487193,0.05,0.005555555555555556,6,7-8
7,False,0.9999999436179489,1.0,-5.7213295388677565,-0.811158837263012,0.05,0.005555555555555556,7,8-9
8,False,0.9982138406011473,1.0,-2.9850404396385777,-0.4232131562691771,0.05,0.005555555555555556,8,9-10
