,reject,pvals,pvals_corrected,tstats,effectsize,alpha,alpha_corrected,step,dimension_step
0,True,6.29917323542899e-36,5.669255911886091e-35,19.470344165066905,2.7604670604538994,0.05,0.005555555555555556,0,1-2
1,True,8.5619442277468e-22,6.84955538219744e-21,12.223378785229594,1.7330065774911456,0.05,0.005555555555555556,1,2-3
2,True,2.3402245707632402e-15,1.6381571995342682e-14,9.252141234197987,1.3117503675920805,0.05,0.005555555555555556,2,3-4
3,True,7.792738111106924e-11,4.675642866664155e-10,7.143348863552354,1.0127699372950099,0.05,0.005555555555555556,3,4-5
4,True,0.00018557309019905414,0.0007422923607962166,3.6866048590855933,0.5226795783442743,0.05,0.005555555555555556,4,5-6
5,True,4.45186183457071e-06,2.2259309172853553e-05,4.685869249405506,0.6643533161465968,0.05,0.005555555555555556,5,6-7
6,False,0.8566221484438479,1.0,-1.0710397792498545,-0.15184991112584575,0.05,0.005555555555555556,6,7-8
7,False,0.9999999976556536,1.0,-6.422707749301212,-0.9105988589907945,0.05,0.005555555555555556,7,8-9
8,False,0.9999649743221447,1.0,-4.151436150351851,-0.5885824436110808,0.05,0.005555555555555556,8,9-10
