,reject,pvals,pvals_corrected,tstats,effectsize,alpha,alpha_corrected,step,dimension_step
0,True,5.802221997777678e-49,5.22199979799991e-48,27.870256495606988,3.951390092043607,0.05,0.005555555555555556,0,1-2
1,True,1.3831538195998068e-26,9.682076737198648e-26,14.527918279655655,2.0597396495902007,0.05,0.005555555555555556,1,2-3
2,True,1.4241559735153976e-36,1.1393247788123181e-35,19.840248784055024,2.8129114090267664,0.05,0.005555555555555556,2,3-4
3,True,2.2898019206616428e-24,1.3738811523969855e-23,13.446034466037473,1.9063522926224934,0.05,0.005555555555555556,3,4-5
4,True,3.0395923085035047e-18,1.5197961542517524e-17,10.576086246054146,1.4994566846503241,0.05,0.005555555555555556,4,5-6
5,True,2.1045204840290182e-16,8.418081936116073e-16,9.731791940252844,1.379754300309586,0.05,0.005555555555555556,5,6-7
6,True,1.2465741118755139e-06,3.7397223356265416e-06,4.998858172218543,0.7087282693773922,0.05,0.005555555555555556,6,7-8
7,False,0.9999999981201586,1.0,-6.470265574845634,-0.9173415138596145,0.05,0.005555555555555556,7,8-9
8,False,0.9992700414582153,1.0,-3.274310580542888,-0.4642253073009954,0.05,0.005555555555555556,8,9-10
