,reject,pvals,pvals_corrected,tstats,effectsize,alpha,alpha_corrected,step,dimension_step
0,True,1.2567252380535054e-48,1.131052714248155e-47,27.626095992797904,3.9167734966843115,0.05,0.005555555555555556,0,1-2
1,True,4.64606893760744e-44,3.716855150085952e-43,24.461575416312844,3.4681139999924833,0.05,0.005555555555555556,1,2-3
2,True,2.6570644630639567e-27,1.594238677838374e-26,14.88356114324819,2.1101619945631316,0.05,0.005555555555555556,2,3-4
3,True,1.2848378347675423e-28,8.993864843372795e-28,15.545420797975002,2.203999153271131,0.05,0.005555555555555556,3,4-5
4,True,2.654691949137867e-17,1.3273459745689334e-16,10.14395988972338,1.4381906606657429,0.05,0.005555555555555556,4,5-6
5,True,8.182761686739179e-16,3.2731046746956715e-15,9.46146863823037,1.3414283947898977,0.05,0.005555555555555556,5,6-7
6,True,1.2343805194117984e-10,3.703141558235395e-10,7.047360733761539,0.9991609292448326,0.05,0.005555555555555556,6,7-8
7,False,0.9999999997037722,1.0,-6.863585918043449,-0.973105697707582,0.05,0.005555555555555556,7,8-9
8,False,0.99997575646832,1.0,-4.2496575507954635,-0.6025080803773126,0.05,0.005555555555555556,8,9-10
