,reject,pvals,pvals_corrected,tstats,effectsize,alpha,alpha_corrected,step,dimension_step
0,True,5.476270078435403e-35,4.928643070591863e-34,18.939625692744794,2.685222840382633,0.05,0.005555555555555556,0,1-2
1,True,1.1200730939166452e-18,8.960584751333162e-18,10.775570288329375,1.527739139398862,0.05,0.005555555555555556,1,2-3
2,True,1.8583709856531386e-11,9.291854928265693e-11,7.440250623889693,1.0548640843041048,0.05,0.005555555555555556,2,3-4
3,True,2.852588840422862e-18,1.9968121882960035e-17,10.588764605416788,1.501254197478267,0.05,0.005555555555555556,3,4-5
4,True,3.766341394240282e-13,2.259804836544169e-12,8.234412963625324,1.16745885720116,0.05,0.005555555555555556,4,5-6
5,True,0.004704404258114539,0.018817617032458156,2.648557736581191,0.3755073011323727,0.05,0.005555555555555556,5,6-7
6,False,0.022157195332737998,0.066471585998214,2.0370463404616643,0.28880841939874674,0.05,0.005555555555555556,6,7-8
7,False,0.9970290324257375,1.0,-2.811707020600553,-0.39863828539510204,0.05,0.005555555555555556,7,8-9
8,False,0.9999999013204012,1.0,-5.594100195808719,-0.7931205115066652,0.05,0.005555555555555556,8,9-10
