,reject,pvals,pvals_corrected,tstats,effectsize,alpha,alpha_corrected,step,dimension_step
0,True,1.2299528911247142e-45,1.1069576020122428e-44,25.521942286965434,3.618450727151358,0.05,0.005555555555555556,0,1-2
1,True,1.2415063685827476e-26,7.449038211496485e-26,14.551109817072888,2.0630277001032686,0.05,0.005555555555555556,1,2-3
2,True,3.9381352254191135e-31,3.150508180335291e-30,16.84479983920563,2.3882225553821637,0.05,0.005555555555555556,2,3-4
3,True,1.0223457425086221e-27,7.156420197560354e-27,15.090985539030598,2.139570216998111,0.05,0.005555555555555556,3,4-5
4,True,2.1326424562674107e-20,1.0663212281337053e-19,11.571145124388954,1.6405341732436545,0.05,0.005555555555555556,4,5-6
5,True,0.0004943336106006605,0.0014830008318019816,3.39501747029382,0.4813388924694137,0.05,0.005555555555555556,5,6-7
6,True,1.480765071722707e-10,5.923060286890828e-10,7.009275939803721,0.9937613421428564,0.05,0.005555555555555556,6,7-8
7,False,0.9999999999959307,1.0,-7.7516282950146564,-1.0990105974429678,0.05,0.005555555555555556,7,8-9
8,False,0.9999999999954432,1.0,-7.728533661878076,-1.0957362858280155,0.05,0.005555555555555556,8,9-10
