,reject,pvals,pvals_corrected,tstats,effectsize,alpha,alpha_corrected,step,dimension_step
0,True,5.2547373515472975e-42,4.729263616392567e-41,23.12882245794447,3.2791589096197526,0.05,0.005555555555555556,0,1-2
1,True,7.291278782805368e-33,5.833023026244294e-32,17.769675528788373,2.519349609658298,0.05,0.005555555555555556,1,2-3
2,True,2.4082482127242993e-19,1.4449489276345797e-18,11.083419398093252,1.5713853800553543,0.05,0.005555555555555556,2,3-4
3,True,3.927289435833024e-25,2.7491026050831166e-24,13.816208396006203,1.9588348235759434,0.05,0.005555555555555556,3,4-5
4,True,2.6333786766830946e-11,1.0533514706732378e-10,7.368348613294074,1.044669958810128,0.05,0.005555555555555556,4,5-6
5,True,1.4280785626941016e-12,7.140392813470508e-12,7.964724183458334,1.1292229129408284,0.05,0.005555555555555556,5,6-7
6,True,0.00031631741345752883,0.0009489522403725865,3.529856736496625,0.5004561381458636,0.05,0.005555555555555556,6,7-8
7,False,0.9917972032163248,1.0,-2.441397957002303,-0.3461365954617241,0.05,0.005555555555555556,7,8-9
8,False,0.9983420096571681,1.0,-3.0098275744664282,-0.42672742744154163,0.05,0.005555555555555556,8,9-10
