,reject,pvals,pvals_corrected,tstats,effectsize,alpha,alpha_corrected,step,dimension_step
0,True,1.88907837456569e-52,1.700170537109121e-51,30.508946121139353,4.325498311820856,0.05,0.005555555555555556,0,1-2
1,True,7.792658428947094e-49,6.234126743157675e-48,27.776882004765987,3.938151640577726,0.05,0.005555555555555556,1,2-3
2,True,1.9712425813534145e-40,1.3798698069473901e-39,22.141864692787983,3.1392299809025177,0.05,0.005555555555555556,2,3-4
3,True,4.632125214107372e-26,1.3896375642322116e-25,14.269399294168943,2.023087336827368,0.05,0.005555555555555556,3,4-5
4,True,1.8470072847250395e-31,7.388029138900158e-31,17.018418695089004,2.412837894930174,0.05,0.005555555555555556,4,5-6
5,True,5.618448424288696e-33,2.8092242121443483e-32,17.830988899174276,2.5280424985913745,0.05,0.005555555555555556,5,6-7
6,True,2.2467343830348098e-35,1.3480406298208858e-34,19.157238855294107,2.716075606109104,0.05,0.005555555555555556,6,7-8
7,False,0.9999766370164999,1.0,-4.259457790083872,-0.6038975390078775,0.05,0.005555555555555556,7,8-9
8,False,0.9964617653404015,1.0,-2.7504666465372667,-0.38995574573692354,0.05,0.005555555555555556,8,9-10
