,reject,pvals,pvals_corrected,tstats,effectsize,alpha,alpha_corrected,step,dimension_step
0,True,4.381068213583716e-60,3.9429613922253443e-59,37.00578129377497,5.246606810942105,0.05,0.005555555555555556,0,1-2
1,True,2.909058432836034e-55,2.3272467462688272e-54,32.780827435509465,4.647601171452452,0.05,0.005555555555555556,1,2-3
2,True,1.8012773362471236e-43,1.2608941353729865e-42,24.074217429746355,3.413195147328388,0.05,0.005555555555555556,2,3-4
3,True,1.480434126205036e-38,8.882604757230217e-38,21.003028777925852,2.977768067153753,0.05,0.005555555555555556,3,4-5
4,True,1.4290428053917739e-34,7.14521402695887e-34,18.706939797058755,2.6522330922288244,0.05,0.005555555555555556,4,5-6
5,True,2.6505594418732355e-23,1.0602237767492942e-22,12.936905021008187,1.8341689223340467,0.05,0.005555555555555556,5,6-7
6,True,1.7408792363151562e-20,5.222637708945469e-20,11.612125822207018,1.6463443358931749,0.05,0.005555555555555556,6,7-8
7,False,0.9999999829691076,1.0,-5.989319989566773,-0.8491539957152245,0.05,0.005555555555555556,7,8-9
8,False,0.9965461988930708,1.0,-2.7589869642256506,-0.3911637396030816,0.05,0.005555555555555556,8,9-10
