{
  "data": {
    "name": "normal-8-100",
    "n_dimension": 8,
    "distance": "euclidean",
    "subject": null,
    "n_objects": 100,
    "n_train_triplets": 14736,
    "n_test_triplets": 10000,
    "frac_train_ndlogn": 3.999852178328949,
    "frac_train_triplets": 0.030377241805813235,
    "max_train_score": 0.7876628664495114,
    "max_test_score": 0.7839,
    "noise_sd": 1.0,
    "distance_sd": 1.0748768402723123,
    "distance_mean": 4.046067467754981,
    "difference_sd": 0.9684377702199466,
    "difference_mean": -0.11130836727386371
  },
  "n_repeats": 10,
  "n_splits": 10,
  "embedding_method": "soe",
  "embedding_dimension": [
    1,
    2,
    3,
    4,
    5,
    6,
    7,
    8,
    9,
    10
  ],
  "random_state": 2463294191,
  "alpha": 0.05
}