,reject,pvals,pvals_corrected,tstats,effectsize,alpha,alpha_corrected,step,dimension_step
0,True,4.8468538919990106e-58,4.3621685027991095e-57,35.16168357024704,4.9851542665546145,0.05,0.005555555555555556,0,1-2
1,True,1.549100681630067e-49,1.2392805453040536e-48,28.291329011587866,4.011088924307349,0.05,0.005555555555555556,1,2-3
2,True,3.0252986980300945e-39,1.5126493490150473e-38,21.417192361923526,3.0364873646439516,0.05,0.005555555555555556,2,3-4
3,True,7.400891647474452e-41,4.440534988484671e-40,22.40573564488717,3.17664108495415,0.05,0.005555555555555556,3,4-5
4,True,6.668078133734062e-47,4.6676546936138436e-46,26.397236661481443,3.7425482401982593,0.05,0.005555555555555556,4,5-6
5,True,1.2323665559654881e-31,4.9294662238619526e-31,17.111565924405664,2.426044125704591,0.05,0.005555555555555556,5,6-7
6,True,2.0373570471299563e-23,6.112071141389869e-23,12.991342272125522,1.841886928615655,0.05,0.005555555555555556,6,7-8
7,False,0.9999999929397728,1.0,-6.183244163025516,-0.8766481832098177,0.05,0.005555555555555556,7,8-9
8,False,0.9999992137899533,1.0,-5.109609388547967,-0.72443035876989,0.05,0.005555555555555556,8,9-10
