,reject,pvals,pvals_corrected,tstats,effectsize,alpha,alpha_corrected,step,dimension_step
0,True,2.512754065130203e-40,2.2614786586171826e-39,22.076811901229437,3.1300069241981516,0.05,0.005555555555555556,0,1-2
1,True,7.609330357860273e-22,6.0874642862882185e-21,12.24744111128675,1.7364180867030812,0.05,0.005555555555555556,1,2-3
2,True,1.6871595747539334e-18,1.1810117023277533e-17,10.693675050399994,1.5161281938092255,0.05,0.005555555555555556,2,3-4
3,True,7.39830896620184e-15,4.438985379721104e-14,9.02257135728124,1.2792024024442359,0.05,0.005555555555555556,3,4-5
4,True,1.1171429412566518e-12,5.585714706283259e-12,8.014532145481922,1.1362845877293584,0.05,0.005555555555555556,4,5-6
5,True,3.387218067853407e-05,0.00013548872271413627,4.160434125712394,0.5898581588415346,0.05,0.005555555555555556,5,6-7
6,False,0.9468105291004838,1.0,-1.6295292606767668,-0.2310314501894966,0.05,0.005555555555555556,6,7-8
7,False,0.9882776754631654,1.0,-2.301747681206787,-0.3263372543176432,0.05,0.005555555555555556,7,8-9
8,False,0.9999998941907967,1.0,-5.578150280743272,-0.790859163952563,0.05,0.005555555555555556,8,9-10
