,reject,pvals,pvals_corrected,tstats,effectsize,alpha,alpha_corrected,step,dimension_step
0,True,1.5355214798196577e-52,1.381969331837692e-51,30.57958911665369,4.335513936635491,0.05,0.005555555555555556,0,1-2
1,True,1.684399949738899e-47,1.3475199597911192e-46,26.818162151419482,3.802226227399128,0.05,0.005555555555555556,1,2-3
2,True,2.691580706729257e-46,1.8841064947104798e-45,25.975464743286828,3.68275024806571,0.05,0.005555555555555556,2,3-4
3,True,2.485342481803486e-36,1.242671240901743e-35,19.701229758548642,2.7932015653058064,0.05,0.005555555555555556,3,4-5
4,True,8.20060348238494e-37,4.920362089430964e-36,19.978632980395954,2.832531247918567,0.05,0.005555555555555556,4,5-6
5,True,2.1191807589628975e-29,8.47672303585159e-29,15.944938582480594,2.2606419981455383,0.05,0.005555555555555556,5,6-7
6,True,8.327552319679266e-21,2.49826569590378e-20,11.761217699488363,1.6674822887062948,0.05,0.005555555555555556,6,7-8
7,False,0.9896246634493022,1.0,-2.3501338988541307,-0.33319735698778963,0.05,0.005555555555555556,7,8-9
8,False,0.9999996050544799,1.0,-5.2727661135037005,-0.7475623979939277,0.05,0.005555555555555556,8,9-10
