,reject,pvals,pvals_corrected,tstats,effectsize,alpha,alpha_corrected,step,dimension_step
0,True,6.073304792406498e-55,5.465974313165849e-54,32.51578315428425,4.610023715107505,0.05,0.005555555555555556,0,1-2
1,True,1.2886206094117987e-48,1.0308964875294389e-47,27.618205874417423,3.915654851235225,0.05,0.005555555555555556,1,2-3
2,True,3.451915563729854e-44,2.416340894610898e-43,24.547096101453885,3.480238954349626,0.05,0.005555555555555556,2,3-4
3,True,1.1324896025737873e-35,6.794937615442723e-35,19.325545223383255,2.739937751597436,0.05,0.005555555555555556,3,4-5
4,True,1.742150644551826e-27,8.710753222759128e-27,14.97508880324339,2.1231386059879305,0.05,0.005555555555555556,4,5-6
5,True,2.699324404006454e-20,8.097973212019362e-20,11.523598397226877,1.6337930918816317,0.05,0.005555555555555556,5,6-7
6,True,1.3463652161199246e-24,5.3854608644796986e-24,13.557201300021276,1.9221133074677172,0.05,0.005555555555555556,6,7-8
7,False,0.9999984079486269,1.0,-4.939551183402746,-0.7003198412729498,0.05,0.005555555555555556,7,8-9
8,False,0.9994034144497165,1.0,-3.33715892376038,-0.4731358216599177,0.05,0.005555555555555556,8,9-10
