,reject,pvals,pvals_corrected,tstats,effectsize,alpha,alpha_corrected,step,dimension_step
0,True,5.588912180530247e-21,4.4711297444241975e-20,11.841986044106605,1.6789334655810246,0.05,0.005555555555555556,0,1-2
1,True,7.25283479182667e-24,6.527551312644004e-23,13.20563860738956,1.87226944110014,0.05,0.005555555555555556,1,2-3
2,True,1.6358762537851325e-18,1.1451133776495928e-17,10.699843969100455,1.5170028109565583,0.05,0.005555555555555556,2,3-4
3,False,0.03580459625903306,0.14321838503613224,1.821118360231228,0.2581945755034808,0.05,0.005555555555555556,3,4-5
4,True,2.6918507680022614e-07,1.615110460801357e-06,5.362518109643706,0.7602872592934515,0.05,0.005555555555555556,4,5-6
5,True,7.97999150838162e-06,3.98999575419081e-05,4.538425911529111,0.6434490900044922,0.05,0.005555555555555556,5,6-7
6,False,0.666934235248817,1.0,-0.432758497476898,-0.061355647711653784,0.05,0.005555555555555556,6,7-8
7,False,0.9872365781496705,1.0,-2.267602124589972,-0.3214961645298881,0.05,0.005555555555555556,7,8-9
8,False,0.9999999741678371,1.0,-5.8966614994091975,-0.8360170574165019,0.05,0.005555555555555556,8,9-10
