,reject,pvals,pvals_corrected,tstats,effectsize,alpha,alpha_corrected,step,dimension_step
0,True,2.7439198935870647e-44,2.469527904228358e-43,24.613319234076634,3.489627939705784,0.05,0.005555555555555556,0,1-2
1,True,8.574300491098333e-28,6.859440392878667e-27,15.129314115801659,2.1450043671473633,0.05,0.005555555555555556,1,2-3
2,True,6.008345450538813e-08,2.403338180215525e-07,5.7069419001053125,0.8091189861671749,0.05,0.005555555555555556,2,3-4
3,True,6.247189086715299e-10,3.1235945433576497e-09,6.705701313009037,0.9507211292656831,0.05,0.005555555555555556,3,4-5
4,True,3.0195473808868514e-19,2.113683166620796e-18,11.03805309121298,1.564953434387844,0.05,0.005555555555555556,4,5-6
5,True,6.919340591057134e-16,4.15160435463428e-15,9.494862236091901,1.3461628733458644,0.05,0.005555555555555556,5,6-7
6,True,0.007667440468606974,0.02300232140582092,2.4671817396162052,0.34979216939488966,0.05,0.005555555555555556,6,7-8
7,False,0.9999999038947048,1.0,-5.600138553614552,-0.7939766179874198,0.05,0.005555555555555556,7,8-9
8,False,0.9978484923645204,1.0,-2.922463913509845,-0.4143411796019169,0.05,0.005555555555555556,8,9-10
