,reject,pvals,pvals_corrected,tstats,effectsize,alpha,alpha_corrected,step,dimension_step
0,True,1.4072845767491592e-40,1.2665561190742432e-39,22.23240051380997,3.152065971350532,0.05,0.005555555555555556,0,1-2
1,True,7.240511421184808e-40,5.792409136947846e-39,21.794645962279162,3.0900019929318736,0.05,0.005555555555555556,1,2-3
2,True,1.46843303724471e-23,1.027903126071297e-22,13.059177891006298,1.851504529098643,0.05,0.005555555555555556,2,3-4
3,True,2.853451190368959e-23,1.7120707142213755e-22,12.921655913743278,1.8320069339300804,0.05,0.005555555555555556,3,4-5
4,True,1.6203719979836714e-21,8.101859989918357e-21,12.093418916925708,1.7145811232417307,0.05,0.005555555555555556,4,5-6
5,True,4.027819210176317e-15,1.6111276840705268e-14,9.143888226904133,1.2964024693579081,0.05,0.005555555555555556,5,6-7
6,True,9.861043278939384e-08,2.958312983681815e-07,5.594260403260088,0.793143225403687,0.05,0.005555555555555556,6,7-8
7,False,0.9999494313909881,1.0,-4.051955753639335,-0.5744783088326886,0.05,0.005555555555555556,7,8-9
8,False,0.9999382334144846,1.0,-3.9971299663607778,-0.5667052166591332,0.05,0.005555555555555556,8,9-10
