,reject,pvals,pvals_corrected,tstats,effectsize,alpha,alpha_corrected,step,dimension_step
0,True,2.7913436031698593e-42,2.5122092428528733e-41,23.304105239136174,3.304010157221866,0.05,0.005555555555555556,0,1-2
1,True,4.194271838484217e-28,3.355417470787374e-27,15.285516343524026,2.1671504114464026,0.05,0.005555555555555556,1,2-3
2,True,1.147434788502238e-25,8.032043519515665e-25,14.076468256896357,1.9957339542258568,0.05,0.005555555555555556,2,3-4
3,True,1.759792966592515e-17,1.055875779955509e-16,10.225863024120677,1.449802725801053,0.05,0.005555555555555556,3,4-5
4,True,4.765027541843963e-16,1.906011016737585e-15,9.569125533902863,1.356691777492081,0.05,0.005555555555555556,4,5-6
5,True,3.50916071249451e-17,1.754580356247255e-16,10.088384142222452,1.4303112406084606,0.05,0.005555555555555556,5,6-7
6,True,1.724665788578759e-06,5.173997365736277e-06,4.920070700318288,0.6975579367364672,0.05,0.005555555555555556,6,7-8
7,False,0.9999999995347187,1.0,-6.768192890675721,-0.9595810621072495,0.05,0.005555555555555556,7,8-9
8,False,0.9999999972319424,1.0,-6.386840666245757,-0.905513694574092,0.05,0.005555555555555556,8,9-10
