{
  "data": {
    "name": "normal-8-100",
    "n_dimension": 8,
    "distance": "euclidean",
    "subject": null,
    "n_objects": 100,
    "n_train_triplets": 14736,
    "n_test_triplets": 10000,
    "frac_train_ndlogn": 3.999852178328949,
    "frac_train_triplets": 0.030377241805813235,
    "max_train_score": 0.7800624321389794,
    "max_test_score": 0.7857,
    "noise_sd": 1.0,
    "distance_sd": 1.0645416121653148,
    "distance_mean": 3.7658512396430677,
    "difference_sd": 0.9292100407495061,
    "difference_mean": -0.13849738148967283
  },
  "n_repeats": 10,
  "n_splits": 10,
  "embedding_method": "soe",
  "embedding_dimension": [
    1,
    2,
    3,
    4,
    5,
    6,
    7,
    8,
    9,
    10
  ],
  "random_state": 1139585365,
  "alpha": 0.05
}