,reject,pvals,pvals_corrected,tstats,effectsize,alpha,alpha_corrected,step,dimension_step
0,True,1.5855374017296521e-06,1.2684299213837217e-05,4.940548310247176,0.7004612119537045,0.05,0.005555555555555556,0,1-2
1,True,0.0007211883819996397,0.005048318673997478,3.2780984676378506,0.46476234647532716,0.05,0.005555555555555556,1,2-3
2,True,8.551149698715084e-09,7.696034728843576e-08,6.141263044127902,0.8706961828293733,0.05,0.005555555555555556,2,3-4
3,True,0.002188654222270913,0.013131925333625477,2.9166618618363778,0.4135185761393446,0.05,0.005555555555555556,3,4-5
4,False,0.031308833719918175,0.15654416859959086,1.8831343467104344,0.2669870799628808,0.05,0.005555555555555556,4,5-6
5,False,0.18316337793799808,0.7326535117519923,0.9075368741589498,0.1286687911638396,0.05,0.005555555555555556,5,6-7
6,False,0.25570150337337416,0.7671045101201225,0.6590354257598612,0.09343674508570542,0.05,0.005555555555555556,6,7-8
7,False,0.9328566574628615,1.0,-1.509772182565092,-0.21405252744520278,0.05,0.005555555555555556,7,8-9
8,False,0.9651212187369624,1.0,-1.8333350042426866,-0.2599266272380068,0.05,0.005555555555555556,8,9-10
