,reject,pvals,pvals_corrected,tstats,effectsize,alpha,alpha_corrected,step,dimension_step
0,True,2.6129307462997182e-42,2.351637671669746e-41,23.322459524215446,3.306612391622551,0.05,0.005555555555555556,0,1-2
1,True,6.198811160597865e-37,4.339167812418505e-36,20.04901886037855,2.8425104193993476,0.05,0.005555555555555556,1,2-3
2,True,2.266383715771404e-34,1.3598302294628423e-33,18.595640285921988,2.636453266678082,0.05,0.005555555555555556,2,3-4
3,True,8.579651536064565e-39,6.863721228851652e-38,21.14472863127624,2.997857993368139,0.05,0.005555555555555556,3,4-5
4,True,4.691122574635109e-19,1.8764490298540437e-18,10.949759964301226,1.552435408695126,0.05,0.005555555555555556,4,5-6
5,True,6.961090015317998e-22,3.480545007658999e-21,12.265611967097023,1.7389943148631621,0.05,0.005555555555555556,5,6-7
6,True,1.1901240143997002e-06,3.5703720431991002e-06,5.010051081761349,0.7103151780545891,0.05,0.005555555555555556,6,7-8
7,False,0.9999999999976957,1.0,-7.867508049926725,-1.1154398009381048,0.05,0.005555555555555556,7,8-9
8,False,0.9999999995934691,1.0,-6.796756447492082,-0.9636307469537267,0.05,0.005555555555555556,8,9-10
