,reject,pvals,pvals_corrected,tstats,effectsize,alpha,alpha_corrected,step,dimension_step
0,True,1.14480224499709e-50,1.030322020497381e-49,29.136580459236505,4.1309270103346805,0.05,0.005555555555555556,0,1-2
1,True,8.579586930803122e-40,6.863669544642498e-39,21.749625419356903,3.0836190689975536,0.05,0.005555555555555556,1,2-3
2,True,5.7893755951920454e-27,4.052562916634432e-26,14.715261356249705,2.0863007821288764,0.05,0.005555555555555556,2,3-4
3,True,6.729410795732894e-25,4.037646477439736e-24,13.702801617379654,1.9427562337895106,0.05,0.005555555555555556,3,4-5
4,True,1.616487084858753e-18,8.082435424293766e-18,10.702226914858588,1.5173406603143513,0.05,0.005555555555555556,4,5-6
5,True,5.616306982835232e-07,1.6848920948505698e-06,5.189652070206892,0.7357786525790098,0.05,0.005555555555555556,5,6-7
6,True,6.431122376664137e-09,2.572448950665655e-08,6.2036533004449925,0.8795417505294866,0.05,0.005555555555555556,6,7-8
7,False,0.9999999999999986,1.0,-9.350237905517476,-1.325658320508674,0.05,0.005555555555555556,7,8-9
8,False,0.999998430025282,1.0,-4.9429468103889596,-0.7008012665813862,0.05,0.005555555555555556,8,9-10
