,reject,pvals,pvals_corrected,tstats,effectsize,alpha,alpha_corrected,step,dimension_step
0,True,7.033709079649094e-59,6.330338171684185e-58,35.90822935832425,5.090998058510032,0.05,0.005555555555555556,0,1-2
1,True,7.742305905189347e-52,6.193844724151477e-51,30.03155230764821,4.257814356887425,0.05,0.005555555555555556,1,2-3
2,True,2.6146020008101053e-40,1.5687612004860632e-39,22.066174911345257,3.1284988327156014,0.05,0.005555555555555556,2,3-4
3,True,4.979406400668496e-41,3.4855844804679472e-40,22.51307586259903,3.1918595696785843,0.05,0.005555555555555556,3,4-5
4,True,7.085896044473315e-24,3.5429480222366577e-23,13.210481409628388,1.8729560440665407,0.05,0.005555555555555556,4,5-6
5,True,1.0221035725142376e-13,4.0884142900569504e-13,8.496955663356326,1.2046816442472348,0.05,0.005555555555555556,5,6-7
6,True,1.8439300900485016e-11,5.5317902701455047e-11,7.441857805551307,1.0550919473556997,0.05,0.005555555555555556,6,7-8
7,False,0.9970576721530119,1.0,-2.8150749331420752,-0.3991157814041373,0.05,0.005555555555555556,7,8-9
8,False,0.9995942920956017,1.0,-3.455119254828168,-0.48986000514595457,0.05,0.005555555555555556,8,9-10
