,reject,pvals,pvals_corrected,tstats,effectsize,alpha,alpha_corrected,step,dimension_step
0,True,4.45086016857107e-55,4.005774151713963e-54,32.62747929047164,4.625859773377008,0.05,0.005555555555555556,0,1-2
1,True,2.4888311952380067e-49,1.9910649561904054e-48,28.139579682377928,3.989574203192065,0.05,0.005555555555555556,1,2-3
2,True,9.006494999077545e-47,6.3045464993542814e-46,26.305940584740465,3.7296044621912783,0.05,0.005555555555555556,2,3-4
3,True,2.8962658095506977e-39,1.7377594857304186e-38,21.42863469673921,3.0381096363452422,0.05,0.005555555555555556,3,4-5
4,True,1.30416903084351e-36,6.520845154217549e-36,19.86227611607818,2.8160344007912728,0.05,0.005555555555555556,4,5-6
5,True,1.077456325602532e-23,3.232368976807596e-23,13.123402431495965,1.8606101579972116,0.05,0.005555555555555556,5,6-7
6,True,7.111030207287075e-27,2.84441208291483e-26,14.670948773493107,2.080018231392937,0.05,0.005555555555555556,6,7-8
7,False,0.9999999589214293,1.0,-5.792744259314106,-0.8212838757190538,0.05,0.005555555555555556,7,8-9
8,False,0.999999998643666,1.0,-6.540331721595881,-0.9272753541922372,0.05,0.005555555555555556,8,9-10
