,reject,pvals,pvals_corrected,tstats,effectsize,alpha,alpha_corrected,step,dimension_step
0,True,2.7387531455329077e-41,2.464877830979617e-40,22.67565817964729,3.214910170480455,0.05,0.005555555555555556,0,1-2
1,True,6.660604773868905e-38,5.328483819095124e-37,20.6155285237514,2.9228290440683122,0.05,0.005555555555555556,1,2-3
2,True,7.3079513311237e-22,4.38477079867422e-21,12.25568759291451,1.7375872566317214,0.05,0.005555555555555556,2,3-4
3,True,4.695056838975213e-30,3.286539787282649e-29,16.28250710442174,2.3085017985458074,0.05,0.005555555555555556,3,4-5
4,True,1.9839825160017645e-15,9.919912580008823e-15,9.285051703867854,1.3164163491842669,0.05,0.005555555555555556,4,5-6
5,True,1.0180877884329705e-09,4.072351153731882e-09,6.601689911085578,0.9359745974896048,0.05,0.005555555555555556,5,6-7
6,True,0.00018608440769424137,0.000558253223082724,3.6858073329907532,0.5225665066648014,0.05,0.005555555555555556,6,7-8
7,False,0.9999999999999986,1.0,-9.352139664020621,-1.325927948084867,0.05,0.005555555555555556,7,8-9
8,False,0.999999997959164,1.0,-6.452583167491393,-0.9148345369599208,0.05,0.005555555555555556,8,9-10
