,reject,pvals,pvals_corrected,tstats,effectsize,alpha,alpha_corrected,step,dimension_step
0,True,5.534432467012179e-35,4.980989220310961e-34,18.93705382464269,2.6848582059868815,0.05,0.005555555555555556,0,1-2
1,True,5.680519529057081e-27,3.9763636703399567e-26,14.719354569690863,2.086881109871413,0.05,0.005555555555555556,1,2-3
2,True,3.6534248158672445e-30,2.9227398526937956e-29,16.33900755655667,2.316512321405442,0.05,0.005555555555555556,2,3-4
3,True,8.812203595485913e-09,4.406101797742957e-08,6.1346632457448385,0.8697604764090024,0.05,0.005555555555555556,3,4-5
4,True,1.2688243049769038e-08,5.075297219907615e-08,6.0544279446730895,0.858384873398782,0.05,0.005555555555555556,4,5-6
5,True,4.049682207596403e-09,2.4298093245578416e-08,6.304411338784696,0.8938270268222258,0.05,0.005555555555555556,5,6-7
6,True,3.152015746059804e-07,9.456047238179412e-07,5.32566071225459,0.7550616900603581,0.05,0.005555555555555556,6,7-8
7,False,0.9999999836116242,1.0,-5.997842904235289,-0.8503623577761125,0.05,0.005555555555555556,7,8-9
8,False,0.9948278878866409,1.0,-2.614047011395725,-0.37061443846393677,0.05,0.005555555555555556,8,9-10
