,reject,pvals,pvals_corrected,tstats,effectsize,alpha,alpha_corrected,step,dimension_step
0,True,4.797971911702525e-44,4.318174720532272e-43,24.452327348011107,3.466802827077236,0.05,0.005555555555555556,0,1-2
1,True,7.947028769303231e-24,6.357623015442585e-23,13.186633877022283,1.8695749878471872,0.05,0.005555555555555556,1,2-3
2,True,6.437781553499983e-21,4.506447087449988e-20,11.813336002628496,1.674871519109485,0.05,0.005555555555555556,2,3-4
3,True,1.7342599827146433e-10,6.937039930858573e-10,6.976156436560517,0.9890657241822097,0.05,0.005555555555555556,3,4-5
4,True,1.656720465671172e-14,8.28360232835586e-14,8.861526857057676,1.256369830283954,0.05,0.005555555555555556,4,5-6
5,True,7.775340190901875e-17,4.665204114541125e-16,9.92998372566081,1.4078535414238151,0.05,0.005555555555555556,5,6-7
6,False,0.8885764201792986,1.0,-1.2266937611723385,-0.17391822621482186,0.05,0.005555555555555556,6,7-8
7,False,0.9998582723643326,1.0,-3.764197753491579,-0.5336805461400721,0.05,0.005555555555555556,7,8-9
8,False,0.994419407577509,1.0,-2.586141051124037,-0.36665798636081776,0.05,0.005555555555555556,8,9-10
