,reject,pvals,pvals_corrected,tstats,effectsize,alpha,alpha_corrected,step,dimension_step
0,True,2.788056461072684e-63,2.5092508149654152e-62,40.0581251369024,5.679362111243885,0.05,0.005555555555555556,0,1-2
1,True,4.497438661013027e-46,3.5979509288104213e-45,25.821565824765198,3.660930762410153,0.05,0.005555555555555556,1,2-3
2,True,6.683094543723403e-45,4.678166180606382e-44,25.02364835148217,3.5478035940722514,0.05,0.005555555555555556,2,3-4
3,True,5.718588013715392e-38,3.431152808229235e-37,20.65461263574287,2.9283703125135365,0.05,0.005555555555555556,3,4-5
4,True,2.026016810075815e-33,1.0130084050379074e-32,18.072030640808414,2.562216922131832,0.05,0.005555555555555556,4,5-6
5,True,3.9882960817073616e-22,1.1964888245122084e-21,12.379412308193347,1.7551287031616722,0.05,0.005555555555555556,5,6-7
6,True,3.148743506902168e-32,1.2594974027608673e-31,17.42757321452058,2.4708470171085666,0.05,0.005555555555555556,6,7-8
7,False,0.9999999998984237,1.0,-7.088085925996582,-1.0049348668158586,0.05,0.005555555555555556,7,8-9
8,False,0.9999994467262653,1.0,-5.193204620629109,-0.7362823261832353,0.05,0.005555555555555556,8,9-10
