,reject,pvals,pvals_corrected,tstats,effectsize,alpha,alpha_corrected,step,dimension_step
0,True,5.656213749704232e-74,5.0905923747338085e-73,51.97960016161282,7.369565367988621,0.05,0.005555555555555556,0,1-2
1,True,2.0687389766908753e-72,1.6549911813527002e-71,50.05511682263588,7.096715909314456,0.05,0.005555555555555556,1,2-3
2,True,6.838698626377333e-54,4.787089038464133e-53,31.656426827322004,4.488185867062266,0.05,0.005555555555555556,2,3-4
3,True,1.7701036195847562e-47,1.0620621717508538e-46,26.802891713295494,3.8000612147479598,0.05,0.005555555555555556,3,4-5
4,True,1.8940526566572e-44,9.470263283286e-44,24.72053008134089,3.5048280825428746,0.05,0.005555555555555556,4,5-6
5,True,4.632670941213908e-40,1.853068376485563e-39,21.913413517197757,3.1068406230261303,0.05,0.005555555555555556,5,6-7
6,True,1.3501220098692e-28,4.0503660296076e-28,15.534495661425131,2.2024502089216527,0.05,0.005555555555555556,6,7-8
7,False,0.9999545640477832,1.0,-4.081101678295333,-0.5786105606448422,0.05,0.005555555555555556,7,8-9
8,False,0.9999288742180884,1.0,-3.958175609389751,-0.5611823446252319,0.05,0.005555555555555556,8,9-10
