,reject,pvals,pvals_corrected,tstats,effectsize,alpha,alpha_corrected,step,dimension_step
0,True,1.5341941732290462e-69,1.3807747559061416e-68,46.69178911522589,6.619869929032561,0.05,0.005555555555555556,0,1-2
1,True,4.787316776053842e-68,3.829853420843074e-67,45.02398346218362,6.383411727296086,0.05,0.005555555555555556,1,2-3
2,True,7.716116172992542e-54,4.629669703795525e-53,31.61407861133577,4.482181820379377,0.05,0.005555555555555556,2,3-4
3,True,2.750547145482265e-50,1.3752735727411325e-49,28.84996876166841,4.090291768164847,0.05,0.005555555555555556,3,4-5
4,True,1.2024830859328454e-54,8.417381601529918e-54,32.271418797723115,4.575378217764613,0.05,0.005555555555555556,4,5-6
5,True,1.5280941943899818e-46,6.112376777559927e-46,26.1459635493741,3.7069232330967123,0.05,0.005555555555555556,5,6-7
6,True,2.1094165583028265e-33,6.328249674908479e-33,18.062464557128855,2.56086066162246,0.05,0.005555555555555556,6,7-8
7,False,0.9999999540283502,1.0,-5.76740960945295,-0.8176919789432726,0.05,0.005555555555555556,7,8-9
8,False,0.9868568630535175,1.0,-2.2557558942196763,-0.3198166293120967,0.05,0.005555555555555556,8,9-10
