,reject,pvals,pvals_corrected,tstats,effectsize,alpha,alpha_corrected,step,dimension_step
0,True,7.828059457126265e-45,7.045253511413638e-44,24.97746177874055,3.5412553527259454,0.05,0.005555555555555556,0,1-2
1,True,1.0309050249617982e-25,8.247240199694386e-25,14.099198070190752,1.99895654240188,0.05,0.005555555555555556,1,2-3
2,True,1.315043490149692e-21,9.205304431047843e-21,12.135922013540325,1.720607128595167,0.05,0.005555555555555556,2,3-4
3,True,4.907180358022881e-15,2.9443082148137286e-14,9.104499020625651,1.290817945245373,0.05,0.005555555555555556,3,4-5
4,True,4.853067800941766e-09,2.4265339004708826e-08,6.265061405094236,0.8882480706998963,0.05,0.005555555555555556,4,5-6
5,True,2.1440832802866337e-06,8.576333121146535e-06,4.8668589714492345,0.6900136825862827,0.05,0.005555555555555556,5,6-7
6,False,0.32366198671736235,0.970985960152087,0.45888314896013754,0.06505954936197539,0.05,0.005555555555555556,6,7-8
7,False,0.9788863194541085,1.0,-2.057902526739274,-0.29176536842532463,0.05,0.005555555555555556,7,8-9
8,False,0.9997961765354225,1.0,-3.6593521809170872,-0.5188157472914936,0.05,0.005555555555555556,8,9-10
