,reject,pvals,pvals_corrected,tstats,effectsize,alpha,alpha_corrected,step,dimension_step
0,True,2.2475407502049998e-27,2.0227866751845e-26,14.91983023105631,2.1153041544221574,0.05,0.005555555555555556,0,1-2
1,True,3.1852213935851694e-25,2.5481771148681355e-24,13.860392327975775,1.9650991344565991,0.05,0.005555555555555556,1,2-3
2,True,4.919561544623166e-18,2.951736926773899e-17,10.479983052593742,1.485831363099622,0.05,0.005555555555555556,2,3-4
3,True,1.9788070416147294e-23,1.3851649291303106e-22,12.997378936461322,1.8427427949995627,0.05,0.005555555555555556,3,4-5
4,True,5.889711470102426e-07,2.944855735051213e-06,5.178380091365507,0.7341805336123403,0.05,0.005555555555555556,4,5-6
5,False,0.7396346606930109,1.0,-0.6445172740562148,-0.09137839012203235,0.05,0.005555555555555556,5,6-7
6,True,0.004133270263543273,0.01653308105417309,2.695189126276778,0.3821186077506096,0.05,0.005555555555555556,6,7-8
7,False,0.9999999991212236,1.0,-6.633087760430072,-0.9404261227502664,0.05,0.005555555555555556,7,8-9
8,False,0.999946853998879,1.0,-4.038373780602573,-0.5725526834371588,0.05,0.005555555555555556,8,9-10
