,reject,pvals,pvals_corrected,tstats,effectsize,alpha,alpha_corrected,step,dimension_step
0,True,3.0026983511969654e-40,2.7024285160772688e-39,22.0291499354416,3.123249504530662,0.05,0.005555555555555556,0,1-2
1,True,1.1161847862093724e-31,8.92947828967498e-31,17.134399371225918,2.429281406837865,0.05,0.005555555555555556,1,2-3
2,True,3.3035394215438336e-28,2.3124775950806837e-27,15.337812557059527,2.1745648656351593,0.05,0.005555555555555556,2,3-4
3,True,4.687189142084486e-19,2.8123134852506915e-18,10.94992799774055,1.5524592321453115,0.05,0.005555555555555556,3,4-5
4,True,1.2617213244440183e-11,6.308606622220092e-11,7.519923637497293,1.0661599673047493,0.05,0.005555555555555556,4,5-6
5,True,8.874859596229078e-10,2.6624578788687234e-09,6.63098504770265,0.9401280042798152,0.05,0.005555555555555556,5,6-7
6,True,2.1208562321972496e-11,8.483424928788999e-11,7.413018020774531,1.0510030994528614,0.05,0.005555555555555556,6,7-8
7,False,0.9999999286941341,1.0,-5.668110932992503,-0.8036136081044286,0.05,0.005555555555555556,7,8-9
8,False,0.9999975583374572,1.0,-4.8349372422824,-0.6854878826758797,0.05,0.005555555555555556,8,9-10
