,reject,pvals,pvals_corrected,tstats,effectsize,alpha,alpha_corrected,step,dimension_step
0,True,1.4872470966056173e-54,1.3385223869450555e-53,32.19569581478834,4.5646423623355235,0.05,0.005555555555555556,0,1-2
1,True,2.954246978237879e-39,1.7725481869427273e-38,21.42343078095871,3.037371835411902,0.05,0.005555555555555556,1,2-3
2,True,4.462773877347534e-36,2.231386938673767e-35,19.555718448144564,2.7725712582147475,0.05,0.005555555555555556,2,3-4
3,True,8.31303799448293e-43,6.650430395586344e-42,23.642305402065645,3.3519595104378186,0.05,0.005555555555555556,3,4-5
4,True,2.734247889873496e-41,1.913973522911447e-40,22.676107027974755,3.214973807312583,0.05,0.005555555555555556,4,5-6
5,True,1.4815475439508587e-34,5.926190175803435e-34,18.698218345222127,2.650996581959143,0.05,0.005555555555555556,5,6-7
6,True,1.3797795664587228e-17,4.1393386993761684e-17,10.274339856816033,1.4566756756942942,0.05,0.005555555555555556,6,7-8
7,False,0.999998627219963,1.0,-4.975522465658378,-0.705419778847095,0.05,0.005555555555555556,7,8-9
8,False,0.9937052148099353,1.0,-2.5414995648908265,-0.36032880433754455,0.05,0.005555555555555556,8,9-10
