,reject,pvals,pvals_corrected,tstats,effectsize,alpha,alpha_corrected,step,dimension_step
0,True,5.9243359274893945e-58,5.331902334740455e-57,35.08481114453889,4.97425544539226,0.05,0.005555555555555556,0,1-2
1,True,3.811274768259994e-51,3.049019814607995e-50,29.49939174697384,4.18236568036891,0.05,0.005555555555555556,1,2-3
2,True,3.1569914185549307e-49,2.2098939929884513e-48,28.06370878762496,3.9788173771166178,0.05,0.005555555555555556,2,3-4
3,True,2.243712303556e-31,8.974849214224e-31,16.97371928576701,2.4065005006854183,0.05,0.005555555555555556,3,4-5
4,True,1.0412987051125226e-32,6.247792230675135e-32,17.68601661720473,2.507488613890467,0.05,0.005555555555555556,4,5-6
5,True,1.2092648700351373e-31,6.046324350175687e-31,17.11592844927051,2.4266626358905286,0.05,0.005555555555555556,5,6-7
6,True,5.14970951583914e-25,1.544912854751742e-24,13.75910465118701,1.9507387670673602,0.05,0.005555555555555556,6,7-8
7,False,0.999958722148157,1.0,-4.107129405837616,-0.5823007206096491,0.05,0.005555555555555556,7,8-9
8,False,0.9994232844554655,1.0,-3.3476324430248177,-0.47462073659985915,0.05,0.005555555555555556,8,9-10
