,reject,pvals,pvals_corrected,tstats,effectsize,alpha,alpha_corrected,step,dimension_step
0,True,2.2788677064916482e-67,2.0509809358424834e-66,44.28563386481234,6.278729975121428,0.05,0.005555555555555556,0,1-2
1,True,3.766596464948795e-53,2.6366175254641568e-52,31.062177395531876,4.403934352644084,0.05,0.005555555555555556,1,2-3
2,True,2.2773140544727446e-54,1.8218512435781957e-53,32.04433850881691,4.5431832215031385,0.05,0.005555555555555556,2,3-4
3,True,1.9803412436019654e-51,1.188204746161179e-50,29.71706173476473,4.21322650266625,0.05,0.005555555555555556,3,4-5
4,True,1.735614369888308e-38,5.206843109664924e-38,20.96183650196772,2.971927907372111,0.05,0.005555555555555556,4,5-6
5,True,4.144121824167904e-42,2.0720609120839522e-41,23.1945045927363,3.2884711933686166,0.05,0.005555555555555556,5,6-7
6,True,1.853415878019998e-39,7.413663512079992e-39,21.546047635716047,3.0547562116583875,0.05,0.005555555555555556,6,7-8
7,False,0.999964036929273,1.0,-4.144331107081237,-0.5875751045653326,0.05,0.005555555555555556,7,8-9
8,False,0.9965449732311484,1.0,-2.758861928621602,-0.39114601230132284,0.05,0.005555555555555556,8,9-10
