,reject,pvals,pvals_corrected,tstats,effectsize,alpha,alpha_corrected,step,dimension_step
0,True,3.2091421578189375e-33,2.8882279420370435e-32,17.963125087994843,2.546776507278675,0.05,0.005555555555555556,0,1-2
1,True,3.4254016823188775e-16,2.3977811776232144e-15,9.634832362769664,1.3660075623182741,0.05,0.005555555555555556,1,2-3
2,True,8.540638305957532e-19,6.8325106447660255e-18,10.829808162185818,1.535428878364976,0.05,0.005555555555555556,2,3-4
3,False,0.3079564224940835,0.9238692674822505,0.5032407670172783,0.07134848511415506,0.05,0.005555555555555556,3,4-5
4,True,1.511572018528395e-05,6.04628807411358e-05,4.373799538507081,0.6201086869712134,0.05,0.005555555555555556,4,5-6
5,True,7.44609032390307e-10,3.723045161951535e-09,6.668376213393827,0.9454292501318355,0.05,0.005555555555555556,5,6-7
6,True,1.1481912297270705e-12,6.889147378362423e-12,8.008974540874148,1.1354966414904668,0.05,0.005555555555555556,6,7-8
7,False,0.9999999963338565,1.0,-6.326005691634445,-0.8968886316520214,0.05,0.005555555555555556,7,8-9
8,False,0.9999996352671188,1.0,-5.291460591201978,-0.750212864234328,0.05,0.005555555555555556,8,9-10
