,reject,pvals,pvals_corrected,tstats,effectsize,alpha,alpha_corrected,step,dimension_step
0,True,2.696711638019764e-42,2.427040474217788e-41,23.3136881287508,3.3053688004436235,0.05,0.005555555555555556,0,1-2
1,True,2.2560366781659094e-29,1.8048293425327275e-28,15.930990805546534,2.2586645097936833,0.05,0.005555555555555556,1,2-3
2,True,1.9824724500863376e-24,1.3877307150604363e-23,13.476175712618797,1.910625659217525,0.05,0.005555555555555556,2,3-4
3,True,2.280215942693292e-11,1.1401079713466461e-10,7.398073777388637,1.0488843340494136,0.05,0.005555555555555556,3,4-5
4,True,2.066375793837729e-16,1.2398254763026374e-15,9.735432592754169,1.380270464853123,0.05,0.005555555555555556,4,5-6
5,True,1.2908682846999692e-08,5.163473138799877e-08,6.050626107480947,0.8578458564071385,0.05,0.005555555555555556,5,6-7
6,True,1.6566720572125673e-05,4.970016171637702e-05,4.349878655185912,0.6167172312318987,0.05,0.005555555555555556,6,7-8
7,False,0.9999730733801167,1.0,-4.2217782009907125,-0.5985554010538024,0.05,0.005555555555555556,7,8-9
8,False,0.9995820153596346,1.0,-3.446095566650345,-0.48858064440289284,0.05,0.005555555555555556,8,9-10
