,reject,pvals,pvals_corrected,tstats,effectsize,alpha,alpha_corrected,step,dimension_step
0,True,1.2547436345817368e-47,1.1292692711235632e-46,26.908907471889446,3.8150919202663913,0.05,0.005555555555555556,0,1-2
1,True,5.909192563970705e-40,4.727354051176564e-39,21.848631969005666,3.097656022672207,0.05,0.005555555555555556,1,2-3
2,True,6.118251883054594e-18,3.6709511298327565e-17,10.436480838941359,1.4796637048997383,0.05,0.005555555555555556,2,3-4
3,True,2.286179106133736e-19,1.6003253742936151e-18,11.093854846575057,1.572864897394692,0.05,0.005555555555555556,3,4-5
4,True,1.6584131646300695e-17,8.292065823150347e-17,10.237685686415643,1.4514789195835276,0.05,0.005555555555555556,4,5-6
5,True,6.534548144039699e-13,2.6138192576158796e-12,8.12310995162945,1.1516785353055063,0.05,0.005555555555555556,5,6-7
6,True,0.00042305318261798237,0.001269159547853947,3.4424426721724437,0.4880627442160203,0.05,0.005555555555555556,6,7-8
7,False,0.9999998800191225,1.0,-5.549357191889445,-0.7867769365057407,0.05,0.005555555555555556,7,8-9
8,False,0.9999996169425723,1.0,-5.279949457717996,-0.748580838393304,0.05,0.005555555555555556,8,9-10
