,reject,pvals,pvals_corrected,tstats,effectsize,alpha,alpha_corrected,step,dimension_step
0,True,1.9154220602242646e-43,1.723879854201838e-42,24.056758106811607,3.4107197988984574,0.05,0.005555555555555556,0,1-2
1,True,4.4756872794735324e-36,3.580549823578826e-35,19.55500178030712,2.772469650459806,0.05,0.005555555555555556,1,2-3
2,True,1.4368512673834906e-26,8.621107604300944e-26,14.51974579367545,2.0585809706187805,0.05,0.005555555555555556,2,3-4
3,True,2.84445303011437e-34,1.991117121080059e-33,18.540949264067223,2.628699281280972,0.05,0.005555555555555556,3,4-5
4,True,3.22588774972002e-22,1.61294387486001e-21,12.422822228613834,1.7612832762088544,0.05,0.005555555555555556,4,5-6
5,True,4.977755834108313e-09,1.991102333643325e-08,6.259537848276452,0.8874649516896327,0.05,0.005555555555555556,5,6-7
6,True,2.7729564477520958e-05,8.318869343256288e-05,4.21395373459592,0.5974460636139843,0.05,0.005555555555555556,6,7-8
7,False,0.9999999956149257,1.0,-6.287122053151659,-0.8913757859461447,0.05,0.005555555555555556,7,8-9
8,False,0.9999580262892263,1.0,-4.102603224211136,-0.581659007490271,0.05,0.005555555555555556,8,9-10
