,reject,pvals,pvals_corrected,tstats,effectsize,alpha,alpha_corrected,step,dimension_step
0,True,2.2152269626120562e-41,1.9937042663508506e-40,22.7335462038339,3.2231174205735784,0.05,0.005555555555555556,0,1-2
1,True,2.9877124967543466e-36,2.3901699974034773e-35,19.655396631499084,2.7867034347938198,0.05,0.005555555555555556,1,2-3
2,True,3.363456862711028e-35,2.3544198038977196e-34,19.05850865148811,2.702077832203939,0.05,0.005555555555555556,2,3-4
3,True,5.261056370518461e-29,3.156633822311077e-28,15.742806415366195,2.231984097471211,0.05,0.005555555555555556,3,4-5
4,True,1.2674541115907219e-11,6.337270557953609e-11,7.5189920777864545,1.0660278926030997,0.05,0.005555555555555556,4,5-6
5,True,5.8449795295135705e-05,0.00017534938588540712,4.012304590021416,0.5688566449243373,0.05,0.005555555555555556,5,6-7
6,True,7.431883542845792e-07,2.9727534171383167e-06,5.123044899403711,0.726335219045765,0.05,0.005555555555555556,6,7-8
7,False,0.9999999993190101,1.0,-6.687373496687634,-0.9481226475533744,0.05,0.005555555555555556,7,8-9
8,False,0.9999992434076973,1.0,-5.118779223368081,-0.7257304398961469,0.05,0.005555555555555556,8,9-10
