{
  "data": {
    "name": "normal-8-100",
    "n_dimension": 8,
    "distance": "euclidean",
    "subject": null,
    "n_objects": 100,
    "n_train_triplets": 29473,
    "n_test_triplets": 10000,
    "frac_train_ndlogn": 7.999975790709088,
    "frac_train_triplets": 0.06075654504225933,
    "max_train_score": 0.8825026295253283,
    "max_test_score": 0.8829,
    "noise_sd": 0.5,
    "distance_sd": 1.0805180427585461,
    "distance_mean": 4.192183778408237,
    "difference_sd": 0.9803257139015081,
    "difference_mean": -0.12654040321809645
  },
  "n_repeats": 10,
  "n_splits": 10,
  "embedding_method": "soe",
  "embedding_dimension": [
    1,
    2,
    3,
    4,
    5,
    6,
    7,
    8,
    9,
    10
  ],
  "random_state": 2298478020,
  "alpha": 0.05
}