,reject,pvals,pvals_corrected,tstats,effectsize,alpha,alpha_corrected,step,dimension_step
0,True,2.6025227169228235e-56,2.082018173538259e-55,33.66272667131798,4.772635108729055,0.05,0.005555555555555556,0,1-2
1,True,3.866658507335407e-57,3.4799926566018666e-56,34.37332337909999,4.873382110860566,0.05,0.005555555555555556,1,2-3
2,True,2.9780126190540807e-47,2.0846088333378566e-46,26.643221103740846,3.7774234301016563,0.05,0.005555555555555556,2,3-4
3,True,3.0861322183399136e-28,1.5430661091699568e-27,15.35273913648616,2.176681126677242,0.05,0.005555555555555556,3,4-5
4,True,6.230377613704342e-26,2.4921510454817367e-25,14.206252303665002,2.0141344808441812,0.05,0.005555555555555556,4,5-6
5,True,1.5338262786991645e-32,9.202957672194987e-32,17.595333895599204,2.4946317961669524,0.05,0.005555555555555556,5,6-7
6,True,1.5918720180705638e-15,4.775616054211691e-15,9.328925362802925,1.3226366701649892,0.05,0.005555555555555556,6,7-8
7,False,0.9999997283158285,1.0,-5.360363286837579,-0.7599817527586414,0.05,0.005555555555555556,7,8-9
8,False,0.999999697478503,1.0,-5.3352623920052125,-0.7564229973106005,0.05,0.005555555555555556,8,9-10
