,reject,pvals,pvals_corrected,tstats,effectsize,alpha,alpha_corrected,step,dimension_step
0,True,3.125987798822085e-35,2.8133890189398763e-34,19.07640266288269,2.7046148099078433,0.05,0.005555555555555556,0,1-2
1,True,2.4784669611239536e-29,1.982773568899163e-28,15.910043587439654,2.2556946544535843,0.05,0.005555555555555556,1,2-3
2,True,1.9233361131447307e-24,1.3463352792013115e-23,13.482511797785943,1.9115239768973693,0.05,0.005555555555555556,2,3-4
3,True,6.0686541595841814e-12,3.0343270797920904e-11,7.669975300735727,1.0874339966811373,0.05,0.005555555555555556,3,4-5
4,True,3.4869793372362064e-19,2.092187602341724e-18,11.009199459015049,1.5608626232248988,0.05,0.005555555555555556,4,5-6
5,True,8.416732425046491e-11,3.3666929700185964e-10,7.127299915642336,1.0104945490591906,0.05,0.005555555555555556,5,6-7
6,True,1.0757413623096984e-05,3.227224086929095e-05,4.461900380031331,0.632599450820283,0.05,0.005555555555555556,6,7-8
7,False,0.9999984922116558,1.0,-4.952767752293029,-0.7021936603880379,0.05,0.005555555555555556,7,8-9
8,False,0.9999997154973678,1.0,-5.349606877425657,-0.7584567302105737,0.05,0.005555555555555556,8,9-10
