,reject,pvals,pvals_corrected,tstats,effectsize,alpha,alpha_corrected,step,dimension_step
0,True,1.3780306467083934e-33,1.240227582037554e-32,18.16356594603881,2.5751946174830245,0.05,0.005555555555555556,0,1-2
1,True,9.592059942183242e-31,7.673647953746594e-30,16.641776564528538,2.359438315232104,0.05,0.005555555555555556,1,2-3
2,True,2.9872051926978186e-27,2.0910436348884732e-26,14.858204889530828,2.1065670348351535,0.05,0.005555555555555556,2,3-4
3,True,5.5837856274814966e-11,2.7918928137407484e-10,7.212679787119748,1.0225995391323526,0.05,0.005555555555555556,3,4-5
4,True,1.3236438746350477e-17,7.941863247810286e-17,10.282617699441705,1.4578492919234713,0.05,0.005555555555555556,4,5-6
5,True,2.7289048656607383e-07,1.0915619462642953e-06,5.359330084154358,0.759835267316493,0.05,0.005555555555555556,5,6-7
6,True,1.9879081734488495e-05,5.963724520346548e-05,4.3020761179148375,0.6099398816162882,0.05,0.005555555555555556,6,7-8
7,False,0.999999062665703,1.0,-5.067514508597017,-0.7184622295712885,0.05,0.005555555555555556,7,8-9
8,False,0.9999999974531047,1.0,-6.404826961345345,-0.9080637560799948,0.05,0.005555555555555556,8,9-10
