,reject,pvals,pvals_corrected,tstats,effectsize,alpha,alpha_corrected,step,dimension_step
0,True,6.476367142546434e-61,5.82873042829179e-60,37.77839947816112,5.356147095912118,0.05,0.005555555555555556,0,1-2
1,True,4.680832554950258e-56,3.744666043960206e-55,33.44646811969271,4.741974397072294,0.05,0.005555555555555556,1,2-3
2,True,2.2296740184000304e-40,1.5607718128800212e-39,22.108830881735845,3.1345465122120006,0.05,0.005555555555555556,2,3-4
3,True,1.2661500450355977e-36,7.596900270213586e-36,19.869683813479597,2.8170846495437885,0.05,0.005555555555555556,3,4-5
4,True,7.726817695124263e-26,3.0907270780497053e-25,14.16045691020565,2.00764170012632,0.05,0.005555555555555556,4,5-6
5,True,1.672528467421942e-24,5.017585402265826e-24,13.511757544202776,1.9156703812422347,0.05,0.005555555555555556,5,6-7
6,True,3.956605828759505e-26,1.9783029143797524e-25,14.303019675390317,2.0278539682815784,0.05,0.005555555555555556,6,7-8
7,False,0.9999998547048478,1.0,-5.505369335888026,-0.7805404248897946,0.05,0.005555555555555556,7,8-9
8,False,0.9933551220327924,1.0,-2.521258772868811,-0.35745910469687153,0.05,0.005555555555555556,8,9-10
