,reject,pvals,pvals_corrected,tstats,effectsize,alpha,alpha_corrected,step,dimension_step
0,True,5.912908621918591e-28,5.3216177597267316e-27,15.210414969752204,2.1565026865405477,0.05,0.005555555555555556,0,1-2
1,True,1.9829262324967025e-17,1.586340985997362e-16,10.202078572821012,1.4464306131251254,0.05,0.005555555555555556,1,2-3
2,True,5.9276276784611704e-08,3.556576607076702e-07,5.710003768024925,0.8095530917722887,0.05,0.005555555555555556,2,3-4
3,True,2.9791353184186638e-08,2.0853947228930646e-07,5.864801614140877,0.8315000256122652,0.05,0.005555555555555556,3,4-5
4,True,6.732165528611065e-05,0.00033660827643055327,3.973380785926875,0.5633381046171083,0.05,0.005555555555555556,4,5-6
5,True,0.00022999440919795655,0.0009199776367918262,3.6240608268821113,0.5138122086017586,0.05,0.005555555555555556,5,6-7
6,False,0.18819055015522734,0.564571650465682,0.8885831020028947,0.1259815626657419,0.05,0.005555555555555556,6,7-8
7,False,0.855907123747062,1.0,-1.0678487414278837,-0.1513974920662989,0.05,0.005555555555555556,7,8-9
8,False,0.9998440647913436,1.0,-3.736815719825797,-0.5297983753195764,0.05,0.005555555555555556,8,9-10
