,reject,pvals,pvals_corrected,tstats,effectsize,alpha,alpha_corrected,step,dimension_step
0,True,4.1862558081706985e-37,3.767630227353629e-36,20.148004892152276,2.856544464090076,0.05,0.005555555555555556,0,1-2
1,True,1.9826201649707343e-33,1.5860961319765874e-32,18.077166386182398,2.562945057999158,0.05,0.005555555555555556,1,2-3
2,True,6.487771707603813e-16,3.892663024562288e-15,9.507684739887251,1.3479808226876697,0.05,0.005555555555555556,2,3-4
3,True,2.192185691388696e-18,1.5345299839720872e-17,10.641356348779349,1.508710551304034,0.05,0.005555555555555556,3,4-5
4,True,6.073903592654646e-10,3.036951796327323e-09,6.711675517007993,0.9515681401460114,0.05,0.005555555555555556,4,5-6
5,True,2.3886799970947993e-05,9.554719988379197e-05,4.253585918985759,0.6030650366847466,0.05,0.005555555555555556,5,6-7
6,False,0.11568651972714337,0.3470595591814301,1.2042270817250946,0.1707329446375622,0.05,0.005555555555555556,6,7-8
7,False,0.9999526786710318,1.0,-4.070044993140864,-0.5770429655932107,0.05,0.005555555555555556,7,8-9
8,False,0.9653467516674908,1.0,-1.8363519057418467,-0.26035435759256353,0.05,0.005555555555555556,8,9-10
