,reject,pvals,pvals_corrected,tstats,effectsize,alpha,alpha_corrected,step,dimension_step
0,True,8.31893858114737e-40,7.487044723032634e-39,21.757805791968707,3.084778866120074,0.05,0.005555555555555556,0,1-2
1,True,1.46260364330141e-28,1.170082914641128e-27,15.516862918512334,2.199950273348682,0.05,0.005555555555555556,1,2-3
2,True,6.722408644221148e-14,4.033445186532689e-13,8.581062206593202,1.2166061043495167,0.05,0.005555555555555556,2,3-4
3,True,6.478152381217548e-20,4.534706666852283e-19,11.34722516822482,1.608787242735955,0.05,0.005555555555555556,3,4-5
4,True,2.106253655489106e-06,1.053126827744553e-05,4.871222312085326,0.690632308430662,0.05,0.005555555555555556,4,5-6
5,True,0.0013599715369679557,0.005439886147871823,3.075117736538153,0.43598413806990627,0.05,0.005555555555555556,5,6-7
6,True,0.01438496225856638,0.04315488677569914,2.219003335574763,0.31460592390973874,0.05,0.005555555555555556,6,7-8
7,False,0.9753927202584405,1.0,-1.9911998048940216,-0.28230838785346607,0.05,0.005555555555555556,7,8-9
8,False,0.9999817838804562,1.0,-4.325026746383631,-0.6131937765329731,0.05,0.005555555555555556,8,9-10
