,reject,pvals,pvals_corrected,tstats,effectsize,alpha,alpha_corrected,step,dimension_step
0,True,6.150008052360016e-35,5.535007247124014e-34,18.91139080384243,2.6812197534258857,0.05,0.005555555555555556,0,1-2
1,True,9.001067693332451e-20,7.200854154665961e-19,11.281064921900187,1.5994071732753266,0.05,0.005555555555555556,1,2-3
2,True,3.4658384084312524e-12,2.0795030450587515e-11,7.784372690279269,1.103653033332962,0.05,0.005555555555555556,2,3-4
3,True,4.3159485235351125e-17,3.021163966474579e-16,10.047176020315094,1.4244688342193366,0.05,0.005555555555555556,3,4-5
4,True,2.0598014295589543e-07,1.0299007147794771e-06,5.42473896337627,0.7691088094286683,0.05,0.005555555555555556,4,5-6
5,False,0.02473645386247006,0.09894581544988024,1.988892586569345,0.28198127498208847,0.05,0.005555555555555556,5,6-7
6,False,0.9722654499879833,1.0,-1.9380239694996695,-0.2747692226094539,0.05,0.005555555555555556,6,7-8
7,False,0.9999574126720173,1.0,-4.098671310007711,-0.5811015484360772,0.05,0.005555555555555556,7,8-9
8,False,0.9985311338400381,1.0,-3.0498498904602482,-0.43240171260298416,0.05,0.005555555555555556,8,9-10
