,reject,pvals,pvals_corrected,tstats,effectsize,alpha,alpha_corrected,step,dimension_step
0,True,9.504749210876742e-47,8.554274289789068e-46,26.289612899300174,3.727289555097225,0.05,0.005555555555555556,0,1-2
1,True,9.21801697008069e-37,7.374413576064552e-36,19.949262588169486,2.8283671715362275,0.05,0.005555555555555556,1,2-3
2,True,2.4707311315310638e-27,1.7295117920717447e-26,14.89931124001468,2.112395012272231,0.05,0.005555555555555556,2,3-4
3,True,3.5418448265154954e-10,1.4167379306061982e-09,6.825884960821617,0.9677605302222958,0.05,0.005555555555555556,3,4-5
4,True,2.0506789455759323e-16,1.2304073673455595e-15,9.736950307289812,1.3804856434317496,0.05,0.005555555555555556,4,5-6
5,True,3.3277654401116914e-07,9.983296320335075e-07,5.312959383220287,0.7532609206375922,0.05,0.005555555555555556,5,6-7
6,True,2.551258531790417e-13,1.2756292658952085e-12,8.312950044472268,1.178593689891543,0.05,0.005555555555555556,6,7-8
7,False,0.9999999995192501,1.0,-6.761266207361522,-0.9585990105849478,0.05,0.005555555555555556,7,8-9
8,False,0.9999994338949282,1.0,-5.187771176264839,-0.7355119831392081,0.05,0.005555555555555556,8,9-10
