,reject,pvals,pvals_corrected,tstats,effectsize,alpha,alpha_corrected,step,dimension_step
0,True,1.082401102615844e-49,9.741609923542596e-49,28.40648987313106,4.02741620451608,0.05,0.005555555555555556,0,1-2
1,True,2.121386449647639e-39,1.484970514753347e-38,21.51048456802692,3.0497141499417455,0.05,0.005555555555555556,1,2-3
2,True,1.8392028889774513e-44,1.471362311181961e-43,24.729044165860145,3.506035192682586,0.05,0.005555555555555556,2,3-4
3,True,1.1958819304943176e-33,5.979409652471588e-33,18.197299519608233,2.579977297125476,0.05,0.005555555555555556,3,4-5
4,True,3.553667330574936e-27,1.0661001991724808e-26,14.820641551264133,2.101241378694368,0.05,0.005555555555555556,4,5-6
5,True,2.0866427735901543e-35,1.2519856641540927e-34,19.175358686176935,2.718644600055435,0.05,0.005555555555555556,5,6-7
6,True,5.1853910880220375e-30,2.074156435208815e-29,16.260157950787388,2.3053331795469023,0.05,0.005555555555555556,6,7-8
7,False,0.9999999941629119,1.0,-6.224819249792228,-0.8825426171541818,0.05,0.005555555555555556,7,8-9
8,False,0.999999998627305,1.0,-6.537762591787937,-0.9269111080264409,0.05,0.005555555555555556,8,9-10
