,reject,pvals,pvals_corrected,tstats,effectsize,alpha,alpha_corrected,step,dimension_step
0,True,2.9710699716775e-32,2.67396297450975e-31,17.441089707010974,2.472763358801157,0.05,0.005555555555555556,0,1-2
1,True,4.554075610166238e-23,3.6432604881329906e-22,12.825115560121988,1.818319632672495,0.05,0.005555555555555556,1,2-3
2,True,1.758279772336944e-21,1.2307958406358607e-20,12.076799454023677,1.712224848513634,0.05,0.005555555555555556,2,3-4
3,True,2.220762427026237e-11,1.3324574562157422e-10,7.403524205477552,1.0496570850124818,0.05,0.005555555555555556,3,4-5
4,True,3.5123495833742e-08,1.7561747916871e-07,5.827920519186834,0.8262710965850747,0.05,0.005555555555555556,4,5-6
5,False,0.22249322513155861,0.8899729005262345,0.7668653996552793,0.10872466647756042,0.05,0.005555555555555556,5,6-7
6,False,0.999994629255174,1.0,-4.638754590073888,-0.6576734925108756,0.05,0.005555555555555556,6,7-8
7,False,0.9985496958186733,1.0,-3.0540315358228036,-0.43299457804922237,0.05,0.005555555555555556,7,8-9
8,False,0.9999610764502085,1.0,-4.123005145108582,-0.584551551665655,0.05,0.005555555555555556,8,9-10
