,reject,pvals,pvals_corrected,tstats,effectsize,alpha,alpha_corrected,step,dimension_step
0,True,7.539131519831809e-37,6.785218367848628e-36,19.999769560436594,2.8355279506207984,0.05,0.005555555555555556,0,1-2
1,True,1.079187225426673e-33,8.633497803413384e-33,18.221751840266617,2.583444099004111,0.05,0.005555555555555556,1,2-3
2,True,1.7694201075788455e-18,1.0616520645473073e-17,10.684161726810958,1.5147794135216077,0.05,0.005555555555555556,2,3-4
3,True,9.911816846995048e-21,6.938271792896533e-20,11.725975762380243,1.6624857562511521,0.05,0.005555555555555556,3,4-5
4,True,0.0006632568000110656,0.0024063712131471376,3.3042596251242977,0.4684714238749067,0.05,0.005555555555555556,4,5-6
5,True,0.0006015928032867844,0.0024063712131471376,3.3345712341158475,0.4727689441170325,0.05,0.005555555555555556,5,6-7
6,True,4.7091479459075734e-05,0.00023545739729537868,4.071370096489535,0.5772308361369819,0.05,0.005555555555555556,6,7-8
7,False,0.9997046327132402,1.0,-3.5502512817323137,-0.5033476366144457,0.05,0.005555555555555556,7,8-9
8,False,0.999890699181597,1.0,-3.838025139395128,-0.5441476475543251,0.05,0.005555555555555556,8,9-10
