,reject,pvals,pvals_corrected,tstats,effectsize,alpha,alpha_corrected,step,dimension_step
0,True,2.0711275336642137e-47,1.864014780297792e-46,26.754610416895108,3.793215987605627,0.05,0.005555555555555556,0,1-2
1,True,1.3613529877823916e-36,1.0890823902259133e-35,19.851534321322795,2.814511450280434,0.05,0.005555555555555556,1,2-3
2,True,1.0215379042480999e-13,6.1292274254886e-13,8.497066855803622,1.204697408893485,0.05,0.005555555555555556,2,3-4
3,True,1.2539649747261066e-17,8.777754823082747e-17,10.293395750324494,1.4593773827566687,0.05,0.005555555555555556,3,4-5
4,True,0.0013488705605593791,0.0053954822422375166,3.077798056912157,0.4363641486152348,0.05,0.005555555555555556,4,5-6
5,True,0.0031801045542349535,0.009540313662704861,2.787976368539271,0.3952738002692668,0.05,0.005555555555555556,5,6-7
6,True,7.237960968462534e-08,3.618980484231267e-07,5.664716060547275,0.8031322897733275,0.05,0.005555555555555556,6,7-8
7,False,0.9999959355271634,1.0,-4.708631642796153,-0.6675805234645192,0.05,0.005555555555555556,7,8-9
8,False,0.9993894401518378,1.0,-3.3299872340932226,-0.472119033619288,0.05,0.005555555555555556,8,9-10
