,reject,pvals,pvals_corrected,tstats,effectsize,alpha,alpha_corrected,step,dimension_step
0,True,4.0286904233038106e-61,3.6258213809734297e-60,37.97241816800675,5.38365468375395,0.05,0.005555555555555556,0,1-2
1,True,1.570865871599096e-49,1.2566926972792768e-48,28.286854388853406,4.010454521106167,0.05,0.005555555555555556,1,2-3
2,True,2.908944237519339e-45,2.0362609662635373e-44,25.26762126683375,3.582393593651164,0.05,0.005555555555555556,2,3-4
3,True,1.247338944571876e-34,6.23669472285938e-34,18.739831141610438,2.65689636229941,0.05,0.005555555555555556,3,4-5
4,True,5.566788602677809e-34,2.2267154410711237e-33,18.379833995737865,2.6058566757579866,0.05,0.005555555555555556,4,5-6
5,True,5.747679090330738e-36,3.4486074541984425e-35,19.493018744667555,2.7636818177055735,0.05,0.005555555555555556,5,6-7
6,True,6.805183467809419e-27,2.0415550403428256e-26,14.680418623698245,2.0813608481097807,0.05,0.005555555555555556,6,7-8
7,False,0.9999914099121602,1.0,-4.51961886595414,-0.6407826641121698,0.05,0.005555555555555556,7,8-9
8,False,0.999887355966623,1.0,-3.829510320281683,-0.5429404332652957,0.05,0.005555555555555556,8,9-10
