,reject,pvals,pvals_corrected,tstats,effectsize,alpha,alpha_corrected,step,dimension_step
0,True,3.86028025450643e-41,3.474252229055787e-40,22.582212934861207,3.201661687659548,0.05,0.005555555555555556,0,1-2
1,True,1.2348787699276115e-33,9.879030159420892e-33,18.189661200670013,2.578894351305544,0.05,0.005555555555555556,1,2-3
2,True,2.305634192174596e-25,1.3833805153047577e-24,13.928663530210992,1.974778491089957,0.05,0.005555555555555556,2,3-4
3,True,4.942639296937017e-19,2.4713196484685083e-18,10.939298441058277,1.5509521945274922,0.05,0.005555555555555556,3,4-5
4,True,1.9337263055706742e-31,1.353608413899472e-30,17.007872451082243,2.4113426692194544,0.05,0.005555555555555556,4,5-6
5,True,6.160066997629127e-09,2.4640267990516507e-08,6.213061094543004,0.8808755690536444,0.05,0.005555555555555556,5,6-7
6,True,1.6807509840789896e-06,5.042252952236969e-06,4.926355093026411,0.6984489255612489,0.05,0.005555555555555556,6,7-8
7,False,0.9999904775996964,1.0,-4.493238797214131,-0.6370425499060759,0.05,0.005555555555555556,7,8-9
8,False,0.999999978034388,1.0,-5.932798366496692,-0.8411404712820875,0.05,0.005555555555555556,8,9-10
