,reject,pvals,pvals_corrected,tstats,effectsize,alpha,alpha_corrected,step,dimension_step
0,True,1.9782224361989726e-28,1.7804001925790752e-27,15.450399471409034,2.1905272166786283,0.05,0.005555555555555556,0,1-2
1,True,5.346309950656819e-25,4.277047960525455e-24,13.751215717242966,1.9496202895453396,0.05,0.005555555555555556,1,2-3
2,True,5.255728988656513e-14,3.679010292059559e-13,8.630420310490036,1.2236039991385637,0.05,0.005555555555555556,2,3-4
3,True,8.230279809375805e-05,0.0003292111923750322,3.917621907975435,0.5554327206851192,0.05,0.005555555555555556,3,4-5
4,True,3.2127074697641307e-10,1.9276244818584785e-09,6.846471436306139,0.9706792401836648,0.05,0.005555555555555556,4,5-6
5,True,7.901611953712146e-10,3.950805976856073e-09,6.655735951752205,0.9436371387237681,0.05,0.005555555555555556,5,6-7
6,False,0.08051302966901867,0.241539089007056,1.4122024599697027,0.20021928428119984,0.05,0.005555555555555556,6,7-8
7,False,0.9999910121587069,1.0,-4.508041352355865,-0.6391412270292375,0.05,0.005555555555555556,7,8-9
8,False,0.9996425118644319,1.0,-3.4932470556854693,-0.49526568968146284,0.05,0.005555555555555556,8,9-10
