,reject,pvals,pvals_corrected,tstats,effectsize,alpha,alpha_corrected,step,dimension_step
0,True,5.076594580751111e-47,4.568935122676e-46,26.480258922662447,3.754318972925508,0.05,0.005555555555555556,0,1-2
1,True,2.4917869306308017e-36,1.9934295445046413e-35,19.700584599733588,2.793110095959265,0.05,0.005555555555555556,1,2-3
2,True,3.4887018299776606e-27,2.4420912809843623e-26,14.824631113611828,2.1018070109889524,0.05,0.005555555555555556,2,3-4
3,True,1.0542103903011141e-23,6.325262341806685e-23,13.127930402968675,1.8612521248774643,0.05,0.005555555555555556,3,4-5
4,True,3.564917750531518e-15,1.782458875265759e-14,9.168234401153263,1.2998542220076315,0.05,0.005555555555555556,4,5-6
5,True,2.2977429905058655e-05,6.893228971517596e-05,4.26386129244057,0.6045218589019297,0.05,0.005555555555555556,5,6-7
6,True,1.4137174489158061e-13,5.654869795663225e-13,8.431772038362704,1.195440038236042,0.05,0.005555555555555556,6,7-8
7,False,0.9999998191586684,1.0,-5.454875847933588,-0.7733815575845246,0.05,0.005555555555555556,7,8-9
8,False,0.9999928302780903,1.0,-4.565679230343013,-0.6473130118867158,0.05,0.005555555555555556,8,9-10
