{
  "data": {
    "name": "normal-8-100",
    "n_dimension": 8,
    "distance": "euclidean",
    "subject": null,
    "n_objects": 100,
    "n_train_triplets": 14736,
    "n_test_triplets": 10000,
    "frac_train_ndlogn": 3.999852178328949,
    "frac_train_triplets": 0.030377241805813235,
    "max_train_score": 0.6776601520086862,
    "max_test_score": 0.6725,
    "noise_sd": 2.0,
    "distance_sd": 1.0736788262765078,
    "distance_mean": 4.01445338464098,
    "difference_sd": 0.9607772370598167,
    "difference_mean": -0.07760233597998795
  },
  "n_repeats": 10,
  "n_splits": 10,
  "embedding_method": "soe",
  "embedding_dimension": [
    1,
    2,
    3,
    4,
    5,
    6,
    7,
    8,
    9,
    10
  ],
  "random_state": 1165376004,
  "alpha": 0.05
}