{
  "data": {
    "name": "normal-8-100",
    "n_dimension": 8,
    "distance": "euclidean",
    "subject": null,
    "n_objects": 100,
    "n_train_triplets": 14736,
    "n_test_triplets": 10000,
    "frac_train_ndlogn": 3.999852178328949,
    "frac_train_triplets": 0.030377241805813235,
    "max_train_score": 0.8791395222584147,
    "max_test_score": 0.8751,
    "noise_sd": 0.5,
    "distance_sd": 1.0738912029202543,
    "distance_mean": 4.020073289784845,
    "difference_sd": 0.9555810314424092,
    "difference_mean": -0.14399457906377383
  },
  "n_repeats": 10,
  "n_splits": 10,
  "embedding_method": "soe",
  "embedding_dimension": [
    1,
    2,
    3,
    4,
    5,
    6,
    7,
    8,
    9,
    10
  ],
  "random_state": 1106163602,
  "alpha": 0.05
}