,reject,pvals,pvals_corrected,tstats,effectsize,alpha,alpha_corrected,step,dimension_step
0,True,4.0385078319098475e-71,3.634657048718863e-70,48.5162198174503,6.878534121862146,0.05,0.005555555555555556,0,1-2
1,True,4.243721242660796e-55,3.394976994128637e-54,32.64463419898871,4.628291962530163,0.05,0.005555555555555556,1,2-3
2,True,2.653954658467274e-50,1.326977329233637e-49,28.86161382515882,4.091942782338487,0.05,0.005555555555555556,2,3-4
3,True,2.719399640299904e-53,1.6316397841799425e-52,31.174927757144438,4.419919876918697,0.05,0.005555555555555556,3,4-5
4,True,1.39952149561627e-54,9.796650469313891e-54,32.21734130012369,4.567711216628453,0.05,0.005555555555555556,4,5-6
5,True,9.695318128188823e-40,3.878127251275529e-39,21.71722797146042,3.0790258226223064,0.05,0.005555555555555556,5,6-7
6,True,3.1440399899519293e-25,9.432119969855788e-25,13.863139315120723,1.9654885968854514,0.05,0.005555555555555556,6,7-8
7,False,0.9993436104420242,1.0,-3.3075014618661296,-0.46893104510529315,0.05,0.005555555555555556,7,8-9
8,False,0.9995603414413126,1.0,-3.430757252559197,-0.4864060084307421,0.05,0.005555555555555556,8,9-10
