,reject,pvals,pvals_corrected,tstats,effectsize,alpha,alpha_corrected,step,dimension_step
0,True,8.57227769860823e-60,6.000594389025761e-59,36.737771899156705,5.20860896665832,0.05,0.005555555555555556,0,1-2
1,True,1.9162417166703543e-61,1.5329933733362834e-60,38.27786193844089,5.426959900136159,0.05,0.005555555555555556,1,2-3
2,True,1.975452784034922e-65,1.77790750563143e-64,42.233973187831054,5.987849563865179,0.05,0.005555555555555556,2,3-4
3,True,8.16194030809975e-51,4.89716418485985e-50,29.247807736687143,4.146696594735625,0.05,0.005555555555555556,3,4-5
4,True,4.776325618005818e-39,1.4328976854017454e-38,21.297550449939237,3.019524769926447,0.05,0.005555555555555556,4,5-6
5,True,7.477095809612356e-50,3.738547904806178e-49,28.52570725560357,4.044318610275263,0.05,0.005555555555555556,5,6-7
6,True,1.8614032875821744e-39,7.445613150328698e-39,21.544914547235972,3.0545955646046266,0.05,0.005555555555555556,6,7-8
7,False,0.9999517834157529,1.0,-4.064941909702119,-0.5763194604707549,0.05,0.005555555555555556,7,8-9
8,False,0.9999993345987358,1.0,-5.149388031184593,-0.7300700964025194,0.05,0.005555555555555556,8,9-10
