,reject,pvals,pvals_corrected,tstats,effectsize,alpha,alpha_corrected,step,dimension_step
0,True,2.7280542719134652e-46,1.9096379903394255e-45,25.971421044800366,3.68217694045596,0.05,0.005555555555555556,0,1-2
1,True,2.210454747335598e-55,1.9894092726020382e-54,32.88017586054016,4.6616865955456355,0.05,0.005555555555555556,1,2-3
2,True,1.4471973753488656e-37,7.235986876744328e-37,20.41734828943834,2.894731440645576,0.05,0.005555555555555556,2,3-4
3,True,1.0410918343959957e-43,6.246551006375974e-43,24.23040105527248,3.43533855424467,0.05,0.005555555555555556,3,4-5
4,True,6.374534106238692e-47,5.099627284990954e-46,26.41092989673371,3.744489640131638,0.05,0.005555555555555556,4,5-6
5,True,1.3897084563539233e-36,5.5588338254156934e-36,19.846375324548916,2.8137800178754104,0.05,0.005555555555555556,5,6-7
6,True,3.4116449340604124e-08,1.0234934802181237e-07,5.834444048367707,0.8271959897081259,0.05,0.005555555555555556,6,7-8
7,False,0.9999984916069734,1.0,-4.952670371034202,-0.7021798538648959,0.05,0.005555555555555556,7,8-9
8,False,0.9402554553634374,1.0,-1.5705020474018467,-0.22266268811038809,0.05,0.005555555555555556,8,9-10
