,reject,pvals,pvals_corrected,tstats,effectsize,alpha,alpha_corrected,step,dimension_step
0,True,2.2702473988710422e-41,2.043222658983938e-40,22.72684656912405,3.2221675595553645,0.05,0.005555555555555556,0,1-2
1,True,7.749150248059185e-36,6.199320198447348e-35,19.41913269461832,2.753206399004249,0.05,0.005555555555555556,1,2-3
2,True,6.432864907510178e-26,3.859718944506107e-25,14.199444813753813,2.0131693283278778,0.05,0.005555555555555556,2,3-4
3,True,5.502744788184914e-26,3.85192135172944e-25,14.23269660860641,2.0178837023324347,0.05,0.005555555555555556,3,4-5
4,True,4.979286747197913e-13,2.4896433735989566e-12,8.178048939669257,1.15946767686011,0.05,0.005555555555555556,4,5-6
5,True,4.968966995054041e-10,1.4906900985162123e-09,6.754267329673076,0.9576067234864093,0.05,0.005555555555555556,5,6-7
6,True,1.9756147291464484e-10,7.902458916585794e-10,6.948811391005418,0.9851887974632207,0.05,0.005555555555555556,6,7-8
7,False,0.9998550145605893,1.0,-3.7576955818338362,-0.5327586810445993,0.05,0.005555555555555556,7,8-9
8,False,0.9974845027472293,1.0,-2.869188412443514,-0.4067878839551638,0.05,0.005555555555555556,8,9-10
