,reject,pvals,pvals_corrected,tstats,effectsize,alpha,alpha_corrected,step,dimension_step
0,True,4.432359446119644e-43,3.9891235015076796e-42,23.819248024844203,3.377046087112045,0.05,0.005555555555555556,0,1-2
1,True,2.0182037961303372e-19,1.2109222776782023e-18,11.118871090210549,1.5764116511627102,0.05,0.005555555555555556,1,2-3
2,True,4.056402327633881e-28,2.8394816293437167e-27,15.292833743962671,2.168187858073323,0.05,0.005555555555555556,2,3-4
3,True,1.0650493914943275e-28,8.52039513195462e-28,15.586806003867274,2.2098666662789745,0.05,0.005555555555555556,3,4-5
4,True,1.5453858682196436e-08,6.181543472878575e-08,6.0108454901978785,0.8522058388130244,0.05,0.005555555555555556,4,5-6
5,True,5.417204842193029e-11,2.7086024210965143e-10,7.218970187759123,1.0234913797497982,0.05,0.005555555555555556,5,6-7
6,False,0.11771318760530412,0.35313956281591236,1.1937553010107536,0.16924827618583038,0.05,0.005555555555555556,6,7-8
7,False,0.9951659860566194,1.0,-2.638693922271293,-0.3741088289604344,0.05,0.005555555555555556,7,8-9
8,False,0.9997649322808406,1.0,-3.617662703064467,-0.5129050952041947,0.05,0.005555555555555556,8,9-10
