,reject,pvals,pvals_corrected,tstats,effectsize,alpha,alpha_corrected,step,dimension_step
0,True,1.5258874703002155e-61,1.373298723270194e-60,38.37192481695822,5.440295949851419,0.05,0.005555555555555556,0,1-2
1,True,3.8872049983823976e-54,3.109763998705918e-53,31.855225593601283,4.516371164729342,0.05,0.005555555555555556,1,2-3
2,True,2.4725001157713375e-42,1.7307500810399363e-41,23.337818198504404,3.30878991422346,0.05,0.005555555555555556,2,3-4
3,True,5.48180261111349e-31,2.740901305556745e-30,16.76923565905212,2.377509214698735,0.05,0.005555555555555556,3,4-5
4,True,8.600815073521942e-39,5.160489044113165e-38,21.144087323180507,2.9977670699690013,0.05,0.005555555555555556,4,5-6
5,True,8.5877449836359e-28,3.43509799345436e-27,15.128972573393291,2.1449559439371697,0.05,0.005555555555555556,5,6-7
6,True,7.057597144949792e-14,2.1172791434849376e-13,8.571300334173635,1.2152220852980755,0.05,0.005555555555555556,6,7-8
7,False,0.9916416123626544,1.0,-2.434186130626231,-0.3451141169175298,0.05,0.005555555555555556,7,8-9
8,False,0.9983220796032368,1.0,-3.005859373930763,-0.42616482378260717,0.05,0.005555555555555556,8,9-10
