,reject,pvals,pvals_corrected,tstats,effectsize,alpha,alpha_corrected,step,dimension_step
0,True,1.9694235574938883e-63,1.7724812017444994e-62,40.20760798968531,5.7005554957938225,0.05,0.005555555555555556,0,1-2
1,True,2.721278778178087e-55,1.9048951447246608e-54,32.80494323084079,4.651020261432803,0.05,0.005555555555555556,1,2-3
2,True,5.999569106152014e-58,4.7996552849216114e-57,35.07998350281104,4.973570991853257,0.05,0.005555555555555556,2,3-4
3,True,3.6618575608756047e-47,2.197114536525363e-46,26.57997493744644,3.768456513170165,0.05,0.005555555555555556,3,4-5
4,True,5.5411770920312593e-39,2.2164708368125037e-38,21.258728675121038,3.014020695129132,0.05,0.005555555555555556,4,5-6
5,True,1.0187014344291358e-39,5.093507172145679e-39,21.70412755649277,3.077168471581673,0.05,0.005555555555555556,5,6-7
6,True,3.1416925936306814e-37,9.425077780892045e-37,20.220575528272562,2.8668333859944797,0.05,0.005555555555555556,6,7-8
7,False,0.999999976796702,1.0,-5.9205919482473055,-0.8394098693359746,0.05,0.005555555555555556,7,8-9
8,False,0.9994156393911269,1.0,-3.343563227116697,-0.47404381118030775,0.05,0.005555555555555556,8,9-10
