,reject,pvals,pvals_corrected,tstats,effectsize,alpha,alpha_corrected,step,dimension_step
0,True,1.671641807364409e-33,1.504477626627968e-32,18.117661794501466,2.568686417259,0.05,0.005555555555555556,0,1-2
1,True,1.4948215371410276e-29,1.195857229712822e-28,16.022828761097802,2.2716851143114787,0.05,0.005555555555555556,1,2-3
2,True,4.5693570485211615e-08,2.741614229112697e-07,5.768776740807682,0.8178858081349939,0.05,0.005555555555555556,2,3-4
3,True,4.259054218331984e-09,2.981337952832389e-08,6.293460197226295,0.8922743955338395,0.05,0.005555555555555556,3,4-5
4,True,0.0013490917723040102,0.006745458861520051,3.077744446054233,0.43635654777335314,0.05,0.005555555555555556,4,5-6
5,False,0.019853739041438487,0.07941495616575395,2.0842984925748747,0.2955077364903317,0.05,0.005555555555555556,5,6-7
6,False,0.30852306338155816,0.9255691901446745,0.5016234542700316,0.07111918569718652,0.05,0.005555555555555556,6,7-8
7,False,0.9976374426489286,1.0,-2.890649540309427,-0.40983060040905855,0.05,0.005555555555555556,7,8-9
8,False,0.9788911080119029,1.0,-2.0580002536584248,-0.29177922395550676,0.05,0.005555555555555556,8,9-10
