,reject,pvals,pvals_corrected,tstats,effectsize,alpha,alpha_corrected,step,dimension_step
0,True,1.6059521848705118e-69,1.4453569663834607e-68,46.66926605505518,6.616676653907337,0.05,0.005555555555555556,0,1-2
1,True,4.673772145721409e-65,3.271640502004986e-64,41.848004101789684,5.933127626782921,0.05,0.005555555555555556,1,2-3
2,True,1.1871881258237525e-67,9.49750500659002e-67,44.59286585026538,6.32228872110819,0.05,0.005555555555555556,2,3-4
3,True,3.510312612479857e-54,2.106187567487914e-53,31.89122498437451,4.521475087473768,0.05,0.005555555555555556,3,4-5
4,True,1.6618318355229625e-40,6.64732734209185e-40,22.187704172555993,3.1457290120904187,0.05,0.005555555555555556,4,5-6
5,True,1.8972642431108914e-41,9.486321215554457e-41,22.77588827096822,3.2291205954843503,0.05,0.005555555555555556,5,6-7
6,True,1.4784577443924086e-25,4.435373233177226e-25,14.022720181998142,1.9881136579916725,0.05,0.005555555555555556,6,7-8
7,False,0.9999750407721298,1.0,-4.241941219906982,-0.6014140741766707,0.05,0.005555555555555556,7,8-9
8,False,0.9997850448993925,1.0,-3.6438448438274733,-0.5166171475714106,0.05,0.005555555555555556,8,9-10
