,reject,pvals,pvals_corrected,tstats,effectsize,alpha,alpha_corrected,step,dimension_step
0,True,1.5961717237483081e-72,1.4365545513734772e-71,50.19153580953602,7.116057124681054,0.05,0.005555555555555556,0,1-2
1,True,4.417939415325657e-66,3.5343515322605256e-65,42.912841600033566,6.084098190719446,0.05,0.005555555555555556,1,2-3
2,True,8.713324406669468e-62,6.0993270846686276e-61,38.604158651652206,5.473221605687839,0.05,0.005555555555555556,2,3-4
3,True,4.436594430059121e-40,1.7746377720236484e-39,21.924938126907346,3.108474559499887,0.05,0.005555555555555556,3,4-5
4,True,8.69119588358383e-50,5.214717530150297e-49,28.477168268159257,4.037436848204091,0.05,0.005555555555555556,4,5-6
5,True,3.1776679071288904e-43,1.5888339535644452e-42,23.913255907389374,3.390374339606655,0.05,0.005555555555555556,5,6-7
6,True,9.8290267107743e-35,2.94870801323229e-34,18.797535362349464,2.6650775531016273,0.05,0.005555555555555556,6,7-8
7,False,0.9998841406786201,1.0,-3.8215454982744754,-0.5418111964830964,0.05,0.005555555555555556,7,8-9
8,False,0.9990316529069657,1.0,-3.184888988018441,-0.4515472899755519,0.05,0.005555555555555556,8,9-10
