,reject,pvals,pvals_corrected,tstats,effectsize,alpha,alpha_corrected,step,dimension_step
0,True,7.932461195974822e-53,7.139215076377339e-52,30.805643275144355,4.367563450147003,0.05,0.005555555555555556,0,1-2
1,True,8.048036552507071e-50,6.438429242005657e-49,28.501961716832806,4.040952014541068,0.05,0.005555555555555556,1,2-3
2,True,6.853160684255274e-48,4.797212478978691e-47,27.096016676999394,3.841619894966522,0.05,0.005555555555555556,2,3-4
3,True,1.2541811395367562e-30,5.0167245581470246e-30,16.580859731788767,2.3508016466257513,0.05,0.005555555555555556,3,4-5
4,True,2.7008741412326536e-35,1.6205244847395923e-34,19.112155426780703,2.7096837663794875,0.05,0.005555555555555556,4,5-6
5,True,3.966126065240079e-34,1.98306303262004e-33,18.4610869876539,2.6173765649723726,0.05,0.005555555555555556,5,6-7
6,True,1.0655830821507608e-10,3.1967492464522824e-10,7.0780886784111265,1.0035174767368293,0.05,0.005555555555555556,6,7-8
7,False,0.9999846968231932,1.0,-4.370587536459774,-0.6196532956450749,0.05,0.005555555555555556,7,8-9
8,False,0.9999079162933796,1.0,-3.886239932853308,-0.55098344604045,0.05,0.005555555555555556,8,9-10
