,reject,pvals,pvals_corrected,tstats,effectsize,alpha,alpha_corrected,step,dimension_step
0,True,2.1432604039517183e-61,1.7146083231613746e-60,38.231702458054436,5.420415499890626,0.05,0.005555555555555556,0,1-2
1,True,2.889268045800952e-59,1.7335608274805712e-58,36.25689631868584,5.1404313736577745,0.05,0.005555555555555556,1,2-3
2,True,6.68396579208275e-61,4.6787760544579245e-60,37.765534878884566,5.35432317835587,0.05,0.005555555555555556,2,3-4
3,True,5.09362698033261e-62,4.584264282299349e-61,38.82783029398536,5.5049333307494885,0.05,0.005555555555555556,3,4-5
4,True,3.348699749520676e-55,1.674349874760338e-54,32.73001049372387,4.64039644549985,0.05,0.005555555555555556,4,5-6
5,True,1.3818006264329394e-40,5.527202505731758e-40,22.237317058694646,3.1527630294040687,0.05,0.005555555555555556,5,6-7
6,True,4.8096254703740895e-31,1.442887641112227e-30,16.79910431387881,2.381743933771502,0.05,0.005555555555555556,6,7-8
7,False,0.9999922977548392,1.0,-4.547453392424936,-0.6447289884716447,0.05,0.005555555555555556,7,8-9
8,False,0.9992137061993492,1.0,-3.2509480913222193,-0.46091301957782443,0.05,0.005555555555555556,8,9-10
