,reject,pvals,pvals_corrected,tstats,effectsize,alpha,alpha_corrected,step,dimension_step
0,True,2.4646441648111078e-23,2.218179748329997e-22,12.951944827234382,1.8363012364488382,0.05,0.005555555555555556,0,1-2
1,True,1.2667825923387258e-13,1.0134260738709807e-12,8.453833554188387,1.1985678765127656,0.05,0.005555555555555556,1,2-3
2,True,0.00012424186923009549,0.0007454512153805729,3.8017307400370934,0.5390018990735884,0.05,0.005555555555555556,2,3-4
3,True,1.3644781814279981e-11,9.551347269995986e-11,7.5038307573171386,1.0638783504381686,0.05,0.005555555555555556,3,4-5
4,False,0.08609670934550892,0.43048354672754463,1.3751355537128311,0.19496401129333918,0.05,0.005555555555555556,4,5-6
5,False,0.17749202708216588,0.7099681083286635,0.9293193199656065,0.13175706344272828,0.05,0.005555555555555556,5,6-7
6,False,0.7519411133779841,1.0,-0.683134007114328,-0.0968533945023104,0.05,0.005555555555555556,6,7-8
7,False,0.9944536568415352,1.0,-2.588408787746153,-0.36697950159414205,0.05,0.005555555555555556,7,8-9
8,False,0.7167014073737017,1.0,-0.5749979161228777,-0.0815220724312956,0.05,0.005555555555555556,8,9-10
