,reject,pvals,pvals_corrected,tstats,effectsize,alpha,alpha_corrected,step,dimension_step
0,True,5.805470501819096e-43,5.224923451637186e-42,23.743205105698948,3.3662648717569588,0.05,0.005555555555555556,0,1-2
1,True,6.447680223693511e-31,4.513376156585458e-30,16.732217053112308,2.3722607896347285,0.05,0.005555555555555556,1,2-3
2,True,4.890063781516408e-37,3.912051025213126e-36,20.10878377669771,2.850983771563601,0.05,0.005555555555555556,2,3-4
3,True,8.190959479901844e-17,4.0954797399509217e-16,9.919617706343473,1.4063838676147165,0.05,0.005555555555555556,3,4-5
4,True,4.2086097707090613e-13,1.6834439082836245e-12,8.212005069109052,1.1642819100356714,0.05,0.005555555555555556,4,5-6
5,True,1.0540546470378096e-05,3.162163941113429e-05,4.467142917767949,0.6333427274985188,0.05,0.005555555555555556,5,6-7
6,True,2.5257947285540027e-17,1.5154768371324016e-16,10.153873897799958,1.439596249211094,0.05,0.005555555555555556,6,7-8
7,False,0.9999998451434865,1.0,-5.490688103375115,-0.7784589486500748,0.05,0.005555555555555556,7,8-9
8,False,0.9999999684540819,1.0,-5.851994817905399,-0.8296843032573717,0.05,0.005555555555555556,8,9-10
