,reject,pvals,pvals_corrected,tstats,effectsize,alpha,alpha_corrected,step,dimension_step
0,True,1.2994178787196222e-68,1.0395343029756977e-67,45.64962949248466,6.472114589634207,0.05,0.005555555555555556,0,1-2
1,True,1.7119158145393851e-69,1.5407242330854467e-68,46.63779965071192,6.6122154090539285,0.05,0.005555555555555556,1,2-3
2,True,1.3976271357175112e-50,8.385762814305067e-50,29.07113814587255,4.121648727995675,0.05,0.005555555555555556,2,3-4
3,True,5.810313196247978e-53,4.067219237373585e-52,30.912665876132582,4.382736903797717,0.05,0.005555555555555556,3,4-5
4,True,1.4562696008087466e-48,7.281348004043733e-48,27.579727653414373,3.910199484821397,0.05,0.005555555555555556,4,5-6
5,True,3.078726287681186e-34,1.2314905150724744e-33,18.521917543535448,2.626001001415638,0.05,0.005555555555555556,5,6-7
6,True,7.718465773624943e-32,2.3155397320874827e-31,17.219597264241642,2.441360596363028,0.05,0.005555555555555556,6,7-8
7,False,0.9999855322457141,1.0,-4.385206122725369,-0.6217258900231949,0.05,0.005555555555555556,7,8-9
8,False,0.9994948288499058,1.0,-3.388377376446402,-0.48039747303744457,0.05,0.005555555555555556,8,9-10
