,reject,pvals,pvals_corrected,tstats,effectsize,alpha,alpha_corrected,step,dimension_step
0,True,1.177984721385102e-49,1.0601862492465919e-48,28.379272759240674,4.0235574156966285,0.05,0.005555555555555556,0,1-2
1,True,3.7563984507078356e-49,3.0051187605662685e-48,28.008346578289984,3.9709682320800677,0.05,0.005555555555555556,1,2-3
2,True,4.0931529994617745e-48,2.8652070996232423e-47,27.256248357253707,3.8643372271119287,0.05,0.005555555555555556,2,3-4
3,True,1.3749900864050563e-45,8.249940518430338e-45,25.48890321445207,3.6137665125012277,0.05,0.005555555555555556,3,4-5
4,True,3.2657441733377943e-41,1.6328720866688971e-40,22.62771405456695,3.2081127468240203,0.05,0.005555555555555556,4,5-6
5,True,8.122979070970826e-38,3.2491916283883304e-37,20.56472410036529,2.915626092949742,0.05,0.005555555555555556,5,6-7
6,True,5.7904642989481505e-21,1.737139289684445e-20,11.834806529363295,1.6779155681165048,0.05,0.005555555555555556,6,7-8
7,False,0.99999999985443,1.0,-7.012851224054773,-0.9942682389045736,0.05,0.005555555555555556,7,8-9
8,False,0.9997644800856307,1.0,-3.617098788240578,-0.5128251444707588,0.05,0.005555555555555556,8,9-10
