,reject,pvals,pvals_corrected,tstats,effectsize,alpha,alpha_corrected,step,dimension_step
0,True,3.0617128821103568e-40,2.755541593899321e-39,22.023946410615515,3.122511759026069,0.05,0.005555555555555556,0,1-2
1,True,3.101296687859721e-22,1.8607780127158327e-21,12.430885353634965,1.7624264501988185,0.05,0.005555555555555556,1,2-3
2,True,6.562005831806383e-33,5.249604665445106e-32,17.794454007856732,2.5228626536341245,0.05,0.005555555555555556,2,3-4
3,True,5.6864395934275664e-21,2.843219796713783e-20,11.838480134534436,1.6784364046246876,0.05,0.005555555555555556,3,4-5
4,True,2.6288721434166214e-26,1.840210500391635e-25,14.390350438462335,2.040235551923902,0.05,0.005555555555555556,4,5-6
5,True,4.533904735436816e-13,1.3601714206310447e-12,8.196973670134375,1.162150787884447,0.05,0.005555555555555556,5,6-7
6,True,3.3807359979416664e-15,1.3522943991766666e-14,9.17881200303212,1.3013538935757163,0.05,0.005555555555555556,6,7-8
7,False,0.9999992172853311,1.0,-5.11067386879838,-0.7245812786839325,0.05,0.005555555555555556,7,8-9
8,False,0.9999906489837957,1.0,-4.4978951810824706,-0.6377027228429488,0.05,0.005555555555555556,8,9-10
