,reject,pvals,pvals_corrected,tstats,effectsize,alpha,alpha_corrected,step,dimension_step
0,True,8.418475554134726e-31,7.576627998721254e-30,16.671465137154563,2.3636475026050254,0.05,0.005555555555555556,0,1-2
1,True,1.2114321494474166e-18,9.691457195579333e-18,10.75989068672348,1.5255161163548334,0.05,0.005555555555555556,1,2-3
2,True,7.576629511185125e-08,5.303640657829587e-07,5.654323318890923,0.801658827323617,0.05,0.005555555555555556,2,3-4
3,True,3.377968670690281e-06,2.0267812024141688e-05,4.754701173541951,0.6741121708271023,0.05,0.005555555555555556,3,4-5
4,True,0.006757757555565137,0.027031030222260548,2.5149365088065103,0.3565627465460595,0.05,0.005555555555555556,4,5-6
5,True,5.690504332624125e-06,2.8452521663120627e-05,4.624179097271543,0.6556070078391282,0.05,0.005555555555555556,5,6-7
6,False,0.9999986790773187,1.0,-4.984847230371577,-0.706741825628551,0.05,0.005555555555555556,6,7-8
7,False,0.9998085530573182,1.0,-3.6775661591714237,-0.52139808926679,0.05,0.005555555555555556,7,8-9
8,False,0.9999716689837519,1.0,-4.208234198534749,-0.596635159052458,0.05,0.005555555555555556,8,9-10
