,reject,pvals,pvals_corrected,tstats,effectsize,alpha,alpha_corrected,step,dimension_step
0,True,3.403484407614947e-45,3.063135966853452e-44,25.221435871241244,3.5758455191987415,0.05,0.005555555555555556,0,1-2
1,True,1.7075989225067401e-41,1.3660791380053921e-40,22.80470184361878,3.2332057270835426,0.05,0.005555555555555556,1,2-3
2,True,2.0040830445508815e-19,1.0020415222754408e-18,11.120280143483162,1.5766114239614084,0.05,0.005555555555555556,2,3-4
3,True,2.7919467254592324e-35,1.954362707821463e-34,19.104040572252174,2.708533258281815,0.05,0.005555555555555556,3,4-5
4,True,1.149464986663842e-30,6.896789919983052e-30,16.600655800644013,2.353608294291458,0.05,0.005555555555555556,4,5-6
5,True,1.3337549454710304e-14,5.3350197818841214e-14,8.904868197798278,1.2625146802391491,0.05,0.005555555555555556,5,6-7
6,True,1.2573861826960698e-12,3.7721585480882094e-12,7.990551657634592,1.1328846813776803,0.05,0.005555555555555556,6,7-8
7,False,0.9999999999958384,1.0,-7.747055642009402,-1.0983622957030048,0.05,0.005555555555555556,7,8-9
8,False,0.9999999986807054,1.0,-6.546262974526073,-0.9281162755546027,0.05,0.005555555555555556,8,9-10
