{
  "data": {
    "name": "normal-8-100",
    "n_dimension": 8,
    "distance": "euclidean",
    "subject": null,
    "n_objects": 100,
    "n_train_triplets": 7368,
    "n_test_triplets": 10000,
    "frac_train_ndlogn": 1.9999260891644746,
    "frac_train_triplets": 0.015188620902906617,
    "max_train_score": 0.7869163952225842,
    "max_test_score": 0.7807,
    "noise_sd": 1.0,
    "distance_sd": 1.0751092580799062,
    "distance_mean": 4.052176176340754,
    "difference_sd": 0.9652327077116942,
    "difference_mean": -0.10717315011548441
  },
  "n_repeats": 10,
  "n_splits": 10,
  "embedding_method": "soe",
  "embedding_dimension": [
    1,
    2,
    3,
    4,
    5,
    6,
    7,
    8,
    9,
    10
  ],
  "random_state": 470761923,
  "alpha": 0.05
}