,reject,pvals,pvals_corrected,tstats,effectsize,alpha,alpha_corrected,step,dimension_step
0,True,9.722818263750699e-58,8.75053643737563e-57,34.895709062257524,4.947444924490553,0.05,0.005555555555555556,0,1-2
1,True,7.373838096198111e-52,5.899070476958489e-51,30.047953459635025,4.260139679923796,0.05,0.005555555555555556,1,2-3
2,True,2.8948864950829196e-41,2.0264205465580438e-40,22.660546178525628,3.212767620715529,0.05,0.005555555555555556,2,3-4
3,True,1.3463544215046203e-38,8.078126529027722e-38,21.02764419149218,2.981257992023762,0.05,0.005555555555555556,3,4-5
4,True,1.284046547414788e-29,5.136186189659152e-29,16.05680131464497,2.276501676064646,0.05,0.005555555555555556,4,5-6
5,True,2.6500240294724884e-34,1.3250120147362443e-33,18.557984004999643,2.631114433310574,0.05,0.005555555555555556,5,6-7
6,True,5.103490441517674e-19,1.5310471324553022e-18,10.93288411881301,1.5500427845487532,0.05,0.005555555555555556,6,7-8
7,False,0.9929374075014242,1.0,-2.4983245578821576,-0.3542075368513677,0.05,0.005555555555555556,7,8-9
8,False,0.999997943637277,1.0,-4.87709486502631,-0.6914649074241325,0.05,0.005555555555555556,8,9-10
