,reject,pvals,pvals_corrected,tstats,effectsize,alpha,alpha_corrected,step,dimension_step
0,True,1.2661439982311457e-66,1.1395295984080311e-65,43.4867824331794,6.165470392007553,0.05,0.005555555555555556,0,1-2
1,True,2.210957890646957e-48,1.7687663125175656e-47,27.448675929148514,3.8916192293834544,0.05,0.005555555555555556,1,2-3
2,True,2.2676488856799417e-40,1.5873542199759594e-39,22.10430487610155,3.133904824044448,0.05,0.005555555555555556,2,3-4
3,True,5.704048821228175e-32,3.422429292736905e-31,17.289608084502632,2.4512865926149363,0.05,0.005555555555555556,3,4-5
4,True,2.2560745846340532e-29,1.1280372923170266e-28,15.930987061441956,2.258663978961908,0.05,0.005555555555555556,4,5-6
5,True,2.412679577764657e-22,9.650718311058627e-22,12.482313186155741,1.7697177870370677,0.05,0.005555555555555556,5,6-7
6,True,1.6848806815540244e-12,5.054642044662073e-12,7.931148633068672,1.1244626375136706,0.05,0.005555555555555556,6,7-8
7,False,0.9999961097940424,1.0,-4.719566501610509,-0.6691308462175141,0.05,0.005555555555555556,7,8-9
8,False,0.8742004534020673,1.0,-1.153214428213203,-0.1635004710617444,0.05,0.005555555555555556,8,9-10
