,reject,pvals,pvals_corrected,tstats,effectsize,alpha,alpha_corrected,step,dimension_step
0,True,1.2566215207548567e-44,1.130959368679371e-43,24.83959545165977,3.521708936318213,0.05,0.005555555555555556,0,1-2
1,True,1.0176991797267513e-21,7.12389425808726e-21,12.188145420866181,1.7280112604628688,0.05,0.005555555555555556,1,2-3
2,True,1.6389096729471482e-28,1.3111277383577186e-27,15.49179940956617,2.196396818397978,0.05,0.005555555555555556,2,3-4
3,True,2.5687983053935604e-21,1.5412789832361363e-20,11.999724287860737,1.7012972832087772,0.05,0.005555555555555556,3,4-5
4,True,7.266426167002191e-16,2.9065704668008765e-15,9.485117013917609,1.3447812149334155,0.05,0.005555555555555556,4,5-6
5,True,3.1917582715936957e-16,1.5958791357968479e-15,9.648894551917818,1.3680012718085768,0.05,0.005555555555555556,5,6-7
6,True,1.1138218805799174e-05,3.341465641739752e-05,4.452937156569135,0.6313286626455535,0.05,0.005555555555555556,6,7-8
7,False,0.999999999971715,1.0,-7.353581642165655,-1.0425763267183126,0.05,0.005555555555555556,7,8-9
8,False,0.9999999999977317,1.0,-7.870709825674397,-1.1158937423996156,0.05,0.005555555555555556,8,9-10
