,reject,pvals,pvals_corrected,tstats,effectsize,alpha,alpha_corrected,step,dimension_step
0,True,6.619263136001262e-41,5.957336822401136e-40,22.43593334467139,3.1809224553731372,0.05,0.005555555555555556,0,1-2
1,True,9.308413521448412e-31,7.44673081715873e-30,16.648602775799368,2.360406122025917,0.05,0.005555555555555556,1,2-3
2,True,3.3029661497316504e-25,2.3120763048121553e-24,13.852730816139545,1.9640129003932518,0.05,0.005555555555555556,2,3-4
3,True,6.096667449164123e-13,3.658000469498474e-12,8.137135010078723,1.1536669804784283,0.05,0.005555555555555556,3,4-5
4,True,1.0096906208950959e-12,5.0484531044754794e-12,8.03502854062703,1.139190526277565,0.05,0.005555555555555556,4,5-6
5,True,4.9247360409743224e-06,1.969894416389729e-05,4.66055608755572,0.6607644658987596,0.05,0.005555555555555556,5,6-7
6,True,0.0009201851106057477,0.002760555331817243,3.2011560688738165,0.45385360467088076,0.05,0.005555555555555556,6,7-8
7,False,0.999999999302112,1.0,-6.682161635070877,-0.9473837200750139,0.05,0.005555555555555556,7,8-9
8,False,0.9999985975704199,1.0,-4.970344020828327,-0.7046855891349593,0.05,0.005555555555555556,8,9-10
