,reject,pvals,pvals_corrected,tstats,effectsize,alpha,alpha_corrected,step,dimension_step
0,True,7.559493681615181e-73,6.803544313453663e-72,50.586620578641174,7.172071465360175,0.05,0.005555555555555556,0,1-2
1,True,1.0695049631236779e-62,8.556039704989423e-62,39.484581673699815,5.598046248283948,0.05,0.005555555555555556,1,2-3
2,True,3.6605308894913935e-52,2.5623716226439755e-51,30.28431098956769,4.29364998515199,0.05,0.005555555555555556,2,3-4
3,True,1.633027394353379e-44,7.877063425840953e-44,24.763513489267954,3.5109221854885018,0.05,0.005555555555555556,3,4-5
4,True,5.430356485849672e-49,3.2582138915098033e-48,27.8912594514898,3.9543678497758346,0.05,0.005555555555555556,4,5-6
5,True,1.5754126851681907e-44,7.877063425840953e-44,24.773933416034836,3.5123995021896586,0.05,0.005555555555555556,5,6-7
6,True,6.271991040335685e-32,1.8815973121007055e-31,17.2676203541976,2.4481692155040538,0.05,0.005555555555555556,6,7-8
7,False,0.9954357154367063,1.0,-2.6595021811910446,-0.37705898294057966,0.05,0.005555555555555556,7,8-9
8,False,0.9999957937548688,1.0,-4.700066275821984,-0.6663661425993205,0.05,0.005555555555555556,8,9-10
