,reject,pvals,pvals_corrected,tstats,effectsize,alpha,alpha_corrected,step,dimension_step
0,True,2.4181231886129727e-72,2.1763108697516753e-71,49.97319206190971,7.085100778040818,0.05,0.005555555555555556,0,1-2
1,True,5.0151266473403456e-70,4.0121013178722765e-69,47.24582176645369,6.69841958748566,0.05,0.005555555555555556,1,2-3
2,True,6.721496661305848e-59,4.032897996783508e-58,35.925952303338924,5.093510782759408,0.05,0.005555555555555556,2,3-4
3,True,8.462446162260354e-54,4.231223081130177e-53,31.581720268236715,4.477594118205315,0.05,0.005555555555555556,3,4-5
4,True,4.997910534837312e-61,3.4985373743861185e-60,37.88420316061394,5.371147733692818,0.05,0.005555555555555556,4,5-6
5,True,4.668417699430433e-41,1.867367079772173e-40,22.530576783923657,3.1943408158463282,0.05,0.005555555555555556,5,6-7
6,True,1.1571641541244271e-39,3.471492462373281e-39,21.670402919368247,3.0723870589307842,0.05,0.005555555555555556,6,7-8
7,False,0.9999839606717146,1.0,-4.358330579614863,-0.6179155284363942,0.05,0.005555555555555556,7,8-9
8,False,0.9856024816254919,1.0,-2.2186461415015346,-0.3145552816373178,0.05,0.005555555555555556,8,9-10
