,reject,pvals,pvals_corrected,tstats,effectsize,alpha,alpha_corrected,step,dimension_step
0,True,1.0996564396257241e-33,9.896907956631518e-33,18.217275736097392,2.5828094857680246,0.05,0.005555555555555556,0,1-2
1,True,8.041726849889321e-19,6.4333814799114565e-18,10.84185225548618,1.5371364661994187,0.05,0.005555555555555556,1,2-3
2,True,1.0790249328622942e-08,5.395124664311471e-08,6.090144749112697,0.8634487316092139,0.05,0.005555555555555556,2,3-4
3,True,1.9834329528158313e-12,1.1900597716894988e-11,7.897998924603359,1.1197627371161045,0.05,0.005555555555555556,3,4-5
4,False,0.05755837039481598,0.17267511118444795,1.589585786803581,0.22536834310868495,0.05,0.005555555555555556,4,5-6
5,True,6.097008143451878e-13,4.267905700416315e-12,8.137123712481701,1.1536653787273665,0.05,0.005555555555555556,5,6-7
6,True,0.0030480642245625965,0.012192256898250386,2.802786204531081,0.39737350965701684,0.05,0.005555555555555556,6,7-8
7,False,0.9999836389227247,1.0,-4.353142981149329,-0.6171800409398424,0.05,0.005555555555555556,7,8-9
8,False,0.9999962876020551,1.0,-4.731224884806414,-0.6707837488327738,0.05,0.005555555555555556,8,9-10
