,reject,pvals,pvals_corrected,tstats,effectsize,alpha,alpha_corrected,step,dimension_step
0,True,4.91950646969946e-26,4.427555822729514e-25,14.256568407717491,2.0212681990090853,0.05,0.005555555555555556,0,1-2
1,True,1.229520201072632e-16,9.836161608581056e-16,9.838767420916625,1.394921073333476,0.05,0.005555555555555556,1,2-3
2,True,1.2671235797964112e-10,8.869865058574878e-10,7.041885806709512,0.9983847048670106,0.05,0.005555555555555556,2,3-4
3,False,0.13092854122579947,0.5237141649031979,1.1284500988866304,0.15998943320844913,0.05,0.005555555555555556,3,4-5
4,True,0.0008444243570091269,0.004222121785045634,3.228427156715499,0.4577200458108775,0.05,0.005555555555555556,4,5-6
5,True,0.0004564361893530381,0.0027386171361182283,3.4193650827321775,0.48479084902277403,0.05,0.005555555555555556,5,6-7
6,False,0.9905197713633531,1.0,-2.3854630425521766,-0.33820625342155036,0.05,0.005555555555555556,6,7-8
7,False,0.9999774853350932,1.0,-4.26924154404387,-0.6052846603810381,0.05,0.005555555555555556,7,8-9
8,False,0.9986214545567323,1.0,-3.0706781349696937,-0.43535470010068644,0.05,0.005555555555555556,8,9-10
