,reject,pvals,pvals_corrected,tstats,effectsize,alpha,alpha_corrected,step,dimension_step
0,True,6.348617582789185e-24,5.713755824510266e-23,13.233337800141856,1.8761965781114653,0.05,0.005555555555555556,0,1-2
1,True,1.3007369321650088e-22,1.040589545732007e-21,12.609069036483682,1.787688981926262,0.05,0.005555555555555556,1,2-3
2,True,4.577282225833632e-21,3.204097558083542e-20,11.882466627306716,1.6846727229646903,0.05,0.005555555555555556,2,3-4
3,True,1.9740021053926078e-16,1.1844012632355647e-15,9.744535159302497,1.3815610088162509,0.05,0.005555555555555556,3,4-5
4,True,4.763996386501619e-15,2.3819981932508093e-14,9.110406397735067,1.2916554815408783,0.05,0.005555555555555556,4,5-6
5,False,0.18929412912239169,0.7571765164895667,0.8844650225524596,0.12539770946936882,0.05,0.005555555555555556,5,6-7
6,False,0.5085687396097216,1.0,-0.021534632707866357,-0.0030531378256627734,0.05,0.005555555555555556,6,7-8
7,False,0.9982848066953757,1.0,-2.998553639029969,-0.42512903107267486,0.05,0.005555555555555556,7,8-9
8,False,0.9999993846260947,1.0,-5.167969618805832,-0.732704557310067,0.05,0.005555555555555556,8,9-10
