{
  "data": {
    "name": "normal-8-100",
    "n_dimension": 8,
    "distance": "euclidean",
    "subject": null,
    "n_objects": 100,
    "n_train_triplets": 7368,
    "n_test_triplets": 10000,
    "frac_train_ndlogn": 1.9999260891644746,
    "frac_train_triplets": 0.015188620902906617,
    "max_train_score": 0.8862649294245385,
    "max_test_score": 0.8751,
    "noise_sd": 0.5,
    "distance_sd": 1.0719379322111389,
    "distance_mean": 3.968128289357104,
    "difference_sd": 0.9533567580646377,
    "difference_mean": -0.15381705672987653
  },
  "n_repeats": 10,
  "n_splits": 10,
  "embedding_method": "soe",
  "embedding_dimension": [
    1,
    2,
    3,
    4,
    5,
    6,
    7,
    8,
    9,
    10
  ],
  "random_state": 1053623268,
  "alpha": 0.05
}