,reject,pvals,pvals_corrected,tstats,effectsize,alpha,alpha_corrected,step,dimension_step
0,True,1.370195165685734e-35,1.0961561325485871e-34,19.278648093226646,2.733288768819853,0.05,0.005555555555555556,0,1-2
1,True,5.524256065482982e-42,4.971830458934684e-41,23.115002383018965,3.2771995266072373,0.05,0.005555555555555556,1,2-3
2,True,9.042169030215605e-26,6.329518321150923e-25,14.127045659647841,2.0029047188058318,0.05,0.005555555555555556,2,3-4
3,True,2.0439320350831934e-21,8.175728140332774e-21,12.046181411535118,1.7078838827336407,0.05,0.005555555555555556,3,4-5
4,True,6.526035429309248e-24,3.915621257585549e-23,13.227602822812552,1.8753834843173454,0.05,0.005555555555555556,4,5-6
5,True,2.1682005732879887e-23,1.0841002866439943e-22,12.978458778142615,1.8400603322051419,0.05,0.005555555555555556,5,6-7
6,True,3.5090619061508165e-13,1.052718571845245e-12,8.248687812758874,1.1694827172054845,0.05,0.005555555555555556,6,7-8
7,False,0.9999999871407115,1.0,-6.05147240229033,-0.8579658424189383,0.05,0.005555555555555556,7,8-9
8,False,0.9999999999957412,1.0,-7.742336654653442,-1.0976932469669174,0.05,0.005555555555555556,8,9-10
