,reject,pvals,pvals_corrected,tstats,effectsize,alpha,alpha_corrected,step,dimension_step
0,True,2.114558656413348e-31,1.6916469251306785e-30,16.987333399769703,2.408430682963815,0.05,0.005555555555555556,0,1-2
1,True,1.0926222609683302e-31,9.833600348714971e-31,17.13932130833324,2.429979229390112,0.05,0.005555555555555556,1,2-3
2,True,1.2791135882900187e-20,8.953795118030131e-20,11.674403621315,1.6551739596315984,0.05,0.005555555555555556,2,3-4
3,True,8.430417674506572e-12,5.058250604703943e-11,7.602671738269046,1.077891830108971,0.05,0.005555555555555556,3,4-5
4,True,1.400754917578014e-10,7.003774587890069e-10,7.020906855726028,0.9954103505021459,0.05,0.005555555555555556,4,5-6
5,True,2.8037051910769326e-05,0.0001121482076430773,4.211014926002404,0.5970294051178323,0.05,0.005555555555555556,5,6-7
6,False,0.9998321863000601,1.0,-3.715685380543089,-0.526802557419717,0.05,0.005555555555555556,6,7-8
7,False,0.9766260862774487,1.0,-2.0137654792958672,-0.2855077047404775,0.05,0.005555555555555556,7,8-9
8,False,0.9999998129335574,1.0,-5.447047460163537,-0.7722716641798432,0.05,0.005555555555555556,8,9-10
