,reject,pvals,pvals_corrected,tstats,effectsize,alpha,alpha_corrected,step,dimension_step
0,True,1.8840576401028288e-60,1.695651876092546e-59,37.34511817818048,5.294717326290832,0.05,0.005555555555555556,0,1-2
1,True,9.504360604390634e-49,7.603488483512507e-48,27.714154506901046,3.929258259434955,0.05,0.005555555555555556,1,2-3
2,True,9.530391107749195e-37,5.718234664649517e-36,19.94089821948914,2.82718128781338,0.05,0.005555555555555556,2,3-4
3,True,2.3143585549520615e-42,1.620050988466443e-41,23.35620394247897,3.31139660880438,0.05,0.005555555555555556,3,4-5
4,True,4.1204236302854486e-29,2.0602118151427244e-28,15.797017819154705,2.2396700835632104,0.05,0.005555555555555556,4,5-6
5,True,1.01134225630339e-12,3.03402676891017e-12,8.034697358904937,1.1391435719850722,0.05,0.005555555555555556,5,6-7
6,True,4.072495345183386e-21,1.6289981380733543e-20,11.906167376818876,1.6880329685659865,0.05,0.005555555555555556,6,7-8
7,False,0.9999999483526418,1.0,-5.741150189359231,-0.8139689700647038,0.05,0.005555555555555556,7,8-9
8,False,0.9999999977813523,1.0,-6.434588583989338,-0.9122833003406354,0.05,0.005555555555555556,8,9-10
