,reject,pvals,pvals_corrected,tstats,effectsize,alpha,alpha_corrected,step,dimension_step
0,True,1.4370997665101806e-40,1.2933897898591626e-39,22.226761033809733,3.151266416979702,0.05,0.005555555555555556,0,1-2
1,True,4.3101062938119404e-29,3.4480850350495524e-28,15.78702759115617,2.2382536887073936,0.05,0.005555555555555556,1,2-3
2,True,2.92835160939241e-24,1.757010965635446e-23,13.394638775824713,1.8990655128573897,0.05,0.005555555555555556,2,3-4
3,True,4.860001354539802e-26,3.4020009481778617e-25,14.259162181389492,2.021635939133406,0.05,0.005555555555555556,3,4-5
4,True,5.569953405067089e-17,2.7849767025335443e-16,9.996390382887697,1.4172685465370052,0.05,0.005555555555555556,4,5-6
5,True,2.015661579539704e-07,6.046984738619112e-07,5.429760155633243,0.7698207041806086,0.05,0.005555555555555556,5,6-7
6,True,3.535975654727155e-10,1.414390261890862e-09,6.8262351808924535,0.9678101837343887,0.05,0.005555555555555556,6,7-8
7,False,0.9999999999997923,1.0,-8.354287914846816,-1.1844544917628828,0.05,0.005555555555555556,7,8-9
8,False,0.9999999999223139,1.0,-7.143994614561982,-1.0128614906017321,0.05,0.005555555555555556,8,9-10
