,reject,pvals,pvals_corrected,tstats,effectsize,alpha,alpha_corrected,step,dimension_step
0,True,2.623392593200953e-67,2.3610533338808578e-66,44.21955301593575,6.269361162474659,0.05,0.005555555555555556,0,1-2
1,True,5.411155879443899e-54,3.246693527666339e-53,31.738697859103564,4.499850091964362,0.05,0.005555555555555556,1,2-3
2,True,4.6422825873093463e-60,3.713826069847477e-59,36.982591324890755,5.24331898281256,0.05,0.005555555555555556,2,3-4
3,True,3.468251221429477e-58,2.4277758550006337e-57,35.2901678101916,5.003370509120616,0.05,0.005555555555555556,3,4-5
4,True,2.08858263532299e-40,1.0442913176614951e-39,22.126355707232953,3.1370311474662538,0.05,0.005555555555555556,4,5-6
5,True,1.422984889134476e-36,5.691939556537904e-36,19.840454600010617,2.812940589207718,0.05,0.005555555555555556,5,6-7
6,True,1.7285932538720222e-29,5.185779761616067e-29,15.990381716056193,2.2670848361506475,0.05,0.005555555555555556,6,7-8
7,False,0.9993262553041076,1.0,-3.2993687463991623,-0.4677780047189354,0.05,0.005555555555555556,7,8-9
8,False,0.9975306639095085,1.0,-2.87553672806177,-0.4076879356442861,0.05,0.005555555555555556,8,9-10
