,reject,pvals,pvals_corrected,tstats,effectsize,alpha,alpha_corrected,step,dimension_step
0,True,5.0822481985364194e-14,4.574023378682777e-13,8.637148798411825,1.2245579509083573,0.05,0.005555555555555556,0,1-2
1,True,0.00015242042946536549,0.0010669430062575584,3.743361836915759,0.5307264709119047,0.05,0.005555555555555556,1,2-3
2,True,6.950573595294784e-05,0.0005560458876235827,3.9645535387019537,0.5620865948855753,0.05,0.005555555555555556,2,3-4
3,False,0.9796537587230194,1.0,-2.073813488740354,-0.2940211932906559,0.05,0.005555555555555556,3,4-5
4,False,0.7472681298101231,1.0,-0.6683527952290641,-0.09475774338402826,0.05,0.005555555555555556,4,5-6
5,False,0.990770885099716,1.0,-2.395905691867151,-0.33968679168083693,0.05,0.005555555555555556,5,6-7
6,False,0.9441053504779742,1.0,-1.604500484979792,-0.22748291965047565,0.05,0.005555555555555556,6,7-8
7,False,0.9770047915833479,1.0,-2.0208982948190783,-0.2865189812815181,0.05,0.005555555555555556,7,8-9
8,False,0.9320722530439954,1.0,-1.5036480559139598,-0.2131842608264324,0.05,0.005555555555555556,8,9-10
