{
  "data": {
    "name": "normal-8-100",
    "n_dimension": 8,
    "distance": "euclidean",
    "subject": null,
    "n_objects": 100,
    "n_train_triplets": 29473,
    "n_test_triplets": 10000,
    "frac_train_ndlogn": 7.999975790709088,
    "frac_train_triplets": 0.06075654504225933,
    "max_train_score": 0.7821056560241577,
    "max_test_score": 0.7797,
    "noise_sd": 1.0,
    "distance_sd": 1.0685523836654944,
    "distance_mean": 3.87667582692747,
    "difference_sd": 0.9522955435279576,
    "difference_mean": -0.12348006566974175
  },
  "n_repeats": 10,
  "n_splits": 10,
  "embedding_method": "soe",
  "embedding_dimension": [
    1,
    2,
    3,
    4,
    5,
    6,
    7,
    8,
    9,
    10
  ],
  "random_state": 2986108210,
  "alpha": 0.05
}