,reject,pvals,pvals_corrected,tstats,effectsize,alpha,alpha_corrected,step,dimension_step
0,True,8.032490300222714e-43,7.229241270200442e-42,23.651940536089636,3.353325560769071,0.05,0.005555555555555556,0,1-2
1,True,7.052009235083592e-32,5.641607388066874e-31,17.240486167563812,2.444322183947767,0.05,0.005555555555555556,1,2-3
2,True,4.9530814376579557e-26,3.467157006360569e-25,14.255118788743339,2.021062674885093,0.05,0.005555555555555556,2,3-4
3,True,7.475054633835981e-13,4.485032780301589e-12,8.095907989055304,1.1478218946098397,0.05,0.005555555555555556,3,4-5
4,True,2.0273019768496367e-11,1.0136509884248183e-10,7.422319795884881,1.05232188681369,0.05,0.005555555555555556,4,5-6
5,True,2.14215457819532e-06,8.56861831278128e-06,4.867079613569187,0.6900449647916261,0.05,0.005555555555555556,5,6-7
6,True,1.9739603492656203e-05,5.921881047796861e-05,4.3039285872706685,0.6102025210742206,0.05,0.005555555555555556,6,7-8
7,False,0.9999942485491403,1.0,-4.621491301832616,-0.6552259374938125,0.05,0.005555555555555556,7,8-9
8,False,0.999911969954918,1.0,-3.898840621942658,-0.552769946929971,0.05,0.005555555555555556,8,9-10
