,reject,pvals,pvals_corrected,tstats,effectsize,alpha,alpha_corrected,step,dimension_step
0,True,2.964892129529601e-32,2.6684029165766407e-31,17.44157420618616,2.4728320501402816,0.05,0.005555555555555556,0,1-2
1,True,1.3131810103444638e-21,1.050544808275571e-20,12.136210641027503,1.7206480496320187,0.05,0.005555555555555556,1,2-3
2,True,2.9386514613785565e-20,2.0570560229649895e-19,11.506465300429875,1.6313639951512027,0.05,0.005555555555555556,2,3-4
3,True,1.8792242077255007e-12,1.1275345246353004e-11,7.908968930421113,1.1213180429420402,0.05,0.005555555555555556,3,4-5
4,False,0.14089024127856914,0.4226707238357074,1.0822274105501277,0.1534360714642088,0.05,0.005555555555555556,4,5-6
5,True,0.000837342505979336,0.003349370023917344,3.2310919274069048,0.4580978517528231,0.05,0.005555555555555556,5,6-7
6,True,8.711208073240531e-08,4.3556040366202655e-07,5.622555447074742,0.797154841005459,0.05,0.005555555555555556,6,7-8
7,False,0.9999999436141568,1.0,-5.721314329171691,-0.8111566808622502,0.05,0.005555555555555556,7,8-9
8,False,0.9991880316315026,1.0,-3.2408157619939404,-0.4594764778752608,0.05,0.005555555555555556,8,9-10
