,reject,pvals,pvals_corrected,tstats,effectsize,alpha,alpha_corrected,step,dimension_step
0,True,2.6834233127265256e-38,2.415080981453873e-37,20.849232924833345,2.955963193911811,0.05,0.005555555555555556,0,1-2
1,True,1.2967554392882641e-33,1.0374043514306113e-32,18.178026362422,2.5772447868466384,0.05,0.005555555555555556,1,2-3
2,True,1.7260441002930232e-25,1.2082308702051162e-24,13.98992259955432,1.9834636813281308,0.05,0.005555555555555556,2,3-4
3,True,5.053836549896964e-13,2.5269182749484823e-12,8.17504687269224,1.159042049714895,0.05,0.005555555555555556,3,4-5
4,True,1.3345960219773912e-14,8.007576131864347e-14,8.904742221660243,1.2624968195903337,0.05,0.005555555555555556,4,5-6
5,True,6.13534574997201e-08,2.454138299988804e-07,5.702205236577489,0.8084474313382434,0.05,0.005555555555555556,5,6-7
6,False,0.15801859144929872,0.47405577434789614,1.0077375822618744,0.14287505027293887,0.05,0.005555555555555556,6,7-8
7,False,0.9999512330389466,1.0,-4.061849571910607,-0.5758810349071954,0.05,0.005555555555555556,7,8-9
8,False,0.9999928497889026,1.0,-4.566371616277826,-0.647411177001311,0.05,0.005555555555555556,8,9-10
