,reject,pvals,pvals_corrected,tstats,effectsize,alpha,alpha_corrected,step,dimension_step
0,True,1.4847919670042304e-28,1.3363127703038074e-27,15.513546238840556,2.199480041035047,0.05,0.005555555555555556,0,1-2
1,True,6.635884957881108e-12,5.3087079663048865e-11,7.651693054840327,1.0848419758541035,0.05,0.005555555555555556,1,2-3
2,True,1.751998895334152e-11,1.2263992267339062e-10,7.452391930003231,1.056585454779797,0.05,0.005555555555555556,2,3-4
3,True,4.133842472472528e-09,2.4803054834835168e-08,6.299943678729126,0.8931936107759478,0.05,0.005555555555555556,3,4-5
4,False,0.5586548554379394,1.0,-0.14794092370564282,-0.02097477288127573,0.05,0.005555555555555556,4,5-6
5,True,0.004978662651416709,0.024893313257083542,2.6279642765943243,0.37258760092201304,0.05,0.005555555555555556,5,6-7
6,False,0.9577435977711392,1.0,-1.7425768020177592,-0.24705910802088749,0.05,0.005555555555555556,6,7-8
7,False,0.4651148087189525,1.0,0.08777902921210795,0.012445137933072174,0.05,0.005555555555555556,7,8-9
8,False,0.9999819763019686,1.0,-4.327811613889271,-0.6135886095647817,0.05,0.005555555555555556,8,9-10
