,reject,pvals,pvals_corrected,tstats,effectsize,alpha,alpha_corrected,step,dimension_step
0,True,4.30720807996085e-28,3.44576646396868e-27,15.279700336992276,2.1663258294914987,0.05,0.005555555555555556,0,1-2
1,True,2.0734847525057388e-21,1.4514393267540173e-20,12.043262542696018,1.7074700512566103,0.05,0.005555555555555556,1,2-3
2,True,1.4097035216834855e-29,1.268733169515137e-28,16.035929181248264,2.273542466086921,0.05,0.005555555555555556,2,3-4
3,True,0.008893599059170731,0.035574396236682924,2.4102594864548568,0.34172184441621556,0.05,0.005555555555555556,3,4-5
4,True,1.2641258176247608e-09,7.584754905748565e-09,6.555409737205224,0.9294130855581408,0.05,0.005555555555555556,4,5-6
5,False,0.039096095966661755,0.11728828789998527,1.7797078246989195,0.2523234713091446,0.05,0.005555555555555556,5,6-7
6,True,4.5465231557286216e-05,0.00022732615778643108,4.080926633948847,0.5785857432020431,0.05,0.005555555555555556,6,7-8
7,False,0.9999999564078292,1.0,-5.779380290455587,-0.8193891585266858,0.05,0.005555555555555556,7,8-9
8,False,0.9997561809176401,1.0,-3.606927292868254,-0.5113830498835846,0.05,0.005555555555555556,8,9-10
