,reject,pvals,pvals_corrected,tstats,effectsize,alpha,alpha_corrected,step,dimension_step
0,True,6.729943866839661e-42,6.056949480155695e-41,23.060511627133348,3.2694739345249277,0.05,0.005555555555555556,0,1-2
1,True,2.884907872975142e-29,2.3079262983801135e-28,15.876241224522227,2.2509022219928125,0.05,0.005555555555555556,1,2-3
2,True,1.287701101129565e-28,9.013907707906955e-28,15.544930041289412,2.203929574754502,0.05,0.005555555555555556,2,3-4
3,True,9.457352880079992e-12,5.674411728047996e-11,7.579104128075138,1.074550460738078,0.05,0.005555555555555556,3,4-5
4,True,1.1310052034575185e-08,5.655026017287593e-08,6.079782630167662,0.8619796107872206,0.05,0.005555555555555556,4,5-6
5,True,0.00025171120147014943,0.0007551336044104483,3.5975542732193344,0.5100541616123515,0.05,0.005555555555555556,5,6-7
6,True,0.00017874367919160707,0.0007149747167664283,3.6974617850077824,0.5242188519252602,0.05,0.005555555555555556,6,7-8
7,False,0.9946911707657882,1.0,-2.604492127467188,-0.36925976583321307,0.05,0.005555555555555556,7,8-9
8,False,0.9926466105584901,1.0,-2.4830658074770255,-0.3520441812619669,0.05,0.005555555555555556,8,9-10
