,reject,pvals,pvals_corrected,tstats,effectsize,alpha,alpha_corrected,step,dimension_step
0,True,1.703924031042614e-45,1.5335316279383524e-44,25.425419621499334,3.6047659336855893,0.05,0.005555555555555556,0,1-2
1,True,5.820473383088446e-38,4.656378706470757e-37,20.650083928062244,2.9277282412551755,0.05,0.005555555555555556,1,2-3
2,True,1.693536848290177e-30,1.185475793803124e-29,16.512753134129028,2.3411456273050137,0.05,0.005555555555555556,2,3-4
3,True,4.5812835885703684e-23,2.748770153142221e-22,12.823886700782017,1.818145407414782,0.05,0.005555555555555556,3,4-5
4,True,5.3360854129530876e-14,2.134434165181235e-13,8.627378388504221,1.2231727214286718,0.05,0.005555555555555556,4,5-6
5,True,3.230398665252523e-17,1.6151993326262615e-16,10.104867928488364,1.4326482793702229,0.05,0.005555555555555556,5,6-7
6,True,1.2601871396411207e-07,3.780561418923362e-07,5.538091189453927,0.785179664862128,0.05,0.005555555555555556,6,7-8
7,False,0.9999999982648083,1.0,-6.487478660644027,-0.91978195127317,0.05,0.005555555555555556,7,8-9
8,False,0.9997955850297039,1.0,-3.658508188725654,-0.5186960877403332,0.05,0.005555555555555556,8,9-10
