,reject,pvals,pvals_corrected,tstats,effectsize,alpha,alpha_corrected,step,dimension_step
0,True,6.122617754157666e-29,5.5103559787419e-28,15.70920418804553,2.2272200398413,0.05,0.005555555555555556,0,1-2
1,True,1.0633138950233676e-23,8.50651116018694e-23,13.1261453364516,1.860999041661301,0.05,0.005555555555555556,1,2-3
2,True,2.8925927199765877e-21,2.0248149039836112e-20,11.975608656850953,1.6978782165256106,0.05,0.005555555555555556,2,3-4
3,True,0.008372512359025195,0.03349004943610078,2.433537372080541,0.34502213720826613,0.05,0.005555555555555556,3,4-5
4,True,1.399752590660737e-08,6.998762953303685e-08,6.032738497973222,0.8553097863501473,0.05,0.005555555555555556,4,5-6
5,True,5.284985061535868e-16,3.1709910369215205e-15,9.548507940011769,1.3537686556242974,0.05,0.005555555555555556,5,6-7
6,False,0.8503314383987306,1.0,-1.0433286334569394,-0.14792107943595587,0.05,0.005555555555555556,6,7-8
7,False,0.9991275941214166,1.0,-3.2180983671765895,-0.4562556503664622,0.05,0.005555555555555556,7,8-9
8,False,0.9910360045556884,1.0,-2.4072083975183682,-0.3412892670341063,0.05,0.005555555555555556,8,9-10
