,reject,pvals,pvals_corrected,tstats,effectsize,alpha,alpha_corrected,step,dimension_step
0,True,5.092033110888192e-43,4.582829799799373e-42,23.780131334173806,3.3715001997258667,0.05,0.005555555555555556,0,1-2
1,True,1.4818864118256066e-23,1.1855091294604853e-22,13.05728728901549,1.851236483270803,0.05,0.005555555555555556,1,2-3
2,True,1.4876320657132363e-10,7.438160328566181e-10,7.008306900945706,0.9936239537215131,0.05,0.005555555555555556,2,3-4
3,True,1.4299364041716325e-19,8.579618425029795e-19,11.188048972829266,1.5862195551556728,0.05,0.005555555555555556,3,4-5
4,True,2.321090701791303e-22,1.624763491253912e-21,12.49024447643311,1.7708422697566315,0.05,0.005555555555555556,4,5-6
5,True,0.006167593926776971,0.018502781780330914,2.549104385871915,0.3614070008830688,0.05,0.005555555555555556,5,6-7
6,True,4.943288905148875e-07,1.97731556205955e-06,5.219860179190303,0.7400614987937635,0.05,0.005555555555555556,6,7-8
7,False,0.9999999955694737,1.0,-6.284880073407282,-0.8910579224722335,0.05,0.005555555555555556,7,8-9
8,False,0.9999998474874714,1.0,-5.494203300124813,-0.7789573263241564,0.05,0.005555555555555556,8,9-10
