,reject,pvals,pvals_corrected,tstats,effectsize,alpha,alpha_corrected,step,dimension_step
0,True,1.5299673334277555e-57,1.3769706000849799e-56,34.723419268882,4.923018016808108,0.05,0.005555555555555556,0,1-2
1,True,6.718231712329533e-40,4.702762198630673e-39,21.81452797425561,3.09282082544409,0.05,0.005555555555555556,1,2-3
2,True,2.143573701807028e-40,1.7148589614456224e-39,22.119387338874287,3.136043185920421,0.05,0.005555555555555556,2,3-4
3,True,2.6462846301714708e-36,1.5877707781028826e-35,19.6856012384159,2.7909857844924666,0.05,0.005555555555555556,3,4-5
4,True,3.1329451991177066e-29,1.5664725995588532e-28,15.85789446134806,2.2483010540330235,0.05,0.005555555555555556,4,5-6
5,True,5.219955609698781e-23,1.5659866829096344e-22,12.796970159677208,1.81432923321307,0.05,0.005555555555555556,5,6-7
6,True,5.923929700759584e-27,2.3695718803038337e-26,14.710307494917545,2.085598433422888,0.05,0.005555555555555556,6,7-8
7,False,0.9999999882656294,1.0,-6.071666046456863,-0.8608288575294906,0.05,0.005555555555555556,7,8-9
8,False,0.9999999952640112,1.0,-6.270376853160045,-0.8890016844610513,0.05,0.005555555555555556,8,9-10
