,reject,pvals,pvals_corrected,tstats,effectsize,alpha,alpha_corrected,step,dimension_step
0,True,4.43276655344207e-15,3.9894898980978635e-14,9.124781094051931,1.2936934976822634,0.05,0.005555555555555556,0,1-2
1,True,8.413164400215803e-15,6.730531520172642e-14,8.99690821502581,1.275563932663565,0.05,0.005555555555555556,1,2-3
2,False,0.05831984167915853,0.4082388917541097,1.5828741123885945,0.2244167751247814,0.05,0.005555555555555556,2,3-4
3,False,0.3826266415330235,1.0,0.29941213842304437,0.04245006347138894,0.05,0.005555555555555556,3,4-5
4,False,0.9433368053598707,1.0,-1.597567231167198,-0.22649993657584822,0.05,0.005555555555555556,4,5-6
5,False,0.9963191161441797,1.0,-2.736483964951156,-0.3879733086722246,0.05,0.005555555555555556,5,6-7
6,False,0.8510599584657438,1.0,-1.0464967605083466,-0.14837025025156136,0.05,0.005555555555555556,6,7-8
7,False,0.9906575140539412,1.0,-2.3911602667909744,-0.3390139946568305,0.05,0.005555555555555556,7,8-9
8,False,0.8959639546668519,1.0,-1.2671564303283365,-0.17965494378058416,0.05,0.005555555555555556,8,9-10
