,reject,pvals,pvals_corrected,tstats,effectsize,alpha,alpha_corrected,step,dimension_step
0,True,4.0740629242898245e-58,3.666656631860842e-57,35.22831329323249,4.994600897491858,0.05,0.005555555555555556,0,1-2
1,True,8.695959710703139e-51,6.956767768562511e-50,29.226947125812032,4.143739018398325,0.05,0.005555555555555556,1,2-3
2,True,2.22058267301876e-44,1.554407871113132e-43,24.67448551987111,3.4982999752750827,0.05,0.005555555555555556,2,3-4
3,True,5.385471834657891e-25,2.1541887338631566e-24,13.74967914394484,1.949402437208499,0.05,0.005555555555555556,3,4-5
4,True,4.607260179376869e-30,2.764356107626121e-29,16.28675577148594,2.309104166196945,0.05,0.005555555555555556,4,5-6
5,True,9.416440426160963e-30,4.7082202130804815e-29,16.126225242930897,2.2863444639278647,0.05,0.005555555555555556,5,6-7
6,True,3.481204187336348e-22,1.0443612562009044e-21,12.407232808975376,1.7590730389866092,0.05,0.005555555555555556,6,7-8
7,False,0.9999999999997103,1.0,-8.287348346306564,-1.1749639315329357,0.05,0.005555555555555556,7,8-9
8,False,0.999999822900219,1.0,-5.459709064767709,-0.7740668015511187,0.05,0.005555555555555556,8,9-10
