,reject,pvals,pvals_corrected,tstats,effectsize,alpha,alpha_corrected,step,dimension_step
0,True,7.519877823383634e-40,6.76789004104527e-39,21.784596741680794,3.088577234221403,0.05,0.005555555555555556,0,1-2
1,True,1.23677570516492e-12,6.1838785258246e-12,7.993903822744601,1.1333599447468807,0.05,0.005555555555555556,1,2-3
2,True,1.788812068818294e-21,1.4310496550546352e-20,12.073297148425521,1.7117282985216364,0.05,0.005555555555555556,2,3-4
3,True,4.458478065501751e-14,3.1209346458512256e-13,8.663392713054712,1.228278761454636,0.05,0.005555555555555556,3,4-5
4,True,5.0746694560136315e-14,3.1209346458512256e-13,8.637447939230299,1.2246003625046205,0.05,0.005555555555555556,4,5-6
5,True,0.00033124572866421477,0.0009937371859926442,3.516088606007386,0.4985041197132483,0.05,0.005555555555555556,5,6-7
6,True,5.76525080141436e-12,2.306100320565744e-11,7.680464560872839,1.0889211433310142,0.05,0.005555555555555556,6,7-8
7,False,0.99991654931552,1.0,-3.9137597205020715,-0.5548851473494282,0.05,0.005555555555555556,7,8-9
8,False,0.9951256923762622,1.0,-2.635676170841734,-0.37368097810441914,0.05,0.005555555555555556,8,9-10
