,reject,pvals,pvals_corrected,tstats,effectsize,alpha,alpha_corrected,step,dimension_step
0,True,1.6189068289033838e-17,1.4570161460130453e-16,10.242489873793247,1.4521600478109329,0.05,0.005555555555555556,0,1-2
1,True,2.780230323753836e-15,2.224184259003069e-14,9.21780026617931,1.306881572760516,0.05,0.005555555555555556,1,2-3
2,False,0.2130752866049076,1.0,0.7990911272349346,0.11329356668438906,0.05,0.005555555555555556,2,3-4
3,False,0.9845315840375007,1.0,-2.1891384099912488,-0.3103717335617267,0.05,0.005555555555555556,3,4-5
4,False,0.999831272798541,1.0,-3.714119757668061,-0.5265805864910591,0.05,0.005555555555555556,4,5-6
5,False,0.9828525408941882,1.0,-2.1462745879755243,-0.3042945852711557,0.05,0.005555555555555556,5,6-7
6,False,0.9854802849127072,1.0,-2.2151840571475625,-0.3140644341341288,0.05,0.005555555555555556,6,7-8
7,False,0.9929112317224812,1.0,-2.4969282408713265,-0.3540095697747884,0.05,0.005555555555555556,7,8-9
8,False,0.7527872801299675,1.0,-0.6858265600290403,-0.09723513935317585,0.05,0.005555555555555556,8,9-10
