,reject,pvals,pvals_corrected,tstats,effectsize,alpha,alpha_corrected,step,dimension_step
0,True,4.482573486108091e-29,4.034316137497282e-28,15.778320815725115,2.2370192592295974,0.05,0.005555555555555556,0,1-2
1,True,8.076806839387999e-26,6.461445471510399e-25,14.151038846586978,2.006306425609743,0.05,0.005555555555555556,1,2-3
2,True,9.139018387054887e-10,6.39731287093842e-09,6.624730179040254,0.9392412013161066,0.05,0.005555555555555556,2,3-4
3,True,1.8640396850632686e-06,9.320198425316343e-06,4.901109675919027,0.6948696800296068,0.05,0.005555555555555556,3,4-5
4,True,3.752955172465096e-08,2.2517731034790575e-07,5.8130502234755435,0.8241628153373362,0.05,0.005555555555555556,4,5-6
5,False,0.2147306924718138,0.8589227698872552,0.7933670470690034,0.11248201786863672,0.05,0.005555555555555556,5,6-7
6,False,0.4958072358223624,1.0,0.010536470892414992,0.0014938400978102557,0.05,0.005555555555555556,6,7-8
7,False,0.9995969081447231,1.0,-3.4570753151681526,-0.4901373315296595,0.05,0.005555555555555556,7,8-9
8,False,0.9999252497971179,1.0,-3.944395396689887,-0.5592286132005828,0.05,0.005555555555555556,8,9-10
