,reject,pvals,pvals_corrected,tstats,effectsize,alpha,alpha_corrected,step,dimension_step
0,True,1.8582260481319042e-17,1.6724034433187137e-16,10.21501900405712,1.4482652819872937,0.05,0.005555555555555556,0,1-2
1,False,0.037739239213390875,0.22643543528034527,1.7964145767516773,0.25469212172116723,0.05,0.005555555555555556,1,2-3
2,True,7.810057100933037e-10,6.2480456807464295e-09,6.658217597379555,0.9439889815546878,0.05,0.005555555555555556,2,3-4
3,False,0.9340991317509015,1.0,-1.519588602708018,-0.21544428016546244,0.05,0.005555555555555556,3,4-5
4,True,0.0004849883216568138,0.003394918251597697,3.400854064303242,0.48216639327636707,0.05,0.005555555555555556,4,5-6
5,False,0.9788328460482206,1.0,-2.056812509969325,-0.2916108279938214,0.05,0.005555555555555556,5,6-7
6,False,0.9885383249638082,1.0,-2.3107134205951776,-0.3276083991954349,0.05,0.005555555555555556,6,7-8
7,False,0.9920777979682496,1.0,-2.4547180251740857,-0.34802508850116287,0.05,0.005555555555555556,7,8-9
8,False,0.983472284884573,1.0,-2.161652677132392,-0.30647486047381084,0.05,0.005555555555555556,8,9-10
