,reject,pvals,pvals_corrected,tstats,effectsize,alpha,alpha_corrected,step,dimension_step
0,True,1.1611679091184376e-18,1.0450511182065939e-17,10.768364583082928,1.5267175286963741,0.05,0.005555555555555556,0,1-2
1,True,3.8348719741206435e-09,3.067897579296515e-08,6.316243626644804,0.8955045852983742,0.05,0.005555555555555556,1,2-3
2,False,0.830657099620794,1.0,-0.9614151594889951,-0.13630754837667677,0.05,0.005555555555555556,2,3-4
3,False,0.9648292882267148,1.0,-1.8294539657287774,-0.25937638123890316,0.05,0.005555555555555556,3,4-5
4,False,0.2511227688714329,1.0,0.6734258564011893,0.09547699200863372,0.05,0.005555555555555556,4,5-6
5,False,0.9935894766589876,1.0,-2.534698606761071,-0.35936457788435217,0.05,0.005555555555555556,5,6-7
6,False,0.9946636981470989,1.0,-2.6025989713237525,-0.3689913578826425,0.05,0.005555555555555556,6,7-8
7,False,0.9830440126752651,1.0,-2.150973464978775,-0.3049607828010314,0.05,0.005555555555555556,7,8-9
8,False,0.9172467207311643,1.0,-1.3971019192136498,-0.19807835934434562,0.05,0.005555555555555556,8,9-10
