,reject,pvals,pvals_corrected,tstats,effectsize,alpha,alpha_corrected,step,dimension_step
0,True,5.1020289298040984e-45,4.591826036823688e-44,25.10263550744519,3.5590022375264363,0.05,0.005555555555555556,0,1-2
1,True,2.1723434855310695e-22,1.0861717427655348e-21,12.503820464683129,1.77276704664088,0.05,0.005555555555555556,1,2-3
2,True,2.9996340935203256e-36,2.3997072748162605e-35,19.654405906340905,2.7865629717315374,0.05,0.005555555555555556,2,3-4
3,True,1.7818731083309258e-29,1.247311175831648e-28,15.983606417972084,2.2661242477282046,0.05,0.005555555555555556,3,4-5
4,True,1.5556596502431753e-22,9.333957901459052e-22,12.572318242152416,1.7824785266648193,0.05,0.005555555555555556,4,5-6
5,True,4.386978752366266e-14,1.3160936257098798e-13,8.666632171481462,1.2287380454921928,0.05,0.005555555555555556,5,6-7
6,True,1.6056946181287076e-17,6.42277847251483e-17,10.244122772555107,1.452391556982366,0.05,0.005555555555555556,6,7-8
7,False,1.0,1.0,-11.888974548451651,-1.6855954032111369,0.05,0.005555555555555556,7,8-9
8,False,0.9999999574172518,1.0,-5.784653700528136,-0.8201368122239253,0.05,0.005555555555555556,8,9-10
