,reject,pvals,pvals_corrected,tstats,effectsize,alpha,alpha_corrected,step,dimension_step
0,True,1.459130814512666e-27,1.3132177330613994e-26,15.013595794652852,2.128598051413334,0.05,0.005555555555555556,0,1-2
1,True,1.2786984089556331e-19,1.0229587271645065e-18,11.210503536519132,1.5894031189847062,0.05,0.005555555555555556,1,2-3
2,True,3.775140313180792e-11,2.6425982192265545e-10,7.293862226622458,1.0341094255644887,0.05,0.005555555555555556,2,3-4
3,True,0.00015198099854557857,0.0007599049927278929,3.744190326315575,0.5308439325077933,0.05,0.005555555555555556,3,4-5
4,True,6.283409633936547e-11,3.770045780361928e-10,7.1881479595498945,1.019121464920351,0.05,0.005555555555555556,4,5-6
5,False,0.25211009364645254,0.7563302809393576,0.6703110314115591,0.09503537825440025,0.05,0.005555555555555556,5,6-7
6,True,0.0007057717405976274,0.0028230869623905096,3.2848627256360783,0.4657213696561306,0.05,0.005555555555555556,6,7-8
7,False,0.9999999610913642,1.0,-5.804944093549699,-0.8230135441966545,0.05,0.005555555555555556,7,8-9
8,False,0.9999999629634927,1.0,-5.816019531087903,-0.8245837979243302,0.05,0.005555555555555556,8,9-10
