,reject,pvals,pvals_corrected,tstats,effectsize,alpha,alpha_corrected,step,dimension_step
0,True,6.268323741577675e-38,5.01465899326214e-37,20.631081243032227,2.9250340779861124,0.05,0.005555555555555556,0,1-2
1,True,6.610212831187456e-52,5.94919154806871e-51,30.084750980376974,4.265356759963746,0.05,0.005555555555555556,1,2-3
2,True,3.850144232281238e-21,1.9250721161406192e-20,11.917558610033318,1.6896479951828671,0.05,0.005555555555555556,2,3-4
3,True,1.233937482755623e-29,8.63756237928936e-29,16.06570408369617,2.277763893132013,0.05,0.005555555555555556,3,4-5
4,True,4.205067089281771e-27,2.5230402535690625e-26,14.784266779761932,2.0960842352092763,0.05,0.005555555555555556,4,5-6
5,True,1.375975222739405e-15,5.50390089095762e-15,9.357960512023865,1.3267532164540667,0.05,0.005555555555555556,5,6-7
6,True,9.898180351384003e-06,2.969454105415201e-05,4.483306428985624,0.6356343582945333,0.05,0.005555555555555556,6,7-8
7,False,0.9999596752270151,1.0,-4.113448925654186,-0.5831966896867046,0.05,0.005555555555555556,7,8-9
8,False,0.9999999327991979,1.0,-5.681569834960118,-0.8055217847260898,0.05,0.005555555555555556,8,9-10
