,reject,pvals,pvals_corrected,tstats,effectsize,alpha,alpha_corrected,step,dimension_step
0,True,5.9702102198114265e-30,5.373189197830283e-29,16.22847325290572,2.3008409854654177,0.05,0.005555555555555556,0,1-2
1,True,0.006332398402526289,0.044326788817684024,2.539277115836783,0.3600137098864546,0.05,0.005555555555555556,1,2-3
2,False,0.20935165668149514,1.0,0.8120638723396927,0.11513281694323144,0.05,0.005555555555555556,2,3-4
3,True,0.00021041467179877383,0.0016833173743901907,3.650075970170112,0.5175005843957705,0.05,0.005555555555555556,3,4-5
4,False,0.9999680111685488,1.0,-4.175778084380451,-0.592033595090686,0.05,0.005555555555555556,4,5-6
5,False,0.5490573595286466,1.0,-0.12359658716927434,-0.017523280778849473,0.05,0.005555555555555556,5,6-7
6,False,0.9998007611583615,1.0,-3.6659736616789664,-0.5197545277968424,0.05,0.005555555555555556,6,7-8
7,False,0.9306771180569587,1.0,-1.4928913462926638,-0.21165919571527067,0.05,0.005555555555555556,7,8-9
8,False,0.8586421437605982,1.0,-1.0801140818801966,-0.15313644788633057,0.05,0.005555555555555556,8,9-10
