,reject,pvals,pvals_corrected,tstats,effectsize,alpha,alpha_corrected,step,dimension_step
0,True,1.2665420369758816e-59,1.1398878332782934e-58,36.58269170176472,5.186622001610351,0.05,0.005555555555555556,0,1-2
1,True,3.629244138126838e-43,2.9033953105014706e-42,23.875688278925566,3.3850480752101695,0.05,0.005555555555555556,1,2-3
2,True,1.3140997677076998e-41,9.1986983739539e-41,22.876467625404132,3.2433805383250216,0.05,0.005555555555555556,2,3-4
3,True,1.5803861984124797e-39,9.482317190474878e-39,21.588065212343807,3.0607133809440303,0.05,0.005555555555555556,3,4-5
4,True,2.5075909816457298e-29,1.2537954908228649e-28,15.90744197349658,2.2553258027510674,0.05,0.005555555555555556,4,5-6
5,True,7.25008788785669e-27,2.900035155142676e-26,14.66677783090209,2.079426883364575,0.05,0.005555555555555556,5,6-7
6,True,1.6437747421129443e-14,4.931324226338833e-14,8.86309516357338,1.2565921816939034,0.05,0.005555555555555556,6,7-8
7,False,0.9999972286071231,1.0,-4.803713688490321,-0.681061068695468,0.05,0.005555555555555556,7,8-9
8,False,0.9975726674957269,1.0,-2.881408673463704,-0.40852044850206626,0.05,0.005555555555555556,8,9-10
