,reject,pvals,pvals_corrected,tstats,effectsize,alpha,alpha_corrected,step,dimension_step
0,True,4.780673831525568e-56,4.3026064483730116e-55,33.43871428058178,4.7408750730297236,0.05,0.005555555555555556,0,1-2
1,True,1.866215586222743e-43,1.4929724689781945e-42,24.064152365468864,3.4117681423322863,0.05,0.005555555555555556,1,2-3
2,True,5.299388616039892e-35,3.1796331696239353e-34,18.947619696418943,2.686356214484115,0.05,0.005555555555555556,2,3-4
3,True,7.790938779895721e-36,5.453657145927005e-35,19.417804261310767,2.753018056345464,0.05,0.005555555555555556,3,4-5
4,True,1.706531402631063e-32,6.826125610524252e-32,17.570394259805507,2.4910959037079103,0.05,0.005555555555555556,4,5-6
5,True,7.127304616322843e-33,3.5636523081614214e-32,17.775022177234966,2.52010764694801,0.05,0.005555555555555556,5,6-7
6,True,2.9874892413997487e-28,8.962467724199245e-28,15.359864118693034,2.177691292626115,0.05,0.005555555555555556,6,7-8
7,False,0.9999911068366251,1.0,-4.510751563432782,-0.6395254754195732,0.05,0.005555555555555556,7,8-9
8,False,0.9999999994644947,1.0,-6.738405040654105,-0.9553577993806489,0.05,0.005555555555555556,8,9-10
