,reject,pvals,pvals_corrected,tstats,effectsize,alpha,alpha_corrected,step,dimension_step
0,True,1.5059548604232922e-15,1.355359374380963e-14,9.339978946651197,1.3242038255195343,0.05,0.005555555555555556,0,1-2
1,True,0.0004409731693938972,0.0035277853551511774,3.429849974850953,0.4862773763836114,0.05,0.005555555555555556,1,2-3
2,False,0.8104680093119326,1.0,-0.8835793941191609,-0.1252721468138145,0.05,0.005555555555555556,2,3-4
3,False,0.08382285789765673,0.5867600052835971,1.3900023609562457,0.19707179795297075,0.05,0.005555555555555556,3,4-5
4,False,0.4501511047867528,1.0,0.1256013461379958,0.01780751155825368,0.05,0.005555555555555556,4,5-6
5,False,0.9892110430397276,1.0,-2.334712883627326,-0.3310109958114562,0.05,0.005555555555555556,5,6-7
6,False,0.865960167095108,1.0,-1.113758311652775,-0.157906460541175,0.05,0.005555555555555556,6,7-8
7,False,0.845170794546896,1.0,-1.0211793851757092,-0.1447808026244216,0.05,0.005555555555555556,7,8-9
8,False,0.46095712985079007,1.0,0.09827294586010438,0.013932944773894056,0.05,0.005555555555555556,8,9-10
