,reject,pvals,pvals_corrected,tstats,effectsize,alpha,alpha_corrected,step,dimension_step
0,True,7.680316381474808e-33,6.912284743327327e-32,17.75745984238777,2.517617693691954,0.05,0.005555555555555556,0,1-2
1,True,6.468652413438667e-27,5.174921930750933e-26,14.691346270377348,2.0829101483404395,0.05,0.005555555555555556,1,2-3
2,True,9.05803718501875e-21,5.43482231101125e-20,11.74420067345783,1.6650696482606033,0.05,0.005555555555555556,2,3-4
3,True,3.2423713622949745e-22,2.2696599536064822e-21,12.42177895063258,1.7611353623107882,0.05,0.005555555555555556,3,4-5
4,True,1.5805502359434932e-09,7.902751179717467e-09,6.5075248282369484,0.9226240574454831,0.05,0.005555555555555556,4,5-6
5,True,3.523924790910465e-08,1.409569916364186e-07,5.827182506112084,0.8261664625444148,0.05,0.005555555555555556,5,6-7
6,True,7.155171673748758e-06,2.1465515021246274e-05,4.566195405620477,0.6473861942012542,0.05,0.005555555555555556,6,7-8
7,False,0.9769599942463267,1.0,-2.0200493350818847,-0.2863986174415003,0.05,0.005555555555555556,7,8-9
8,False,0.999985625597773,1.0,-4.386889947370054,-0.6219646193660266,0.05,0.005555555555555556,8,9-10
