,reject,pvals,pvals_corrected,tstats,effectsize,alpha,alpha_corrected,step,dimension_step
0,True,7.26195681238869e-10,5.809565449910952e-09,6.6737042120770065,0.9461846432948103,0.05,0.005555555555555556,0,1-2
1,True,1.3188295591804871e-11,1.1869466032624384e-10,7.510825819870258,1.0648700966343323,0.05,0.005555555555555556,1,2-3
2,True,0.0023235535601839304,0.016264874921287514,2.8963267825796803,0.4106355086401811,0.05,0.005555555555555556,2,3-4
3,False,0.9992887982188985,1.0,-3.2824645861333486,-0.46538136615914383,0.05,0.005555555555555556,3,4-5
4,False,0.5966719508065046,1.0,-0.24539821868425224,-0.034792076279131,0.05,0.005555555555555556,4,5-6
5,False,0.7556251309509299,1.0,-0.6948935517549709,-0.09852063958802768,0.05,0.005555555555555556,5,6-7
6,False,0.9920467999984021,1.0,-2.45322602189583,-0.3478135552139853,0.05,0.005555555555555556,6,7-8
7,False,0.9409255749259003,1.0,-1.5762917323631387,-0.22348353824485703,0.05,0.005555555555555556,7,8-9
8,False,0.9297412864118025,1.0,-1.4857704618651362,-0.2106496107414849,0.05,0.005555555555555556,8,9-10
