,reject,pvals,pvals_corrected,tstats,effectsize,alpha,alpha_corrected,step,dimension_step
0,True,3.1110954996372797e-58,2.799985949673552e-57,35.33197478785111,5.0092978200991904,0.05,0.005555555555555556,0,1-2
1,True,7.061249173572764e-47,5.648999338858211e-46,26.37981930999258,3.740078842397289,0.05,0.005555555555555556,1,2-3
2,True,1.1900048043094596e-45,8.330033630166217e-45,25.531734804604234,3.6198390910216447,0.05,0.005555555555555556,2,3-4
3,True,5.774395253010613e-34,3.4646371518063674e-33,18.371070509523516,2.604614205936993,0.05,0.005555555555555556,3,4-5
4,True,4.931153361371761e-28,2.4655766806858805e-27,15.25010207999626,2.162129446890777,0.05,0.005555555555555556,4,5-6
5,True,9.26318425587695e-24,3.70527370235078e-23,13.154788289426493,1.8650599831388113,0.05,0.005555555555555556,5,6-7
6,True,4.2851412302991205e-11,1.285542369089736e-10,7.267608288502866,1.0303871939094182,0.05,0.005555555555555556,6,7-8
7,False,0.9997567413883359,1.0,-3.6076038087819877,-0.5114789649778378,0.05,0.005555555555555556,7,8-9
8,False,0.9979239963303127,1.0,-2.934546998770341,-0.41605429563969604,0.05,0.005555555555555556,8,9-10
