,reject,pvals,pvals_corrected,tstats,effectsize,alpha,alpha_corrected,step,dimension_step
0,True,1.6670264700358256e-39,1.500323823032243e-38,21.57398698994552,3.058717398291092,0.05,0.005555555555555556,0,1-2
1,True,3.4359669404236477e-15,2.4051768582965533e-14,9.175580837090907,1.3008957852304317,0.05,0.005555555555555556,1,2-3
2,True,9.095670041960551e-24,7.276536033568441e-23,13.15857939817873,1.8655974790733683,0.05,0.005555555555555556,2,3-4
3,True,1.0756534218318942e-07,6.453920530991366e-07,5.5743835022692485,0.790325117516947,0.05,0.005555555555555556,3,4-5
4,True,0.0012830653415620479,0.0051322613662481914,3.094119931989818,0.4386782319275147,0.05,0.005555555555555556,4,5-6
5,True,0.0002946929351723015,0.0014734646758615077,3.5509302125258855,0.5034438940856076,0.05,0.005555555555555556,5,6-7
6,False,0.6616648069477671,1.0,-0.41824976660558344,-0.059298628415039994,0.05,0.005555555555555556,6,7-8
7,False,0.9999907087807646,1.0,-4.499539260126378,-0.6379358171327576,0.05,0.005555555555555556,7,8-9
8,False,0.9999999993307617,1.0,-6.691074007002003,-0.9486472986197901,0.05,0.005555555555555556,8,9-10
