,reject,pvals,pvals_corrected,tstats,effectsize,alpha,alpha_corrected,step,dimension_step
0,True,3.081780089872272e-38,2.773602080885045e-37,20.813543880960403,2.950903271539863,0.05,0.005555555555555556,0,1-2
1,True,1.4092617009584194e-35,1.1274093607667355e-34,19.271734222426446,2.7323085338305595,0.05,0.005555555555555556,1,2-3
2,True,7.307639344105011e-26,5.115347540873507e-25,14.172318151162436,2.00932336351551,0.05,0.005555555555555556,2,3-4
3,True,5.549494882323411e-14,3.3296969293940467e-13,8.619516273769568,1.2220580462813544,0.05,0.005555555555555556,3,4-5
4,True,8.642503968464345e-06,3.457001587385738e-05,4.518063862543398,0.6405621987902498,0.05,0.005555555555555556,4,5-6
5,True,1.1199191424515457e-05,3.457001587385738e-05,4.451529573748126,0.6311290983245885,0.05,0.005555555555555556,5,6-7
6,True,9.990093478398843e-13,4.995046739199421e-12,8.037183431379987,1.1394960424457428,0.05,0.005555555555555556,6,7-8
7,False,0.9975550588840227,1.0,-2.8789357831826634,-0.40816984698690784,0.05,0.005555555555555556,7,8-9
8,False,0.9999990213029981,1.0,-5.057147681222554,-0.7169924411974414,0.05,0.005555555555555556,8,9-10
