,reject,pvals,pvals_corrected,tstats,effectsize,alpha,alpha_corrected,step,dimension_step
0,True,2.0945951224462452e-65,1.8851356102016208e-64,42.20762523339343,5.984114002761647,0.05,0.005555555555555556,0,1-2
1,True,2.764671889310123e-59,2.2117375114480983e-58,36.27424670826938,5.142891277731651,0.05,0.005555555555555556,1,2-3
2,True,7.103656263645017e-31,4.26219375818701e-30,16.710134886113444,2.369130023475331,0.05,0.005555555555555556,2,3-4
3,True,1.9639442620022304e-33,1.3747609834015612e-32,18.079411512067583,2.5632633675267185,0.05,0.005555555555555556,3,4-5
4,True,3.27372565209714e-29,1.6368628260485698e-28,15.848121025731306,2.246915395574252,0.05,0.005555555555555556,4,5-6
5,True,3.816704501895745e-07,1.1450113505687235e-06,5.2808016930073185,0.7487016666346533,0.05,0.005555555555555556,5,6-7
6,True,1.177252303412387e-13,4.709009213649548e-13,8.46856411032667,1.2006563457589772,0.05,0.005555555555555556,6,7-8
7,False,0.9955107728959726,1.0,-2.6654905956833383,-0.37790800855667434,0.05,0.005555555555555556,7,8-9
8,False,0.9949725573987922,1.0,-2.6244094319496343,-0.37208360204744234,0.05,0.005555555555555556,8,9-10
