,reject,pvals,pvals_corrected,tstats,effectsize,alpha,alpha_corrected,step,dimension_step
0,True,1.4931341988966854e-39,1.3438207790070169e-38,21.603052034067957,3.0628381830204434,0.05,0.005555555555555556,0,1-2
1,True,2.7274510486870395e-27,1.9092157340809276e-26,14.877899037540336,2.1093592323640236,0.05,0.005555555555555556,1,2-3
2,True,1.0569789296875208e-27,8.455831437500166e-27,15.083731247905867,2.138541717885461,0.05,0.005555555555555556,2,3-4
3,True,6.802209757825836e-27,4.0813258546955015e-26,14.680512783978044,2.081374197968858,0.05,0.005555555555555556,3,4-5
4,True,5.328251663799588e-17,2.131300665519835e-16,10.005222915622678,1.4185208056377479,0.05,0.005555555555555556,4,5-6
5,True,1.0621281439826676e-21,5.310640719913338e-21,12.179436330980195,1.7267765028462092,0.05,0.005555555555555556,5,6-7
6,True,1.7087071936955072e-13,5.126121581086522e-13,8.393655097743641,1.1900358934437285,0.05,0.005555555555555556,6,7-8
7,False,1.0,1.0,-10.44997681996991,-1.481577138517654,0.05,0.005555555555555556,7,8-9
8,False,0.9999999912376,1.0,-6.135907341206768,-0.8699368618140884,0.05,0.005555555555555556,8,9-10
