,reject,pvals,pvals_corrected,tstats,effectsize,alpha,alpha_corrected,step,dimension_step
0,True,3.1696191349164083e-27,2.8526572214247675e-26,14.84537837352937,2.1047485166506656,0.05,0.005555555555555556,0,1-2
1,True,1.5977921025006547e-14,1.1184544717504583e-13,8.868767125758163,1.2573963413249039,0.05,0.005555555555555556,1,2-3
2,True,9.383773319841764e-23,7.507018655873411e-22,12.676189744735954,1.7972052237879321,0.05,0.005555555555555556,2,3-4
3,True,3.755884540504172e-13,2.253530724302503e-12,8.234973953289046,1.1675383932111467,0.05,0.005555555555555556,3,4-5
4,False,0.3501903207121418,1.0,0.3859245440260957,0.05471562200303136,0.05,0.005555555555555556,4,5-6
5,True,0.00039774505780679073,0.001590980231227163,3.4611106754406915,0.4907094569638567,0.05,0.005555555555555556,5,6-7
6,True,3.7128188602406133e-07,1.8564094301203067e-06,5.2872829841849835,0.7496205713367723,0.05,0.005555555555555556,6,7-8
7,False,0.9999999927380376,1.0,-6.17707803431565,-0.8757739616218582,0.05,0.005555555555555556,7,8-9
8,False,0.999999171685187,1.0,-5.097137604410489,-0.7226621337706438,0.05,0.005555555555555556,8,9-10
