,reject,pvals,pvals_corrected,tstats,effectsize,alpha,alpha_corrected,step,dimension_step
0,True,5.633258648933495e-41,5.069932784040146e-40,22.479620326382296,3.1871163096245674,0.05,0.005555555555555556,0,1-2
1,True,4.390024177664339e-36,3.512019342131471e-35,19.559795363776022,2.7731492752859137,0.05,0.005555555555555556,1,2-3
2,True,7.750846734115276e-25,4.650508040469165e-24,13.673093049233833,1.9385442114911617,0.05,0.005555555555555556,2,3-4
3,True,9.96221484640101e-21,3.984885938560404e-20,11.724949743689749,1.662340289341348,0.05,0.005555555555555556,3,4-5
4,True,6.43851746010586e-29,4.506962222074102e-28,15.69806443174375,2.225640667125962,0.05,0.005555555555555556,4,5-6
5,True,8.9520997122411e-22,4.47604985612055e-21,12.21429100499,1.7317181299017572,0.05,0.005555555555555556,5,6-7
6,False,0.11243490794327522,0.3373047238298257,1.2213082341785928,0.17315467680124275,0.05,0.005555555555555556,6,7-8
7,False,0.9999999990880805,1.0,-6.625193308908507,-0.9393068629569685,0.05,0.005555555555555556,7,8-9
8,False,0.9999999995876617,1.0,-6.793756802643504,-0.9632054632131128,0.05,0.005555555555555556,8,9-10
