,reject,pvals,pvals_corrected,tstats,effectsize,alpha,alpha_corrected,step,dimension_step
0,True,4.232733435926843e-66,3.809460092334158e-65,42.93239640181208,6.086870632014045,0.05,0.005555555555555556,0,1-2
1,True,3.4715199263716596e-63,2.7772159410973277e-62,39.96409343998711,5.666030482394768,0.05,0.005555555555555556,1,2-3
2,True,7.213857661391571e-63,5.049700362974099e-62,39.65181313874464,5.621755996135039,0.05,0.005555555555555556,2,3-4
3,True,9.349112007661824e-56,5.609467204597094e-55,33.19309320030853,4.7060513998732985,0.05,0.005555555555555556,3,4-5
4,True,2.478823484171958e-50,1.239411742085979e-49,28.88386171989454,4.095097045050113,0.05,0.005555555555555556,4,5-6
5,True,1.6198666719969269e-40,4.859600015990781e-40,22.194576192746332,3.146703313582646,0.05,0.005555555555555556,5,6-7
6,True,4.046797090920553e-43,1.6187188363682212e-42,23.844930281044117,3.3806872668301313,0.05,0.005555555555555556,6,7-8
7,False,0.991922540375793,1.0,-2.4472967571475617,-0.34697291573213834,0.05,0.005555555555555556,7,8-9
8,False,0.9998710792644007,1.0,-3.7912176643904525,-0.537511375907661,0.05,0.005555555555555556,8,9-10
