,reject,pvals,pvals_corrected,tstats,effectsize,alpha,alpha_corrected,step,dimension_step
0,True,3.08461038404669e-35,2.467688307237352e-34,19.079660202105085,2.705076657405008,0.05,0.005555555555555556,0,1-2
1,True,1.546588612459585e-33,1.0826120287217097e-32,18.136133344253974,2.571305277214173,0.05,0.005555555555555556,1,2-3
2,True,4.1709658495095067e-22,2.502579509705704e-21,12.370253438279676,1.753830176618262,0.05,0.005555555555555556,2,3-4
3,True,6.539160759124262e-36,5.885244683211836e-35,19.461095299891788,2.7591557745595137,0.05,0.005555555555555556,3,4-5
4,True,3.217017652939359e-17,1.6085088264696795e-16,10.10569458151729,1.4327654806090622,0.05,0.005555555555555556,4,5-6
5,True,1.61385521952295e-09,4.841565658568849e-09,6.503048533883733,0.9219894172454853,0.05,0.005555555555555556,5,6-7
6,True,3.978220655848238e-13,1.5912882623392951e-12,8.223368389134802,1.165892979175618,0.05,0.005555555555555556,6,7-8
7,False,0.9999999999999136,1.0,-8.53070569926225,-1.2094666578873423,0.05,0.005555555555555556,7,8-9
8,False,0.9999999906664775,1.0,-6.122041361122717,-0.8679709704585772,0.05,0.005555555555555556,8,9-10
