,reject,pvals,pvals_corrected,tstats,effectsize,alpha,alpha_corrected,step,dimension_step
0,True,7.702637068611893e-58,6.932373361750704e-57,34.98450589770042,4.960034364987063,0.05,0.005555555555555556,0,1-2
1,True,6.741470835838136e-52,5.393176668670509e-51,30.07813006281189,4.26441805930733,0.05,0.005555555555555556,1,2-3
2,True,1.856937120511744e-43,1.2998559843582208e-42,24.06556865018335,3.4119689403905755,0.05,0.005555555555555556,2,3-4
3,True,5.596790638196017e-33,2.798395319098008e-32,17.831898352168764,2.528171439046306,0.05,0.005555555555555556,3,4-5
4,True,1.7651017207316218e-28,7.060406882926487e-28,15.475473627943972,2.194082181223505,0.05,0.005555555555555556,4,5-6
5,True,7.1635411162585536e-34,4.298124669755132e-33,18.31952247750405,2.5973058274504814,0.05,0.005555555555555556,5,6-7
6,True,1.0081941900768168e-21,3.0245825702304503e-21,12.190058118482018,1.728282438964921,0.05,0.005555555555555556,6,7-8
7,False,0.9999911949439304,1.0,-4.513298871342818,-0.6398866277196492,0.05,0.005555555555555556,7,8-9
8,False,0.999999986152145,1.0,-6.035114361917114,-0.8556466316622606,0.05,0.005555555555555556,8,9-10
