,reject,pvals,pvals_corrected,tstats,effectsize,alpha,alpha_corrected,step,dimension_step
0,True,3.629034698799349e-43,3.2661312289194143e-42,23.875704586055395,3.3850503872029294,0.05,0.005555555555555556,0,1-2
1,True,3.898335512447944e-33,3.1186684099583554e-32,17.91716569184573,2.5402604745823654,0.05,0.005555555555555556,1,2-3
2,True,1.6657160932995803e-32,1.166001265309706e-31,17.5760510082506,2.4918979063648523,0.05,0.005555555555555556,2,3-4
3,True,8.329507240518816e-09,2.4988521721556447e-08,6.147024261477264,0.8715129968818729,0.05,0.005555555555555556,3,4-5
4,True,2.4524643287689038e-17,1.4714785972613424e-16,10.159742538910228,1.440428293592908,0.05,0.005555555555555556,4,5-6
5,True,4.708123521932286e-09,1.8832494087729143e-08,6.271661044958441,0.8891837546457757,0.05,0.005555555555555556,5,6-7
6,True,1.6163495125724284e-12,8.081747562862142e-12,7.939582306734714,1.125658347160935,0.05,0.005555555555555556,6,7-8
7,False,0.9786895063991907,1.0,-2.0539022560565616,-0.291198217924085,0.05,0.005555555555555556,7,8-9
8,False,0.9999996885207091,1.0,-5.328439553481853,-0.7554556686982834,0.05,0.005555555555555556,8,9-10
