,reject,pvals,pvals_corrected,tstats,effectsize,alpha,alpha_corrected,step,dimension_step
0,True,5.844823896890316e-51,5.260341507201285e-50,29.357916008065324,4.162307528658833,0.05,0.005555555555555556,0,1-2
1,True,1.977802776659679e-35,1.3844619436617752e-34,19.188496135946735,2.7205072018173992,0.05,0.005555555555555556,1,2-3
2,True,6.179448930375902e-40,4.9435591443007216e-39,21.836742243069974,3.0959703207387923,0.05,0.005555555555555556,2,3-4
3,True,3.640315492959136e-10,1.0920946478877409e-09,6.820093267513431,0.9669393953483584,0.05,0.005555555555555556,3,4-5
4,True,1.5021886985489133e-11,7.510943492744567e-11,7.484056266744332,1.061074762098861,0.05,0.005555555555555556,4,5-6
5,True,3.7645547689244344e-12,2.2587328613546606e-11,7.767512152257979,1.1012625794491109,0.05,0.005555555555555556,5,6-7
6,True,1.8888435789797183e-11,7.555374315918873e-11,7.436899526910414,1.0543889723723763,0.05,0.005555555555555556,6,7-8
7,False,0.9999999988223603,1.0,-6.570574769157584,-0.9315631539298304,0.05,0.005555555555555556,7,8-9
8,False,0.9999942404382304,1.0,-4.621135686190264,-0.6551755190082136,0.05,0.005555555555555556,8,9-10
