,reject,pvals,pvals_corrected,tstats,effectsize,alpha,alpha_corrected,step,dimension_step
0,True,2.3851224819593055e-36,2.146610233763375e-35,19.711485728557292,2.7946556365405963,0.05,0.005555555555555556,0,1-2
1,True,7.047232219517037e-35,5.637785775613629e-34,18.878282689214576,2.6765257501207,0.05,0.005555555555555556,1,2-3
2,True,1.3125920894635118e-15,7.875552536781072e-15,9.367354468460832,1.3280850731018865,0.05,0.005555555555555556,2,3-4
3,True,2.1718070642016198e-32,1.520264944941134e-31,17.514107690361097,2.4831157047150225,0.05,0.005555555555555556,3,4-5
4,True,1.0470309290209655e-12,5.235154645104827e-12,8.027669685498736,1.1381472022863663,0.05,0.005555555555555556,4,5-6
5,True,3.179806960058103e-05,0.0001244196125893458,4.177380366346723,0.5922607634731221,0.05,0.005555555555555556,5,6-7
6,True,3.110490314733645e-05,0.0001244196125893458,4.1832813389459265,0.5930973917497793,0.05,0.005555555555555556,6,7-8
7,False,0.9928683749497076,0.9928683749497076,-2.494652034942432,-0.3536868537798243,0.05,0.005555555555555556,7,8-9
8,False,0.4785234792442844,0.9570469584885688,0.053996258854964424,0.007655483266921456,0.05,0.005555555555555556,8,9-10
