,reject,pvals,pvals_corrected,tstats,effectsize,alpha,alpha_corrected,step,dimension_step
0,True,5.46166031703316e-40,4.9154942853298446e-39,21.869581403513926,3.10062619224933,0.05,0.005555555555555556,0,1-2
1,True,2.26781236958851e-29,1.587468658711957e-28,15.929830728839619,2.2585000364022583,0.05,0.005555555555555556,1,2-3
2,True,7.607505467940511e-28,4.5645032807643066e-27,15.155402530417694,2.1487031312059997,0.05,0.005555555555555556,2,3-4
3,True,1.0546734096666379e-30,8.437387277333103e-30,16.620208463433944,2.356380432324467,0.05,0.005555555555555556,3,4-5
4,True,1.6899447559228172e-20,8.449723779614086e-20,11.618123262380216,1.6471946411525376,0.05,0.005555555555555556,4,5-6
5,True,6.60038284104189e-16,2.640153136416756e-15,9.504258513313328,1.3474950590299355,0.05,0.005555555555555556,5,6-7
6,True,2.1573481465306643e-07,6.472044439591993e-07,5.414006176309974,0.7675871360102533,0.05,0.005555555555555556,6,7-8
7,False,0.9999999999999708,1.0,-8.748317675467987,-1.2403192554163576,0.05,0.005555555555555556,7,8-9
8,False,0.9999948227902986,1.0,-4.647990728139651,-0.6589829739807557,0.05,0.005555555555555556,8,9-10
