,reject,pvals,pvals_corrected,tstats,effectsize,alpha,alpha_corrected,step,dimension_step
0,True,5.366290707338336e-65,4.829661636604503e-64,41.78637184637597,5.924389526958456,0.05,0.005555555555555556,0,1-2
1,True,1.4621146526305407e-55,1.1696917221044326e-54,33.030166622176615,4.682951990412804,0.05,0.005555555555555556,1,2-3
2,True,1.0314234132101213e-39,7.219963892470849e-39,21.70084177091283,3.076702619371551,0.05,0.005555555555555556,2,3-4
3,True,3.5014044371447227e-32,1.7507022185723614e-31,17.402881797236965,2.467346316581165,0.05,0.005555555555555556,3,4-5
4,True,6.139062026445487e-38,3.683437215867292e-37,20.636421737827398,2.9257912428232418,0.05,0.005555555555555556,4,5-6
5,True,3.0644438371504408e-21,1.2257775348601763e-20,11.963888384228273,1.696216539349277,0.05,0.005555555555555556,5,6-7
6,True,1.7655205851446394e-18,5.296561755433919e-18,10.684602604969891,1.5148419203589338,0.05,0.005555555555555556,6,7-8
7,False,0.9998863437943101,1.0,-3.826979883960987,-0.5425816729859377,0.05,0.005555555555555556,7,8-9
8,False,0.9999419905539378,1.0,-4.014380912990051,-0.5691510219067465,0.05,0.005555555555555556,8,9-10
