,reject,pvals,pvals_corrected,tstats,effectsize,alpha,alpha_corrected,step,dimension_step
0,True,6.403319333164631e-39,5.762987399848168e-38,21.220976846934928,3.0086683152586904,0.05,0.005555555555555556,0,1-2
1,True,4.420368758285429e-33,3.5362950066283434e-32,17.887510169948317,2.5360559730766727,0.05,0.005555555555555556,1,2-3
2,True,7.994714773166681e-31,5.596300341216677e-30,16.683221421021095,2.36531428538461,0.05,0.005555555555555556,2,3-4
3,True,1.7366154580979238e-20,8.683077290489619e-20,11.612621080424281,1.6464145526281018,0.05,0.005555555555555556,3,4-5
4,True,3.626614841605366e-24,2.1759689049632197e-23,13.350001260026103,1.8927368937545166,0.05,0.005555555555555556,4,5-6
5,True,1.8485778545358837e-15,7.394311418143535e-15,9.299137533745814,1.3184134104106948,0.05,0.005555555555555556,5,6-7
6,False,0.04623938379101437,0.1387181513730431,1.6988990686695429,0.2408665649841103,0.05,0.005555555555555556,6,7-8
7,False,0.9999999999999993,1.0,-9.512955916387243,-1.34872815971339,0.05,0.005555555555555556,7,8-9
8,False,0.99999998667873,1.0,-6.043679165311759,-0.8568609326242642,0.05,0.005555555555555556,8,9-10
