,reject,pvals,pvals_corrected,tstats,effectsize,alpha,alpha_corrected,step,dimension_step
0,True,3.792581595244344e-59,3.4133234357199096e-58,36.14997787941287,5.125272687849965,0.05,0.005555555555555556,0,1-2
1,True,1.20056709717038e-47,9.60453677736304e-47,26.92252877831299,3.8170231222720554,0.05,0.005555555555555556,1,2-3
2,True,3.7666987877606195e-35,2.260019272656372e-34,19.030855466896696,2.6981572181390776,0.05,0.005555555555555556,2,3-4
3,True,9.752375084334555e-39,6.826662559034188e-38,21.111395481682003,2.9931320850484924,0.05,0.005555555555555556,3,4-5
4,True,2.7138819902689685e-28,1.0855527961075874e-27,15.380939499728486,2.180679318653886,0.05,0.005555555555555556,4,5-6
5,True,3.236241033527049e-31,1.6181205167635246e-30,16.889727699098575,2.3945923388990713,0.05,0.005555555555555556,5,6-7
6,True,2.9362191058046893e-22,8.808657317414068e-22,12.442084548296936,1.764014249967836,0.05,0.005555555555555556,6,7-8
7,False,0.9999869179111955,1.0,-4.411351243250021,-0.6254326937339063,0.05,0.005555555555555556,7,8-9
8,False,0.9998010799628003,1.0,-3.6664394620216263,-0.5198205680523078,0.05,0.005555555555555556,8,9-10
