,reject,pvals,pvals_corrected,tstats,effectsize,alpha,alpha_corrected,step,dimension_step
0,True,7.480175103423185e-27,6.732157593080867e-26,14.660050076320404,2.0784730355662973,0.05,0.005555555555555556,0,1-2
1,True,0.000259398643376063,0.0018157905036324412,3.588688009481026,0.5087971201963704,0.05,0.005555555555555556,1,2-3
2,True,8.708889219463884e-06,6.967111375571107e-05,4.516107484498904,0.6402848273630249,0.05,0.005555555555555556,2,3-4
3,False,0.8550472183044504,1.0,-1.064025448059264,-0.15085543306019966,0.05,0.005555555555555556,3,4-5
4,False,0.9884831735609823,1.0,-2.308801455666291,-0.32733732457229575,0.05,0.005555555555555556,4,5-6
5,False,0.8894295409196907,1.0,-1.2312644854914176,-0.1745662545094563,0.05,0.005555555555555556,5,6-7
6,False,0.8807031264146038,1.0,-1.185662235099509,-0.16810085723541676,0.05,0.005555555555555556,6,7-8
7,False,0.7512729025992249,1.0,-0.6810112346066816,-0.09655243199571492,0.05,0.005555555555555556,7,8-9
8,False,0.9936236880737491,1.0,-2.5366973607251357,-0.35964795728601945,0.05,0.005555555555555556,8,9-10
