,reject,pvals,pvals_corrected,tstats,effectsize,alpha,alpha_corrected,step,dimension_step
0,True,1.4098759906600129e-59,1.2688883915940115e-58,36.54019649554658,5.180597114941792,0.05,0.005555555555555556,0,1-2
1,True,1.37205363811431e-54,1.097642910491448e-53,32.22440108911365,4.568712139611391,0.05,0.005555555555555556,1,2-3
2,True,6.262378080853235e-33,3.1311890404266173e-32,17.805448911780875,2.5244214894645616,0.05,0.005555555555555556,2,3-4
3,True,5.5882658743491436e-42,3.9117861120444006e-41,23.111820109620353,3.276748350150378,0.05,0.005555555555555556,3,4-5
4,True,4.29944967457232e-41,2.579669804743392e-40,22.552933098130268,3.1975104500570697,0.05,0.005555555555555556,4,5-6
5,True,2.9280510726138814e-17,8.784153217841645e-17,10.1244391376213,1.4354230468672275,0.05,0.005555555555555556,5,6-7
6,True,1.3277970417180705e-20,5.311188166872282e-20,11.666853083144233,1.6541034591960437,0.05,0.005555555555555556,6,7-8
7,False,0.9999810233599792,1.0,-4.314290518422606,-0.6116716152712782,0.05,0.005555555555555556,7,8-9
8,False,0.9998675513632108,1.0,-3.7835282027324144,-0.5364211791736083,0.05,0.005555555555555556,8,9-10
