,reject,pvals,pvals_corrected,tstats,effectsize,alpha,alpha_corrected,step,dimension_step
0,True,3.512446390276127e-21,3.161201751248514e-20,11.936187834215808,1.6922892099082771,0.05,0.005555555555555556,0,1-2
1,True,2.438292734699383e-16,1.9506341877595064e-15,9.702491544638335,1.3756001479090734,0.05,0.005555555555555556,1,2-3
2,True,0.002552974272278524,0.017870819905949666,2.8641125451785086,0.4060682374882348,0.05,0.005555555555555556,2,3-4
3,True,0.007328168600054084,0.0439690116003245,2.4843676015559173,0.35222874706336255,0.05,0.005555555555555556,3,4-5
4,False,0.2401195077867906,1.0,0.7085982888732368,0.10046367023332203,0.05,0.005555555555555556,4,5-6
5,False,0.8539463497216908,1.0,-1.0591533452560435,-0.1501646759174695,0.05,0.005555555555555556,5,6-7
6,False,0.9265323456626426,1.0,-1.4619014451751515,-0.20726550855101902,0.05,0.005555555555555556,6,7-8
7,False,0.9918000423050672,1.0,-2.441530681689749,-0.34615541290658774,0.05,0.005555555555555556,7,8-9
8,False,0.9992707750941648,1.0,-3.274625806037577,-0.4642699993509832,0.05,0.005555555555555556,8,9-10
