,reject,pvals,pvals_corrected,tstats,effectsize,alpha,alpha_corrected,step,dimension_step
0,True,2.3917159946962117e-30,2.1525443952265906e-29,16.43463891810498,2.3300707475566402,0.05,0.005555555555555556,0,1-2
1,True,1.3546966547685695e-07,6.773483273842848e-07,5.521477598851748,0.7828242226971422,0.05,0.005555555555555556,1,2-3
2,True,6.922319181983747e-08,4.153391509190248e-07,5.6748412808868505,0.8045678235774697,0.05,0.005555555555555556,2,3-4
3,True,2.1894165399558795e-10,1.7515332319647036e-09,6.927223381618483,0.9821280919970932,0.05,0.005555555555555556,3,4-5
4,True,1.183740681699318e-08,8.286184771895225e-08,6.069738762809356,0.8605556110485866,0.05,0.005555555555555556,4,5-6
5,True,0.0005410787552740825,0.0016232362658222476,3.367294954522781,0.4774084487664118,0.05,0.005555555555555556,5,6-7
6,True,0.00016978403757952134,0.0006791361503180853,3.7123184910377174,0.5263252064547329,0.05,0.005555555555555556,6,7-8
7,False,0.8386817353039335,1.0,-0.994019937397758,-0.14093018959285197,0.05,0.005555555555555556,7,8-9
8,False,0.9999984505783605,1.0,-4.946150144496404,-0.7012554289840773,0.05,0.005555555555555556,8,9-10
