,reject,pvals,pvals_corrected,tstats,effectsize,alpha,alpha_corrected,step,dimension_step
0,True,9.53587303109263e-14,8.582285727983368e-13,8.510891113074369,1.206657384870674,0.05,0.005555555555555556,0,1-2
1,True,1.5650110948353987e-12,1.252008875868319e-11,7.946136665441719,1.1265876112335007,0.05,0.005555555555555556,1,2-3
2,True,7.593770346257362e-10,5.315639242380153e-09,6.664196362560755,0.9448366391104542,0.05,0.005555555555555556,2,3-4
3,False,0.9875059355800047,1.0,-2.2761945649182516,-0.3227143838019279,0.05,0.005555555555555556,3,4-5
4,False,0.9993572378928662,1.0,-3.3140297979469913,-0.4698566197411604,0.05,0.005555555555555556,4,5-6
5,False,0.9121062614155668,1.0,-1.3635959136870155,-0.19332794385094068,0.05,0.005555555555555556,5,6-7
6,False,0.9926406342003371,1.0,-2.4827579185250546,-0.3520005293725607,0.05,0.005555555555555556,6,7-8
7,False,0.9936706617829598,1.0,-2.539457488840398,-0.3600392828157697,0.05,0.005555555555555556,7,8-9
8,False,0.9733270956635734,1.0,-1.9554782175004473,-0.2772438515252379,0.05,0.005555555555555556,8,9-10
