,reject,pvals,pvals_corrected,tstats,effectsize,alpha,alpha_corrected,step,dimension_step
0,True,2.926601597037988e-73,2.6339414373341893e-72,51.09241238189828,7.2437816313696635,0.05,0.005555555555555556,0,1-2
1,True,8.179481745214232e-61,6.543585396171385e-60,37.683297500113504,5.342663724711342,0.05,0.005555555555555556,1,2-3
2,True,4.391877758588629e-58,3.07431443101204e-57,35.19948441448576,4.990513595824487,0.05,0.005555555555555556,2,3-4
3,True,6.962372837191306e-45,3.4811864185956527e-44,25.011685129859725,3.5461074720650747,0.05,0.005555555555555556,3,4-5
4,True,5.761600359286487e-49,3.4569602155718925e-48,27.87248369702027,3.9517058602748327,0.05,0.005555555555555556,4,5-6
5,True,7.615653938566068e-36,3.046261575426427e-35,19.423425342791123,2.75381500221037,0.05,0.005555555555555556,5,6-7
6,True,1.3194787447713126e-29,3.958436234313938e-29,16.050714700125827,2.2756387278420913,0.05,0.005555555555555556,6,7-8
7,False,0.999999985885955,1.0,-6.030906139062868,-0.855049998111579,0.05,0.005555555555555556,7,8-9
8,False,0.9999959210867913,1.0,-4.707746057499787,-0.6674549669248343,0.05,0.005555555555555556,8,9-10
