,reject,pvals,pvals_corrected,tstats,effectsize,alpha,alpha_corrected,step,dimension_step
0,True,1.2863260861938835e-63,1.157693477574495e-62,40.39145659689445,5.726621189343386,0.05,0.005555555555555556,0,1-2
1,True,2.8600779735270483e-61,2.0020545814689338e-60,38.11297635416769,5.403582746642051,0.05,0.005555555555555556,1,2-3
2,True,2.322518344047156e-61,1.8580146752377248e-60,38.19861679874289,5.415724680255974,0.05,0.005555555555555556,2,3-4
3,True,2.543388596223967e-55,1.2716942981119835e-54,32.82939107921472,4.654486429239754,0.05,0.005555555555555556,3,4-5
4,True,3.69051890285329e-61,2.214311341711974e-60,38.00834584185261,5.388748438613619,0.05,0.005555555555555556,4,5-6
5,True,2.6456673523159847e-52,1.0582669409263939e-51,30.39439801574853,4.309257906972949,0.05,0.005555555555555556,5,6-7
6,True,6.286007574137139e-42,1.885802272241142e-41,23.079337160323302,3.272142981554902,0.05,0.005555555555555556,6,7-8
7,False,0.9999276358402751,1.0,-3.9533932393448983,-0.5605043096163077,0.05,0.005555555555555556,7,8-9
8,False,0.9999944295813803,1.0,-4.629557605279568,-0.6563695621147316,0.05,0.005555555555555556,8,9-10
