,reject,pvals,pvals_corrected,tstats,effectsize,alpha,alpha_corrected,step,dimension_step
0,True,1.4104294061496756e-44,1.2693864655347081e-43,24.806045210808367,3.5169522492275576,0.05,0.005555555555555556,0,1-2
1,True,1.2674133305194236e-37,1.0139306644155389e-36,20.451140892083355,2.8995224893141422,0.05,0.005555555555555556,1,2-3
2,True,4.6637023055962685e-26,3.264591613917388e-25,14.267950882830572,2.022881983919599,0.05,0.005555555555555556,2,3-4
3,True,4.704296644967867e-16,2.3521483224839333e-15,9.571679030733858,1.3570538072451852,0.05,0.005555555555555556,3,4-5
4,True,4.143719711613999e-25,2.4862318269683992e-24,13.804898229098248,1.9572312903803841,0.05,0.005555555555555556,4,5-6
5,True,1.6616474445701133e-13,6.646589778280453e-13,8.39927367486783,1.1908324842459481,0.05,0.005555555555555556,5,6-7
6,True,7.689606115387451e-13,2.3068818346162353e-12,8.090181447353663,1.147009996802401,0.05,0.005555555555555556,6,7-8
7,False,0.9997468256784084,1.0,-3.5958472271013973,-0.509812139974763,0.05,0.005555555555555556,7,8-9
8,False,0.9999839921857283,1.0,-4.3588440684447916,-0.6179883298716904,0.05,0.005555555555555556,8,9-10
