,reject,pvals,pvals_corrected,tstats,effectsize,alpha,alpha_corrected,step,dimension_step
0,True,2.5122775199373267e-71,2.261049767943594e-70,48.759086483344056,6.9129672795710295,0.05,0.005555555555555556,0,1-2
1,True,1.1464708751457437e-56,9.17176700116595e-56,33.966719664953594,4.815734636833212,0.05,0.005555555555555556,1,2-3
2,True,3.267645598529074e-51,2.2873519189703516e-50,29.55044283825488,4.189603603575958,0.05,0.005555555555555556,2,3-4
3,True,3.9801515328141e-46,2.38809091968846e-45,25.85813312090995,3.6661152016600025,0.05,0.005555555555555556,3,4-5
4,True,1.2788079373815699e-45,6.39403968690785e-45,25.510393468224898,3.6168133583688586,0.05,0.005555555555555556,4,5-6
5,True,4.0500173829259484e-44,1.6200069531703794e-43,24.501071845400492,3.4737137259437905,0.05,0.005555555555555556,5,6-7
6,True,7.80860338289749e-42,2.342581014869247e-41,23.01953768397674,3.263664729538009,0.05,0.005555555555555556,6,7-8
7,False,0.9999999468700946,1.0,-5.734758262324589,-0.8130627352348331,0.05,0.005555555555555556,7,8-9
8,False,0.9999985440363345,1.0,-4.961258446978438,-0.703397454363159,0.05,0.005555555555555556,8,9-10
