,reject,pvals,pvals_corrected,tstats,effectsize,alpha,alpha_corrected,step,dimension_step
0,True,3.4690646233491794e-42,3.1221581610142613e-41,23.243775072906754,3.29545666503826,0.05,0.005555555555555556,0,1-2
1,True,2.177976335875253e-40,1.7423810687002023e-39,22.115118950564163,3.1354380222298657,0.05,0.005555555555555556,1,2-3
2,True,2.048311553077364e-22,1.2289869318464184e-21,12.515874330752498,1.774476020039271,0.05,0.005555555555555556,2,3-4
3,True,4.964347084261205e-19,2.4821735421306023e-18,10.93842068250186,1.5508277476475871,0.05,0.005555555555555556,3,4-5
4,True,1.3967126638096656e-32,9.776988646667659e-32,17.617237619110156,2.497737262959972,0.05,0.005555555555555556,4,5-6
5,True,8.937967318151321e-16,3.5751869272605284e-15,9.443889606103415,1.3389360742263925,0.05,0.005555555555555556,5,6-7
6,True,4.555245557568571e-06,1.3665736672705712e-05,4.680119467612668,0.6635381234047856,0.05,0.005555555555555556,6,7-8
7,False,0.999999999999969,1.0,-8.736768358158146,-1.2386818159476836,0.05,0.005555555555555556,7,8-9
8,False,0.9999999995658442,1.0,-6.782849349468707,-0.9616590259777356,0.05,0.005555555555555556,8,9-10
