,reject,pvals,pvals_corrected,tstats,effectsize,alpha,alpha_corrected,step,dimension_step
0,True,1.112467219631883e-39,1.0012204976686946e-38,21.680823325939787,3.0738644436577007,0.05,0.005555555555555556,0,1-2
1,True,2.8344831345652687e-36,2.267586507652215e-35,19.668497528600422,2.7885608541904183,0.05,0.005555555555555556,1,2-3
2,True,1.1087200125909052e-23,5.543600062954526e-23,13.11746505358263,1.8597683682467954,0.05,0.005555555555555556,2,3-4
3,True,1.5532185634806904e-33,1.0872529944364833e-32,18.135116869102617,2.5711611633685574,0.05,0.005555555555555556,3,4-5
4,True,3.3700508248584136e-26,2.0220304949150482e-25,14.33727256557323,2.032710275611005,0.05,0.005555555555555556,4,5-6
5,True,1.369644821173827e-12,5.478579284695308e-12,7.973202559204812,1.1304249603610428,0.05,0.005555555555555556,5,6-7
6,True,0.006333672500684498,0.01900101750205349,2.5392020412242493,0.36000306595570436,0.05,0.005555555555555556,6,7-8
7,False,0.9999999999998593,1.0,-8.432797186465159,-1.1955853817155881,0.05,0.005555555555555556,7,8-9
8,False,0.9999999992915541,1.0,-6.678968265495361,-0.9469309704240405,0.05,0.005555555555555556,8,9-10
