,reject,pvals,pvals_corrected,tstats,effectsize,alpha,alpha_corrected,step,dimension_step
0,True,1.9746709560579806e-55,1.7772038604521826e-54,32.92105289860932,4.667482061520052,0.05,0.005555555555555556,0,1-2
1,True,3.0976979587246048e-49,2.4781583669796838e-48,28.069752102609502,3.9796741864164096,0.05,0.005555555555555556,1,2-3
2,True,9.380652574400313e-39,6.566456802080218e-38,21.121502765258253,2.994565075813646,0.05,0.005555555555555556,2,3-4
3,True,2.4907623067059e-33,1.49445738402354e-32,18.023086373558034,2.5552777002877143,0.05,0.005555555555555556,3,4-5
4,True,1.551282534671152e-25,7.756412673355761e-25,14.012532260151735,1.986669234491345,0.05,0.005555555555555556,4,5-6
5,True,4.258912818285914e-25,1.7035651273143657e-24,13.799118262752463,1.9564118181320869,0.05,0.005555555555555556,5,6-7
6,True,1.9474128338515445e-16,5.842238501554633e-16,9.747234339070147,1.3819436932092781,0.05,0.005555555555555556,6,7-8
7,False,0.9999897259147481,1.0,-4.473728952831311,-0.6342764825825211,0.05,0.005555555555555556,7,8-9
8,False,0.9999996849209138,1.0,-5.325751643049059,-0.7550745820493637,0.05,0.005555555555555556,8,9-10
