,reject,pvals,pvals_corrected,tstats,effectsize,alpha,alpha_corrected,step,dimension_step
0,True,3.919931681603092e-36,3.5279385134427824e-35,19.5879034981404,2.7771343912338327,0.05,0.005555555555555556,0,1-2
1,True,2.2612555041696882e-35,1.8090044033357505e-34,19.15566014119114,2.7158517791319245,0.05,0.005555555555555556,1,2-3
2,True,2.2430178004742766e-24,1.5701124603319936e-23,13.450350493878743,1.9069642105519773,0.05,0.005555555555555556,2,3-4
3,True,1.1551066016306081e-21,6.93063960978365e-21,12.162336350824013,1.7243521013279122,0.05,0.005555555555555556,3,4-5
4,True,3.257172946081726e-06,1.3028691784326903e-05,4.763739627970995,0.6753936251001889,0.05,0.005555555555555556,4,5-6
5,True,3.0294077460228176e-07,1.5147038730114087e-06,5.334938659659369,0.7563770991760053,0.05,0.005555555555555556,5,6-7
6,True,1.720454876581076e-05,5.161364629743228e-05,4.339996885013405,0.6153162133131131,0.05,0.005555555555555556,6,7-8
7,False,0.9999999452816933,1.0,-5.728101518845394,-0.8121189552508522,0.05,0.005555555555555556,7,8-9
8,False,0.9709614925115369,1.0,-1.9173431684196174,-0.2718371393508688,0.05,0.005555555555555556,8,9-10
