,reject,pvals,pvals_corrected,tstats,effectsize,alpha,alpha_corrected,step,dimension_step
0,True,6.857180489388879e-66,6.17146244044999e-65,42.71256472301359,6.0557033294218146,0.05,0.005555555555555556,0,1-2
1,True,9.830959092519367e-44,6.881671364763557e-43,24.246772149683636,3.4376596157771444,0.05,0.005555555555555556,1,2-3
2,True,8.689188477502244e-38,5.213513086501347e-37,20.547494757529922,2.913183350645493,0.05,0.005555555555555556,2,3-4
3,True,1.8644253151224648e-44,1.4915402520979718e-43,24.72509764063144,3.5054756621059955,0.05,0.005555555555555556,3,4-5
4,True,1.938117169070126e-37,9.690585845350628e-37,20.343061415879543,2.88419919397625,0.05,0.005555555555555556,4,5-6
5,True,2.3602597767593296e-35,9.441039107037318e-35,19.14516130132991,2.7143632742876234,0.05,0.005555555555555556,5,6-7
6,True,7.539081322715029e-27,2.2617243968145086e-26,14.658361111441408,2.0782335774511655,0.05,0.005555555555555556,6,7-8
7,False,0.9999999161222726,1.0,-5.631177140263331,-0.7983772076904372,0.05,0.005555555555555556,7,8-9
8,False,0.999992832156948,1.0,-4.565745826507239,-0.6473224537597582,0.05,0.005555555555555556,8,9-10
