,reject,pvals,pvals_corrected,tstats,effectsize,alpha,alpha_corrected,step,dimension_step
0,True,8.362730411584359e-60,7.5264573704259225e-59,36.747623434527675,5.210005697946473,0.05,0.005555555555555556,0,1-2
1,True,9.742482698781712e-59,7.793986159025369e-58,35.78128221647015,5.072999742684895,0.05,0.005555555555555556,1,2-3
2,True,1.8421153230113594e-49,1.2894807261079516e-48,28.235809152618433,4.003217428016023,0.05,0.005555555555555556,2,3-4
3,True,5.597325208107419e-29,2.2389300832429677e-28,15.729075070189674,2.230037294387806,0.05,0.005555555555555556,3,4-5
4,True,9.055544357043288e-37,5.4333266142259726e-36,19.953726703461307,2.8290000850128805,0.05,0.005555555555555556,4,5-6
5,True,1.2183968023118988e-32,6.091984011559494e-32,17.649211049002417,2.502270392897432,0.05,0.005555555555555556,5,6-7
6,True,9.943780047785163e-13,2.983134014335549e-12,8.038124917725295,1.1396295245260828,0.05,0.005555555555555556,6,7-8
7,False,0.9999989901550208,1.0,-5.0496192360961585,-0.7159250730702186,0.05,0.005555555555555556,7,8-9
8,False,0.9994571764709829,1.0,-3.366304355902245,-0.4772680036443874,0.05,0.005555555555555556,8,9-10
