,reject,pvals,pvals_corrected,tstats,effectsize,alpha,alpha_corrected,step,dimension_step
0,True,8.711595076461311e-52,7.84043556881518e-51,29.99190703782837,4.252193528590161,0.05,0.005555555555555556,0,1-2
1,True,8.379598369025288e-50,6.70367869522023e-49,28.48894027892339,4.039105860712253,0.05,0.005555555555555556,1,2-3
2,True,7.80372292743516e-41,5.4626060492046116e-40,22.39140604291764,3.174609462200544,0.05,0.005555555555555556,2,3-4
3,True,1.6404751791430444e-36,9.842851074858266e-36,19.804889395649706,2.8078982245579573,0.05,0.005555555555555556,3,4-5
4,True,2.407124632656887e-33,1.2035623163284434e-32,18.0311763257039,2.5564246777746034,0.05,0.005555555555555556,4,5-6
5,True,5.427576091764269e-28,2.1710304367057075e-27,15.229130321906732,2.159156112320255,0.05,0.005555555555555556,5,6-7
6,True,4.142729446758723e-11,1.2428188340276168e-10,7.274613429771822,1.031380369046069,0.05,0.005555555555555556,6,7-8
7,False,0.9999999930697704,1.0,-6.1873103282846,-0.8772246761143552,0.05,0.005555555555555556,7,8-9
8,False,0.9999346319213315,1.0,-3.981511630872871,-0.5644908798046857,0.05,0.005555555555555556,8,9-10
