,reject,pvals,pvals_corrected,tstats,effectsize,alpha,alpha_corrected,step,dimension_step
0,True,1.1356135911430088e-37,1.022052232028708e-36,20.479139848137205,2.903492126176156,0.05,0.005555555555555556,0,1-2
1,True,2.8552152498257394e-24,2.2841721998605916e-23,13.399920833112816,1.8998143925398248,0.05,0.005555555555555556,1,2-3
2,True,1.753233412342522e-21,1.2272633886397654e-20,12.077384184206755,1.7123077504077122,0.05,0.005555555555555556,2,3-4
3,True,2.8350150832362238e-14,1.7010090499417342e-13,8.75406617916244,1.2411342669518959,0.05,0.005555555555555556,3,4-5
4,True,2.003399322592265e-13,1.0016996612961326e-12,8.36163469615166,1.1854961039511647,0.05,0.005555555555555556,4,5-6
5,True,0.0004766545641108123,0.0019066182564432491,3.4061487854863075,0.482917068420896,0.05,0.005555555555555556,5,6-7
6,True,0.0034498704386271856,0.010349611315881557,2.7593882235534717,0.3912206293605383,0.05,0.005555555555555556,6,7-8
7,False,0.9990483886351968,1.0,-3.190454335323294,-0.4523363339587906,0.05,0.005555555555555556,7,8-9
8,False,0.9994768124221822,1.0,-3.3776294707925123,-0.4788736561354476,0.05,0.005555555555555556,8,9-10
