,reject,pvals,pvals_corrected,tstats,effectsize,alpha,alpha_corrected,step,dimension_step
0,True,9.312653243930531e-63,8.381387919537478e-62,39.54329004733164,5.6063698059062235,0.05,0.005555555555555556,0,1-2
1,True,3.554774308433488e-47,2.8438194467467905e-46,26.589048494783682,3.7697429442644617,0.05,0.005555555555555556,1,2-3
2,True,3.753543643155877e-44,2.627480550209114e-43,24.522960075216382,3.4768169960712294,0.05,0.005555555555555556,2,3-4
3,True,1.0882269063293158e-34,6.529361437975895e-34,18.772869102814685,2.6615804193903223,0.05,0.005555555555555556,3,4-5
4,True,1.4372266966318776e-34,7.186133483159388e-34,18.705559360776487,2.6520373766906733,0.05,0.005555555555555556,4,5-6
5,True,3.952449418316377e-34,1.580979767326551e-33,18.461915888072767,2.617494084841733,0.05,0.005555555555555556,5,6-7
6,True,9.981909915605793e-20,2.994572974681738e-19,11.26027088235768,1.5964590352904906,0.05,0.005555555555555556,6,7-8
7,False,0.9999999356993464,1.0,-5.691574098703312,-0.8069401695421493,0.05,0.005555555555555556,7,8-9
8,False,0.9999973294290091,1.0,-4.812859692369832,-0.682357771117887,0.05,0.005555555555555556,8,9-10
