,reject,pvals,pvals_corrected,tstats,effectsize,alpha,alpha_corrected,step,dimension_step
0,True,4.235166982195771e-44,3.811650283976194e-43,24.488207748994085,3.471889879683481,0.05,0.005555555555555556,0,1-2
1,True,1.3058290207875098e-32,1.0446632166300078e-31,17.63298423641791,2.4999697873582627,0.05,0.005555555555555556,1,2-3
2,True,6.783612348640166e-23,3.654115401937447e-22,12.742974525292636,1.8066738384823313,0.05,0.005555555555555556,2,3-4
3,True,4.832812387684772e-30,3.3829686713793405e-29,16.27599936672963,2.307579144308941,0.05,0.005555555555555556,3,4-5
4,True,6.090192336562411e-23,3.654115401937447e-22,12.765188403190143,1.8098232783536117,0.05,0.005555555555555556,4,5-6
5,True,2.7173060847034612e-17,1.0869224338813845e-16,10.139316543183309,1.4375323361356025,0.05,0.005555555555555556,5,6-7
6,True,0.006700477080522485,0.020101431241567456,2.5181327848063724,0.35701590826415436,0.05,0.005555555555555556,6,7-8
7,False,0.999999999999999,1.0,-9.422039442335059,-1.3358382010282244,0.05,0.005555555555555556,7,8-9
8,False,0.999999717639129,1.0,-5.351370677082055,-0.7587067982531027,0.05,0.005555555555555556,8,9-10
