,reject,pvals,pvals_corrected,tstats,effectsize,alpha,alpha_corrected,step,dimension_step
0,True,1.0900770100390939e-60,9.810693090351845e-60,37.56659279524995,5.326117561436333,0.05,0.005555555555555556,0,1-2
1,True,8.618490159388233e-56,6.894792127510587e-55,33.222811930101614,4.710264862869988,0.05,0.005555555555555556,1,2-3
2,True,2.250822116252774e-39,1.5755754813769418e-38,21.49489938417105,3.0475045132604155,0.05,0.005555555555555556,2,3-4
3,True,1.72228843680475e-37,1.03337306208285e-36,20.373068235731623,2.8884535018142823,0.05,0.005555555555555556,3,4-5
4,True,1.1117248703635114e-26,5.558624351817557e-26,14.57482470427625,2.0663899501185874,0.05,0.005555555555555556,4,5-6
5,True,3.81523860854706e-25,1.526095443418824e-24,13.822312568444689,1.9597002611257326,0.05,0.005555555555555556,5,6-7
6,True,2.238287573324785e-16,6.714862719974355e-16,9.719526604852689,1.3780153452058395,0.05,0.005555555555555556,6,7-8
7,False,0.9999449885881632,1.0,-4.028931778520943,-0.571214014972436,0.05,0.005555555555555556,7,8-9
8,False,0.9994930488029076,1.0,-3.3872995715427163,-0.48024466398029614,0.05,0.005555555555555556,8,9-10
