,reject,pvals,pvals_corrected,tstats,effectsize,alpha,alpha_corrected,step,dimension_step
0,True,1.329520724046619e-62,1.1965686516419572e-61,39.392427632072305,5.584980829704606,0.05,0.005555555555555556,0,1-2
1,True,7.320101757643262e-49,5.856081406114609e-48,27.79666668994311,3.940956674287961,0.05,0.005555555555555556,1,2-3
2,True,3.7701951040232945e-34,2.2621170624139765e-33,18.47324618318324,2.6191004717742143,0.05,0.005555555555555556,2,3-4
3,True,2.323155831293564e-37,1.6262090819054945e-36,20.297058531166762,2.877676995557008,0.05,0.005555555555555556,3,4-5
4,True,1.6212779069147112e-27,8.106389534573556e-27,14.990702755129437,2.125352321343937,0.05,0.005555555555555556,4,5-6
5,True,6.26275144974771e-27,2.505100579899084e-26,14.698317756024073,2.0838985518492352,0.05,0.005555555555555556,5,6-7
6,True,2.539766837263778e-21,7.619300511791334e-21,12.002033651313758,1.7016247002122278,0.05,0.005555555555555556,6,7-8
7,False,0.9999996176553532,1.0,-5.28038705191801,-0.7486428796374002,0.05,0.005555555555555556,7,8-9
8,False,0.9999553213505652,1.0,-4.085667142699132,-0.5792578431990444,0.05,0.005555555555555556,8,9-10
