,reject,pvals,pvals_corrected,tstats,effectsize,alpha,alpha_corrected,step,dimension_step
0,True,1.707608183237182e-26,1.5368473649134638e-25,14.482723920654358,2.0533320823544225,0.05,0.005555555555555556,0,1-2
1,True,1.25832815977891e-23,1.006662527823128e-22,13.091199406888215,1.8560444765730397,0.05,0.005555555555555556,1,2-3
2,True,9.88093103377472e-09,5.928558620264832e-08,6.109514647775465,0.8661949577041196,0.05,0.005555555555555556,2,3-4
3,True,3.72940749501022e-09,2.6105852465071538e-08,6.322294464045235,0.8963624611114799,0.05,0.005555555555555556,3,4-5
4,True,2.30629672601756e-06,1.1531483630087799e-05,4.848960224962994,0.6874760335504053,0.05,0.005555555555555556,4,5-6
5,True,0.00016179073803911215,0.0006471629521564486,3.7262152566708195,0.5282954625247748,0.05,0.005555555555555556,5,6-7
6,False,0.1294613453256486,0.3883840359769458,1.1354633295144012,0.16098375523846556,0.05,0.005555555555555556,6,7-8
7,False,0.9999835914361418,1.0,-4.352385693048676,-0.6170726741239606,0.05,0.005555555555555556,7,8-9
8,False,0.9999987378380134,1.0,-4.99585440291951,-0.7083024008803134,0.05,0.005555555555555556,8,9-10
