,reject,pvals,pvals_corrected,tstats,effectsize,alpha,alpha_corrected,step,dimension_step
0,True,4.894649963911419e-43,4.4051849675202774e-42,23.7912727284795,3.3730798046741746,0.05,0.005555555555555556,0,1-2
1,True,1.3073146543144552e-34,1.0458517234515642e-33,18.72846897285806,2.6552854563847355,0.05,0.005555555555555556,1,2-3
2,True,2.0659497219851177e-25,1.2395698331910706e-24,13.951877767020436,1.9780697598781596,0.05,0.005555555555555556,2,3-4
3,True,5.197395969114346e-22,2.5986979845571728e-21,12.325280499384862,1.7474540018892257,0.05,0.005555555555555556,3,4-5
4,True,1.5052978367501546e-27,1.0537084857251082e-26,15.0068268678581,2.1276383662997516,0.05,0.005555555555555556,4,5-6
5,True,2.621955925550153e-09,7.86586777665046e-09,6.398555332132106,0.9071745768383876,0.05,0.005555555555555556,5,6-7
6,True,3.529640054356761e-17,1.4118560217427044e-16,10.087225329884314,1.4301469464767513,0.05,0.005555555555555556,6,7-8
7,False,0.9999999999986069,1.0,-7.969761560668593,-1.129937102363579,0.05,0.005555555555555556,7,8-9
8,False,0.999999999509822,1.0,-6.757151827898109,-0.9580156819654497,0.05,0.005555555555555556,8,9-10
