,reject,pvals,pvals_corrected,tstats,effectsize,alpha,alpha_corrected,step,dimension_step
0,True,5.633620749983866e-48,5.070258674985479e-47,27.156852941306465,3.850245140739118,0.05,0.005555555555555556,0,1-2
1,True,1.6492036604788595e-30,1.3193629283830876e-29,16.518763148827976,2.341997715355879,0.05,0.005555555555555556,1,2-3
2,True,3.8371606715531763e-29,2.6860124700872236e-28,15.812833116863594,2.2419123453335486,0.05,0.005555555555555556,2,3-4
3,True,6.981035401160067e-19,4.18862124069604e-18,10.87016037683842,1.5411499359087213,0.05,0.005555555555555556,3,4-5
4,True,3.2263913472650856e-10,1.2905565389060342e-09,6.8455747470678014,0.9705521093489498,0.05,0.005555555555555556,4,5-6
5,True,1.7766990343589113e-15,8.883495171794557e-15,9.30703976912531,1.3195337737840447,0.05,0.005555555555555556,5,6-7
6,True,3.490037313419195e-05,0.00010470111940257584,4.152399711966818,0.588719055479689,0.05,0.005555555555555556,6,7-8
7,False,0.9999994765718652,1.0,-5.20633455042257,-0.7381438617777603,0.05,0.005555555555555556,7,8-9
8,False,0.9986773447526364,1.0,-3.084209848976319,-0.43727319986987856,0.05,0.005555555555555556,8,9-10
