,reject,pvals,pvals_corrected,tstats,effectsize,alpha,alpha_corrected,step,dimension_step
0,True,4.931432551449094e-78,4.4382892963041845e-77,57.30459716876335,8.124532959246098,0.05,0.005555555555555556,0,1-2
1,True,1.434900031166251e-64,1.1479200249330008e-63,41.34999034816974,5.862520217336744,0.05,0.005555555555555556,1,2-3
2,True,2.386060781607134e-45,9.544243126428536e-45,25.325995997099376,3.590669847973892,0.05,0.005555555555555556,2,3-4
3,True,6.321996884375763e-58,4.425397819063034e-57,35.0599630959015,4.970732537979914,0.05,0.005555555555555556,3,4-5
4,True,1.8657090122157492e-50,1.1194254073294495e-49,28.976608506957888,4.108246501910288,0.05,0.005555555555555556,4,5-6
5,True,2.235961064581353e-47,1.1179805322906765e-46,26.731093074996235,3.7898817451746303,0.05,0.005555555555555556,5,6-7
6,True,4.16995813275178e-26,1.250987439825534e-25,14.291814789479888,2.02626536161856,0.05,0.005555555555555556,6,7-8
7,False,0.9996979342203608,1.0,-3.543585715561086,-0.5024026057665595,0.05,0.005555555555555556,7,8-9
8,False,0.999554851846416,1.0,-3.426985395920827,-0.4858712420229836,0.05,0.005555555555555556,8,9-10
