,reject,pvals,pvals_corrected,tstats,effectsize,alpha,alpha_corrected,step,dimension_step
0,True,5.533263836719467e-06,4.4266110693755736e-05,4.631244503631916,0.656608727241784,0.05,0.005555555555555556,0,1-2
1,True,4.3686711420324323e-10,3.931804027829189e-09,6.781531959312309,0.9614722489951782,0.05,0.005555555555555556,1,2-3
2,True,6.648541537912099e-05,0.00046539790765384693,3.976833247710825,0.5638275878512655,0.05,0.005555555555555556,2,3-4
3,False,0.47888753566298903,1.0,0.05308007207408197,0.007525588109013207,0.05,0.005555555555555556,3,4-5
4,False,0.23446676711107395,1.0,0.7270132034166883,0.10307450056006456,0.05,0.005555555555555556,4,5-6
5,False,0.9999352386169715,1.0,-3.9840840599163863,-0.5648555937296054,0.05,0.005555555555555556,5,6-7
6,False,0.9988442575045945,1.0,-3.128037300521285,-0.4434869696578099,0.05,0.005555555555555556,6,7-8
7,False,0.9981455851308576,1.0,-2.972503279479136,-0.421435662386256,0.05,0.005555555555555556,7,8-9
8,False,0.925424456401937,1.0,-1.4538488747096292,-0.2061238309651682,0.05,0.005555555555555556,8,9-10
