,reject,pvals,pvals_corrected,tstats,effectsize,alpha,alpha_corrected,step,dimension_step
0,True,1.3152592404817286e-22,1.1837333164335558e-21,12.60678834047565,1.7873656293367184,0.05,0.005555555555555556,0,1-2
1,True,5.740774926804693e-21,4.592619941443754e-20,11.836552964631084,1.6781631742702057,0.05,0.005555555555555556,1,2-3
2,True,1.957048630747833e-06,1.1742291784486999e-05,4.8892092714199,0.6931824641104933,0.05,0.005555555555555556,2,3-4
3,True,2.0152184453167083e-10,1.4106529117216958e-09,6.944643117436211,0.9845978278435156,0.05,0.005555555555555556,3,4-5
4,True,6.675430196188837e-06,3.337715098094419e-05,4.583809672050712,0.6498835102149054,0.05,0.005555555555555556,4,5-6
5,True,0.004834220783127662,0.019336883132510647,2.638678373201118,0.37410662444387965,0.05,0.005555555555555556,5,6-7
6,False,0.7701020703649228,1.0,-0.74207996759283,-0.10521063671992185,0.05,0.005555555555555556,6,7-8
7,False,0.9735440690421612,1.0,-1.9591176936381407,-0.2777598492862552,0.05,0.005555555555555556,7,8-9
8,False,0.9999700430356939,1.0,-4.193337553306116,-0.5945231420220304,0.05,0.005555555555555556,8,9-10
