,reject,pvals,pvals_corrected,tstats,effectsize,alpha,alpha_corrected,step,dimension_step
0,True,4.281523811795105e-40,3.853371430615594e-39,21.934422213334507,3.1098191946002594,0.05,0.005555555555555556,0,1-2
1,True,3.962314905286566e-31,2.773620433700596e-30,16.84339978617294,2.388024058619761,0.05,0.005555555555555556,1,2-3
2,True,2.385432898717164e-34,1.908346318973731e-33,18.583308054755708,2.634704827224326,0.05,0.005555555555555556,2,3-4
3,True,1.10213630919256e-22,6.61281785515536e-22,12.643114504172178,1.7925158813028257,0.05,0.005555555555555556,3,4-5
4,True,8.212524906703573e-18,4.106262453351787e-17,10.377769998888748,1.47133979759318,0.05,0.005555555555555556,4,5-6
5,True,8.911077188107811e-10,3.5644308752431242e-09,6.63011666373862,0.9400048865111611,0.05,0.005555555555555556,5,6-7
6,True,0.013017440997853149,0.039052322993559443,2.2596436703967178,0.3203678305638134,0.05,0.005555555555555556,6,7-8
7,False,0.9999999797566841,1.0,-5.9509610538077125,-0.8437155413284276,0.05,0.005555555555555556,7,8-9
8,False,0.9999996387287681,1.0,-5.293698504638464,-0.7505301511951128,0.05,0.005555555555555556,8,9-10
