,reject,pvals,pvals_corrected,tstats,effectsize,alpha,alpha_corrected,step,dimension_step
0,True,1.8138677319438016e-45,1.6324809587494215e-44,25.406934789621836,3.602145190616886,0.05,0.005555555555555556,0,1-2
1,True,5.191752193355163e-29,4.15340175468413e-28,15.745745999469017,2.2324008659175454,0.05,0.005555555555555556,1,2-3
2,True,4.181665996144812e-11,2.508999597686887e-10,7.272674711810467,1.0311055014306607,0.05,0.005555555555555556,2,3-4
3,True,9.193562115521881e-07,3.6774248462087524e-06,5.072160226412483,0.7191208902961854,0.05,0.005555555555555556,3,4-5
4,True,1.6625522016470796e-13,1.1637865411529559e-12,8.399164166125248,1.1908169583120372,0.05,0.005555555555555556,4,5-6
5,True,4.46885297543042e-07,2.2344264877152103e-06,5.24367640317096,0.7434381161378447,0.05,0.005555555555555556,5,6-7
6,True,2.1546712984547182e-05,6.464013895364154e-05,4.2808482394905285,0.6069302348089779,0.05,0.005555555555555556,6,7-8
7,False,0.99712598061818,1.0,-2.823230433306982,-0.4002720521601079,0.05,0.005555555555555556,7,8-9
8,False,0.9999996611952547,1.0,-5.30875355202456,-0.7526646261715465,0.05,0.005555555555555556,8,9-10
