,reject,pvals,pvals_corrected,tstats,effectsize,alpha,alpha_corrected,step,dimension_step
0,True,3.946839780813742e-39,3.552155802732368e-38,21.347474393980942,3.0266028884171483,0.05,0.005555555555555556,0,1-2
1,True,4.802837080399036e-14,3.3619859562793255e-13,8.648482906219378,1.226164878397524,0.05,0.005555555555555556,1,2-3
2,True,2.45952028250702e-16,1.967616226005616e-15,9.700766230240568,1.375355536230739,0.05,0.005555555555555556,2,3-4
3,True,2.4847555435959972e-08,1.4908533261575984e-07,5.905331128086679,0.8372462203007149,0.05,0.005555555555555556,3,4-5
4,True,2.964635210217486e-05,0.00013002872352586582,4.196122272278371,0.594917953995068,0.05,0.005555555555555556,4,5-6
5,True,2.600574470517316e-05,0.00013002872352586582,4.231033016290932,0.5998675305452101,0.05,0.005555555555555556,5,6-7
6,False,0.03547456707062715,0.10642370121188144,1.8254427878988495,0.2588076843438064,0.05,0.005555555555555556,6,7-8
7,False,0.9999633800777944,1.0,-4.139457636496701,-0.5868841535012603,0.05,0.005555555555555556,7,8-9
8,False,0.9999951027787927,1.0,-4.661963025611009,-0.6609639388061104,0.05,0.005555555555555556,8,9-10
