,reject,pvals,pvals_corrected,tstats,effectsize,alpha,alpha_corrected,step,dimension_step
0,True,1.2825268056993526e-41,1.1542741251294174e-40,22.883138601847072,3.244326336230579,0.05,0.005555555555555556,0,1-2
1,True,1.2194928283832557e-29,9.755942627066046e-29,16.06833807004685,2.2781373345307423,0.05,0.005555555555555556,1,2-3
2,True,3.732035163167951e-27,2.612424614217566e-26,14.810053937140045,2.099740287609867,0.05,0.005555555555555556,2,3-4
3,True,1.1907680402702262e-08,4.763072161080905e-08,6.068433757727482,0.8603705899975103,0.05,0.005555555555555556,3,4-5
4,True,1.3158133791911774e-14,7.894880275147065e-14,8.907574532966816,1.262898379110826,0.05,0.005555555555555556,4,5-6
5,True,4.766069167156662e-10,2.383034583578331e-09,6.763099533605116,0.9588589359701183,0.05,0.005555555555555556,5,6-7
6,False,0.12431404045198557,0.3729421213559567,1.1605198775246008,0.16453622328137443,0.05,0.005555555555555556,6,7-8
7,False,0.9999999338829324,1.0,-5.685257731741662,-0.8060446474706566,0.05,0.005555555555555556,7,8-9
8,False,0.998103718603076,1.0,-2.9650223630920314,-0.4203750327901104,0.05,0.005555555555555556,8,9-10
