,reject,pvals,pvals_corrected,tstats,effectsize,alpha,alpha_corrected,step,dimension_step
0,True,2.6692881871580547e-41,2.4023593684422493e-40,22.682663016275896,3.215903302425797,0.05,0.005555555555555556,0,1-2
1,True,3.515744669286081e-22,2.812595735428865e-21,12.405212452895647,1.7587865968795156,0.05,0.005555555555555556,1,2-3
2,True,2.670960446767417e-13,1.8696723127371918e-12,8.303711161159704,1.1772838192059765,0.05,0.005555555555555556,2,3-4
3,True,1.9981871578380315e-07,9.990935789190158e-07,5.431777798970199,0.7701067616803728,0.05,0.005555555555555556,3,4-5
4,True,9.910640595006254e-11,5.946384357003753e-10,7.093224025859555,1.0056633364979974,0.05,0.005555555555555556,4,5-6
5,True,1.353110339433184e-06,5.412441357732736e-06,4.979018338971358,0.7059154168823647,0.05,0.005555555555555556,5,6-7
6,False,0.21660481480318344,0.6498144444095504,0.7869180120096239,0.11156768637545901,0.05,0.005555555555555556,6,7-8
7,False,0.999995942779424,1.0,-4.709077554741211,-0.667643743982131,0.05,0.005555555555555556,7,8-9
8,False,0.9999999992606409,1.0,-6.669881917583012,-0.9456427259071888,0.05,0.005555555555555556,8,9-10
