,reject,pvals,pvals_corrected,tstats,effectsize,alpha,alpha_corrected,step,dimension_step
0,True,1.8367874492561153e-42,1.6531087043305037e-41,23.420570526572476,3.320522376365431,0.05,0.005555555555555556,0,1-2
1,True,5.29444582201137e-30,4.235556657609096e-29,16.25547707306628,2.3046695339198098,0.05,0.005555555555555556,1,2-3
2,True,5.820030259616815e-30,4.235556657609096e-29,16.234198675907546,2.301652724665799,0.05,0.005555555555555556,2,3-4
3,True,1.7381943842742205e-21,8.690971921371102e-21,12.079136850642023,1.7125562400040697,0.05,0.005555555555555556,3,4-5
4,True,1.2365844049492718e-29,7.419506429695631e-29,16.06522478235214,2.277695938731156,0.05,0.005555555555555556,4,5-6
5,True,8.669718771670304e-09,2.6009156315010913e-08,6.138241188679701,0.8702677501136754,0.05,0.005555555555555556,5,6-7
6,True,3.812711955523369e-15,1.5250847822093476e-14,9.154833824967897,1.2979543147005392,0.05,0.005555555555555556,6,7-8
7,False,1.0,1.0,-9.975997244812644,-1.4143772475728875,0.05,0.005555555555555556,7,8-9
8,False,0.9999999999143502,1.0,-7.123660645474109,-1.0099785805001187,0.05,0.005555555555555556,8,9-10
