,reject,pvals,pvals_corrected,tstats,effectsize,alpha,alpha_corrected,step,dimension_step
0,True,3.4999180196392555e-26,3.14992621767533e-25,14.329198308599613,2.031565523354735,0.05,0.005555555555555556,0,1-2
1,True,5.90511747726356e-18,4.724093981810848e-17,10.443553679032549,1.480666478242113,0.05,0.005555555555555556,1,2-3
2,True,1.0690711600851025e-16,7.483498120595717e-16,9.866600660203973,1.3988672151986161,0.05,0.005555555555555556,2,3-4
3,True,0.0013963696761871787,0.008378218057123072,3.06646957465135,0.43475801870500963,0.05,0.005555555555555556,3,4-5
4,False,0.32707436024023073,1.0,0.4493676398739603,0.06371045921887612,0.05,0.005555555555555556,4,5-6
5,False,0.0910617149417478,0.45530857470873903,1.3436802768058436,0.19050434406593672,0.05,0.005555555555555556,5,6-7
6,False,0.3547545463018551,1.0,0.37358880115118853,0.052966684666140004,0.05,0.005555555555555556,6,7-8
7,False,0.9797644065652913,1.0,-2.0761499148025657,-0.294352447177554,0.05,0.005555555555555556,7,8-9
8,False,0.9965061880945744,1.0,-2.7549260164973983,-0.39058798642979264,0.05,0.005555555555555556,8,9-10
