,reject,pvals,pvals_corrected,tstats,effectsize,alpha,alpha_corrected,step,dimension_step
0,True,3.3629661343245444e-43,3.02666952089209e-42,23.897227118190727,3.3881018094332433,0.05,0.005555555555555556,0,1-2
1,True,8.714878821055593e-26,6.100415174738915e-25,14.134878869048709,2.004015295811837,0.05,0.005555555555555556,1,2-3
2,True,1.5234569833911312e-36,1.218765586712905e-35,19.823389670326474,2.8105211570763355,0.05,0.005555555555555556,2,3-4
3,True,4.2077556485988874e-23,2.5246533891593327e-22,12.84143542524437,1.820633431017273,0.05,0.005555555555555556,3,4-5
4,True,2.248947792989262e-16,1.124473896494631e-15,9.718580906854758,1.3778812660056827,0.05,0.005555555555555556,4,5-6
5,True,4.254142853227701e-07,1.2762428559683102e-06,5.255278855566737,0.7450830889943847,0.05,0.005555555555555556,5,6-7
6,True,8.21064445063366e-15,3.284257780253464e-14,9.001773156207562,1.276253674445704,0.05,0.005555555555555556,6,7-8
7,False,0.9999999885528431,1.0,-6.077127676360969,-0.8616031966638611,0.05,0.005555555555555556,7,8-9
8,False,0.9999999896841862,1.0,-6.1000411351173955,-0.8648518217319104,0.05,0.005555555555555556,8,9-10
