{
  "data": {
    "name": "normal-8-100",
    "n_dimension": 8,
    "distance": "euclidean",
    "subject": null,
    "n_objects": 100,
    "n_train_triplets": 29473,
    "n_test_triplets": 10000,
    "frac_train_ndlogn": 7.999975790709088,
    "frac_train_triplets": 0.06075654504225933,
    "max_train_score": 0.7840396294913989,
    "max_test_score": 0.783,
    "noise_sd": 1.0,
    "distance_sd": 1.0726636734233324,
    "distance_mean": 3.987496491775474,
    "difference_sd": 0.9536711278311512,
    "difference_mean": -0.12344750018154213
  },
  "n_repeats": 10,
  "n_splits": 10,
  "embedding_method": "soe",
  "embedding_dimension": [
    1,
    2,
    3,
    4,
    5,
    6,
    7,
    8,
    9,
    10
  ],
  "random_state": 1133242947,
  "alpha": 0.05
}