,reject,pvals,pvals_corrected,tstats,effectsize,alpha,alpha_corrected,step,dimension_step
0,True,1.6958627766969876e-17,1.5262764990272887e-16,10.23323621450927,1.4508480822172323,0.05,0.005555555555555556,0,1-2
1,True,8.133773798835856e-08,6.507019039068685e-07,5.638179772794579,0.7993700271431953,0.05,0.005555555555555556,1,2-3
2,True,5.600359831500728e-07,3.9202518820505095e-06,5.190325980705005,0.7358741982825662,0.05,0.005555555555555556,2,3-4
3,True,1.1833286715654607e-05,7.099972029392764e-05,4.437314754658487,0.6291137492616962,0.05,0.005555555555555556,3,4-5
4,False,0.6163761070522839,1.0,-0.29679109470939463,-0.042078457054255274,0.05,0.005555555555555556,4,5-6
5,False,0.6764635714281338,1.0,-0.459234066515932,-0.0651093017621124,0.05,0.005555555555555556,5,6-7
6,False,0.9798512722379078,1.0,-2.0779918768591545,-0.29461359693128775,0.05,0.005555555555555556,6,7-8
7,False,0.6918676025029906,1.0,-0.5027383554021071,-0.07127725418455712,0.05,0.005555555555555556,7,8-9
8,False,0.9935137822035964,1.0,-2.5303100974116166,-0.35874238366934713,0.05,0.005555555555555556,8,9-10
