,reject,pvals,pvals_corrected,tstats,effectsize,alpha,alpha_corrected,step,dimension_step
0,True,1.197729184521484e-31,1.0779562660693358e-30,17.118138360920202,2.4269759528131147,0.05,0.005555555555555556,0,1-2
1,True,1.3333593701844335e-14,1.0666874961475468e-13,8.904927474339663,1.2625230843504769,0.05,0.005555555555555556,1,2-3
2,True,0.0012170706185704156,0.0073024237114224936,3.111288765143854,0.44111239528828255,0.05,0.005555555555555556,2,3-4
3,True,1.6171087517762187e-11,1.1319761262433531e-10,7.468886991870915,1.0589240921741778,0.05,0.005555555555555556,3,4-5
4,False,0.01503107594905568,0.07515537974527839,2.200966739387813,0.31204873081470785,0.05,0.005555555555555556,4,5-6
5,False,0.026270720086598812,0.10508288034639525,1.9622444780639219,0.27820315862579914,0.05,0.005555555555555556,5,6-7
6,False,0.8052895753443272,1.0,-0.864467601799333,-0.12256251452802384,0.05,0.005555555555555556,6,7-8
7,False,0.9087606272295226,1.0,-1.3425789938818786,-0.19034820634129906,0.05,0.005555555555555556,7,8-9
8,False,0.9596548343602214,1.0,-1.7647466539975043,-0.25020230598423043,0.05,0.005555555555555556,8,9-10
