,reject,pvals,pvals_corrected,tstats,effectsize,alpha,alpha_corrected,step,dimension_step
0,True,1.1981713827114636e-62,1.0783542444403173e-61,39.43645288519389,5.591222643410617,0.05,0.005555555555555556,0,1-2
1,True,6.969635719958265e-60,5.575708575966612e-59,36.820230211176344,5.220299743783833,0.05,0.005555555555555556,1,2-3
2,True,3.776740491883965e-43,2.6437183443187758e-42,23.8644335167529,3.383452397188893,0.05,0.005555555555555556,2,3-4
3,True,1.1406675161808803e-25,5.703337580904401e-25,14.077723406515602,1.9959119068676023,0.05,0.005555555555555556,3,4-5
4,True,6.378097426638453e-30,3.8268584559830717e-29,16.213625573711845,2.2987359107429888,0.05,0.005555555555555556,4,5-6
5,True,4.772323101093493e-23,1.908929240437397e-22,12.815459327262108,1.816950590989832,0.05,0.005555555555555556,5,6-7
6,True,3.704180865671744e-12,1.1112542597015234e-11,7.770809911154528,1.1017301292124877,0.05,0.005555555555555556,6,7-8
7,False,0.9999983482128135,1.0,-4.930588016208487,-0.6990490610757777,0.05,0.005555555555555556,7,8-9
8,False,0.7631773584912848,1.0,-0.7193087094066781,-0.10198217256874657,0.05,0.005555555555555556,8,9-10
