{
  "data": {
    "name": "normal-8-100",
    "n_dimension": 8,
    "distance": "euclidean",
    "subject": null,
    "n_objects": 100,
    "n_train_triplets": 14736,
    "n_test_triplets": 10000,
    "frac_train_ndlogn": 3.999852178328949,
    "frac_train_triplets": 0.030377241805813235,
    "max_train_score": 0.6733849077090119,
    "max_test_score": 0.6847,
    "noise_sd": 2.0,
    "distance_sd": 1.0653970357810902,
    "distance_mean": 3.789724731594924,
    "difference_sd": 0.9372817046102567,
    "difference_mean": -0.0905546454643194
  },
  "n_repeats": 10,
  "n_splits": 10,
  "embedding_method": "soe",
  "embedding_dimension": [
    1,
    2,
    3,
    4,
    5,
    6,
    7,
    8,
    9,
    10
  ],
  "random_state": 2896579024,
  "alpha": 0.05
}