,reject,pvals,pvals_corrected,tstats,effectsize,alpha,alpha_corrected,step,dimension_step
0,True,7.62149114876479e-50,6.85934203388831e-49,28.519533270077673,4.043443274763396,0.05,0.005555555555555556,0,1-2
1,True,1.0507858538066422e-42,8.406286830453138e-42,23.576621296037466,3.3426469472109464,0.05,0.005555555555555556,1,2-3
2,True,7.33824941508418e-35,5.136774590558926e-34,18.86845123394639,2.675131865749984,0.05,0.005555555555555556,2,3-4
3,True,3.4712480244006813e-14,1.7356240122003407e-13,8.71353108586988,1.2353872812346482,0.05,0.005555555555555556,3,4-5
4,True,2.0767685940655177e-20,1.2460611564393107e-19,11.57650403894277,1.6412939495978978,0.05,0.005555555555555556,4,5-6
5,True,5.175644929967426e-07,1.552693478990228e-06,5.208999908159886,0.7385217509499192,0.05,0.005555555555555556,5,6-7
6,True,4.100518279085048e-10,1.6402073116340193e-09,6.794932771277361,0.9633721897306499,0.05,0.005555555555555556,6,7-8
7,False,0.999998693819511,1.0,-4.987563255800914,-0.7071268983663248,0.05,0.005555555555555556,7,8-9
8,False,0.9570380526307076,1.0,-1.7346007473454712,-0.24592827869354905,0.05,0.005555555555555556,8,9-10
