,reject,pvals,pvals_corrected,tstats,effectsize,alpha,alpha_corrected,step,dimension_step
0,True,5.027659798416524e-72,4.524893818574871e-71,49.590575824697936,7.030854201264178,0.05,0.005555555555555556,0,1-2
1,True,7.190823579913e-69,5.7526588639304e-68,45.936107480017284,6.512730874658474,0.05,0.005555555555555556,1,2-3
2,True,2.0000970983779731e-50,1.200058259026784e-49,28.95388352912711,4.105024599296776,0.05,0.005555555555555556,2,3-4
3,True,1.718944498932421e-49,8.594722494662104e-49,28.257977419463334,4.006360401242069,0.05,0.005555555555555556,3,4-5
4,True,5.206238872305611e-48,2.0824955489222443e-47,27.18137579285808,3.853721942348927,0.05,0.005555555555555556,4,5-6
5,True,4.657734990039227e-58,3.260414493027459e-57,35.17694214491214,4.987317597227939,0.05,0.005555555555555556,5,6-7
6,True,2.5930286489468282e-36,7.779085946840485e-36,19.690664145805485,2.791703593533776,0.05,0.005555555555555556,6,7-8
7,False,0.9999941051576335,1.0,-4.615274897973392,-0.6543445879941641,0.05,0.005555555555555556,7,8-9
8,False,0.9999770585885029,1.0,-4.264276293346756,-0.6045806969133112,0.05,0.005555555555555556,8,9-10
