,reject,pvals,pvals_corrected,tstats,effectsize,alpha,alpha_corrected,step,dimension_step
0,True,9.054764877451392e-37,8.149288389706253e-36,19.953748314492145,2.8290031489822827,0.05,0.005555555555555556,0,1-2
1,True,4.931147173890019e-23,3.944917739112015e-22,12.808707068912765,1.8159932690956213,0.05,0.005555555555555556,1,2-3
2,True,2.7414753146532266e-21,1.9190327202572588e-20,11.986507295277958,1.699423404023401,0.05,0.005555555555555556,2,3-4
3,True,4.5855882229012674e-17,2.2927941114506336e-16,10.035109389665815,1.4227580510839382,0.05,0.005555555555555556,3,4-5
4,True,3.516636759293992e-21,2.1099820555763952e-20,11.935945836929314,1.692254900009468,0.05,0.005555555555555556,4,5-6
5,True,6.834175861216732e-14,2.733670344486693e-13,8.577754235247145,1.2161371066851558,0.05,0.005555555555555556,5,6-7
6,True,0.0018741193232667272,0.005622357969800182,2.9689631867660555,0.4209337550115038,0.05,0.005555555555555556,6,7-8
7,False,0.9987799946316864,1.0,-3.11050710672667,-0.44100157329690576,0.05,0.005555555555555556,7,8-9
8,False,0.9998892442142138,1.0,-3.834289406855722,-0.5436180027501928,0.05,0.005555555555555556,8,9-10
