,reject,pvals,pvals_corrected,tstats,effectsize,alpha,alpha_corrected,step,dimension_step
0,True,2.6104153054480626e-20,2.08833224435845e-19,11.530354429728463,1.6347509488677165,0.05,0.005555555555555556,0,1-2
1,True,3.3482567717352935e-18,2.3437797402147056e-17,10.556777103895055,1.4967190724928858,0.05,0.005555555555555556,1,2-3
2,True,1.1806857703527272e-22,1.0626171933174545e-21,12.628964895172611,1.7905097775981114,0.05,0.005555555555555556,2,3-4
3,True,9.787488304079208e-07,4.893744152039604e-06,5.0571349612977325,0.7169906377915445,0.05,0.005555555555555556,3,4-5
4,True,1.0750360605561734e-16,6.45021636333704e-16,9.865493156543925,1.3987101955102648,0.05,0.005555555555555556,4,5-6
5,True,1.4055769093116299e-05,5.6223076372465196e-05,4.392717805391691,0.6227908816018322,0.05,0.005555555555555556,5,6-7
6,False,0.98177157350557,1.0,-2.1205696323397762,-0.3006501872717499,0.05,0.005555555555555556,6,7-8
7,False,0.9999748161134364,1.0,-4.239562911810122,-0.6010768823373619,0.05,0.005555555555555556,7,8-9
8,False,0.9999653295474172,1.0,-4.154176415767049,-0.5889709530463236,0.05,0.005555555555555556,8,9-10
