,reject,pvals,pvals_corrected,tstats,effectsize,alpha,alpha_corrected,step,dimension_step
0,True,2.6806481721873793e-55,2.4125833549686413e-54,32.810382019607225,4.651791362195646,0.05,0.005555555555555556,0,1-2
1,True,2.7887837557687083e-51,2.2310270046149667e-50,29.603083686543016,4.19706691940139,0.05,0.005555555555555556,1,2-3
2,True,1.0084794487509805e-37,7.0593561412568635e-37,20.5094412775912,2.9077882031834905,0.05,0.005555555555555556,2,3-4
3,True,5.578440611281407e-35,2.7892203056407037e-34,18.93512586974485,2.6845848643374275,0.05,0.005555555555555556,3,4-5
4,True,9.280378338353233e-37,5.568227003011939e-36,19.947570162624686,2.828127222774712,0.05,0.005555555555555556,4,5-6
5,True,2.0937745433834077e-33,8.375098173533631e-33,18.06422936106535,2.561110872049844,0.05,0.005555555555555556,5,6-7
6,True,3.900071242714172e-20,1.1700213728142516e-19,11.449408238430161,1.623274557240851,0.05,0.005555555555555556,6,7-8
7,False,0.9999999999497833,1.0,-7.2347103055778215,-1.0257229826633276,0.05,0.005555555555555556,7,8-9
8,False,0.9600122412968694,1.0,-1.7689881257293252,-0.25080365349531064,0.05,0.005555555555555556,8,9-10
