,reject,pvals,pvals_corrected,tstats,effectsize,alpha,alpha_corrected,step,dimension_step
0,True,3.0066649936429563e-57,2.7059984942786607e-56,34.468016496057196,4.886807514540951,0.05,0.005555555555555556,0,1-2
1,True,1.1422448065036411e-49,7.995713645525488e-49,28.389179602468644,4.0249619884238514,0.05,0.005555555555555556,1,2-3
2,True,2.162731064643584e-53,1.7301848517148673e-52,31.254401511959255,4.431187509400022,0.05,0.005555555555555556,2,3-4
3,True,2.2554125951416407e-32,9.021650380566563e-32,17.50529759311548,2.4818666264737885,0.05,0.005555555555555556,3,4-5
4,True,3.857057075221637e-33,1.9285285376108186e-32,17.9196788741577,2.5406167886223376,0.05,0.005555555555555556,4,5-6
5,True,7.1025970207478295e-37,4.261558212448698e-36,20.01476842334143,2.837654459872101,0.05,0.005555555555555556,5,6-7
6,True,3.363921435204267e-24,1.0091764305612801e-23,13.365690564487263,1.8949612924502608,0.05,0.005555555555555556,6,7-8
7,False,0.9999998510011522,1.0,-5.499573094032649,-0.7797186451317922,0.05,0.005555555555555556,7,8-9
8,False,0.999999651676964,1.0,-5.302259470106634,-0.7517439080234571,0.05,0.005555555555555556,8,9-10
