,reject,pvals,pvals_corrected,tstats,effectsize,alpha,alpha_corrected,step,dimension_step
0,True,1.678309128071705e-30,1.5104782152645346e-29,16.514799433447006,2.3414357475933465,0.05,0.005555555555555556,0,1-2
1,True,2.3858527186048344e-18,1.6700969030233842e-17,10.624446262786007,1.5063130726062606,0.05,0.005555555555555556,1,2-3
2,True,1.4659150541382938e-28,1.172732043310635e-27,15.516364732780454,2.199879641556497,0.05,0.005555555555555556,2,3-4
3,True,8.296633172136911e-08,4.1483165860684553e-07,5.63366557673482,0.7987300133138684,0.05,0.005555555555555556,3,4-5
4,True,6.528573847634224e-12,3.917144308580535e-11,7.655029518765487,1.0853150131402303,0.05,0.005555555555555556,4,5-6
5,False,0.5371255154666768,1.0,-0.09343228508410724,-0.013246645419877197,0.05,0.005555555555555556,5,6-7
6,False,0.24155483047804238,0.9662193219121695,0.7039608786705783,0.09980618734541193,0.05,0.005555555555555556,6,7-8
7,False,0.9997160246284613,1.0,-3.561922354654238,-0.5050023383540755,0.05,0.005555555555555556,7,8-9
8,False,0.9999991182659516,1.0,-5.082175873551764,-0.7205408890277292,0.05,0.005555555555555556,8,9-10
