,reject,pvals,pvals_corrected,tstats,effectsize,alpha,alpha_corrected,step,dimension_step
0,True,3.6346735793705783e-60,3.2712062214335206e-59,37.08065559021234,5.257222341270575,0.05,0.005555555555555556,0,1-2
1,True,8.551354473409924e-54,6.841083578727939e-53,31.578059025171736,4.477075034372204,0.05,0.005555555555555556,1,2-3
2,True,4.0582163589724583e-35,2.434929815383475e-34,19.01266266234,2.695577878128944,0.05,0.005555555555555556,2,3-4
3,True,4.3122640201901916e-38,3.018584814133134e-37,20.72708081899085,2.9386447088514247,0.05,0.005555555555555556,3,4-5
4,True,7.580001712061517e-29,3.7900008560307585e-28,15.66194755536584,2.220520087503821,0.05,0.005555555555555556,4,5-6
5,True,3.364099681904018e-14,1.0092299045712054e-13,8.719809612589563,1.2362774383911386,0.05,0.005555555555555556,5,6-7
6,True,1.011903568799349e-15,4.047614275197396e-15,9.419173609598017,1.3354318889053205,0.05,0.005555555555555556,6,7-8
7,False,0.999999997046867,1.0,-6.372848068035433,-0.903529851549937,0.05,0.005555555555555556,7,8-9
8,False,0.9999974782452749,1.0,-4.8269919936282495,-0.6843614209651386,0.05,0.005555555555555556,8,9-10
