,reject,pvals,pvals_corrected,tstats,effectsize,alpha,alpha_corrected,step,dimension_step
0,True,6.191438125744863e-58,5.572294313170377e-57,35.06794283822186,4.971863890134735,0.05,0.005555555555555556,0,1-2
1,True,8.947489938882672e-48,7.157991951106138e-47,27.01339697071842,3.829906235680406,0.05,0.005555555555555556,1,2-3
2,True,9.312768981502692e-42,6.518938287051884e-41,22.97104877389626,3.2567900673368846,0.05,0.005555555555555556,2,3-4
3,True,4.532027584542969e-40,2.7192165507257814e-39,21.919266163234056,3.107670399657849,0.05,0.005555555555555556,3,4-5
4,True,3.3458649467772766e-39,1.6729324733886383e-38,21.390768358678987,3.0327410214903083,0.05,0.005555555555555556,4,5-6
5,True,1.0554222969830782e-23,4.221689187932313e-23,13.127691874024958,1.861218306713465,0.05,0.005555555555555556,5,6-7
6,True,8.188623559187207e-20,2.4565870677561623e-19,11.300087673051992,1.6021041814796286,0.05,0.005555555555555556,6,7-8
7,False,0.9999507442901998,1.0,-4.059131408315145,-0.5754956590244383,0.05,0.005555555555555556,7,8-9
8,False,0.9992721249669682,1.0,-3.2752065894752738,-0.4643523416832721,0.05,0.005555555555555556,8,9-10
