,reject,pvals,pvals_corrected,tstats,effectsize,alpha,alpha_corrected,step,dimension_step
0,True,1.1395947248507786e-47,1.0256352523657007e-46,26.938620839964337,3.8193046230892334,0.05,0.005555555555555556,0,1-2
1,True,1.2158359117300964e-31,9.726687293840771e-31,17.114679091898314,2.4264855044621654,0.05,0.005555555555555556,1,2-3
2,True,2.6218875085829807e-17,1.8353212560080865e-16,10.146436549463916,1.4385417966074467,0.05,0.005555555555555556,2,3-4
3,True,7.929690866297369e-06,3.1718763465189476e-05,4.540038036856305,0.6436776539592591,0.05,0.005555555555555556,3,4-5
4,True,1.3390902079871865e-12,8.034541247923119e-12,7.9777803077049985,1.1310739845302447,0.05,0.005555555555555556,4,5-6
5,True,6.254898978036691e-06,3.127449489018346e-05,4.600289047672661,0.6522199236442506,0.05,0.005555555555555556,5,6-7
6,False,0.016820327143973038,0.050460981431919114,2.154330632038253,0.3054367553367793,0.05,0.005555555555555556,6,7-8
7,False,0.9999887341920823,1.0,-4.45000013754242,-0.6309122578706591,0.05,0.005555555555555556,7,8-9
8,False,0.999132075457659,1.0,-3.2197315687699546,-0.4564872024727498,0.05,0.005555555555555556,8,9-10
