,reject,pvals,pvals_corrected,tstats,effectsize,alpha,alpha_corrected,step,dimension_step
0,True,4.486826334261764e-75,4.0381437008355876e-74,53.37558368263555,7.567485163039478,0.05,0.005555555555555556,0,1-2
1,True,2.3557257272302422e-60,1.563380232042765e-59,37.25501378386028,5.281942502671159,0.05,0.005555555555555556,1,2-3
2,True,5.299617825703136e-63,4.239694260562509e-62,39.78320925023682,5.640385078115862,0.05,0.005555555555555556,2,3-4
3,True,2.2334003314896643e-60,1.563380232042765e-59,37.27650170675782,5.284989018071881,0.05,0.005555555555555556,3,4-5
4,True,1.7083792309508958e-44,6.833516923803583e-44,24.75043169732707,3.5090674747839365,0.05,0.005555555555555556,4,5-6
5,True,1.0300992710026825e-44,5.150496355013412e-44,24.897427813003823,3.529908294643114,0.05,0.005555555555555556,5,6-7
6,True,5.566913690008147e-28,1.670074107002444e-27,15.223590212526338,2.1583706465202552,0.05,0.005555555555555556,6,7-8
7,False,0.9999999855546444,1.0,-6.025776278695078,-0.8543226966088445,0.05,0.005555555555555556,7,8-9
8,False,0.9999554172408499,1.0,-4.086250510048792,-0.579340551873284,0.05,0.005555555555555556,8,9-10
