,reject,pvals,pvals_corrected,tstats,effectsize,alpha,alpha_corrected,step,dimension_step
0,True,7.815153625591264e-58,7.033638263032138e-57,34.978971517834985,4.959249711506413,0.05,0.005555555555555556,0,1-2
1,True,2.1715552810765046e-47,1.7372442248612036e-46,26.74006708358701,3.7911540624436553,0.05,0.005555555555555556,1,2-3
2,True,6.012081346773411e-37,4.208456942741388e-36,20.056720897756396,2.843602399094194,0.05,0.005555555555555556,2,3-4
3,True,5.102591067426693e-35,3.061554640456016e-34,18.956835970482818,2.687662879674918,0.05,0.005555555555555556,3,4-5
4,True,1.584940623300539e-33,7.924703116502695e-33,18.130313081298574,2.5704800917919046,0.05,0.005555555555555556,4,5-6
5,True,6.303896371337471e-16,1.8911689114012415e-15,9.51340905446337,1.348792404737637,0.05,0.005555555555555556,5,6-7
6,True,1.0021060927145554e-19,4.0084243708582217e-19,11.259484002329,1.5963474729893168,0.05,0.005555555555555556,6,7-8
7,False,0.9999999898939071,1.0,-6.1045595440789375,-0.8654924328581572,0.05,0.005555555555555556,7,8-9
8,False,0.9988797219451757,1.0,-3.1381036057004716,-0.44491415058651057,0.05,0.005555555555555556,8,9-10
