,reject,pvals,pvals_corrected,tstats,effectsize,alpha,alpha_corrected,step,dimension_step
0,True,1.2948415195433402e-48,1.1653573675890062e-47,27.616689957351554,3.9154399274983236,0.05,0.005555555555555556,0,1-2
1,True,1.515846957822502e-17,9.095081746935012e-17,10.255597124054026,1.454018367945968,0.05,0.005555555555555556,1,2-3
2,True,7.076584067285357e-26,5.6612672538282855e-25,14.179152124865341,2.0102922708516586,0.05,0.005555555555555556,2,3-4
3,True,4.854794844411902e-22,3.398356391088331e-21,12.33921566687874,1.749429702499479,0.05,0.005555555555555556,3,4-5
4,True,9.652763769101333e-17,4.826381884550666e-16,9.886929864872286,1.401749449810205,0.05,0.005555555555555556,4,5-6
5,True,2.0092122257594747e-12,8.036848903037899e-12,7.895373659373833,1.1193905321807618,0.05,0.005555555555555556,5,6-7
6,True,7.130802955874387e-09,2.1392408867623162e-08,6.181067450458102,0.8763395731877512,0.05,0.005555555555555556,6,7-8
7,False,0.9998242249124469,1.0,-3.7023043478568085,-0.5249054209514461,0.05,0.005555555555555556,7,8-9
8,False,0.9997025108585259,1.0,-3.5481245331488456,-0.5030461103876487,0.05,0.005555555555555556,8,9-10
