{
  "data": {
    "name": "normal-8-100",
    "n_dimension": 8,
    "distance": "euclidean",
    "subject": null,
    "n_objects": 100,
    "n_train_triplets": 29473,
    "n_test_triplets": 10000,
    "frac_train_ndlogn": 7.999975790709088,
    "frac_train_triplets": 0.06075654504225933,
    "max_train_score": 0.7892647507888576,
    "max_test_score": 0.7833,
    "noise_sd": 1.0,
    "distance_sd": 1.0742588584965926,
    "distance_mean": 4.029786273585962,
    "difference_sd": 0.964792673003858,
    "difference_mean": -0.11418702999851857
  },
  "n_repeats": 10,
  "n_splits": 10,
  "embedding_method": "soe",
  "embedding_dimension": [
    1,
    2,
    3,
    4,
    5,
    6,
    7,
    8,
    9,
    10
  ],
  "random_state": 929544771,
  "alpha": 0.05
}