{
  "data": {
    "name": "normal-8-100",
    "n_dimension": 8,
    "distance": "euclidean",
    "subject": null,
    "n_objects": 100,
    "n_train_triplets": 29473,
    "n_test_triplets": 10000,
    "frac_train_ndlogn": 7.999975790709088,
    "frac_train_triplets": 0.06075654504225933,
    "max_train_score": 0.7830556780782411,
    "max_test_score": 0.7792,
    "noise_sd": 1.0,
    "distance_sd": 1.0644473660336102,
    "distance_mean": 3.763212897317019,
    "difference_sd": 0.9262188908000821,
    "difference_mean": -0.1360520615779883
  },
  "n_repeats": 10,
  "n_splits": 10,
  "embedding_method": "soe",
  "embedding_dimension": [
    1,
    2,
    3,
    4,
    5,
    6,
    7,
    8,
    9,
    10
  ],
  "random_state": 1657284032,
  "alpha": 0.05
}