,reject,pvals,pvals_corrected,tstats,effectsize,alpha,alpha_corrected,step,dimension_step
0,True,1.0642573243117014e-43,9.578315918805313e-43,24.22411755077472,3.434447691348605,0.05,0.005555555555555556,0,1-2
1,True,1.3682784364319743e-38,1.0946227491455794e-37,21.023454668909967,2.9806640097608303,0.05,0.005555555555555556,1,2-3
2,True,7.209552959714034e-25,5.046687071799823e-24,13.68831012357947,1.9407016583309034,0.05,0.005555555555555556,2,3-4
3,True,1.4281815345156754e-18,8.569089207094052e-18,10.726982664496674,1.5208504817563053,0.05,0.005555555555555556,3,4-5
4,True,9.64742784086552e-11,2.894228352259656e-10,7.0988411920286945,1.0064597272577882,0.05,0.005555555555555556,4,5-6
5,True,5.346664175698234e-15,2.6733320878491173e-14,9.087386785361259,1.2883918062219628,0.05,0.005555555555555556,5,6-7
6,True,8.793034537647309e-14,3.5172138150589237e-13,8.527175374092018,1.2089661353355838,0.05,0.005555555555555556,6,7-8
7,False,0.9999991139000226,1.0,-5.080992432763014,-0.7203731031227834,0.05,0.005555555555555556,7,8-9
8,False,0.9999368733131452,1.0,-3.9911317577959764,-0.565854802458722,0.05,0.005555555555555556,8,9-10
