,reject,pvals,pvals_corrected,tstats,effectsize,alpha,alpha_corrected,step,dimension_step
0,True,2.0189787339662897e-30,1.8170808605696608e-29,16.47295529862958,2.335503168546082,0.05,0.005555555555555556,0,1-2
1,True,5.311189661008713e-24,4.2489517288069706e-23,13.270479549733148,1.8814624622399205,0.05,0.005555555555555556,1,2-3
2,True,1.698634024276592e-17,1.1890438169936142e-16,10.232910874680252,1.4508019561768373,0.05,0.005555555555555556,2,3-4
3,True,1.7603319479358965e-08,7.041327791743586e-08,5.981989333201534,0.8481146696891312,0.05,0.005555555555555556,3,4-5
4,True,6.660034870322464e-16,3.996020922193479e-15,9.502467180068644,1.3472410873294702,0.05,0.005555555555555556,4,5-6
5,True,5.3144073192093445e-09,2.657203659604672e-08,6.2452799288091745,0.8854434919400594,0.05,0.005555555555555556,5,6-7
6,False,0.8304977614962186,1.0,-0.960778109669677,-0.1362172287075848,0.05,0.005555555555555556,6,7-8
7,False,0.9999999840374526,1.0,-6.003674705981024,-0.8511891791453557,0.05,0.005555555555555556,7,8-9
8,False,0.9999986464461923,1.0,-4.9789389778732085,-0.7059041652221236,0.05,0.005555555555555556,8,9-10
