{
  "data": {
    "name": "normal-8-100",
    "n_dimension": 8,
    "distance": "euclidean",
    "subject": null,
    "n_objects": 100,
    "n_train_triplets": 14736,
    "n_test_triplets": 10000,
    "frac_train_ndlogn": 3.999852178328949,
    "frac_train_triplets": 0.030377241805813235,
    "max_train_score": 0.876357220412595,
    "max_test_score": 0.8778,
    "noise_sd": 0.5,
    "distance_sd": 1.0669083290740675,
    "distance_mean": 3.831585165713307,
    "difference_sd": 0.928198462871187,
    "difference_mean": -0.15589502639913116
  },
  "n_repeats": 10,
  "n_splits": 10,
  "embedding_method": "soe",
  "embedding_dimension": [
    1,
    2,
    3,
    4,
    5,
    6,
    7,
    8,
    9,
    10
  ],
  "random_state": 3699085543,
  "alpha": 0.05
}