,reject,pvals,pvals_corrected,tstats,effectsize,alpha,alpha_corrected,step,dimension_step
0,True,6.198080835731991e-34,5.578272752158792e-33,18.35413029601328,2.602212455819193,0.05,0.005555555555555556,0,1-2
1,True,4.754648144694323e-13,3.3282537012860265e-12,8.187373337414913,1.1607896716136303,0.05,0.005555555555555556,1,2-3
2,True,2.2680933289347677e-16,1.814474663147814e-15,9.716893652122813,1.377642050351833,0.05,0.005555555555555556,2,3-4
3,True,3.822183145310121e-06,1.9110915726550606e-05,4.723964282017142,0.6697543548647521,0.05,0.005555555555555556,3,4-5
4,True,1.3665069323623311e-08,8.199041594173986e-08,6.038050426488753,0.8560629011163936,0.05,0.005555555555555556,4,5-6
5,False,0.9933161037669304,1.0,-2.519062578408058,-0.3571477325703255,0.05,0.005555555555555556,5,6-7
6,False,0.7223588961480367,1.0,-0.5918770059740552,-0.08391515655706136,0.05,0.005555555555555556,6,7-8
7,False,0.9996755610992784,1.0,-3.5222921858101275,-0.4993836510434181,0.05,0.005555555555555556,7,8-9
8,False,0.9995759933563726,1.0,-3.4417601213641813,-0.48796597350630294,0.05,0.005555555555555556,8,9-10
