,reject,pvals,pvals_corrected,tstats,effectsize,alpha,alpha_corrected,step,dimension_step
0,True,1.108809891831317e-38,9.979289026481854e-38,21.078032650620273,2.988401968548825,0.05,0.005555555555555556,0,1-2
1,True,4.233056721810555e-34,3.386445377448444e-33,18.44546115267055,2.6151611648542272,0.05,0.005555555555555556,1,2-3
2,True,7.886221960946206e-18,3.943110980473103e-17,10.385854577590994,1.4724860132438122,0.05,0.005555555555555556,2,3-4
3,True,7.601291344802365e-22,4.560774806881419e-21,12.247656791884898,1.7364486654736317,0.05,0.005555555555555556,3,4-5
4,True,3.2346191956285406e-24,2.2642334369399784e-23,13.373871247308934,1.8961211335537251,0.05,0.005555555555555556,4,5-6
5,True,5.409383717313397e-09,1.622815115194019e-08,6.2414184718057975,0.8848960221689648,0.05,0.005555555555555556,5,6-7
6,True,6.480935108658488e-10,2.5923740434633953e-09,6.697897318897894,0.9496146943459328,0.05,0.005555555555555556,6,7-8
7,False,0.9999999999999941,1.0,-9.069232296090698,-1.285817898477658,0.05,0.005555555555555556,7,8-9
8,False,0.99999991024745,1.0,-5.615746640919,-0.7961895018745944,0.05,0.005555555555555556,8,9-10
