,reject,pvals,pvals_corrected,tstats,effectsize,alpha,alpha_corrected,step,dimension_step
0,True,1.540878018595357e-38,1.3867902167358213e-37,20.992658378321174,2.9762977723161397,0.05,0.005555555555555556,0,1-2
1,True,2.1483341623932845e-21,1.0741670811966423e-20,12.036052597038552,1.706447839356997,0.05,0.005555555555555556,1,2-3
2,True,6.718802947140722e-29,4.703162062998505e-28,15.688631667907844,2.2243033084415282,0.05,0.005555555555555556,2,3-4
3,True,2.587426718668466e-38,2.069941374934773e-37,20.8586324396359,2.95729583861376,0.05,0.005555555555555556,3,4-5
4,True,7.134402969611217e-27,4.28064178176673e-26,14.670242019770871,2.07991802924173,0.05,0.005555555555555556,4,5-6
5,True,0.002723637419142935,0.01089454967657174,2.841829258653536,0.40290895699841134,0.05,0.005555555555555556,5,6-7
6,True,0.011935826609234042,0.035807479827702125,2.294533643798993,0.3253144622977247,0.05,0.005555555555555556,6,7-8
7,False,0.9999999999998659,1.0,-8.442352198369818,-1.1969400724905146,0.05,0.005555555555555556,7,8-9
8,False,0.9998985671905104,1.0,-3.8590866796573664,-0.5471337112645211,0.05,0.005555555555555556,8,9-10
