{
  "data": {
    "name": "normal-8-100",
    "n_dimension": 8,
    "distance": "euclidean",
    "subject": null,
    "n_objects": 100,
    "n_train_triplets": 14736,
    "n_test_triplets": 10000,
    "frac_train_ndlogn": 3.999852178328949,
    "frac_train_triplets": 0.030377241805813235,
    "max_train_score": 0.7857627578718784,
    "max_test_score": 0.7883,
    "noise_sd": 1.0,
    "distance_sd": 1.0689057883934263,
    "distance_mean": 3.886309156723931,
    "difference_sd": 0.942285191987901,
    "difference_mean": -0.1319725962439338
  },
  "n_repeats": 10,
  "n_splits": 10,
  "embedding_method": "soe",
  "embedding_dimension": [
    1,
    2,
    3,
    4,
    5,
    6,
    7,
    8,
    9,
    10
  ],
  "random_state": 1725259035,
  "alpha": 0.05
}