,reject,pvals,pvals_corrected,tstats,effectsize,alpha,alpha_corrected,step,dimension_step
0,True,8.143883834924846e-49,7.329495451432362e-48,27.762946096572033,3.9361758349524743,0.05,0.005555555555555556,0,1-2
1,True,3.87008696158298e-40,3.096069569266384e-39,21.961369241983142,3.1136396912659077,0.05,0.005555555555555556,1,2-3
2,True,3.1652572236441294e-24,1.8991543341864777e-23,13.378396096808693,1.8967626578067995,0.05,0.005555555555555556,2,3-4
3,True,1.7657382992615982e-32,1.2360168094831187e-31,17.56242615047136,2.48996620085497,0.05,0.005555555555555556,3,4-5
4,True,3.2644769991067916e-13,1.3057907996427166e-12,8.263260006306137,1.1715487341153423,0.05,0.005555555555555556,4,5-6
5,True,4.240281087868908e-23,2.120140543934454e-22,12.839846358501951,1.8204081362632551,0.05,0.005555555555555556,5,6-7
6,False,0.02078019507013229,0.06234058521039687,2.064754405472102,0.2927368143013627,0.05,0.005555555555555556,6,7-8
7,False,0.9999991081638622,1.0,-5.0794461889378155,-0.7201538797176549,0.05,0.005555555555555556,7,8-9
8,False,0.9998887384849257,1.0,-3.833001856656785,-0.5434354564180522,0.05,0.005555555555555556,8,9-10
