,reject,pvals,pvals_corrected,tstats,effectsize,alpha,alpha_corrected,step,dimension_step
0,True,8.636001184644388e-80,7.77240106617995e-79,59.76423396157766,8.473255420938703,0.05,0.005555555555555556,0,1-2
1,True,3.6515636709468187e-63,2.921250936757455e-62,39.94243556113814,5.6629598709738795,0.05,0.005555555555555556,1,2-3
2,True,4.244777893607138e-55,2.971344525524997e-54,32.64454456179363,4.628279253945132,0.05,0.005555555555555556,2,3-4
3,True,1.4744162151886696e-50,8.846497291132017e-50,29.053616656687463,4.119164565757171,0.05,0.005555555555555556,3,4-5
4,True,2.1142307791838705e-43,8.456923116735482e-43,24.028715343671287,3.406743951153976,0.05,0.005555555555555556,4,5-6
5,True,1.0773004143145178e-49,5.386502071572589e-49,28.408009686301625,4.027631680635034,0.05,0.005555555555555556,5,6-7
6,True,4.243541125883221e-30,1.273062337764966e-29,16.305270690366683,2.31172917494173,0.05,0.005555555555555556,6,7-8
7,False,0.992311579203512,1.0,-2.46614144697861,-0.3496446787529694,0.05,0.005555555555555556,7,8-9
8,False,0.9998964141646816,1.0,-3.8531726301811706,-0.5462952289739911,0.05,0.005555555555555556,8,9-10
