{
  "data": {
    "name": "normal-8-100",
    "n_dimension": 8,
    "distance": "euclidean",
    "subject": null,
    "n_objects": 100,
    "n_train_triplets": 14736,
    "n_test_triplets": 10000,
    "frac_train_ndlogn": 3.999852178328949,
    "frac_train_triplets": 0.030377241805813235,
    "max_train_score": 0.8749321389793703,
    "max_test_score": 0.8757,
    "noise_sd": 0.5,
    "distance_sd": 1.0716677505864278,
    "distance_mean": 3.9608969939964904,
    "difference_sd": 0.9504657971946721,
    "difference_mean": -0.14187051130470735
  },
  "n_repeats": 10,
  "n_splits": 10,
  "embedding_method": "soe",
  "embedding_dimension": [
    1,
    2,
    3,
    4,
    5,
    6,
    7,
    8,
    9,
    10
  ],
  "random_state": 2675398063,
  "alpha": 0.05
}