,reject,pvals,pvals_corrected,tstats,effectsize,alpha,alpha_corrected,step,dimension_step
0,True,4.592308531701901e-40,4.133077678531711e-39,21.915745144941052,3.1071711966168194,0.05,0.005555555555555556,0,1-2
1,True,4.608987987092407e-34,3.2262915909646844e-33,18.425060496761795,2.612268800026449,0.05,0.005555555555555556,1,2-3
2,True,6.89202210766287e-37,5.513617686130296e-36,20.0223390305631,2.838727805658179,0.05,0.005555555555555556,2,3-4
3,True,8.519252857408352e-27,5.111551714445011e-26,14.632052933165552,2.0745036557335337,0.05,0.005555555555555556,3,4-5
4,True,2.8535169494900595e-22,1.4267584747450298e-21,12.447935215272533,1.7648437460122253,0.05,0.005555555555555556,4,5-6
5,True,6.616649357518522e-11,2.646659743007409e-10,7.177401435962966,1.0175978439650866,0.05,0.005555555555555556,5,6-7
6,False,0.23644330393520474,0.7093299118056142,0.7205463634064423,0.10215764471600927,0.05,0.005555555555555556,6,7-8
7,False,0.9999999999999862,1.0,-8.89881404368489,-1.2616563341890108,0.05,0.005555555555555556,7,8-9
8,False,0.9999218843642597,1.0,-3.9321601075137207,-0.5574939179913151,0.05,0.005555555555555556,8,9-10
