,reject,pvals,pvals_corrected,tstats,effectsize,alpha,alpha_corrected,step,dimension_step
0,True,2.0781445292903234e-25,1.8703300763612912e-24,13.950632739932551,1.9778932423889801,0.05,0.005555555555555556,0,1-2
1,True,3.561312042694189e-07,2.4929184298859322e-06,5.297060457016619,0.7510068021839207,0.05,0.005555555555555556,1,2-3
2,True,6.598774820299796e-16,5.2790198562398365e-15,9.50430702538386,1.34750193697578,0.05,0.005555555555555556,2,3-4
3,False,0.18709251547940614,0.7483700619176246,0.8926955347671528,0.12656461528606658,0.05,0.005555555555555556,3,4-5
4,True,4.58641175665105e-07,2.75184705399063e-06,5.237552571711556,0.7425698913707764,0.05,0.005555555555555556,4,5-6
5,True,0.0038203620170149193,0.019101810085074597,2.723281376508341,0.38610147167745235,0.05,0.005555555555555556,5,6-7
6,False,0.9936205205433148,1.0,-2.5365118980083534,-0.35962166274719265,0.05,0.005555555555555556,6,7-8
7,False,0.9932323963964298,1.0,-2.5143895442819524,-0.3564851989926892,0.05,0.005555555555555556,7,8-9
8,False,0.9955633517687008,1.0,-2.6697398714211693,-0.3785104625043613,0.05,0.005555555555555556,8,9-10
