,reject,pvals,pvals_corrected,tstats,effectsize,alpha,alpha_corrected,step,dimension_step
0,True,8.744389346015343e-69,7.869950411413809e-68,45.84122108106342,6.499278067837156,0.05,0.005555555555555556,0,1-2
1,True,2.259267249788526e-64,1.8074137998308208e-63,41.14995722095079,5.834159914405982,0.05,0.005555555555555556,1,2-3
2,True,3.874572885117826e-48,2.3247437310706955e-47,27.273352820469906,3.8667622642296484,0.05,0.005555555555555556,2,3-4
3,True,2.3903374139243787e-56,1.6732361897470652e-55,33.69415653694263,4.77709117319488,0.05,0.005555555555555556,3,4-5
4,True,3.709492326953563e-46,1.8547461634767817e-45,25.87922671221645,3.669105809504148,0.05,0.005555555555555556,4,5-6
5,True,1.0925786073478743e-40,3.2777358220436233e-40,22.30056461362121,3.1617301432130924,0.05,0.005555555555555556,5,6-7
6,True,2.0751812021739478e-44,8.300724808695791e-44,24.694082918238923,3.5010784558302444,0.05,0.005555555555555556,6,7-8
7,False,0.9999968837359252,1.0,-4.774703765938577,-0.6769480989938801,0.05,0.005555555555555556,7,8-9
8,False,0.9967593690168611,1.0,-2.7813746048030286,-0.3943378152049917,0.05,0.005555555555555556,8,9-10
