,reject,pvals,pvals_corrected,tstats,effectsize,alpha,alpha_corrected,step,dimension_step
0,True,1.632341319686263e-75,1.4691071877176367e-74,53.94227219002717,7.647829143861297,0.05,0.005555555555555556,0,1-2
1,True,3.9210481588836427e-72,3.136838527106914e-71,49.72021870673786,7.0492347138252045,0.05,0.005555555555555556,1,2-3
2,True,3.0584516362761294e-63,2.1409161453932904e-62,40.01840212048882,5.673730260187637,0.05,0.005555555555555556,2,3-4
3,True,2.603028414204866e-50,1.3015142071024331e-49,28.86792678918322,4.092837821948236,0.05,0.005555555555555556,3,4-5
4,True,2.3636514877463397e-56,1.4181908926478038e-55,33.69830738279355,4.777679671947001,0.05,0.005555555555555556,4,5-6
5,True,1.7581883193117475e-46,5.274564957935243e-46,26.103641766541582,3.700922934054313,0.05,0.005555555555555556,5,6-7
6,True,6.244453400744714e-47,2.4977813602978854e-46,26.417202555054686,3.7453789652781144,0.05,0.005555555555555556,6,7-8
7,False,0.9999096010972811,1.0,-3.8914115141777743,-0.5517166626582775,0.05,0.005555555555555556,7,8-9
8,False,0.9996936010051019,1.0,-3.5393477941938727,-0.501801761619183,0.05,0.005555555555555556,8,9-10
