,reject,pvals,pvals_corrected,tstats,effectsize,alpha,alpha_corrected,step,dimension_step
0,True,5.6744764482241936e-49,5.107028803401774e-48,27.877314430492838,3.952390752155315,0.05,0.005555555555555556,0,1-2
1,True,4.508649636895555e-29,3.606919709516444e-28,15.777033805541711,2.236836789459796,0.05,0.005555555555555556,1,2-3
2,True,1.1742088014174407e-24,7.045252808504644e-24,13.585886450526006,1.9261802316279248,0.05,0.005555555555555556,2,3-4
3,True,3.844713128810518e-26,2.6912991901673625e-25,14.309141412613085,2.0287218961319,0.05,0.005555555555555556,3,4-5
4,True,5.398078345702159e-24,2.699039172851079e-23,13.267100307846425,1.8809833599786292,0.05,0.005555555555555556,4,5-6
5,True,6.481927858167809e-14,2.5927711432671234e-13,8.588369673717118,1.2176421426506325,0.05,0.005555555555555556,5,6-7
6,True,2.0350793326666765e-09,6.10523799800003e-09,6.45319130334796,0.9149207572643028,0.05,0.005555555555555556,6,7-8
7,False,0.9999999496366976,1.0,-5.746833715527315,-0.8147747692144884,0.05,0.005555555555555556,7,8-9
8,False,0.9999821502457827,1.0,-4.330353830052748,-0.6139490399670559,0.05,0.005555555555555556,8,9-10
