,reject,pvals,pvals_corrected,tstats,effectsize,alpha,alpha_corrected,step,dimension_step
0,True,8.635226649658563e-16,7.771703984692707e-15,9.450751446393637,1.3399089324324245,0.05,0.005555555555555556,0,1-2
1,True,0.0005539306180130393,0.0033235837080782355,3.3600674952958625,0.4763837538274041,0.05,0.005555555555555556,1,2-3
2,False,0.22651787702965365,1.0,0.7533361808829954,0.10680652047778035,0.05,0.005555555555555556,2,3-4
3,True,1.7647451096684602e-05,0.00014117960877347682,4.333340731690836,0.6143725170003767,0.05,0.005555555555555556,3,4-5
4,True,6.569899150845232e-05,0.00045989294055916624,3.9801181483205355,0.5642933145920511,0.05,0.005555555555555556,4,5-6
5,False,0.8971046631814714,1.0,-1.273590551315579,-0.18056716078597868,0.05,0.005555555555555556,5,6-7
6,False,0.7264324208552122,1.0,-0.6041360380087889,-0.0856532179820693,0.05,0.005555555555555556,6,7-8
7,False,0.4810186777213412,1.0,0.04771770337201738,0.006765322032432153,0.05,0.005555555555555556,7,8-9
8,False,0.9610816221300892,1.0,-1.7818684747921611,-0.2526298040252484,0.05,0.005555555555555556,8,9-10
