,reject,pvals,pvals_corrected,tstats,effectsize,alpha,alpha_corrected,step,dimension_step
0,True,2.2031015574920163e-31,1.9827914017428145e-30,16.977913148012775,2.407095098217304,0.05,0.005555555555555556,0,1-2
1,True,3.149125068477403e-28,2.5193000547819222e-27,15.348308045103353,2.176052895265388,0.05,0.005555555555555556,1,2-3
2,True,4.0174575895965945e-07,2.410474553757957e-06,5.26875155813553,0.7469932222381088,0.05,0.005555555555555556,2,3-4
3,True,9.68208430105047e-11,6.777459010735329e-10,7.098092969711446,1.0063536457708278,0.05,0.005555555555555556,3,4-5
4,True,0.00041412301777376257,0.0016564920710950503,3.44890673731504,0.4889792066448037,0.05,0.005555555555555556,4,5-6
5,True,1.7973217187040158e-06,8.986608593520079e-06,4.910007589440496,0.6961312086895289,0.05,0.005555555555555556,5,6-7
6,False,0.46183637100796515,1.0,0.09605288268692141,0.013618188588294946,0.05,0.005555555555555556,6,7-8
7,False,0.9999999048003528,1.0,-5.6023006639421835,-0.7942831577326803,0.05,0.005555555555555556,7,8-9
8,False,0.9959763208463485,1.0,-2.704800991785457,-0.38348135911757447,0.05,0.005555555555555556,8,9-10
