,reject,pvals,pvals_corrected,tstats,effectsize,alpha,alpha_corrected,step,dimension_step
0,True,1.331925034665524e-28,1.1987325311989717e-27,15.537486522669196,2.202874247340113,0.05,0.005555555555555556,0,1-2
1,True,4.630975183108753e-24,3.7047801464870027e-23,13.299029313934453,1.8855101915965915,0.05,0.005555555555555556,1,2-3
2,True,3.0143324875230565e-09,1.5071662437615283e-08,6.368411036801445,0.9029007779976778,0.05,0.005555555555555556,2,3-4
3,True,1.4388849245487516e-10,8.633309547292509e-10,7.015284053226038,0.9946131606344645,0.05,0.005555555555555556,3,4-5
4,True,6.385156524310664e-12,4.469609567017465e-11,7.6595747137729635,1.0859594219393305,0.05,0.005555555555555556,4,5-6
5,True,7.4223982577589e-05,0.000296895930310356,3.946355952353004,0.5595065769223506,0.05,0.005555555555555556,5,6-7
6,False,0.044250754612499915,0.13275226383749975,1.7203042591266775,0.2439013507423239,0.05,0.005555555555555556,6,7-8
7,False,0.999999997142067,1.0,-6.379933924384165,-0.9045344703116782,0.05,0.005555555555555556,7,8-9
8,False,0.9991909017225685,1.0,-3.2419334463075278,-0.4596349409566263,0.05,0.005555555555555556,8,9-10
