,reject,pvals,pvals_corrected,tstats,effectsize,alpha,alpha_corrected,step,dimension_step
0,True,2.0353948258467154e-40,1.6283158606773723e-39,22.133273811383564,3.1380119826516335,0.05,0.005555555555555556,0,1-2
1,True,1.6576470453556357e-45,1.4918823408200722e-44,25.433562758261946,3.605920451582725,0.05,0.005555555555555556,1,2-3
2,True,6.214204053356668e-28,4.349942837349668e-27,15.199558797924478,2.15496351987359,0.05,0.005555555555555556,2,3-4
3,True,1.2430714357633741e-16,6.21535717881687e-16,9.836585663542914,1.3946117480687057,0.05,0.005555555555555556,3,4-5
4,True,9.21207125097024e-26,5.527242750582144e-25,14.123090961375954,2.002344029471271,0.05,0.005555555555555556,4,5-6
5,True,6.229948064552544e-09,1.8689844193657633e-08,6.210597177641471,0.8805262397665647,0.05,0.005555555555555556,5,6-7
6,True,8.44610848577107e-11,3.378443394308428e-10,7.126573760658085,1.010391596235254,0.05,0.005555555555555556,6,7-8
7,False,0.9999999999995924,1.0,-8.218499681063381,-1.1652027033312786,0.05,0.005555555555555556,7,8-9
8,False,0.9999999486668883,1.0,-5.742528180695817,-0.8141643389632701,0.05,0.005555555555555556,8,9-10
