,reject,pvals,pvals_corrected,tstats,effectsize,alpha,alpha_corrected,step,dimension_step
0,True,4.614604314495366e-44,4.153143883045829e-43,24.46352911834719,3.468390992020258,0.05,0.005555555555555556,0,1-2
1,True,2.6904326337431266e-33,2.1523461069945013e-32,18.0048290022135,2.552689206125527,0.05,0.005555555555555556,1,2-3
2,True,4.181731483525299e-25,2.9272120384677095e-24,13.802973276177257,1.9569583743452967,0.05,0.005555555555555556,2,3-4
3,True,1.2291036386173661e-24,7.374621831704197e-24,13.576304616475642,1.924821738061991,0.05,0.005555555555555556,3,4-5
4,True,2.3721319782501545e-16,9.488527913000618e-16,9.707966889616431,1.3763764315396307,0.05,0.005555555555555556,4,5-6
5,True,6.594397581145656e-23,3.297198790572828e-22,12.748801401035962,1.807499961452652,0.05,0.005555555555555556,5,6-7
6,False,0.22552260973284938,0.6765678291985482,0.7566688972283374,0.10727902643941913,0.05,0.005555555555555556,6,7-8
7,False,0.999999990039477,1.0,-6.107750480696843,-0.8659448375691908,0.05,0.005555555555555556,7,8-9
8,False,0.9999999955611019,1.0,-6.284469599518631,-0.8909997262924847,0.05,0.005555555555555556,8,9-10
