,reject,pvals,pvals_corrected,tstats,effectsize,alpha,alpha_corrected,step,dimension_step
0,True,1.1256113481846618e-24,1.0130502133661957e-23,13.59475245922217,1.927437236884533,0.05,0.005555555555555556,0,1-2
1,True,3.677513017838917e-14,2.9420104142711336e-13,8.701971013481078,1.2337483169320551,0.05,0.005555555555555556,1,2-3
2,True,5.86819995154453e-14,4.107739966081171e-13,8.6083192760564,1.2204705579914128,0.05,0.005555555555555556,2,3-4
3,True,8.851266565614523e-14,5.310759939368714e-13,8.525850171202624,1.2087782506791251,0.05,0.005555555555555556,3,4-5
4,True,0.007686974034512812,0.023060922103538436,2.466213102019223,0.3496548378635455,0.05,0.005555555555555556,4,5-6
5,True,0.00031937746877302775,0.001277509875092111,3.5269852246978823,0.5000490208567735,0.05,0.005555555555555556,5,6-7
6,True,3.316526107007015e-07,1.6582630535035077e-06,5.313751778447985,0.7533732648728239,0.05,0.005555555555555556,6,7-8
7,False,0.9999999865871226,1.0,-6.042165493459433,-0.8566463272093183,0.05,0.005555555555555556,7,8-9
8,False,0.9999327159636643,1.0,-3.9735352145208354,-0.5633599991991047,0.05,0.005555555555555556,8,9-10
