,reject,pvals,pvals_corrected,tstats,effectsize,alpha,alpha_corrected,step,dimension_step
0,True,1.390172079687257e-35,1.2511548717185311e-34,19.27508818420138,2.732784051927376,0.05,0.005555555555555556,0,1-2
1,True,3.471964422499807e-24,2.7775715379998455e-23,13.359093627848392,1.894025991762347,0.05,0.005555555555555556,1,2-3
2,True,3.732520779190769e-22,2.612764545433538e-21,12.392970397661564,1.757050942391878,0.05,0.005555555555555556,2,3-4
3,True,2.4508491365062996e-17,1.4705094819037798e-16,10.15987377072795,1.4404468993816415,0.05,0.005555555555555556,3,4-5
4,True,6.910828907713635e-08,2.764331563085454e-07,5.675218363036034,0.8046212855421419,0.05,0.005555555555555556,4,5-6
5,True,4.772777124203301e-09,2.3863885621016503e-08,6.268692804546428,0.8887629233643456,0.05,0.005555555555555556,5,6-7
6,True,2.4961989896534528e-05,7.488596968960358e-05,4.241911855366983,0.6014099109300056,0.05,0.005555555555555556,6,7-8
7,False,0.9977581477280885,1.0,-2.9085085413406886,-0.41236261441258404,0.05,0.005555555555555556,7,8-9
8,False,0.9999996780464214,1.0,-5.320701010541785,-0.7543585133167009,0.05,0.005555555555555556,8,9-10
