,reject,pvals,pvals_corrected,tstats,effectsize,alpha,alpha_corrected,step,dimension_step
0,True,1.063786888043385e-56,9.574081992390465e-56,33.99459144713289,4.819686243233685,0.05,0.005555555555555556,0,1-2
1,True,4.6889893919020354e-55,3.7511915135216283e-54,32.608726479708615,4.623201036789539,0.05,0.005555555555555556,1,2-3
2,True,1.545917963788912e-42,1.0821425746522385e-41,23.46866539490196,3.3273411721029307,0.05,0.005555555555555556,2,3-4
3,True,3.592933912631199e-27,1.7964669563155995e-26,14.818265582512987,2.1009045185228885,0.05,0.005555555555555556,3,4-5
4,True,1.912033310161759e-30,1.1472199860970553e-29,16.485273063325508,2.3372495569721554,0.05,0.005555555555555556,4,5-6
5,True,1.00894863328832e-24,4.03579453315328e-24,13.617711811210407,1.9306923686046291,0.05,0.005555555555555556,5,6-7
6,True,1.2683467203085025e-20,3.805040160925508e-20,11.676112402270354,1.65541622723102,0.05,0.005555555555555556,6,7-8
7,False,0.9998255902577521,1.0,-3.7045577129273743,-0.5252248986144878,0.05,0.005555555555555556,7,8-9
8,False,0.99740938643002,1.0,-2.8590830523991015,-0.4053551659045668,0.05,0.005555555555555556,8,9-10
