,reject,pvals,pvals_corrected,tstats,effectsize,alpha,alpha_corrected,step,dimension_step
0,True,1.2311638868179085e-33,1.1080474981361177e-32,18.190378289845476,2.5789960187969605,0.05,0.005555555555555556,0,1-2
1,True,2.467680184089522e-20,1.9741441472716176e-19,11.541698720263497,1.6363593200439366,0.05,0.005555555555555556,1,2-3
2,True,7.839926112313508e-11,5.487948278619456e-10,7.142091410826923,1.012591658123404,0.05,0.005555555555555556,2,3-4
3,True,0.0020970346002489515,0.006291103800746854,2.9311412287694028,0.4155714322746025,0.05,0.005555555555555556,3,4-5
4,True,0.000624438519339019,0.003122192596695095,3.323015355867247,0.4711305744513791,0.05,0.005555555555555556,4,5-6
5,True,0.0009148312096723847,0.0036593248386895386,3.203013163515574,0.4541168998927451,0.05,0.005555555555555556,5,6-7
6,True,7.67505409416293e-05,0.00046050324564977577,3.937061122626114,0.5581887742643142,0.05,0.005555555555555556,6,7-8
7,False,0.9999890159208046,1.0,-4.456529015097629,-0.631837909275693,0.05,0.005555555555555556,7,8-9
8,False,0.9997820227427582,1.0,-3.639766121173261,-0.5160388743041162,0.05,0.005555555555555556,8,9-10
