,reject,pvals,pvals_corrected,tstats,effectsize,alpha,alpha_corrected,step,dimension_step
0,True,1.7172509399179886e-69,1.5455258459261898e-68,46.636267795642624,6.611998225658282,0.05,0.005555555555555556,0,1-2
1,True,4.077452948504415e-58,3.261962358803532e-57,35.22799396361806,4.994555623567854,0.05,0.005555555555555556,1,2-3
2,True,3.8688826775211476e-57,2.7082178742648033e-56,34.37310716796187,4.873351456871102,0.05,0.005555555555555556,2,3-4
3,True,5.458557051950152e-52,2.9450140704255533e-51,30.14927340679593,4.27450462254286,0.05,0.005555555555555556,3,4-5
4,True,3.45604105063432e-46,1.382416420253728e-45,25.900436984642937,3.672112960167752,0.05,0.005555555555555556,4,5-6
5,True,4.908356784042589e-52,2.9450140704255533e-51,30.185131715219296,4.279588542909501,0.05,0.005555555555555556,5,6-7
6,True,1.9701377383187543e-35,5.910413214956263e-35,19.189448618446743,2.7206422429109023,0.05,0.005555555555555556,6,7-8
7,False,0.9999599198152948,1.0,-4.115093807378652,-0.5834298977789825,0.05,0.005555555555555556,7,8-9
8,False,0.9999890243028581,1.0,-4.45672573244983,-0.6318657994745703,0.05,0.005555555555555556,8,9-10
