,reject,pvals,pvals_corrected,tstats,effectsize,alpha,alpha_corrected,step,dimension_step
0,True,2.2705435100903775e-18,2.04348915908134e-17,10.634340931638047,1.507715919274434,0.05,0.005555555555555556,0,1-2
1,False,0.12776408727578784,0.7665845236547271,1.1436463707333395,0.1621439307108511,0.05,0.005555555555555556,1,2-3
2,True,0.006275477786248062,0.043928344503736436,2.542645019515985,0.3604912046390075,0.05,0.005555555555555556,2,3-4
3,True,0.0030133299029839774,0.02410663922387182,2.8067794459820345,0.3979396635676177,0.05,0.005555555555555556,3,4-5
4,False,0.9789532451422975,1.0,-2.0592701043422474,-0.2919592608852431,0.05,0.005555555555555556,4,5-6
5,False,0.9993856639791815,1.0,-3.3280756975371877,-0.47184801973000834,0.05,0.005555555555555556,5,6-7
6,False,0.806483440283811,1.0,-0.8688454978616285,-0.12318320401207211,0.05,0.005555555555555556,6,7-8
7,False,0.9870759347088762,1.0,-2.2625531661867,-0.3207803331483946,0.05,0.005555555555555556,7,8-9
8,False,0.9884620955581003,1.0,-2.308072864321258,-0.3272340263259245,0.05,0.005555555555555556,8,9-10
