,reject,pvals,pvals_corrected,tstats,effectsize,alpha,alpha_corrected,step,dimension_step
0,True,6.178317269704734e-27,5.560485542734261e-26,14.701243445757239,2.0843133503791966,0.05,0.005555555555555556,0,1-2
1,True,3.5355985592627346e-24,2.8284788474101877e-23,13.355304063515922,1.8934887147925836,0.05,0.005555555555555556,1,2-3
2,True,2.2438486991962615e-09,1.570694089437383e-08,6.432154233692218,0.9119381629485156,0.05,0.005555555555555556,2,3-4
3,True,6.3116746423796435e-09,3.7870047854277864e-08,6.207749947180455,0.8801225650377298,0.05,0.005555555555555556,3,4-5
4,True,7.901161770860046e-07,3.950580885430023e-06,5.108425267980539,0.7242624764872616,0.05,0.005555555555555556,4,5-6
5,False,0.02517862723075263,0.07553588169225789,1.9810716809595315,0.2808724423833538,0.05,0.005555555555555556,5,6-7
6,True,3.2541082462076276e-06,1.301643298483051e-05,4.763973152021347,0.6754267336802608,0.05,0.005555555555555556,6,7-8
7,False,0.9999880479590028,1.0,-4.434734615502391,-0.6287479422121952,0.05,0.005555555555555556,7,8-9
8,False,0.9593546140278495,1.0,-1.7612077087942413,-0.24970056130116078,0.05,0.005555555555555556,8,9-10
