,reject,pvals,pvals_corrected,tstats,effectsize,alpha,alpha_corrected,step,dimension_step
0,True,2.519401301409914e-17,2.2674611712689226e-16,10.154378734651457,1.4396678239859237,0.05,0.005555555555555556,0,1-2
1,True,2.073583579451147e-05,0.00016588668635609177,4.290964674572414,0.6083645230565821,0.05,0.005555555555555556,1,2-3
2,False,0.6458535599199933,1.0,-0.37522898289607937,-0.05319922640456764,0.05,0.005555555555555556,2,3-4
3,False,0.5319206923036621,1.0,-0.08030270620336052,-0.01138515957706606,0.05,0.005555555555555556,3,4-5
4,True,0.0007456215825794436,0.0052193510780561055,3.26765031071306,0.46328102735796484,0.05,0.005555555555555556,4,5-6
5,False,0.5396858437641553,1.0,-0.09989674817205445,-0.014163164268568902,0.05,0.005555555555555556,5,6-7
6,False,0.999498685053246,1.0,-3.3907245708576066,-0.48073025363966104,0.05,0.005555555555555556,6,7-8
7,False,0.9999247889683747,1.0,-3.9426892756496894,-0.5589867227186949,0.05,0.005555555555555556,7,8-9
8,False,0.9998307695690263,1.0,-3.7132607232779824,-0.5264587942865914,0.05,0.005555555555555556,8,9-10
