,reject,pvals,pvals_corrected,tstats,effectsize,alpha,alpha_corrected,step,dimension_step
0,True,1.0818227442087206e-54,9.736404697878485e-54,32.30914716111082,4.580727270842137,0.05,0.005555555555555556,0,1-2
1,True,3.4663908732191257e-50,2.7731126985753005e-49,28.774708938210104,4.0796215785744145,0.05,0.005555555555555556,1,2-3
2,True,1.0159290730964396e-45,7.111503511675077e-45,25.578678036925798,3.626494610073404,0.05,0.005555555555555556,2,3-4
3,True,1.552776304928616e-39,7.76388152464308e-39,21.592715487316866,3.0613726877737584,0.05,0.005555555555555556,3,4-5
4,True,2.1668535947859783e-42,1.3001121568715869e-41,23.3745327182304,3.313995226542789,0.05,0.005555555555555556,4,5-6
5,True,3.1530207643946313e-32,1.2612083057578525e-31,17.427257370995324,2.4708022374354215,0.05,0.005555555555555556,5,6-7
6,True,6.057705666644357e-25,1.8173116999933072e-24,13.724922043342268,1.94589242422946,0.05,0.005555555555555556,6,7-8
7,False,0.9999999999977878,1.0,-7.875798869990292,-1.1166152570828753,0.05,0.005555555555555556,7,8-9
8,False,0.9999999823046813,1.0,-5.980833101905686,-0.8479507414925161,0.05,0.005555555555555556,8,9-10
