,reject,pvals,pvals_corrected,tstats,effectsize,alpha,alpha_corrected,step,dimension_step
0,True,1.4347483342570403e-34,1.1477986674056322e-33,18.70597656654288,2.6520965273027937,0.05,0.005555555555555556,0,1-2
1,True,1.4946616228619916e-42,1.3451954605757924e-41,23.478079851380976,3.3286759352063493,0.05,0.005555555555555556,1,2-3
2,True,3.459691907219171e-27,2.4217843350534196e-26,14.826436817404241,2.1020630201173804,0.05,0.005555555555555556,2,3-4
3,True,3.408216189686644e-18,2.0449297138119863e-17,10.553233823911265,1.496216713233168,0.05,0.005555555555555556,3,4-5
4,True,4.5324161700733106e-17,2.2662080850366554e-16,10.037431682748876,1.4230873012248788,0.05,0.005555555555555556,4,5-6
5,True,1.0885375439611291e-14,4.3541501758445166e-14,8.945458814211118,1.2682695379150704,0.05,0.005555555555555556,5,6-7
6,True,6.486652217328363e-08,1.9459956651985088e-07,5.68958776519514,0.8066585510882637,0.05,0.005555555555555556,6,7-8
7,False,0.9999999999926205,1.0,-7.629945796346236,-1.08175869236311,0.05,0.005555555555555556,7,8-9
8,False,0.9999999919126622,1.0,-6.153494398353912,-0.8724303201491554,0.05,0.005555555555555556,8,9-10
