,reject,pvals,pvals_corrected,tstats,effectsize,alpha,alpha_corrected,step,dimension_step
0,True,4.0152623718596e-53,3.61373613467364e-52,31.040089131577652,4.4008027220703605,0.05,0.005555555555555556,0,1-2
1,True,3.59138319042791e-49,2.873106552342328e-48,28.02264486689052,3.972995415285871,0.05,0.005555555555555556,1,2-3
2,True,5.059508787559619e-44,3.541656151291733e-43,24.437075670453346,3.46464047426221,0.05,0.005555555555555556,2,3-4
3,True,2.1861046407951037e-26,8.744418563180415e-26,14.429810271620406,2.0458300893763677,0.05,0.005555555555555556,3,4-5
4,True,1.3655020987149928e-39,8.193012592289957e-39,21.62664578847101,3.0661832590658333,0.05,0.005555555555555556,4,5-6
5,True,7.0872656416969755e-31,3.5436328208484876e-30,16.710661201249952,2.3692046433991205,0.05,0.005555555555555556,5,6-7
6,True,1.2155757415111031e-23,3.6467272245333096e-23,13.098370630454703,1.8570611985308343,0.05,0.005555555555555556,6,7-8
7,False,0.9999999999784465,1.0,-7.409690507760776,-1.0505313312093303,0.05,0.005555555555555556,7,8-9
8,False,0.9999764474572093,1.0,-4.257318373518443,-0.6035942167395402,0.05,0.005555555555555556,8,9-10
