{
  "data": {
    "name": "normal-8-100",
    "n_dimension": 8,
    "distance": "euclidean",
    "subject": null,
    "n_objects": 100,
    "n_train_triplets": 7368,
    "n_test_triplets": 10000,
    "frac_train_ndlogn": 1.9999260891644746,
    "frac_train_triplets": 0.015188620902906617,
    "max_train_score": 0.7858306188925082,
    "max_test_score": 0.7835,
    "noise_sd": 1.0,
    "distance_sd": 1.077060167632726,
    "distance_mean": 4.103145362450925,
    "difference_sd": 0.9723734020879594,
    "difference_mean": -0.11072978871928219
  },
  "n_repeats": 10,
  "n_splits": 10,
  "embedding_method": "soe",
  "embedding_dimension": [
    1,
    2,
    3,
    4,
    5,
    6,
    7,
    8,
    9,
    10
  ],
  "random_state": 39170555,
  "alpha": 0.05
}