,reject,pvals,pvals_corrected,tstats,effectsize,alpha,alpha_corrected,step,dimension_step
0,True,8.481164405931049e-13,7.633047965337944e-12,8.070348591936618,1.1441981336103921,0.05,0.005555555555555556,0,1-2
1,True,1.205160737927553e-05,8.436125165492871e-05,4.43259037670951,0.6284439362579444,0.05,0.005555555555555556,1,2-3
2,True,0.0004301229628206737,0.002580737776924042,3.437415714026362,0.48735003198767485,0.05,0.005555555555555556,2,3-4
3,True,5.913848135485262e-06,4.731078508388209e-05,4.6144619665075925,0.6542293321715283,0.05,0.005555555555555556,3,4-5
4,False,0.07318970947320234,0.36594854736601173,1.463936430224081,0.20755402472456283,0.05,0.005555555555555556,4,5-6
5,False,0.9999999582634195,1.0,-5.789169769670067,-0.8207770916151544,0.05,0.005555555555555556,5,6-7
6,False,0.9990830766258383,1.0,-3.2022862557868974,-0.454013840346186,0.05,0.005555555555555556,6,7-8
7,False,0.9953143859477948,1.0,-2.650008117099066,-0.3757129332265347,0.05,0.005555555555555556,7,8-9
8,False,0.9915556848027365,1.0,-2.4302544222797313,-0.34455668704932557,0.05,0.005555555555555556,8,9-10
