{
  "data": {
    "name": "normal-8-100",
    "n_dimension": 8,
    "distance": "euclidean",
    "subject": null,
    "n_objects": 100,
    "n_train_triplets": 14736,
    "n_test_triplets": 10000,
    "frac_train_ndlogn": 3.999852178328949,
    "frac_train_triplets": 0.030377241805813235,
    "max_train_score": 0.6754207383279045,
    "max_test_score": 0.6654,
    "noise_sd": 2.0,
    "distance_sd": 1.067378095785791,
    "distance_mean": 3.8445160861891075,
    "difference_sd": 0.9375820305092261,
    "difference_mean": -0.0929679591852574
  },
  "n_repeats": 10,
  "n_splits": 10,
  "embedding_method": "soe",
  "embedding_dimension": [
    1,
    2,
    3,
    4,
    5,
    6,
    7,
    8,
    9,
    10
  ],
  "random_state": 848239910,
  "alpha": 0.05
}