,reject,pvals,pvals_corrected,tstats,effectsize,alpha,alpha_corrected,step,dimension_step
0,True,6.018898877456492e-36,5.417008989710843e-35,19.481605986316623,2.762063739297222,0.05,0.005555555555555556,0,1-2
1,True,5.985808630681129e-30,4.7886469045449035e-29,16.22788691246295,2.300757855271891,0.05,0.005555555555555556,1,2-3
2,True,8.072728602745844e-20,4.036364301372922e-19,11.302954481935421,1.6025106319986453,0.05,0.005555555555555556,2,3-4
3,True,2.9681696501971737e-28,2.0777187551380215e-27,15.36128725719815,2.177893062401345,0.05,0.005555555555555556,3,4-5
4,True,5.849934846180397e-20,3.509960907708238e-19,11.367754881496676,1.6116979050625717,0.05,0.005555555555555556,4,5-6
5,True,6.982024689913344e-09,2.0946074069740032e-08,6.185681301455283,0.8769937158978947,0.05,0.005555555555555556,5,6-7
6,True,1.7619033279840355e-16,7.047613311936142e-16,9.767159238293143,1.3847686061908693,0.05,0.005555555555555556,6,7-8
7,False,0.9999999999999987,1.0,-9.36907768678295,-1.3283293876027422,0.05,0.005555555555555556,7,8-9
8,False,0.9999999998497493,1.0,-7.006222958481612,-0.9933284964620398,0.05,0.005555555555555556,8,9-10
