{
  "data": {
    "name": "normal-8-100",
    "n_dimension": 8,
    "distance": "euclidean",
    "subject": null,
    "n_objects": 100,
    "n_train_triplets": 7368,
    "n_test_triplets": 10000,
    "frac_train_ndlogn": 1.9999260891644746,
    "frac_train_triplets": 0.015188620902906617,
    "max_train_score": 0.881786102062975,
    "max_test_score": 0.8767,
    "noise_sd": 0.5,
    "distance_sd": 1.0688944055286422,
    "distance_mean": 3.8859991980020414,
    "difference_sd": 0.9400917177810537,
    "difference_mean": -0.15418524588218274
  },
  "n_repeats": 10,
  "n_splits": 10,
  "embedding_method": "soe",
  "embedding_dimension": [
    1,
    2,
    3,
    4,
    5,
    6,
    7,
    8,
    9,
    10
  ],
  "random_state": 1244034192,
  "alpha": 0.05
}