,reject,pvals,pvals_corrected,tstats,effectsize,alpha,alpha_corrected,step,dimension_step
0,True,4.216149628491401e-61,3.794534665642261e-60,37.953792410522816,5.381013960530236,0.05,0.005555555555555556,0,1-2
1,True,8.611425936428484e-44,6.8891407491427876e-43,24.284631235471753,3.4430272024192186,0.05,0.005555555555555556,1,2-3
2,True,4.6426374634595897e-42,3.249846224421713e-41,23.163065942474528,3.2840138834342367,0.05,0.005555555555555556,2,3-4
3,True,4.309421210369652e-38,2.5856527262217912e-37,20.72725031713093,2.9386687399639997,0.05,0.005555555555555556,3,4-5
4,True,2.602357890777767e-33,1.3011789453888835e-32,18.01270814432756,2.5538062953811713,0.05,0.005555555555555556,4,5-6
5,True,8.150635915196637e-22,2.445190774558991e-21,12.233420772396821,1.7344303106599905,0.05,0.005555555555555556,5,6-7
6,True,2.0465043889837375e-25,8.18601755593495e-25,13.953878396838588,1.978353405234726,0.05,0.005555555555555556,6,7-8
7,False,0.9999993253613897,1.0,-5.146106801086936,-0.7296048900597059,0.05,0.005555555555555556,7,8-9
8,False,0.949009698030678,1.0,-1.6506427098877432,-0.23402487344824086,0.05,0.005555555555555556,8,9-10
