,reject,pvals,pvals_corrected,tstats,effectsize,alpha,alpha_corrected,step,dimension_step
0,True,5.769633780497637e-55,5.192670402447873e-54,32.53419518153069,4.612634136078962,0.05,0.005555555555555556,0,1-2
1,True,1.0545032529720338e-47,7.381522770804236e-47,26.962593727284272,3.8227034518531022,0.05,0.005555555555555556,1,2-3
2,True,3.004348218064182e-51,2.4034785744513456e-50,29.57834083195115,4.1935589261937,0.05,0.005555555555555556,2,3-4
3,True,6.430305650844913e-25,2.5721222603379653e-24,13.712364216428822,1.944112000254847,0.05,0.005555555555555556,3,4-5
4,True,3.1919934301272575e-35,1.9151960580763545e-34,19.071295064184913,2.7038906646208525,0.05,0.005555555555555556,4,5-6
5,True,3.340113422253783e-31,1.6700567111268914e-30,16.882492908654868,2.393566604554582,0.05,0.005555555555555556,5,6-7
6,True,4.025124250151178e-20,1.2075372750453535e-19,11.443048795085303,1.6223729278845604,0.05,0.005555555555555556,6,7-8
7,False,0.9999273669671859,1.0,-3.9523652476124242,-0.5603585629724962,0.05,0.005555555555555556,7,8-9
8,False,0.995305214143566,1.0,-2.6492995061163707,-0.3756124677565963,0.05,0.005555555555555556,8,9-10
