,reject,pvals,pvals_corrected,tstats,effectsize,alpha,alpha_corrected,step,dimension_step
0,True,3.60743331593445e-48,2.88594665274756e-47,27.29563048775549,3.869920748034775,0.05,0.005555555555555556,0,1-2
1,True,1.0393655882217849e-57,9.354290293996064e-57,34.87030774690926,4.943843576013268,0.05,0.005555555555555556,1,2-3
2,True,7.718376790072502e-44,4.6310260740435014e-43,24.31595905612931,3.447468799150526,0.05,0.005555555555555556,2,3-4
3,True,3.7141877762516787e-44,2.5999314433761753e-43,24.52599600701106,3.4772474245036156,0.05,0.005555555555555556,3,4-5
4,True,7.330144729180569e-27,3.6650723645902845e-26,14.664412915341975,2.0790915902927574,0.05,0.005555555555555556,4,5-6
5,True,6.729567475412331e-23,2.6918269901649325e-22,12.744622021517069,1.8069074172532669,0.05,0.005555555555555556,5,6-7
6,True,2.4865112807616038e-12,7.459533842284812e-12,7.852018513944274,1.1132437250239466,0.05,0.005555555555555556,6,7-8
7,False,0.9999999677322596,1.0,-5.846928405134332,-0.8289659972299783,0.05,0.005555555555555556,7,8-9
8,False,0.9999795918319453,1.0,-4.295161119080515,-0.6089594866965377,0.05,0.005555555555555556,8,9-10
