,reject,pvals,pvals_corrected,tstats,effectsize,alpha,alpha_corrected,step,dimension_step
0,True,2.9145716908546132e-67,2.3316573526836906e-66,44.170209182431755,6.262365290913811,0.05,0.005555555555555556,0,1-2
1,True,5.889185419713003e-70,5.300266877741703e-69,47.16584706478825,6.68708093174617,0.05,0.005555555555555556,1,2-3
2,True,2.4311499306933228e-60,1.7018049514853259e-59,37.24231896645295,5.280142656454045,0.05,0.005555555555555556,2,3-4
3,True,1.4679649492724513e-55,8.807789695634708e-55,33.028714745334426,4.682746146172727,0.05,0.005555555555555556,3,4-5
4,True,2.0441658543464854e-37,8.176663417385941e-37,20.32953059148987,2.8822808203351977,0.05,0.005555555555555556,4,5-6
5,True,1.7089585656841309e-44,8.544792828420654e-44,24.750333389763817,3.5090535369311766,0.05,0.005555555555555556,5,6-7
6,True,2.6166348908749867e-28,7.84990467262496e-28,15.388949279599201,2.1818149294734557,0.05,0.005555555555555556,6,7-8
7,False,0.9998869399151344,1.0,-3.8284675773196803,-0.5427925952212055,0.05,0.005555555555555556,7,8-9
8,False,0.9996876959798247,1.0,-3.5336628731678723,-0.5009957647091894,0.05,0.005555555555555556,8,9-10
