,reject,pvals,pvals_corrected,tstats,effectsize,alpha,alpha_corrected,step,dimension_step
0,True,8.146836636769638e-61,7.332152973092674e-60,37.68492474096653,5.342894431715601,0.05,0.005555555555555556,0,1-2
1,True,6.239624556767214e-52,4.991699645413771e-51,30.104185789865735,4.268112188987757,0.05,0.005555555555555556,1,2-3
2,True,3.679991240881343e-36,2.57599386861694e-35,19.6035894516852,2.7793583148432526,0.05,0.005555555555555556,2,3-4
3,True,1.4175954186762909e-34,8.505572512057745e-34,18.708884129683323,2.6525087558801284,0.05,0.005555555555555556,3,4-5
4,True,1.1381598265845278e-30,5.690799132922639e-30,16.60290068607592,2.353926569728026,0.05,0.005555555555555556,4,5-6
5,True,2.43269098161206e-26,9.73076392644824e-26,14.406939050959519,2.042587452742341,0.05,0.005555555555555556,5,6-7
6,True,7.571538191936506e-16,2.271461457580952e-15,9.476927113290778,1.3436200669476843,0.05,0.005555555555555556,6,7-8
7,False,0.9955220037293229,1.0,-2.666394435850048,-0.3780361532359345,0.05,0.005555555555555556,7,8-9
8,False,0.8454798698857016,1.0,-1.0224918139397856,-0.14496687619054405,0.05,0.005555555555555556,8,9-10
