,reject,pvals,pvals_corrected,tstats,effectsize,alpha,alpha_corrected,step,dimension_step
0,True,2.474846243950223e-62,2.227361619555201e-61,39.13034989324111,5.547823963899442,0.05,0.005555555555555556,0,1-2
1,True,9.121808792270565e-48,7.297447033816452e-47,27.007426291610365,3.8290597245521694,0.05,0.005555555555555556,1,2-3
2,True,7.822529865384155e-36,5.475770905768909e-35,19.416804755080875,2.7528763483201235,0.05,0.005555555555555556,2,3-4
3,True,1.99273916009636e-29,1.195643496057816e-28,15.958655295174827,2.2625867266644146,0.05,0.005555555555555556,3,4-5
4,True,7.559781205823598e-28,3.779890602911799e-27,15.156775355277881,2.1488977676117145,0.05,0.005555555555555556,4,5-6
5,True,5.179651295237004e-19,1.5538953885711012e-18,10.929917363366574,1.5496221638028187,0.05,0.005555555555555556,5,6-7
6,True,1.031175765496492e-27,4.124703061985968e-27,15.089112783562555,2.1393047014151305,0.05,0.005555555555555556,6,7-8
7,False,0.99999415999808,1.0,-4.617634895978759,-0.6546791838647519,0.05,0.005555555555555556,7,8-9
8,False,0.9999054023036984,1.0,-3.878688612095907,-0.5499128346513033,0.05,0.005555555555555556,8,9-10
