,reject,pvals,pvals_corrected,tstats,effectsize,alpha,alpha_corrected,step,dimension_step
0,True,8.78959893560366e-21,7.910639042043293e-20,11.750288558826863,1.6659327766617535,0.05,0.005555555555555556,0,1-2
1,True,8.350207198122138e-15,6.68016575849771e-14,8.998407938511367,1.2757765605065332,0.05,0.005555555555555556,1,2-3
2,True,1.1557206571736013e-05,6.934323943041608e-05,4.443411053862414,0.6299780705597915,0.05,0.005555555555555556,2,3-4
3,True,3.5560060747246583e-07,2.4892042523072608e-06,5.297410204036649,0.7510563886278017,0.05,0.005555555555555556,3,4-5
4,True,0.0006344365351158043,0.002537746140463217,3.3180823452033703,0.4704311819120869,0.05,0.005555555555555556,4,5-6
5,False,0.045740913253374406,0.13722273976012322,1.7041928284957923,0.2416171038293627,0.05,0.005555555555555556,5,6-7
6,True,0.00011945400848405478,0.0005972700424202739,3.8128864064134254,0.540583527487971,0.05,0.005555555555555556,6,7-8
7,False,0.9999304472636213,1.0,-3.9643665105452794,-0.5620600784017629,0.05,0.005555555555555556,7,8-9
8,False,0.9999795822401896,1.0,-4.295037358134107,-0.6089419401132296,0.05,0.005555555555555556,8,9-10
