,reject,pvals,pvals_corrected,tstats,effectsize,alpha,alpha_corrected,step,dimension_step
0,True,3.1813253042920147e-12,2.8631927738628133e-11,7.801833195400794,1.1061285493710058,0.05,0.005555555555555556,0,1-2
1,True,0.001815120445282125,0.014520963562257,2.979667771540229,0.42245142996446944,0.05,0.005555555555555556,1,2-3
2,False,0.1908603433327205,1.0,0.8786462576395059,0.12457273643660895,0.05,0.005555555555555556,2,3-4
3,False,0.30046842925464917,1.0,0.52474023939423,0.07439663797732812,0.05,0.005555555555555556,3,4-5
4,False,0.746630681184054,1.0,-0.6663478728624187,-0.09447348943838811,0.05,0.005555555555555556,4,5-6
5,False,0.491003655393406,1.0,0.022609454018149847,0.0032055238748130905,0.05,0.005555555555555556,5,6-7
6,False,0.7913569342583388,1.0,-0.8145480703800041,-0.1154850216502354,0.05,0.005555555555555556,6,7-8
7,False,0.8028747475989404,1.0,-0.8556628135425386,-0.12131418898477227,0.05,0.005555555555555556,7,8-9
8,False,0.7520418588861192,1.0,-0.6834543239325678,-0.09689880839012686,0.05,0.005555555555555556,8,9-10
