,reject,pvals,pvals_corrected,tstats,effectsize,alpha,alpha_corrected,step,dimension_step
0,True,1.4128367120139014e-07,1.2715530408125112e-06,5.511812948952984,0.7814539876632787,0.05,0.005555555555555556,0,1-2
1,True,3.257386458311003e-05,0.00026059091666488023,4.170920800407722,0.5913449389325659,0.05,0.005555555555555556,1,2-3
2,False,0.31806851871163055,1.0,0.4745722763160837,0.06728392294809102,0.05,0.005555555555555556,2,3-4
3,False,0.012929265078572127,0.07757559047143275,2.262390661520124,0.3207572935567238,0.05,0.005555555555555556,3,4-5
4,True,0.0013208229352803587,0.00924576054696251,3.084662396452058,0.43733736115996563,0.05,0.005555555555555556,4,5-6
5,False,0.9995956584517945,1.0,-3.456139413396342,-0.4900046412191544,0.05,0.005555555555555556,5,6-7
6,False,0.8909281771456505,1.0,-1.2393562039884392,-0.1757134824261343,0.05,0.005555555555555556,6,7-8
7,False,0.6292813132975155,1.0,-0.33087607809717445,-0.04691095888886068,0.05,0.005555555555555556,7,8-9
8,False,0.7516668180470187,1.0,-0.6822622515538823,-0.0967297987153548,0.05,0.005555555555555556,8,9-10
