,reject,pvals,pvals_corrected,tstats,effectsize,alpha,alpha_corrected,step,dimension_step
0,True,7.024810530475813e-23,6.322329477428231e-22,12.735779024955603,1.8056536746118075,0.05,0.005555555555555556,0,1-2
1,True,2.0534942965372525e-07,1.642795437229802e-06,5.4254499506101395,0.7692096117988196,0.05,0.005555555555555556,1,2-3
2,False,0.6074235932538432,1.0,-0.2733510555845395,-0.038755174458357154,0.05,0.005555555555555556,2,3-4
3,True,0.0019486297634391265,0.013640408344073885,2.9558799765741846,0.4190788432301059,0.05,0.005555555555555556,3,4-5
4,False,0.6696983003303221,1.0,-0.4404057025469111,-0.062439853389855506,0.05,0.005555555555555556,4,5-6
5,False,0.9325720868213868,1.0,-1.507543981266112,-0.21373661745215136,0.05,0.005555555555555556,5,6-7
6,False,0.9551609234205874,1.0,-1.7138911817693778,-0.24299211726134975,0.05,0.005555555555555556,6,7-8
7,False,0.7562162457338482,1.0,-0.6967893989290987,-0.09878942906763144,0.05,0.005555555555555556,7,8-9
8,False,0.9100179310688448,1.0,-1.3504079302568368,-0.1914581775261041,0.05,0.005555555555555556,8,9-10
