,reject,pvals,pvals_corrected,tstats,effectsize,alpha,alpha_corrected,step,dimension_step
0,True,1.7205961212832873e-23,1.5485365091549586e-22,13.02633635670733,1.8468483210276152,0.05,0.005555555555555556,0,1-2
1,True,6.955721629498807e-20,5.564577303599045e-19,11.332912740385785,1.6067580548967555,0.05,0.005555555555555556,1,2-3
2,True,1.051848906715863e-07,6.311093440295178e-07,5.579504172893305,0.7910511161159088,0.05,0.005555555555555556,2,3-4
3,True,6.914991840599506e-10,4.8404942884196545e-09,6.684117297767273,0.9476609900815938,0.05,0.005555555555555556,3,4-5
4,False,0.5977690583421796,1.0,-0.24824133140338034,-0.03519516720262848,0.05,0.005555555555555556,4,5-6
5,False,0.5001308935668145,1.0,-0.0003289310936098362,-4.663520281773668e-05,0.05,0.005555555555555556,5,6-7
6,False,0.9999693514187208,1.0,-4.1872354174366135,-0.5936579932129816,0.05,0.005555555555555556,6,7-8
7,False,0.9780522039405647,1.0,-2.0411629132484315,-0.28939205898331144,0.05,0.005555555555555556,7,8-9
8,False,0.8770491521365442,1.0,-1.1672785482309234,-0.16549445430693238,0.05,0.005555555555555556,8,9-10
