,reject,pvals,pvals_corrected,tstats,effectsize,alpha,alpha_corrected,step,dimension_step
0,True,9.053482648514967e-59,7.242786118811974e-58,35.80982942648264,5.077047109913703,0.05,0.005555555555555556,0,1-2
1,True,8.02260204314921e-61,7.220341838834288e-60,37.69117815385459,5.34378102828249,0.05,0.005555555555555556,1,2-3
2,True,1.056849300200655e-45,7.397945101404584e-45,25.56695105389295,3.624831981508329,0.05,0.005555555555555556,2,3-4
3,True,2.371040447526216e-40,1.4226242685157296e-39,22.09235904471205,3.132211167590259,0.05,0.005555555555555556,3,4-5
4,True,1.3468969416838443e-24,6.734484708419222e-24,13.55711853964275,1.9221015738641969,0.05,0.005555555555555556,4,5-6
5,True,4.638706875083435e-21,1.855482750033374e-20,11.879763410278048,1.684289466176745,0.05,0.005555555555555556,5,6-7
6,True,2.0874595412921008e-08,6.262378623876302e-08,5.944133200324035,0.8427475017049106,0.05,0.005555555555555556,6,7-8
7,False,0.9991985393129527,1.0,-3.2449258568135733,-0.46005919902639975,0.05,0.005555555555555556,7,8-9
8,False,0.9999999251230284,1.0,-5.657007548662632,-0.8020393921356549,0.05,0.005555555555555556,8,9-10
