,reject,pvals,pvals_corrected,tstats,effectsize,alpha,alpha_corrected,step,dimension_step
0,True,5.5764595365072934e-30,5.0188135828565643e-29,16.243808368313392,2.3030151679345234,0.05,0.005555555555555556,0,1-2
1,True,5.106879847322122e-06,3.574815893125485e-05,4.651430226396837,0.6594706192716121,0.05,0.005555555555555556,1,2-3
2,True,3.1416321622560126e-17,2.51330572980481e-16,10.110417023633147,1.4334350191542058,0.05,0.005555555555555556,2,3-4
3,False,0.1504098904625402,0.4512296713876206,1.0401155088834235,0.1474655289602617,0.05,0.005555555555555556,3,4-5
4,True,0.002209162217516952,0.011045811087584761,2.9134973601909318,0.41306991932665826,0.05,0.005555555555555556,4,5-6
5,True,0.00023976638638513798,0.001438598318310828,3.6118526401209508,0.5120813559195283,0.05,0.005555555555555556,5,6-7
6,False,0.061605466747515124,0.2464218669900605,1.554690439644433,0.2204209494941047,0.05,0.005555555555555556,6,7-8
7,False,0.9999683587710252,1.0,-4.178704664692488,-0.5924485198851662,0.05,0.005555555555555556,7,8-9
8,False,0.9937781696248819,1.0,-2.545844481972173,-0.36094481812660634,0.05,0.005555555555555556,8,9-10
