,reject,pvals,pvals_corrected,tstats,effectsize,alpha,alpha_corrected,step,dimension_step
0,True,4.249559109963981e-68,3.824603198967583e-67,45.080825202878,6.391470637375715,0.05,0.005555555555555556,0,1-2
1,True,9.124479632871252e-49,6.387135743009877e-48,27.727030982894345,3.9310838608487195,0.05,0.005555555555555556,1,2-3
2,True,1.3079018401649052e-49,1.0463214721319242e-48,28.345652711827654,4.01879083156911,0.05,0.005555555555555556,2,3-4
3,True,1.0167066934026787e-43,6.100240160416072e-43,24.23716957025034,3.436298180971664,0.05,0.005555555555555556,3,4-5
4,True,1.2086450402981835e-27,6.043225201490918e-27,15.05454860772342,2.1344042606182567,0.05,0.005555555555555556,4,5-6
5,True,2.0719503803239552e-24,8.287801521295821e-24,13.466940959844715,1.9093163741515717,0.05,0.005555555555555556,5,6-7
6,True,3.2613876898864656e-18,9.784163069659396e-18,10.562024968225685,1.4974631043651334,0.05,0.005555555555555556,6,7-8
7,False,0.9509191171011278,1.0,-1.6695797316373988,-0.2367097271066992,0.05,0.005555555555555556,7,8-9
8,False,0.9999943221301276,1.0,-4.6247397773259316,-0.6556864999533133,0.05,0.005555555555555556,8,9-10
