,reject,pvals,pvals_corrected,tstats,effectsize,alpha,alpha_corrected,step,dimension_step
0,True,1.7018363218783347e-73,1.5316526896905013e-72,51.38346801035239,7.285046925310836,0.05,0.005555555555555556,0,1-2
1,True,2.7142429772940842e-64,2.1713943818352673e-63,41.06935413179746,5.822732167125695,0.05,0.005555555555555556,1,2-3
2,True,3.03777561407433e-57,2.126442929852031e-56,34.46413722582736,4.8862575192456825,0.05,0.005555555555555556,2,3-4
3,True,4.5817657788756177e-57,2.7490594673253707e-56,34.309570989728506,4.864343422617912,0.05,0.005555555555555556,3,4-5
4,True,1.2677734399684546e-52,6.338867199842273e-52,30.64502804895963,4.344791739614748,0.05,0.005555555555555556,4,5-6
5,True,7.547974388867476e-49,3.0191897555469906e-48,27.786970302632444,3.939581939586326,0.05,0.005555555555555556,5,6-7
6,True,6.8154988733073e-23,2.04464966199219e-22,12.742008671694178,1.8065369016608166,0.05,0.005555555555555556,6,7-8
7,False,0.999933023838009,1.0,-3.974802173917688,-0.5635396262078671,0.05,0.005555555555555556,7,8-9
8,False,0.9992119740829964,1.0,-3.250254864314636,-0.46081473521758776,0.05,0.005555555555555556,8,9-10
