,reject,pvals,pvals_corrected,tstats,effectsize,alpha,alpha_corrected,step,dimension_step
0,True,9.829425624298883e-71,8.846483061868994e-70,48.064109988026395,6.814434880407992,0.05,0.005555555555555556,0,1-2
1,True,1.4917867959986579e-68,1.1934294367989263e-67,45.58302112396666,6.462670986291314,0.05,0.005555555555555556,1,2-3
2,True,4.029780422999123e-67,2.820846296099386e-66,44.0186338957962,6.24087524521205,0.05,0.005555555555555556,2,3-4
3,True,2.4875490900063396e-50,9.950196360025358e-50,28.882716229476785,4.0949346396740465,0.05,0.005555555555555556,3,4-5
4,True,2.718978239246792e-53,1.359489119623396e-52,31.174981474940054,4.419927492921994,0.05,0.005555555555555556,4,5-6
5,True,2.853857813588049e-60,1.7123146881528296e-59,37.17780343075126,5.270995770827258,0.05,0.005555555555555556,5,6-7
6,True,1.4018624088574558e-26,4.205587226572367e-26,14.525035263606208,2.0593309012510965,0.05,0.005555555555555556,6,7-8
7,False,0.7479905171729713,1.0,-0.6706281401489447,-0.0950803373068296,0.05,0.005555555555555556,7,8-9
8,False,0.9999918878139875,1.0,-4.534235526001094,-0.6428549853948033,0.05,0.005555555555555556,8,9-10
