{
  "data": {
    "name": "normal-8-100",
    "n_dimension": 8,
    "distance": "euclidean",
    "subject": null,
    "n_objects": 100,
    "n_train_triplets": 14736,
    "n_test_triplets": 10000,
    "frac_train_ndlogn": 3.999852178328949,
    "frac_train_triplets": 0.030377241805813235,
    "max_train_score": 0.7824375678610206,
    "max_test_score": 0.7823,
    "noise_sd": 1.0,
    "distance_sd": 1.0662436475990138,
    "distance_mean": 3.813223844528376,
    "difference_sd": 0.9352412876582001,
    "difference_mean": -0.1316627439290826
  },
  "n_repeats": 10,
  "n_splits": 10,
  "embedding_method": "soe",
  "embedding_dimension": [
    1,
    2,
    3,
    4,
    5,
    6,
    7,
    8,
    9,
    10
  ],
  "random_state": 2354099511,
  "alpha": 0.05
}