,reject,pvals,pvals_corrected,tstats,effectsize,alpha,alpha_corrected,step,dimension_step
0,True,1.7345714955919413e-25,1.5611143460327472e-24,13.988879092373274,1.983315734934569,0.05,0.005555555555555556,0,1-2
1,True,2.165885411525657e-09,1.51611978806796e-08,6.439774977682943,0.9130186170269952,0.05,0.005555555555555556,1,2-3
2,True,6.130551093340948e-07,3.6783306560045687e-06,5.168866262576309,0.7328316816984384,0.05,0.005555555555555556,2,3-4
3,True,0.007428626385002552,0.02971450554001021,2.4792059884381326,0.3514969437182519,0.05,0.005555555555555556,3,4-5
4,True,4.0822493579442597e-11,3.2657994863554077e-10,7.277660988633477,1.0318124459411189,0.05,0.005555555555555556,4,5-6
5,True,0.00044390819619748346,0.0022195409809874175,3.42783351854109,0.4859914871782111,0.05,0.005555555555555556,5,6-7
6,False,0.9973362974144478,1.0,-2.8495051964710165,-0.40399723634897694,0.05,0.005555555555555556,6,7-8
7,False,0.7864421505986061,1.0,-0.7974198094337739,-0.11305661053720745,0.05,0.005555555555555556,7,8-9
8,False,0.9599730505881237,1.0,-1.768521513297629,-0.2507374981034606,0.05,0.005555555555555556,8,9-10
