{
  "data": {
    "name": "normal-8-100",
    "n_dimension": 8,
    "distance": "euclidean",
    "subject": null,
    "n_objects": 100,
    "n_train_triplets": 14736,
    "n_test_triplets": 10000,
    "frac_train_ndlogn": 3.999852178328949,
    "frac_train_triplets": 0.030377241805813235,
    "max_train_score": 0.876628664495114,
    "max_test_score": 0.8798,
    "noise_sd": 0.5,
    "distance_sd": 1.0774176432564542,
    "distance_mean": 4.112426172228374,
    "difference_sd": 0.9736197179263544,
    "difference_mean": -0.1252769304434957
  },
  "n_repeats": 10,
  "n_splits": 10,
  "embedding_method": "soe",
  "embedding_dimension": [
    1,
    2,
    3,
    4,
    5,
    6,
    7,
    8,
    9,
    10
  ],
  "random_state": 2662026369,
  "alpha": 0.05
}