,reject,pvals,pvals_corrected,tstats,effectsize,alpha,alpha_corrected,step,dimension_step
0,True,1.4300168239510128e-61,1.2870151415559114e-60,38.3987573157399,5.444100208698029,0.05,0.005555555555555556,0,1-2
1,True,1.5089841707108914e-48,1.207187336568713e-47,27.56854845104302,3.9086145195199804,0.05,0.005555555555555556,1,2-3
2,True,2.2923570119768815e-48,1.604649908383817e-47,27.437351026173918,3.890013606937381,0.05,0.005555555555555556,2,3-4
3,True,2.5346736286883704e-34,1.2673368143441852e-33,18.5686959499613,2.6326331517764294,0.05,0.005555555555555556,3,4-5
4,True,1.694660012511379e-35,1.0167960075068273e-34,19.226416000464038,2.72588340554803,0.05,0.005555555555555556,4,5-6
5,True,3.5345562584084533e-25,1.4138225033633813e-24,13.838431256040739,1.9619855369169268,0.05,0.005555555555555556,5,6-7
6,True,1.3265911007840979e-20,3.9797733023522936e-20,11.667036741308781,1.6541294978890078,0.05,0.005555555555555556,6,7-8
7,False,0.9999995412973057,1.0,-5.237520930873164,-0.7425654053950069,0.05,0.005555555555555556,7,8-9
8,False,0.9612215130606385,1.0,-1.7835749767140145,-0.2528717485077876,0.05,0.005555555555555556,8,9-10
