,reject,pvals,pvals_corrected,tstats,effectsize,alpha,alpha_corrected,step,dimension_step
0,True,2.170234278285618e-18,1.9532108504570562e-17,10.643366742542801,1.5089955809735407,0.05,0.005555555555555556,0,1-2
1,True,7.817522518412244e-13,6.2540180147297955e-12,8.08684248026845,1.1465366046231706,0.05,0.005555555555555556,1,2-3
2,True,1.4018677502974133e-07,8.41120650178448e-07,5.513606118613879,0.7817082197272186,0.05,0.005555555555555556,2,3-4
3,True,2.377865410832248e-11,1.6645057875825735e-10,7.389420775866785,1.0476575285305885,0.05,0.005555555555555556,3,4-5
4,False,0.6242562747069582,1.0,-0.3175600964761758,-0.045023045232546015,0.05,0.005555555555555556,4,5-6
5,True,0.0024395938937138706,0.011255493399002978,2.879684993953313,0.4082760686148453,0.05,0.005555555555555556,5,6-7
6,True,0.0022510986798005956,0.011255493399002978,2.907109590097491,0.4121642738597264,0.05,0.005555555555555556,6,7-8
7,False,0.9999931971838563,1.0,-4.57901591111296,-0.6492038602276137,0.05,0.005555555555555556,7,8-9
8,False,0.9999426626804563,1.0,-4.017579380919586,-0.5696044943923146,0.05,0.005555555555555556,8,9-10
