,reject,pvals,pvals_corrected,tstats,effectsize,alpha,alpha_corrected,step,dimension_step
0,True,1.6857693005132808e-46,1.517192370461953e-45,26.116327815384192,3.702721537081586,0.05,0.005555555555555556,0,1-2
1,True,5.350415157869218e-46,4.280332126295374e-45,25.76965894401819,3.653571507057589,0.05,0.005555555555555556,1,2-3
2,True,3.0311901568338736e-23,1.8187140941003242e-22,12.90916676688391,1.8302362472783102,0.05,0.005555555555555556,2,3-4
3,True,1.8819356196505967e-26,1.3173549337554176e-25,14.461893545001884,2.0503787927074577,0.05,0.005555555555555556,3,4-5
4,True,6.594660485344004e-10,2.6378641941376018e-09,6.694200564625796,0.9490905758037949,0.05,0.005555555555555556,4,5-6
5,True,4.780864754994412e-17,2.3904323774972057e-16,10.026805910277673,1.4215808001250543,0.05,0.005555555555555556,5,6-7
6,True,0.00035267390662107115,0.0010580217198632134,3.4973162504901043,0.49584261210900366,0.05,0.005555555555555556,6,7-8
7,False,0.9999999922331481,1.0,-6.162356969014002,-0.8736868379677782,0.05,0.005555555555555556,7,8-9
8,False,0.9999995674794536,1.0,-5.251376635727523,-0.7445298399486833,0.05,0.005555555555555556,8,9-10
