,reject,pvals,pvals_corrected,tstats,effectsize,alpha,alpha_corrected,step,dimension_step
0,True,2.257611195740486e-50,2.0318500761664375e-49,28.914347432489564,4.099419249358346,0.05,0.005555555555555556,0,1-2
1,True,4.731970704166887e-39,3.7855765633335094e-38,21.2999904475264,3.0198707079802305,0.05,0.005555555555555556,1,2-3
2,True,1.69196419705822e-23,1.184374937940754e-22,13.029812828119095,1.8473412082995315,0.05,0.005555555555555556,2,3-4
3,True,1.5551267846660748e-21,9.330760707996449e-21,12.101783038092531,1.715766971872598,0.05,0.005555555555555556,3,4-5
4,True,2.9576001332721763e-21,1.4788000666360882e-20,11.97109497125907,1.6972382750694142,0.05,0.005555555555555556,4,5-6
5,True,7.950100001606959e-12,2.3850300004820876e-11,7.614692739534167,1.0795961440001234,0.05,0.005555555555555556,5,6-7
6,True,1.155364846384212e-12,4.621459385536848e-12,8.007711754042042,1.1353176060597188,0.05,0.005555555555555556,6,7-8
7,False,0.9999999999999977,1.0,-9.251704994222916,-1.3116885183473301,0.05,0.005555555555555556,7,8-9
8,False,0.9999999999999469,1.0,-8.628603444635331,-1.2233464074749207,0.05,0.005555555555555556,8,9-10
