,reject,pvals,pvals_corrected,tstats,effectsize,alpha,alpha_corrected,step,dimension_step
0,True,5.332519646766225e-29,4.799267682089602e-28,15.739815774262238,2.2315600902637818,0.05,0.005555555555555556,0,1-2
1,True,1.066835495749023e-19,8.534683965992184e-19,11.246902887463166,1.594563747294666,0.05,0.005555555555555556,1,2-3
2,True,0.005123491037470838,0.025617455187354192,2.6175001010893846,0.3711040107218962,0.05,0.005555555555555556,2,3-4
3,True,1.0746888312382924e-09,7.522821818668047e-09,6.590132397812615,0.9343359960134164,0.05,0.005555555555555556,3,4-5
4,True,2.46785676868819e-06,1.480714061212914e-05,4.8323112091340805,0.6851155688665223,0.05,0.005555555555555556,4,5-6
5,False,0.49751194419127814,1.0,0.006252440889801029,0.0008864587588902285,0.05,0.005555555555555556,5,6-7
6,False,0.17390812745906237,0.6956325098362495,0.9433148736704263,0.13374132549107384,0.05,0.005555555555555556,6,7-8
7,False,0.9940373985078984,1.0,-2.56166307721854,-0.3631875474153158,0.05,0.005555555555555556,7,8-9
8,False,0.9999383255493843,1.0,-3.997540850050846,-0.5667634709397199,0.05,0.005555555555555556,8,9-10
