,reject,pvals,pvals_corrected,tstats,effectsize,alpha,alpha_corrected,step,dimension_step
0,True,1.2909517154360474e-57,1.1618565438924427e-56,34.787889099267346,4.932158422425133,0.05,0.005555555555555556,0,1-2
1,True,1.0156335367379148e-56,8.125068293903319e-56,34.011849376620454,4.822133038497197,0.05,0.005555555555555556,1,2-3
2,True,6.081493221260281e-43,3.648895932756169e-42,23.730133941355977,3.3644116678123006,0.05,0.005555555555555556,2,3-4
3,True,2.765667981989361e-44,1.9359675873925526e-43,24.61103947039253,3.489304719299291,0.05,0.005555555555555556,3,4-5
4,True,1.2235042035184011e-26,6.117521017592006e-26,14.554246216661946,2.063472372661731,0.05,0.005555555555555556,4,5-6
5,True,2.503197185358525e-26,1.00127887414341e-25,14.400827257030999,2.0417209346327008,0.05,0.005555555555555556,5,6-7
6,True,8.07910079245068e-14,2.423730237735204e-13,8.544173901336762,1.2113761530598486,0.05,0.005555555555555556,6,7-8
7,False,0.9999976194963589,1.0,-4.841176779422136,-0.6863725119664918,0.05,0.005555555555555556,7,8-9
8,False,0.9999997447429225,1.0,-5.3748981712448884,-0.7620424800520947,0.05,0.005555555555555556,8,9-10
