,reject,pvals,pvals_corrected,tstats,effectsize,alpha,alpha_corrected,step,dimension_step
0,True,3.2352903977403103e-26,2.9117613579662795e-25,14.345988719076555,2.033946034693423,0.05,0.005555555555555556,0,1-2
1,True,6.778556548055798e-13,4.067133928833479e-12,8.115695267503593,1.1506272959889554,0.05,0.005555555555555556,1,2-3
2,True,1.5095544076214933e-13,1.0566880853350453e-12,8.418582324763715,1.193570026611278,0.05,0.005555555555555556,2,3-4
3,True,3.0613483361008356e-16,2.4490786688806685e-15,9.657198082977828,1.3691785300933963,0.05,0.005555555555555556,3,4-5
4,True,0.0024996075772033394,0.012498037886016698,2.8713614813957746,0.40709597739264775,0.05,0.005555555555555556,4,5-6
5,False,0.9999995697778896,1.0,-5.252631862373089,-0.744707803511069,0.05,0.005555555555555556,5,6-7
6,False,0.9995156586727492,1.0,-3.401262047396646,-0.4822242363160697,0.05,0.005555555555555556,6,7-8
7,False,0.9925150966662365,1.0,-2.476341653323857,-0.3510908439253553,0.05,0.005555555555555556,7,8-9
8,False,0.9882841779945616,1.0,-2.3019692065192094,-0.326368661740276,0.05,0.005555555555555556,8,9-10
