{
  "data": {
    "name": "normal-8-100",
    "n_dimension": 8,
    "distance": "euclidean",
    "subject": null,
    "n_objects": 100,
    "n_train_triplets": 7368,
    "n_test_triplets": 10000,
    "frac_train_ndlogn": 1.9999260891644746,
    "frac_train_triplets": 0.015188620902906617,
    "max_train_score": 0.876628664495114,
    "max_test_score": 0.8883,
    "noise_sd": 0.5,
    "distance_sd": 1.076097245217392,
    "distance_mean": 4.078056257003025,
    "difference_sd": 0.9611645979047643,
    "difference_mean": -0.13888890793256817
  },
  "n_repeats": 10,
  "n_splits": 10,
  "embedding_method": "soe",
  "embedding_dimension": [
    1,
    2,
    3,
    4,
    5,
    6,
    7,
    8,
    9,
    10
  ],
  "random_state": 3896771221,
  "alpha": 0.05
}