,reject,pvals,pvals_corrected,tstats,effectsize,alpha,alpha_corrected,step,dimension_step
0,True,1.1629436848516302e-20,1.0466493163664672e-19,11.69365332037047,1.657903144062843,0.05,0.005555555555555556,0,1-2
1,True,1.2845139180527812e-07,7.707083508316687e-07,5.533700975096344,0.7845572289144274,0.05,0.005555555555555556,1,2-3
2,True,3.738591149859556e-07,1.8692955749297782e-06,5.2856586980940925,0.7493902832528716,0.05,0.005555555555555556,2,3-4
3,True,4.186545020956156e-12,3.349236016764925e-11,7.745833128091918,1.0981889700867984,0.05,0.005555555555555556,3,4-5
4,True,1.9089900898048942e-10,1.336293062863426e-09,6.956014020658091,0.9862099721140789,0.05,0.005555555555555556,4,5-6
5,False,0.029197515747604062,0.09252154796094132,1.9148752191327874,0.27148723836014116,0.05,0.005555555555555556,5,6-7
6,False,0.02313038699023533,0.09252154796094132,2.0183407962700537,0.2861563841727105,0.05,0.005555555555555556,6,7-8
7,False,0.7080486937515253,1.0,-0.5494958836769148,-0.07790644448220099,0.05,0.005555555555555556,7,8-9
8,False,0.9999999847248952,1.0,-6.013420617701546,-0.8525709353203115,0.05,0.005555555555555556,8,9-10
