,reject,pvals,pvals_corrected,tstats,effectsize,alpha,alpha_corrected,step,dimension_step
0,True,2.115167395495489e-43,1.90365065594594e-42,24.02858962419748,3.4067261268945095,0.05,0.005555555555555556,0,1-2
1,True,7.862315213376729e-35,6.289852170701383e-34,18.851698407385133,2.6727566829848626,0.05,0.005555555555555556,1,2-3
2,True,1.166884099389381e-22,8.1681886957256665e-22,12.63138130323289,1.7908523711752182,0.05,0.005555555555555556,2,3-4
3,True,4.290740756967654e-12,1.7162963027870616e-11,7.74081511780532,1.097477526468353,0.05,0.005555555555555556,3,4-5
4,True,4.35344576482762e-15,2.612067458896572e-14,9.12838261456855,1.2942041141700555,0.05,0.005555555555555556,4,5-6
5,True,2.064998477333869e-14,1.0324992386669345e-13,8.817476477694642,1.250124454228901,0.05,0.005555555555555556,5,6-7
6,True,9.429009982906789e-08,2.828702994872037e-07,5.604492489721873,0.7945939104762267,0.05,0.005555555555555556,6,7-8
7,False,0.9999998231692506,1.0,-5.460060436270701,-0.7741166183109957,0.05,0.005555555555555556,7,8-9
8,False,0.9999999973805092,1.0,-6.398758469516023,-0.9072033772567211,0.05,0.005555555555555556,8,9-10
