{
  "data": {
    "name": "normal-8-100",
    "n_dimension": 8,
    "distance": "euclidean",
    "subject": null,
    "n_objects": 100,
    "n_train_triplets": 14736,
    "n_test_triplets": 10000,
    "frac_train_ndlogn": 3.999852178328949,
    "frac_train_triplets": 0.030377241805813235,
    "max_train_score": 0.6732491856677525,
    "max_test_score": 0.6757,
    "noise_sd": 2.0,
    "distance_sd": 1.0679739715892318,
    "distance_mean": 3.860864151354674,
    "difference_sd": 0.9419556662468989,
    "difference_mean": -0.08286243416014076
  },
  "n_repeats": 10,
  "n_splits": 10,
  "embedding_method": "soe",
  "embedding_dimension": [
    1,
    2,
    3,
    4,
    5,
    6,
    7,
    8,
    9,
    10
  ],
  "random_state": 1208436097,
  "alpha": 0.05
}