,reject,pvals,pvals_corrected,tstats,effectsize,alpha,alpha_corrected,step,dimension_step
0,True,1.7133804795649694e-60,1.3707043836519756e-59,37.38347206052921,5.300155064215062,0.05,0.005555555555555556,0,1-2
1,True,1.4842011363866578e-61,1.335781022747992e-60,38.383376768590196,5.441919585005989,0.05,0.005555555555555556,1,2-3
2,True,1.2496484535804586e-55,7.497890721482751e-55,33.08729889092492,4.691052090987895,0.05,0.005555555555555556,2,3-4
3,True,2.0060742976993424e-58,1.4042520083895398e-57,35.50120812545673,5.0332913895004525,0.05,0.005555555555555556,3,4-5
4,True,1.8053342828644424e-43,7.22133713145777e-43,24.073577988769998,3.413104488645759,0.05,0.005555555555555556,4,5-6
5,True,5.84986964421777e-46,2.924934822108885e-45,25.743014735786154,3.6497939436743816,0.05,0.005555555555555556,5,6-7
6,True,1.2474006648348045e-36,3.7422019945044135e-36,19.873419917337202,2.817614346992684,0.05,0.005555555555555556,6,7-8
7,False,0.9999997886003014,1.0,-5.418716050704589,-0.7682548927286237,0.05,0.005555555555555556,7,8-9
8,False,0.9999265077782908,1.0,-3.9491044934935946,-0.5598962596736455,0.05,0.005555555555555556,8,9-10
