,reject,pvals,pvals_corrected,tstats,effectsize,alpha,alpha_corrected,step,dimension_step
0,True,8.533151537364694e-57,4.266575768682347e-56,34.07679284334194,4.831340595341416,0.05,0.005555555555555556,0,1-2
1,True,6.5846736097784175e-65,5.9262062488005756e-64,41.69525356183867,5.9114709559800565,0.05,0.005555555555555556,1,2-3
2,True,1.023395576397777e-59,7.163769034784438e-59,36.667310137413466,5.1986190368109195,0.05,0.005555555555555556,2,3-4
3,True,9.199208265079725e-59,5.5195249590478354e-58,35.8036128842787,5.076165740799814,0.05,0.005555555555555556,3,4-5
4,True,9.820915405822507e-54,3.928366162329003e-53,31.52960023806521,4.470204642947017,0.05,0.005555555555555556,4,5-6
5,True,1.2487334143726621e-64,9.989867314981297e-64,41.41139915578629,5.871226637172475,0.05,0.005555555555555556,5,6-7
6,True,5.754587310735176e-23,1.7263761932205528e-22,12.776869389894781,1.8114793856498355,0.05,0.005555555555555556,6,7-8
7,False,0.9999148030098426,1.0,-3.9079803055891373,-0.5540657532821947,0.05,0.005555555555555556,7,8-9
8,False,0.9993160973059254,1.0,-3.2946992120935543,-0.46711596733895844,0.05,0.005555555555555556,8,9-10
