,reject,pvals,pvals_corrected,tstats,effectsize,alpha,alpha_corrected,step,dimension_step
0,True,8.835342860622837e-47,7.951808574560553e-46,26.311760249786655,3.730429562843156,0.05,0.005555555555555556,0,1-2
1,True,1.2043972429139335e-26,9.635177943311468e-26,14.557626268849207,2.063951589805837,0.05,0.005555555555555556,1,2-3
2,True,5.140124284686859e-25,3.598086999280801e-24,13.759496974646787,1.9507943899150393,0.05,0.005555555555555556,2,3-4
3,True,4.18600637944803e-17,2.511603827668818e-16,10.053263119348527,1.4253318511353734,0.05,0.005555555555555556,3,4-5
4,True,1.3379277903089211e-11,6.689638951544606e-11,7.507870442555677,1.0644510890575298,0.05,0.005555555555555556,4,5-6
5,True,0.011347208635976462,0.03404162590792938,2.314707726876634,0.32817470407560784,0.05,0.005555555555555556,5,6-7
6,True,8.042667879048054e-07,3.2170671516192218e-06,5.104182902923006,0.723661002322221,0.05,0.005555555555555556,6,7-8
7,False,0.999999760232316,1.0,-5.389467716800629,-0.7641081215349282,0.05,0.005555555555555556,7,8-9
8,False,0.9950849770657175,1.0,-2.632649681494946,-0.3732518884037033,0.05,0.005555555555555556,8,9-10
