,reject,pvals,pvals_corrected,tstats,effectsize,alpha,alpha_corrected,step,dimension_step
0,True,3.2712632764455837e-41,2.9441369488010253e-40,22.62725436573185,3.2080475730460636,0.05,0.005555555555555556,0,1-2
1,True,5.1231317763027795e-26,4.0985054210422236e-25,14.247925253936774,2.020042789683609,0.05,0.005555555555555556,1,2-3
2,True,8.087260697139711e-20,5.6610824879977975e-19,11.302592757725344,1.6024593474523414,0.05,0.005555555555555556,2,3-4
3,True,5.635616406149111e-17,3.381369843689467e-16,9.99405705775328,1.4169377322935444,0.05,0.005555555555555556,3,4-5
4,True,4.3833192876714955e-08,1.7533277150685982e-07,5.778138899074856,0.8192131565009081,0.05,0.005555555555555556,4,5-6
5,True,8.798488069774158e-09,4.399244034887079e-08,6.135005167394399,0.8698089533872657,0.05,0.005555555555555556,5,6-7
6,True,0.0010459770160034262,0.003137931048010279,3.1601920148115927,0.4480458017402933,0.05,0.005555555555555556,6,7-8
7,False,0.9995683892970496,1.0,-3.436367771369774,-0.4872014567411239,0.05,0.005555555555555556,7,8-9
8,False,0.9998895450987075,1.0,-3.8350580978035813,-0.5437269862393004,0.05,0.005555555555555556,8,9-10
