{
  "data": {
    "name": "normal-8-100",
    "n_dimension": 8,
    "distance": "euclidean",
    "subject": null,
    "n_objects": 100,
    "n_train_triplets": 7368,
    "n_test_triplets": 10000,
    "frac_train_ndlogn": 1.9999260891644746,
    "frac_train_triplets": 0.015188620902906617,
    "max_train_score": 0.7840662323561346,
    "max_test_score": 0.7818,
    "noise_sd": 1.0,
    "distance_sd": 1.0728565058250557,
    "distance_mean": 3.9926290996063765,
    "difference_sd": 0.9525779816286672,
    "difference_mean": -0.12453290522772863
  },
  "n_repeats": 10,
  "n_splits": 10,
  "embedding_method": "soe",
  "embedding_dimension": [
    1,
    2,
    3,
    4,
    5,
    6,
    7,
    8,
    9,
    10
  ],
  "random_state": 3502418042,
  "alpha": 0.05
}