,reject,pvals,pvals_corrected,tstats,effectsize,alpha,alpha_corrected,step,dimension_step
0,True,1.2847270108924562e-05,0.0001027781608713965,4.416045217467883,0.6260981961565228,0.05,0.005555555555555556,0,1-2
1,True,7.927412881768257e-10,7.134671593591432e-09,6.65504173875083,0.9435387145712729,0.05,0.005555555555555556,1,2-3
2,True,0.005059605327289243,0.035417237291024695,2.6220825893875017,0.3717537068903165,0.05,0.005555555555555556,2,3-4
3,False,0.054520331782602564,0.32712199069561537,1.617091313355529,0.2292680225074354,0.05,0.005555555555555556,3,4-5
4,False,0.9999694365300876,1.0,-4.187979172461937,-0.5937634413360885,0.05,0.005555555555555556,4,5-6
5,False,0.9959391789810859,1.0,-2.701517040959849,-0.3830157670353088,0.05,0.005555555555555556,5,6-7
6,False,0.9587620401335787,1.0,-1.7542852845087098,-0.24871911361555793,0.05,0.005555555555555556,6,7-8
7,False,0.6863245980170611,1.0,-0.486977419495354,-0.06904269972349233,0.05,0.005555555555555556,7,8-9
8,False,0.9710341374826436,1.0,-1.918474478272922,-0.271997534234428,0.05,0.005555555555555556,8,9-10
