,reject,pvals,pvals_corrected,tstats,effectsize,alpha,alpha_corrected,step,dimension_step
0,True,3.870972068177985e-49,3.4838748613601866e-48,27.998786935946583,3.9696128848106533,0.05,0.005555555555555556,0,1-2
1,True,1.0326485291636397e-47,8.261188233309117e-47,26.969066147641268,3.8236210988677324,0.05,0.005555555555555556,1,2-3
2,True,1.1425425181239695e-46,7.997797626867787e-46,26.23386081042855,3.7193851337076045,0.05,0.005555555555555556,2,3-4
3,True,3.191966055868945e-39,1.9151796335213672e-38,21.403119926822484,3.034492202502622,0.05,0.005555555555555556,3,4-5
4,True,1.788321518236495e-28,8.941607591182475e-28,15.472597967613003,2.193674475763684,0.05,0.005555555555555556,4,5-6
5,True,2.641683734742844e-28,1.0566734938971376e-27,15.386857846023965,2.181518410138994,0.05,0.005555555555555556,5,6-7
6,True,4.533706738369264e-16,1.3601120215107794e-15,9.579031939073067,1.3580962881123362,0.05,0.005555555555555556,6,7-8
7,False,0.9996063833206851,1.0,-3.464261582105797,-0.4911561863069976,0.05,0.005555555555555556,7,8-9
8,False,0.9999980922322501,1.0,-4.895444429411483,-0.6940664725341026,0.05,0.005555555555555556,8,9-10
