,reject,pvals,pvals_corrected,tstats,effectsize,alpha,alpha_corrected,step,dimension_step
0,True,1.974328335865914e-14,1.7768955022793225e-13,8.826456878034449,1.2513976777075184,0.05,0.005555555555555556,0,1-2
1,False,0.1467433316793136,0.7337166583965681,1.0561137808960923,0.14973373246713081,0.05,0.005555555555555556,1,2-3
2,True,0.004352149646698846,0.03481719717359077,2.676665444513238,0.3794923566215553,0.05,0.005555555555555556,2,3-4
3,False,0.01159442987754283,0.06956657926525697,2.306124758759923,0.32695782775507437,0.05,0.005555555555555556,3,4-5
4,False,0.00890692854417267,0.06234849980920869,2.409680121158465,0.3416397031452087,0.05,0.005555555555555556,4,5-6
5,False,0.9999309227236713,1.0,-3.9662641000171974,-0.5623291149009169,0.05,0.005555555555555556,5,6-7
6,False,0.9979748209548512,1.0,-2.942910647046894,-0.41724007722511197,0.05,0.005555555555555556,6,7-8
7,False,0.7931653742643014,1.0,-0.8209111436946543,-0.11638716565649594,0.05,0.005555555555555556,7,8-9
8,False,0.5761045359985112,1.0,-0.1924410733961439,-0.0272839164878019,0.05,0.005555555555555556,8,9-10
