,reject,pvals,pvals_corrected,tstats,effectsize,alpha,alpha_corrected,step,dimension_step
0,True,1.1429466535743323e-59,1.0286519882168992e-58,36.623431091676615,5.1923979521000465,0.05,0.005555555555555556,0,1-2
1,True,4.7962844234632484e-55,3.8370275387705987e-54,32.600588927058524,4.622047310596883,0.05,0.005555555555555556,1,2-3
2,True,8.686768827249282e-42,6.080738179074498e-41,22.990194059931223,3.259504448295661,0.05,0.005555555555555556,2,3-4
3,True,5.022527570932484e-39,3.0135165425594904e-38,21.284408728918752,3.0176615625949705,0.05,0.005555555555555556,3,4-5
4,True,8.692289292496443e-28,4.3461446462482215e-27,15.12633494882074,2.144581986718507,0.05,0.005555555555555556,4,5-6
5,True,4.652790939036017e-20,1.8611163756144068e-19,11.413856480786889,1.6182340990402417,0.05,0.005555555555555556,5,6-7
6,True,2.6382048200289457e-15,7.914614460086838e-15,9.228252568792103,1.3083634796453607,0.05,0.005555555555555556,6,7-8
7,False,0.9981734100835653,1.0,-2.977561881348816,-0.4221528609994298,0.05,0.005555555555555556,7,8-9
8,False,0.9996641827463826,1.0,-3.5119894174274027,-0.49792294482729355,0.05,0.005555555555555556,8,9-10
