,reject,pvals,pvals_corrected,tstats,effectsize,alpha,alpha_corrected,step,dimension_step
0,True,5.116478636296285e-63,4.604830772666656e-62,39.798218857925185,5.642513110741418,0.05,0.005555555555555556,0,1-2
1,True,6.626079655314107e-49,5.3008637242512854e-48,27.82819241511718,3.9454263295319647,0.05,0.005555555555555556,1,2-3
2,True,3.373299097791372e-36,2.3613093684539606e-35,19.625211814873015,2.7824238909236296,0.05,0.005555555555555556,2,3-4
3,True,2.843122440518137e-32,1.705873464310882e-31,17.451337314046974,2.47421624435015,0.05,0.005555555555555556,3,4-5
4,True,2.365594922719771e-22,9.462379690879085e-22,12.486352062069528,1.770290410911959,0.05,0.005555555555555556,4,5-6
5,True,6.380790805753363e-25,3.1903954028766816e-24,13.713990258654919,1.9443425373201393,0.05,0.005555555555555556,5,6-7
6,True,9.553042484644768e-11,2.8659127453934305e-10,7.100892535245201,1.0067505626601234,0.05,0.005555555555555556,6,7-8
7,False,0.9999948683835469,1.0,-4.650215270789934,-0.6592983652577984,0.05,0.005555555555555556,7,8-9
8,False,0.9995711264323458,1.0,-3.438298409148844,-0.487475178764197,0.05,0.005555555555555556,8,9-10
