,reject,pvals,pvals_corrected,tstats,effectsize,alpha,alpha_corrected,step,dimension_step
0,True,9.642119737378144e-44,8.677907763640329e-43,24.252313606831887,3.4384452726610175,0.05,0.005555555555555556,0,1-2
1,True,7.223287886637956e-32,5.056301520646569e-31,17.23493377605874,2.443534976812312,0.05,0.005555555555555556,1,2-3
2,True,3.055803739995773e-32,2.4446429919966185e-31,17.434544925516363,2.4718354525669075,0.05,0.005555555555555556,2,3-4
3,True,2.2108708673704395e-10,8.843483469481758e-10,6.925173618526417,0.98183748062169,0.05,0.005555555555555556,3,4-5
4,True,8.181575448495047e-19,4.090787724247523e-18,10.838402303420402,1.5366473387881627,0.05,0.005555555555555556,4,5-6
5,True,4.8630347649724025e-20,2.9178208589834414e-19,11.40495558916955,1.6169721481517507,0.05,0.005555555555555556,5,6-7
6,True,2.1318322840755124e-05,6.395496852226538e-05,4.283660017689473,0.6073288831858985,0.05,0.005555555555555556,6,7-8
7,False,0.9999999970001713,1.0,-6.369454480092182,-0.9030487153329972,0.05,0.005555555555555556,7,8-9
8,False,0.9994615002827826,1.0,-3.3687647153245086,-0.4776168285590605,0.05,0.005555555555555556,8,9-10
