,reject,pvals,pvals_corrected,tstats,effectsize,alpha,alpha_corrected,step,dimension_step
0,True,6.161265233033456e-24,4.929012186426765e-23,13.239571379552496,1.8770803627269765,0.05,0.005555555555555556,0,1-2
1,True,1.9722736865245424e-27,1.775046317872088e-26,14.948163503194184,2.1193211899603277,0.05,0.005555555555555556,1,2-3
2,True,2.7144416704471176e-22,1.6286650022682706e-21,12.458168789365011,1.7662946419981156,0.05,0.005555555555555556,2,3-4
3,True,1.749615333774134e-19,8.74807666887067e-19,11.147535488268506,1.580475633081874,0.05,0.005555555555555556,3,4-5
4,True,2.53524541584477e-23,1.774671791091339e-22,12.946103372140465,1.8354730464468965,0.05,0.005555555555555556,4,5-6
5,True,3.0364601392985506e-12,1.2145840557194202e-11,7.8113299569240455,1.1074749815215457,0.05,0.005555555555555556,5,6-7
6,False,0.5927952132962596,1.0,-0.23536765322127703,-0.0333699624570267,0.05,0.005555555555555556,6,7-8
7,False,0.9999864144292467,1.0,-4.401555009848657,-0.6240438030501196,0.05,0.005555555555555556,7,8-9
8,False,0.9999999363241406,1.0,-5.693787313107544,-0.8072539547227711,0.05,0.005555555555555556,8,9-10
