,reject,pvals,pvals_corrected,tstats,effectsize,alpha,alpha_corrected,step,dimension_step
0,True,1.093671294136328e-33,8.749370353090625e-33,18.218575797562206,2.5829938059228077,0.05,0.005555555555555556,0,1-2
1,True,1.738947797158545e-34,1.5650530174426906e-33,18.65952580441446,2.6455108297053913,0.05,0.005555555555555556,1,2-3
2,True,7.558967577555643e-20,3.7794837887778214e-19,11.316180797095544,1.6043858329206817,0.05,0.005555555555555556,2,3-4
3,True,3.9725452557423384e-28,2.383527153445403e-27,15.297407829242932,2.1688363628784164,0.05,0.005555555555555556,3,4-5
4,True,1.4292520721659616e-29,1.0004764505161732e-28,16.032851394064867,2.273106103479931,0.05,0.005555555555555556,4,5-6
5,True,2.7661295029890965e-14,1.1064518011956386e-13,8.75898954949067,1.2418322927033811,0.05,0.005555555555555556,5,6-7
6,True,5.759418020042754e-08,1.7278254060128263e-07,5.716518255383422,0.8104767029635659,0.05,0.005555555555555556,6,7-8
7,False,0.9999999999888141,1.0,-7.544654950320789,-1.0696663241432447,0.05,0.005555555555555556,7,8-9
8,False,0.9999999796584494,1.0,-5.9498849068500705,-0.843562967331605,0.05,0.005555555555555556,8,9-10
