{
  "data": {
    "name": "normal-8-100",
    "n_dimension": 8,
    "distance": "euclidean",
    "subject": null,
    "n_objects": 100,
    "n_train_triplets": 29473,
    "n_test_triplets": 10000,
    "frac_train_ndlogn": 7.999975790709088,
    "frac_train_triplets": 0.06075654504225933,
    "max_train_score": 0.8768024972008279,
    "max_test_score": 0.8853,
    "noise_sd": 0.5,
    "distance_sd": 1.073507021807681,
    "distance_mean": 4.009902151071677,
    "difference_sd": 0.9538162251691967,
    "difference_mean": -0.1425414037855629
  },
  "n_repeats": 10,
  "n_splits": 10,
  "embedding_method": "soe",
  "embedding_dimension": [
    1,
    2,
    3,
    4,
    5,
    6,
    7,
    8,
    9,
    10
  ],
  "random_state": 924119132,
  "alpha": 0.05
}