,reject,pvals,pvals_corrected,tstats,effectsize,alpha,alpha_corrected,step,dimension_step
0,True,3.847047155686359e-30,3.4623424401177235e-29,16.32736851423399,2.3148621609011077,0.05,0.005555555555555556,0,1-2
1,True,8.04675183454985e-20,5.632726284184895e-19,11.303602709540616,1.6026025364322107,0.05,0.005555555555555556,1,2-3
2,True,2.8394332309636282e-14,1.703659938578177e-13,8.753754491847928,1.2410900765381276,0.05,0.005555555555555556,2,3-4
3,True,6.596868691841161e-20,5.277494953472929e-19,11.343570864301014,1.6082691427206173,0.05,0.005555555555555556,3,4-5
4,True,6.356886723056752e-05,0.0003178443361528376,3.989208304095909,0.5655820989802252,0.05,0.005555555555555556,4,5-6
5,True,0.0008319577508108691,0.0033278310032434765,3.233132235548489,0.4583871226239628,0.05,0.005555555555555556,5,6-7
6,False,0.9887529591966221,1.0,-2.318232353741681,-0.32867441873287667,0.05,0.005555555555555556,6,7-8
7,False,0.990304120774794,1.0,-2.3766893193929453,-0.33696233222666705,0.05,0.005555555555555556,7,8-9
8,False,0.9992841182086836,1.0,-3.280411401288183,-0.4650902696543234,0.05,0.005555555555555556,8,9-10
