,reject,pvals,pvals_corrected,tstats,effectsize,alpha,alpha_corrected,step,dimension_step
0,True,1.5271299448295875e-33,1.3744169503466286e-32,18.139142200541777,2.571731866934504,0.05,0.005555555555555556,0,1-2
1,True,1.4594057880569835e-25,1.1675246304455868e-24,14.025468773769285,1.9885033479212675,0.05,0.005555555555555556,1,2-3
2,True,2.101428831463579e-14,1.4710001820245055e-13,8.813978575470381,1.2496285285385846,0.05,0.005555555555555556,2,3-4
3,True,1.5369472694808738e-11,9.221683616885243e-11,7.4793499057492205,1.0604075035033544,0.05,0.005555555555555556,3,4-5
4,True,4.9353900179384e-09,1.97415600717536e-08,6.2613991494125205,0.8877288432999784,0.05,0.005555555555555556,4,5-6
5,True,1.2357727322007758e-09,6.1788636610038785e-09,6.5602652557462955,0.9301014914168364,0.05,0.005555555555555556,5,6-7
6,False,0.9557087050706874,1.0,-1.7198601140880159,-0.24383838073322212,0.05,0.005555555555555556,6,7-8
7,False,0.9999845684569209,1.0,-4.3684098468174035,-0.6193445470952449,0.05,0.005555555555555556,7,8-9
8,False,0.9998980522541041,1.0,-3.857661409076705,-0.5469316392078182,0.05,0.005555555555555556,8,9-10
