,reject,pvals,pvals_corrected,tstats,effectsize,alpha,alpha_corrected,step,dimension_step
0,True,7.198068070646282e-53,5.758454456517026e-52,30.839007442374893,4.372293756086053,0.05,0.005555555555555556,0,1-2
1,True,3.3154692505467775e-55,2.9839223254921e-54,32.733609200656666,4.640906663083268,0.05,0.005555555555555556,1,2-3
2,True,7.230481689084009e-43,5.061337182358806e-42,23.681479835855086,3.357513584529724,0.05,0.005555555555555556,2,3-4
3,True,8.337346319424497e-36,5.002407791654698e-35,19.401065982978395,2.7506449361995897,0.05,0.005555555555555556,3,4-5
4,True,4.14812464106133e-32,1.659249856424532e-31,17.363497654485375,2.4617625103655025,0.05,0.005555555555555556,4,5-6
5,True,8.654006254560057e-33,4.3270031272800287e-32,17.729426728474433,2.5136432139958753,0.05,0.005555555555555556,5,6-7
6,True,3.783383957551749e-26,1.1350151872655248e-25,14.312573222733311,2.0292084514138353,0.05,0.005555555555555556,6,7-8
7,False,0.9999991179143576,1.0,-5.082080358141988,-0.720527347040992,0.05,0.005555555555555556,7,8-9
8,False,0.9999995892748889,1.0,-5.263551142307566,-0.746255917521148,0.05,0.005555555555555556,8,9-10
