,reject,pvals,pvals_corrected,tstats,effectsize,alpha,alpha_corrected,step,dimension_step
0,True,1.0963088094449956e-23,9.86677928500496e-23,13.119801724451412,1.860099656841887,0.05,0.005555555555555556,0,1-2
1,False,0.12804404330471522,0.7682642598282914,1.1422913557613679,0.16195181935602151,0.05,0.005555555555555556,1,2-3
2,False,0.04984514993364456,0.38988453346510826,1.6619295818527717,0.2356251039326574,0.05,0.005555555555555556,2,3-4
3,False,0.04873556668313853,0.38988453346510826,1.6730679861489113,0.23720428496329768,0.05,0.005555555555555556,3,4-5
4,False,0.7538353265436321,1.0,-0.6891684528805462,-0.09770894634179086,0.05,0.005555555555555556,4,5-6
5,False,0.6198275335965546,1.0,-0.30587125941900556,-0.04336582492879694,0.05,0.005555555555555556,5,6-7
6,False,0.8708134470488066,1.0,-1.136783047447065,-0.16117086224855864,0.05,0.005555555555555556,6,7-8
7,False,0.9123690390655019,1.0,-1.3652721111970731,-0.193565591833642,0.05,0.005555555555555556,7,8-9
8,False,0.9881124765301934,1.0,-2.296155755264729,-0.3255444420675524,0.05,0.005555555555555556,8,9-10
