,reject,pvals,pvals_corrected,tstats,effectsize,alpha,alpha_corrected,step,dimension_step
0,True,1.9479386580182973e-44,1.7531447922164675e-43,24.712404362040505,3.50367603405924,0.05,0.005555555555555556,0,1-2
1,True,2.2072808466512233e-33,1.7658246773209786e-32,18.05171361159606,2.559336413732417,0.05,0.005555555555555556,1,2-3
2,True,2.920967942782359e-25,2.0446775599476514e-24,13.878677728510514,1.9676916025421871,0.05,0.005555555555555556,2,3-4
3,True,8.541480169612359e-12,4.270740084806179e-11,7.599989141670845,1.0775114968450574,0.05,0.005555555555555556,3,4-5
4,True,5.3094764859318875e-17,3.1856858915591324e-16,10.005925712497568,1.418620446794929,0.05,0.005555555555555556,4,5-6
5,True,2.986280743551189e-06,1.1945122974204757e-05,4.785253455783382,0.6784438132487334,0.05,0.005555555555555556,5,6-7
6,True,5.408314718580431e-05,0.00016224944155741295,4.033591311367193,0.571874634365197,0.05,0.005555555555555556,6,7-8
7,False,0.9999994479433394,1.0,-5.193726367113988,-0.736356298372592,0.05,0.005555555555555556,7,8-9
8,False,0.9999988070208831,1.0,-5.009472669369231,-0.7102331718844741,0.05,0.005555555555555556,8,9-10
