,reject,pvals,pvals_corrected,tstats,effectsize,alpha,alpha_corrected,step,dimension_step
0,True,7.555907506988999e-66,6.800316756290099e-65,42.6684729977842,6.0494520914312355,0.05,0.005555555555555556,0,1-2
1,True,8.254380689506932e-51,5.778066482654853e-50,29.24409990635761,4.146170905851871,0.05,0.005555555555555556,1,2-3
2,True,3.479096629233705e-52,2.783277303386964e-51,30.301525884361396,4.296090679041339,0.05,0.005555555555555556,2,3-4
3,True,6.877821426039034e-37,4.12669285562342e-36,20.022857933508895,2.8388013746961627,0.05,0.005555555555555556,3,4-5
4,True,2.5853647059522264e-26,1.0341458823808906e-25,14.393919313942007,2.040741540062631,0.05,0.005555555555555556,4,5-6
5,True,6.483017604468944e-35,3.241508802234472e-34,18.898566633882528,2.6794015678585508,0.05,0.005555555555555556,5,6-7
6,True,3.5480530130941077e-19,1.0644159039282324e-18,11.005719238832251,1.5603692044596067,0.05,0.005555555555555556,6,7-8
7,False,0.9999319833759764,1.0,-3.970542634595857,-0.5629357171094487,0.05,0.005555555555555556,7,8-9
8,False,0.9999790650870237,1.0,-4.288446170674564,-0.6080074545326414,0.05,0.005555555555555556,8,9-10
