,reject,pvals,pvals_corrected,tstats,effectsize,alpha,alpha_corrected,step,dimension_step
0,True,1.7773066892179827e-22,1.5995760202961843e-21,12.544982914931625,1.7786029777921337,0.05,0.005555555555555556,0,1-2
1,True,1.90778492960165e-07,1.52622794368132e-06,5.442499942370968,0.7716269260608458,0.05,0.005555555555555556,1,2-3
2,False,0.2819873023492929,1.0,0.5788953120184586,0.08207463754776653,0.05,0.005555555555555556,2,3-4
3,False,0.36036244758019376,1.0,0.35851021469068856,0.050828872366083355,0.05,0.005555555555555556,3,4-5
4,False,0.8022632312700748,1.0,-0.8534436832295403,-0.12099956505825343,0.05,0.005555555555555556,4,5-6
5,False,0.30802490088050516,1.0,0.5030452448591035,0.0713207643675337,0.05,0.005555555555555556,5,6-7
6,False,0.9502267146846144,1.0,-1.6626448674837944,-0.23572651572109393,0.05,0.005555555555555556,6,7-8
7,False,0.992207295282573,1.0,-2.4610079494415538,-0.3489168615795375,0.05,0.005555555555555556,7,8-9
8,False,0.9831471124419164,1.0,-2.153522725171262,-0.3053222118918696,0.05,0.005555555555555556,8,9-10
