,reject,pvals,pvals_corrected,tstats,effectsize,alpha,alpha_corrected,step,dimension_step
0,True,6.632836663160279e-53,5.969552996844251e-52,30.867115717230952,4.376278891952606,0.05,0.005555555555555556,0,1-2
1,True,2.847225062165762e-34,2.0624983760439652e-33,18.540714968275744,2.628666063284962,0.05,0.005555555555555556,1,2-3
2,True,2.5781229700549565e-34,2.0624983760439652e-33,18.564604479320817,2.632053071124741,0.05,0.005555555555555556,2,3-4
3,True,1.7756114106470326e-25,1.0653668463882195e-24,13.983928050637413,1.9826137859853923,0.05,0.005555555555555556,3,4-5
4,True,4.315600607551254e-18,2.1578003037756267e-17,10.506119992558729,1.489537006986691,0.05,0.005555555555555556,4,5-6
5,True,4.766935524075176e-08,1.9067742096300705e-07,5.759235345103315,0.8165330478381361,0.05,0.005555555555555556,5,6-7
6,True,1.786329849476896e-07,5.358989548430689e-07,5.45771653460252,0.773784304547402,0.05,0.005555555555555556,6,7-8
7,False,0.9999999924586667,1.0,-6.168812175993555,-0.8746020445036461,0.05,0.005555555555555556,7,8-9
8,False,0.9999999316267987,1.0,-5.677645401848415,-0.804965386326351,0.05,0.005555555555555556,8,9-10
