,reject,pvals,pvals_corrected,tstats,effectsize,alpha,alpha_corrected,step,dimension_step
0,True,7.648721089471938e-21,6.883848980524744e-20,11.778431127987476,1.6699227747072836,0.05,0.005555555555555556,0,1-2
1,False,0.2486556471179851,1.0,0.6812380704937668,0.09658459234116742,0.05,0.005555555555555556,1,2-3
2,False,0.253133136913075,1.0,0.6670904047060356,0.09457876414120102,0.05,0.005555555555555556,2,3-4
3,True,4.0752561451238825e-07,3.260204916099106e-06,5.26539127928023,0.7465168085180762,0.05,0.005555555555555556,3,4-5
4,False,0.4032255138133519,1.0,0.2456638500771445,0.034829736975012134,0.05,0.005555555555555556,4,5-6
5,False,0.9685758570466457,1.0,-1.8814532289692323,-0.26674873439949526,0.05,0.005555555555555556,5,6-7
6,False,0.9999716333584667,1.0,-4.2078990911741165,-0.5965876481906622,0.05,0.005555555555555556,6,7-8
7,False,0.9300790313649699,1.0,-1.4883318199405209,-0.2110127550463407,0.05,0.005555555555555556,7,8-9
8,False,0.999412428651615,1.0,-3.3418691296305205,-0.47380362537423565,0.05,0.005555555555555556,8,9-10
