,reject,pvals,pvals_corrected,tstats,effectsize,alpha,alpha_corrected,step,dimension_step
0,True,3.2816122037428375e-16,2.9534509833685537e-15,9.643368400269916,1.3672177849084077,0.05,0.005555555555555556,0,1-2
1,False,0.6911340455561372,1.0,-0.5006454126881412,-0.07098052088737763,0.05,0.005555555555555556,1,2-3
2,True,0.0017651190887925728,0.014120952710340582,2.9889943904782204,0.42377373963426573,0.05,0.005555555555555556,2,3-4
3,False,0.03873429223427514,0.23240575340565084,1.7841151573300282,0.2529483342519614,0.05,0.005555555555555556,3,4-5
4,False,0.011825501328767257,0.0827785093013708,2.2982471101294593,0.3258409502425936,0.05,0.005555555555555556,4,5-6
5,False,0.4555387945680551,1.0,0.11196534239944378,0.015874225796205635,0.05,0.005555555555555556,5,6-7
6,False,0.9904132319771308,1.0,-2.381106610453565,-0.3375886070560127,0.05,0.005555555555555556,6,7-8
7,False,0.9007886560066328,1.0,-1.2947366331775056,-0.18356521063772405,0.05,0.005555555555555556,7,8-9
8,False,0.3082665368738925,1.0,0.502355471071221,0.07122296959798718,0.05,0.005555555555555556,8,9-10
