,reject,pvals,pvals_corrected,tstats,effectsize,alpha,alpha_corrected,step,dimension_step
0,True,6.383561978612749e-18,5.106849582890199e-17,10.42801351971547,1.478463225051244,0.05,0.005555555555555556,0,1-2
1,True,1.1820021095746153e-20,1.0638018986171537e-19,11.69036651931327,1.6574371478803542,0.05,0.005555555555555556,1,2-3
2,False,0.9588898344671598,1.0,-1.7557712129121337,-0.24892978561894263,0.05,0.005555555555555556,2,3-4
3,False,0.9422214596408762,1.0,-1.5876379432500145,-0.22509218168478035,0.05,0.005555555555555556,3,4-5
4,False,0.6958927201885752,1.0,-0.5142624958261962,-0.07291112412394009,0.05,0.005555555555555556,4,5-6
5,False,0.6727500472013728,1.0,-0.44887910978772266,-0.06364119638511896,0.05,0.005555555555555556,5,6-7
6,False,0.7333430201458158,1.0,-0.625145395120997,-0.0886318832679977,0.05,0.005555555555555556,6,7-8
7,False,0.7556855405882573,1.0,-0.6950871847304869,-0.0985480924900513,0.05,0.005555555555555556,7,8-9
8,False,0.9991714081357369,1.0,-3.234413858642402,-0.45856882862282294,0.05,0.005555555555555556,8,9-10
