,reject,pvals,pvals_corrected,tstats,effectsize,alpha,alpha_corrected,step,dimension_step
0,True,1.5505691619630314e-44,1.3955122457667282e-43,24.778545635812538,3.5130534136287155,0.05,0.005555555555555556,0,1-2
1,True,2.088624386620586e-29,1.6708995092964688e-28,15.948176440244715,2.2611010552442994,0.05,0.005555555555555556,1,2-3
2,True,2.6508235275891226e-13,1.5904941165534736e-12,8.305236147201658,1.1775000287244513,0.05,0.005555555555555556,2,3-4
3,True,3.0891873959709607e-27,2.1624311771796724e-26,14.850939961677788,2.1055370276681065,0.05,0.005555555555555556,3,4-5
4,True,6.032393910095666e-09,2.4129575640382665e-08,6.217634722801002,0.8815240090630211,0.05,0.005555555555555556,4,5-6
5,True,2.1247519305031058e-11,1.0623759652515529e-10,7.412639577185518,1.0509494444659309,0.05,0.005555555555555556,5,6-7
6,False,0.190250174571244,0.570750523713732,0.8809095885963412,0.12489362704338411,0.05,0.005555555555555556,6,7-8
7,False,0.9992417116744355,1.0,-3.262359155755745,-0.4625308578259013,0.05,0.005555555555555556,7,8-9
8,False,0.9998289820877323,1.0,-3.71022890524901,-0.5260289490958071,0.05,0.005555555555555556,8,9-10
