{
  "data": {
    "name": "normal-8-100",
    "n_dimension": 8,
    "distance": "euclidean",
    "subject": null,
    "n_objects": 100,
    "n_train_triplets": 29473,
    "n_test_triplets": 10000,
    "frac_train_ndlogn": 7.999975790709088,
    "frac_train_triplets": 0.06075654504225933,
    "max_train_score": 0.8763274861737862,
    "max_test_score": 0.8735,
    "noise_sd": 0.5,
    "distance_sd": 1.0622174204896302,
    "distance_mean": 3.7003079589100074,
    "difference_sd": 0.9130731026107622,
    "difference_mean": -0.17642245345620142
  },
  "n_repeats": 10,
  "n_splits": 10,
  "embedding_method": "soe",
  "embedding_dimension": [
    1,
    2,
    3,
    4,
    5,
    6,
    7,
    8,
    9,
    10
  ],
  "random_state": 1422631963,
  "alpha": 0.05
}