,reject,pvals,pvals_corrected,tstats,effectsize,alpha,alpha_corrected,step,dimension_step
0,True,1.5668842902338348e-39,1.2535074321870678e-38,21.590328989292274,3.061034334782621,0.05,0.005555555555555556,0,1-2
1,True,2.0224032341300422e-46,1.820162910717038e-45,26.061449623744185,3.6949410151208433,0.05,0.005555555555555556,1,2-3
2,True,1.8961443730488444e-33,1.327301061134191e-32,18.087746791492517,2.5644451270322075,0.05,0.005555555555555556,2,3-4
3,True,2.557269571230465e-24,1.5343617427382792e-23,13.422943714448387,1.9030785313257024,0.05,0.005555555555555556,3,4-5
4,True,3.6537084344813596e-10,1.4614833737925438e-09,6.8193175507398545,0.9668294157515138,0.05,0.005555555555555556,4,5-6
5,True,0.001841454527919045,0.0055243635837571355,2.9748507022537787,0.4217684753653911,0.05,0.005555555555555556,5,6-7
6,True,5.4361953887779686e-11,2.7180976943889845e-10,7.2182434497391155,1.0233883442642002,0.05,0.005555555555555556,6,7-8
7,False,0.9999795968713835,1.0,-4.295226164628771,-0.6089687087263008,0.05,0.005555555555555556,7,8-9
8,False,0.9998403823914177,1.0,-3.7301061515127856,-0.5288471059346641,0.05,0.005555555555555556,8,9-10
