,reject,pvals,pvals_corrected,tstats,effectsize,alpha,alpha_corrected,step,dimension_step
0,True,4.918022362685958e-56,4.426220126417362e-55,33.42831049040044,4.739400044141894,0.05,0.005555555555555556,0,1-2
1,True,2.014486442748883e-43,1.410140509924218e-42,24.042435717171877,3.4086891986947694,0.05,0.005555555555555556,1,2-3
2,True,9.102151079340355e-52,7.281720863472284e-51,29.977177639291643,4.250105223466419,0.05,0.005555555555555556,2,3-4
3,True,9.084298469081733e-32,4.542149234540867e-31,17.18194025082193,2.436021659143485,0.05,0.005555555555555556,3,4-5
4,True,1.4844927431244494e-26,5.937970972497798e-26,14.512748098948316,2.057588851238168,0.05,0.005555555555555556,4,5-6
5,True,2.6042498605699068e-34,1.562549916341944e-33,18.562177509317486,2.6317089800961435,0.05,0.005555555555555556,5,6-7
6,True,3.920590683601537e-26,1.1761772050804611e-25,14.30497089017761,2.028130607672363,0.05,0.005555555555555556,6,7-8
7,False,0.9999999993308465,1.0,-6.691100974163067,-0.94865112197079,0.05,0.005555555555555556,7,8-9
8,False,0.9999838575395499,1.0,-4.356656921859647,-0.6176782405351338,0.05,0.005555555555555556,8,9-10
