,reject,pvals,pvals_corrected,tstats,effectsize,alpha,alpha_corrected,step,dimension_step
0,True,2.9903243959830984e-32,2.6912919563847884e-31,17.439586154365777,2.472550188067474,0.05,0.005555555555555556,0,1-2
1,True,4.660231627604339e-14,2.796138976562603e-13,8.654523718042222,1.227021332803979,0.05,0.005555555555555556,1,2-3
2,True,1.2738426060105017e-19,8.916898242073511e-19,11.211267884294877,1.5895114867074227,0.05,0.005555555555555556,2,3-4
3,True,1.9382117564810165e-21,1.5505694051848132e-20,12.056981515756691,1.70941510024579,0.05,0.005555555555555556,3,4-5
4,True,1.5457018241705593e-06,7.728509120852796e-06,4.946734321023935,0.7013382523819622,0.05,0.005555555555555556,4,5-6
5,False,0.9724207693177516,1.0,-1.940541818937581,-0.2751261983453532,0.05,0.005555555555555556,5,6-7
6,False,0.7964854960921073,1.0,-0.8326808473997415,-0.11805585107436789,0.05,0.005555555555555556,6,7-8
7,False,0.9999385457575054,1.0,-3.998525272087576,-0.5669030403578534,0.05,0.005555555555555556,7,8-9
8,False,0.9999995856013342,1.0,-5.2614555613478835,-0.7459588101786851,0.05,0.005555555555555556,8,9-10
