,reject,pvals,pvals_corrected,tstats,effectsize,alpha,alpha_corrected,step,dimension_step
0,True,7.008991590933122e-35,5.607193272746497e-34,18.879604882499677,2.676713208081388,0.05,0.005555555555555556,0,1-2
1,True,3.5596852345886606e-37,3.203716711129795e-36,20.188976030057695,2.8623532713540043,0.05,0.005555555555555556,1,2-3
2,True,6.419221709495813e-20,3.8515330256974877e-19,11.349064174146173,1.6090479733746554,0.05,0.005555555555555556,2,3-4
3,True,1.1151196668915416e-20,7.805837668240791e-20,11.702144964999963,1.6591070727191661,0.05,0.005555555555555556,3,4-5
4,True,3.6339851875568837e-10,1.610410051732469e-09,6.820460901534376,0.9669915177760113,0.05,0.005555555555555556,4,5-6
5,True,1.7053135248870504e-09,5.115940574661151e-09,6.4912103910071774,0.9203110286566327,0.05,0.005555555555555556,5,6-7
6,True,3.220820103464938e-10,1.610410051732469e-09,6.845939369146525,0.9706038047493648,0.05,0.005555555555555556,6,7-8
7,False,0.9999607977895755,1.0,-4.121078688150233,-0.584278422391112,0.05,0.005555555555555556,7,8-9
8,False,0.9999352367048847,1.0,-3.98407591638979,-0.5648544391564384,0.05,0.005555555555555556,8,9-10
