,reject,pvals,pvals_corrected,tstats,effectsize,alpha,alpha_corrected,step,dimension_step
0,True,3.9524636488968e-15,3.55721728400712e-14,9.147654756173049,1.2969364804617145,0.05,0.005555555555555556,0,1-2
1,True,6.575318385822462e-05,0.0005260254708657969,3.9798905829066995,0.5642610508157323,0.05,0.005555555555555556,1,2-3
2,False,0.25771510121783925,1.0,0.6527502897300205,0.092545650874234,0.05,0.005555555555555556,2,3-4
3,False,0.2856624857505635,1.0,0.5679940880023339,0.08052908347024118,0.05,0.005555555555555556,3,4-5
4,False,0.6860199362910779,1.0,-0.4861147063503959,-0.0689203859524009,0.05,0.005555555555555556,4,5-6
5,False,0.039111500343815546,0.2737805024067088,1.779520924875108,0.2522969730201127,0.05,0.005555555555555556,5,6-7
6,False,0.9974508927013302,1.0,-2.8646331108469543,-0.4061420422637623,0.05,0.005555555555555556,6,7-8
7,False,0.9471167621556371,1.0,-1.6324266242515018,-0.2314422326924872,0.05,0.005555555555555556,7,8-9
8,False,0.9998266682907929,1.0,-3.7063487626075324,-0.5254788301117329,0.05,0.005555555555555556,8,9-10
