,reject,pvals,pvals_corrected,tstats,effectsize,alpha,alpha_corrected,step,dimension_step
0,True,7.010300039739678e-36,6.309270035765711e-35,19.4438930220452,2.756716869476085,0.05,0.005555555555555556,0,1-2
1,True,2.656855348241606e-29,2.1254842785932847e-28,15.894568278335385,2.2535005955982035,0.05,0.005555555555555556,1,2-3
2,True,1.6462874011207247e-22,1.1524011807845072e-21,12.560696256527173,1.7808307844254647,0.05,0.005555555555555556,2,3-4
3,True,5.916959902338329e-14,3.5501759414029976e-13,8.606659891959803,1.2202352937813676,0.05,0.005555555555555556,3,4-5
4,True,1.7282270949814128e-13,8.641135474907064e-13,8.391369687060141,1.1897118724167797,0.05,0.005555555555555556,4,5-6
5,True,2.767359670097187e-05,0.00011069438680388748,4.21449201509486,0.5975223799633006,0.05,0.005555555555555556,5,6-7
6,False,0.438718456998773,1.0,0.1546184403888038,0.02192149804921443,0.05,0.005555555555555556,6,7-8
7,False,0.9999968766173108,1.0,-4.774138422296359,-0.6768679456853948,0.05,0.005555555555555556,7,8-9
8,False,0.99927397763264,1.0,-3.276005342567695,-0.4644655873240462,0.05,0.005555555555555556,8,9-10
