,reject,pvals,pvals_corrected,tstats,effectsize,alpha,alpha_corrected,step,dimension_step
0,True,4.783614447698155e-42,4.3052530029283395e-41,23.154791644715843,3.282840769789321,0.05,0.005555555555555556,0,1-2
1,True,3.8421780245039338e-22,2.6895246171527537e-21,12.387046916487579,1.7562111228938058,0.05,0.005555555555555556,1,2-3
2,True,1.3857156120855395e-36,1.1085724896684316e-35,19.847095332617737,2.81388209920178,0.05,0.005555555555555556,2,3-4
3,True,4.832998172190686e-19,2.416499086095343e-18,10.943791672179797,1.5515892359891534,0.05,0.005555555555555556,3,4-5
4,True,6.0543196214707635e-15,2.4217278485883054e-14,9.062584541526775,1.2848753929243861,0.05,0.005555555555555556,4,5-6
5,True,6.3307065405180486e-21,3.798423924310829e-20,11.816733672605809,1.675353234069177,0.05,0.005555555555555556,5,6-7
6,True,4.245311300837592e-08,1.2735933902512777e-07,5.785339822873365,0.8202340892991217,0.05,0.005555555555555556,6,7-8
7,False,0.999999999999933,1.0,-8.582094434813165,-1.216752451634183,0.05,0.005555555555555556,7,8-9
8,False,0.9996209826035454,1.0,-3.4756596788584897,-0.4927721860228181,0.05,0.005555555555555556,8,9-10
