,reject,pvals,pvals_corrected,tstats,effectsize,alpha,alpha_corrected,step,dimension_step
0,True,2.311637580447421e-28,2.0804738224026788e-27,15.416165626654983,2.185673609572607,0.05,0.005555555555555556,0,1-2
1,True,1.907485256801963e-09,1.3352396797613741e-08,6.467125483240954,0.9168963178544469,0.05,0.005555555555555556,1,2-3
2,True,1.7493377348850278e-12,1.3994701879080223e-11,7.923522210589696,1.1233813783503073,0.05,0.005555555555555556,2,3-4
3,False,0.014785309956092443,0.07392654978046222,2.207746145611993,0.31300990168116133,0.05,0.005555555555555556,3,4-5
4,False,0.020898092706694456,0.08359237082677783,2.0623213234604547,0.29239185672426016,0.05,0.005555555555555556,4,5-6
5,True,0.003919373263388948,0.02351623958033369,2.714172919853505,0.3848100926266208,0.05,0.005555555555555556,5,6-7
6,False,0.8809737420255007,1.0,-1.187039672818956,-0.16829614764323517,0.05,0.005555555555555556,6,7-8
7,False,0.987661232276492,1.0,-2.2812227701375556,-0.3234272728378595,0.05,0.005555555555555556,7,8-9
8,False,0.9611266980337186,1.0,-1.7824177922724445,-0.2527076851760487,0.05,0.005555555555555556,8,9-10
