,reject,pvals,pvals_corrected,tstats,effectsize,alpha,alpha_corrected,step,dimension_step
0,True,1.8566786939237453e-14,1.6710108245313709e-13,8.838743479934704,1.2531396479337777,0.05,0.005555555555555556,0,1-2
1,True,5.5047985035958245e-06,3.853358952517077e-05,4.6325443272625995,0.6567930136769122,0.05,0.005555555555555556,1,2-3
2,True,3.777634334516291e-07,3.022107467613033e-06,5.283218759034188,0.7490443534969681,0.05,0.005555555555555556,2,3-4
3,False,0.020042334138110837,0.12025400482866502,2.08025726131939,0.2949347786797319,0.05,0.005555555555555556,3,4-5
4,False,0.46890795048950235,1.0,0.07821373775544951,0.011088989743502873,0.05,0.005555555555555556,4,5-6
5,False,0.06061038596353907,0.30305192981769535,1.5630973581097685,0.2216128658416913,0.05,0.005555555555555556,5,6-7
6,False,0.9880762974874123,1.0,-2.294940249939511,-0.3253721101157582,0.05,0.005555555555555556,6,7-8
7,False,0.8884341466156352,1.0,-1.225933986000809,-0.173810506786928,0.05,0.005555555555555556,7,8-9
8,False,0.9999152114551472,1.0,-3.9093218563390493,-0.5542559557061304,0.05,0.005555555555555556,8,9-10
