,reject,pvals,pvals_corrected,tstats,effectsize,alpha,alpha_corrected,step,dimension_step
0,True,5.361598465991313e-13,4.825438619392182e-12,8.163103356003258,1.1573487214343878,0.05,0.005555555555555556,0,1-2
1,False,0.27308810607124856,1.0,0.6055849769869024,0.0858586456975622,0.05,0.005555555555555556,1,2-3
2,False,0.012605162269753882,0.10084129815803106,2.272631033984734,0.3222091534024297,0.05,0.005555555555555556,2,3-4
3,False,0.4043261860652363,1.0,0.24281332378648673,0.0344255949699398,0.05,0.005555555555555556,3,4-5
4,False,0.8106249424121525,1.0,-0.8841636241157642,-0.1253549777924392,0.05,0.005555555555555556,4,5-6
5,False,0.44669076346525566,1.0,0.13437161098521105,0.019050942440468455,0.05,0.005555555555555556,5,6-7
6,False,0.5292546949428829,1.0,-0.07358307160368995,-0.01043246301385083,0.05,0.005555555555555556,6,7-8
7,False,0.3751379474943633,1.0,0.31916230730096184,0.04525020352868235,0.05,0.005555555555555556,7,8-9
8,False,0.9993913254290977,1.0,-3.3309457325785985,-0.47225492764735155,0.05,0.005555555555555556,8,9-10
