,reject,pvals,pvals_corrected,tstats,effectsize,alpha,alpha_corrected,step,dimension_step
0,True,2.4354670304067636e-34,2.191920327366087e-33,18.57830905151595,2.6339960783875584,0.05,0.005555555555555556,0,1-2
1,True,9.097184260899204e-31,6.368028982629443e-30,16.65382362596188,2.361146323882597,0.05,0.005555555555555556,1,2-3
2,True,8.4684401243134e-33,6.77475209945072e-32,17.734515797910554,2.5143647322406313,0.05,0.005555555555555556,2,3-4
3,True,4.334303722016995e-27,2.600582233210197e-26,14.777728403449226,2.0951572370891065,0.05,0.005555555555555556,3,4-5
4,True,4.966660234633504e-25,2.483330117316752e-24,13.76672680249999,1.9518194206732182,0.05,0.005555555555555556,4,5-6
5,True,1.3631323885990686e-21,5.452529554396274e-21,12.128608391445638,1.7195702176544136,0.05,0.005555555555555556,5,6-7
6,True,8.313719012124572e-12,2.494115703637372e-11,7.6055285768399985,1.0782968670567152,0.05,0.005555555555555556,6,7-8
7,False,0.9999999999771024,1.0,-7.397212313606045,-1.0487621974104586,0.05,0.005555555555555556,7,8-9
8,False,0.9969235328839116,1.0,-2.7995516613978375,-0.3969149225000956,0.05,0.005555555555555556,8,9-10
