,reject,pvals,pvals_corrected,tstats,effectsize,alpha,alpha_corrected,step,dimension_step
0,True,5.834792133192261e-41,5.2513129198730354e-40,22.470094908830625,3.185765814678739,0.05,0.005555555555555556,0,1-2
1,True,1.613810219676563e-35,1.2910481757412504e-34,19.238422674755803,2.7275856881891083,0.05,0.005555555555555556,1,2-3
2,True,2.5791398102379915e-26,1.805397867166594e-25,14.394434868385815,2.0408146343565963,0.05,0.005555555555555556,2,3-4
3,True,8.54669207185e-20,5.12801524311e-19,11.291480691435057,1.6008839005723137,0.05,0.005555555555555556,3,4-5
4,True,4.1331772968253433e-10,1.6532709187301373e-09,6.793254996142727,0.9631343180754423,0.05,0.005555555555555556,4,5-6
5,True,7.019420836496042e-18,3.509710418248021e-17,10.4090748737058,1.4757781411083988,0.05,0.005555555555555556,5,6-7
6,True,7.144831162190404e-07,2.1434493486571213e-06,5.132438449783607,0.727667018123613,0.05,0.005555555555555556,6,7-8
7,False,0.9984334009874782,1.0,-3.0286086664716874,-0.42939017368785043,0.05,0.005555555555555556,7,8-9
8,False,0.9823968599053835,1.0,-2.1352722262868067,-0.30273469209354065,0.05,0.005555555555555556,8,9-10
