,reject,pvals,pvals_corrected,tstats,effectsize,alpha,alpha_corrected,step,dimension_step
0,True,2.5451367292871464e-27,2.2906230563584318e-26,14.89288322762863,2.1114836613322865,0.05,0.005555555555555556,0,1-2
1,True,4.066376984475157e-23,3.2531015875801254e-22,12.848489084570668,1.821633484948566,0.05,0.005555555555555556,1,2-3
2,True,2.6483354440699268e-20,1.8538348108489487e-19,11.527445155652781,1.6343384777173522,0.05,0.005555555555555556,2,3-4
3,True,1.9895606353624593e-10,9.947803176812297e-10,6.947334223111482,0.9849793675076225,0.05,0.005555555555555556,3,4-5
4,True,5.506639939428618e-12,3.3039839636571704e-11,7.689847925002967,1.0902514982224258,0.05,0.005555555555555556,4,5-6
5,False,0.019502393141195923,0.05850717942358777,2.0919161923177136,0.2965877589613399,0.05,0.005555555555555556,5,6-7
6,True,0.0020939937484175434,0.008375974993670173,2.9316317167290826,0.4156409726918015,0.05,0.005555555555555556,6,7-8
7,False,0.9999999999912373,1.0,-7.594749307912692,-1.0767686035315644,0.05,0.005555555555555556,7,8-9
8,False,0.9999999887535664,1.0,-6.0810253517564785,-0.8621558014072815,0.05,0.005555555555555556,8,9-10
