,reject,pvals,pvals_corrected,tstats,effectsize,alpha,alpha_corrected,step,dimension_step
0,True,1.8104810924329974e-22,1.4483848739463979e-21,12.54118879423174,1.7780650548295696,0.05,0.005555555555555556,0,1-2
1,True,6.696403772194633e-26,6.02676339497517e-25,14.190900498982675,2.011957932202575,0.05,0.005555555555555556,1,2-3
2,True,9.616905093839685e-05,0.0005770143056303811,3.874065353235515,0.549257358112837,0.05,0.005555555555555556,2,3-4
3,True,2.561190968666947e-09,1.792833678066863e-08,6.403618541050473,0.9078924286298534,0.05,0.005555555555555556,3,4-5
4,True,0.001402894291122676,0.00701447145561338,3.0649414626791187,0.4345413659982948,0.05,0.005555555555555556,4,5-6
5,False,0.14022070618927654,0.5608828247571062,1.0852617199661831,0.15386626987894841,0.05,0.005555555555555556,5,6-7
6,False,0.2432513895277274,0.7297541685831822,0.6984989775876171,0.09903180976383721,0.05,0.005555555555555556,6,7-8
7,False,0.9999999970421545,1.0,-6.37250319428514,-0.9034809560286444,0.05,0.005555555555555556,7,8-9
8,False,0.9999502199534125,1.0,-4.056243912842318,-0.5750862756015068,0.05,0.005555555555555556,8,9-10
