,reject,pvals,pvals_corrected,tstats,effectsize,alpha,alpha_corrected,step,dimension_step
0,True,2.695208688335827e-44,2.425687819502244e-43,24.618492255191732,3.4903613604542922,0.05,0.005555555555555556,0,1-2
1,True,4.467713450362851e-28,3.1273994152539957e-27,15.271693255646351,2.1651906012634607,0.05,0.005555555555555556,1,2-3
2,True,1.1191651267539649e-34,8.953321014031719e-34,18.7660794823723,2.6606178003721226,0.05,0.005555555555555556,2,3-4
3,True,2.2754973851081994e-15,1.1377486925540998e-14,9.257731304057945,1.3125429166905054,0.05,0.005555555555555556,3,4-5
4,True,2.7285210238967593e-16,1.6371126143380556e-15,9.68010716475518,1.3724265346019702,0.05,0.005555555555555556,4,5-6
5,True,7.98717670982363e-11,2.396153012947089e-10,7.138215226765873,1.0120421003790687,0.05,0.005555555555555556,5,6-7
6,True,3.3735961984181526e-14,1.349438479367261e-13,8.719245149843058,1.236197409974313,0.05,0.005555555555555556,6,7-8
7,False,1.0,1.0,-11.07164552503104,-1.5697161035142382,0.05,0.005555555555555556,7,8-9
8,False,0.999999964295125,1.0,-5.824237638443861,-0.8257489450045805,0.05,0.005555555555555556,8,9-10
