{
  "data": {
    "name": "normal-8-100",
    "n_dimension": 8,
    "distance": "euclidean",
    "subject": null,
    "n_objects": 100,
    "n_train_triplets": 14736,
    "n_test_triplets": 10000,
    "frac_train_ndlogn": 3.999852178328949,
    "frac_train_triplets": 0.030377241805813235,
    "max_train_score": 0.8779180238870793,
    "max_test_score": 0.8814,
    "noise_sd": 0.5,
    "distance_sd": 1.0726480558994858,
    "distance_mean": 3.987080552317661,
    "difference_sd": 0.9541370107659097,
    "difference_mean": -0.1418781425451063
  },
  "n_repeats": 10,
  "n_splits": 10,
  "embedding_method": "soe",
  "embedding_dimension": [
    1,
    2,
    3,
    4,
    5,
    6,
    7,
    8,
    9,
    10
  ],
  "random_state": 4032780829,
  "alpha": 0.05
}