,reject,pvals,pvals_corrected,tstats,effectsize,alpha,alpha_corrected,step,dimension_step
0,True,1.6087967716591876e-58,1.4479170944932688e-57,35.586586295467725,5.045396138343056,0.05,0.005555555555555556,0,1-2
1,True,5.131781146721473e-44,3.592246802705031e-43,24.433001158480415,3.464062797977017,0.05,0.005555555555555556,1,2-3
2,True,9.183201032707883e-43,5.50992061962473e-42,23.614381290195354,3.3480004848367884,0.05,0.005555555555555556,2,3-4
3,True,5.222809766886468e-33,2.6114048834432336e-32,17.84818743649285,2.530480873350106,0.05,0.005555555555555556,3,4-5
4,True,4.543089821080386e-47,3.634471856864309e-46,26.514120043970472,3.7591197360352093,0.05,0.005555555555555556,4,5-6
5,True,1.2463808082545523e-26,4.985523233018209e-26,14.550268440892964,2.0629084114450693,0.05,0.005555555555555556,5,6-7
6,True,2.794605336150681e-09,8.383816008452044e-09,6.38477775333324,0.9052212188430362,0.05,0.005555555555555556,6,7-8
7,False,0.9998964062517117,1.0,-3.853151111356167,-0.5462921780773506,0.05,0.005555555555555556,7,8-9
8,False,0.9391453285617036,1.0,-1.5610234312145022,-0.22131882856984667,0.05,0.005555555555555556,8,9-10
