,reject,pvals,pvals_corrected,tstats,effectsize,alpha,alpha_corrected,step,dimension_step
0,True,8.422842452950473e-56,7.580558207655426e-55,33.2312024142176,4.711454449187881,0.05,0.005555555555555556,0,1-2
1,True,4.634856420173106e-33,3.707885136138485e-32,17.876336086662402,2.5344717335491103,0.05,0.005555555555555556,1,2-3
2,True,4.3092156786330994e-32,3.0164509750431697e-31,17.354650921118726,2.460508237927162,0.05,0.005555555555555556,2,3-4
3,True,2.9631543798103173e-16,1.185261751924127e-15,9.663687171777399,1.3700985403269963,0.05,0.005555555555555556,3,4-5
4,True,1.1416661077750451e-26,6.84999664665027e-26,14.569115300050965,2.0655804820288046,0.05,0.005555555555555556,4,5-6
5,True,7.527808376679114e-19,3.7639041883395574e-18,10.855068067455822,1.5390101779997887,0.05,0.005555555555555556,5,6-7
6,True,0.003585478636456915,0.010756435909370745,2.745779719409164,0.3892912424368181,0.05,0.005555555555555556,6,7-8
7,False,0.9999999999982278,1.0,-7.920885568777999,-1.1230075604655436,0.05,0.005555555555555556,7,8-9
8,False,0.9695581777793186,1.0,-1.895944018372724,-0.2688032099901262,0.05,0.005555555555555556,8,9-10
