,reject,pvals,pvals_corrected,tstats,effectsize,alpha,alpha_corrected,step,dimension_step
0,True,2.8327478856755233e-49,2.549473097107971e-48,28.098264605133817,3.9837166328858813,0.05,0.005555555555555556,0,1-2
1,True,1.0288476036256881e-31,8.230780829005505e-31,17.153199003788885,2.4319467817279414,0.05,0.005555555555555556,1,2-3
2,True,1.6820969708093574e-31,1.1774678795665502e-30,17.039926021877488,2.4158871613763497,0.05,0.005555555555555556,2,3-4
3,True,7.009121413931326e-24,4.205472848358796e-23,13.21274720465615,1.8732772840244403,0.05,0.005555555555555556,3,4-5
4,True,5.109160450566817e-13,2.5545802252834082e-12,8.172847391116163,1.1587302115476104,0.05,0.005555555555555556,4,5-6
5,True,2.2525027321002568e-08,9.010010928401027e-08,5.9271995787278895,0.8403466861757112,0.05,0.005555555555555556,5,6-7
6,True,0.011856743045830264,0.03557022913749079,2.2971924510835247,0.32569142275958507,0.05,0.005555555555555556,6,7-8
7,False,0.9826355331083046,1.0,-2.1410037480896484,-0.30354729596992225,0.05,0.005555555555555556,7,8-9
8,False,0.9999980002691521,1.0,-4.883931223192905,-0.6924341528248485,0.05,0.005555555555555556,8,9-10
