,reject,pvals,pvals_corrected,tstats,effectsize,alpha,alpha_corrected,step,dimension_step
0,True,5.645413307324264e-57,5.080871976591837e-56,34.23127949762338,4.853243409015803,0.05,0.005555555555555556,0,1-2
1,True,9.933020768120326e-41,5.959812460872196e-40,22.326254153466973,3.165372355592147,0.05,0.005555555555555556,1,2-3
2,True,1.459567664775441e-41,1.0216973653428087e-40,22.847684174292652,3.239299677298334,0.05,0.005555555555555556,2,3-4
3,True,1.5928852510189663e-42,1.274308200815173e-41,23.46031106155953,3.326156711170534,0.05,0.005555555555555556,3,4-5
4,True,1.1740560561401783e-31,4.696224224560713e-31,17.12274136387288,2.4276285575088674,0.05,0.005555555555555556,4,5-6
5,True,1.3383157935890738e-32,6.691578967945369e-32,17.62723225162929,2.4991542822800468,0.05,0.005555555555555556,5,6-7
6,True,1.3705227877015393e-20,4.111568363104618e-20,11.660451902344555,1.653195912385586,0.05,0.005555555555555556,6,7-8
7,False,0.9981943297540525,1.0,-2.9814121579989825,-0.4226987456420592,0.05,0.005555555555555556,7,8-9
8,False,0.9999891723102533,1.0,-4.460223419886868,-0.6323616947127773,0.05,0.005555555555555556,8,9-10
