,reject,pvals,pvals_corrected,tstats,effectsize,alpha,alpha_corrected,step,dimension_step
0,True,3.5468587387796442e-44,3.19217286490168e-43,24.53927668596122,3.4791303330167667,0.05,0.005555555555555556,0,1-2
1,True,1.6880557162111333e-26,1.0128334297266799e-25,14.485192453568338,2.0536820660906585,0.05,0.005555555555555556,1,2-3
2,True,3.568741708923595e-35,2.854993367138876e-34,19.044037124010472,2.7000260875312305,0.05,0.005555555555555556,2,3-4
3,True,1.060448674261457e-20,5.3022433713072853e-20,11.712311755771701,1.660548500297332,0.05,0.005555555555555556,3,4-5
4,True,3.2059499978363524e-30,2.2441649984854466e-29,16.36847278869413,2.320689844003631,0.05,0.005555555555555556,4,5-6
5,True,1.5645996527592904e-05,6.258398611037162e-05,4.3648104022242995,0.6188342249278012,0.05,0.005555555555555556,5,6-7
6,False,0.07648857190698498,0.22946571572095492,1.440159763679542,0.20418301575588954,0.05,0.005555555555555556,6,7-8
7,False,0.9999999988335876,1.0,-6.572623697301184,-0.9318536469278839,0.05,0.005555555555555556,7,8-9
8,False,0.9999999736773728,1.0,-5.892463458482766,-0.8354218674394985,0.05,0.005555555555555556,8,9-10
