,reject,pvals,pvals_corrected,tstats,effectsize,alpha,alpha_corrected,step,dimension_step
0,True,3.1410087112126084e-36,1.2564034844850434e-35,19.642950648960614,2.78493886789448,0.05,0.0125,0,1-2
1,True,4.182671533963228e-35,1.2548014601889683e-34,19.005293510511667,2.694533094291887,0.05,0.0125,1,2-3
2,False,0.9999989496911154,1.0,-5.040170319047413,-0.714585424215073,0.05,0.0125,2,3-4
3,False,0.8812973487792383,1.0,-1.188689786818343,-0.1685300975571496,0.05,0.0125,3,4-5
