,reject,pvals,pvals_corrected,tstats,effectsize,alpha,alpha_corrected,step,dimension_step
0,True,0.0002935328508883348,0.001174131403553339,3.5521016170240554,0.5036099735089733,0.05,0.0125,0,1-2
1,False,0.1707822169515711,0.5123466508547132,0.9556747145194376,0.13549367939128704,0.05,0.0125,1,2-3
2,False,0.8377422083754537,1.0,-0.9901481491197418,-0.1403812550739804,0.05,0.0125,2,3-4
3,False,0.7926218345783577,1.0,-0.8189951802443651,-0.11611552413086508,0.05,0.0125,3,4-5
