,reject,pvals,pvals_corrected,tstats,effectsize,alpha,alpha_corrected,step,dimension_step
0,True,9.361850688560618e-32,3.744740275424247e-31,17.174989091482804,2.43503613745856,0.05,0.0125,0,1-2
1,True,2.5351500106242808e-18,7.605450031872842e-18,10.612323738102452,1.5045943649247326,0.05,0.0125,1,2-3
2,False,0.9999975616371047,1.0,-4.835269980154462,-0.6855350575962511,0.05,0.0125,2,3-4
3,False,0.9352291624762616,1.0,-1.5286438903760933,-0.21672812102203573,0.05,0.0125,3,4-5
