,reject,pvals,pvals_corrected,tstats,effectsize,alpha,alpha_corrected,step,dimension_step
0,True,9.676566846488669e-28,3.8706267385954676e-27,15.102959896746556,2.1412679178586997,0.05,0.0125,0,1-2
1,True,9.736266964837963e-16,2.920880089451389e-15,9.426853009472095,1.3365206590994543,0.05,0.0125,1,2-3
2,False,0.9999999944357832,1.0,-6.23526455149117,-0.884023531463245,0.05,0.0125,2,3-4
3,False,0.9964234474034519,1.0,-2.7466609144528356,-0.38941617653512006,0.05,0.0125,3,4-5
