,reject,pvals,pvals_corrected,tstats,effectsize,alpha,alpha_corrected,step,dimension_step
0,True,5.680189666633056e-64,2.2720758666532225e-63,40.74634799485007,5.7769369929978795,0.05,0.0125,0,1-2
1,True,1.2717355134660511e-45,3.8152065403981534e-45,25.512037487355574,3.6170464441642873,0.05,0.0125,1,2-3
2,False,0.9999999879164612,1.0,-6.065200964174686,-0.85991225089266,0.05,0.0125,2,3-4
3,False,0.9999850833558043,1.0,-4.377252983568938,-0.6205983096125762,0.05,0.0125,3,4-5
