,reject,pvals,pvals_corrected,tstats,effectsize,alpha,alpha_corrected,step,dimension_step
0,True,1.3180172425046905e-56,5.272068970018762e-56,33.914850283815255,4.808380698101332,0.05,0.0125,0,1-2
1,True,1.5130084420023464e-45,4.5390253260070396e-45,25.460577422597527,3.6097505375029004,0.05,0.0125,1,2-3
2,False,0.9999545434587568,1.0,-4.0809785770595,-0.5785931075940004,0.05,0.0125,2,3-4
3,False,0.9994113158462601,1.0,-3.3412840008048796,-0.4737206669613997,0.05,0.0125,3,4-5
