,reject,pvals,pvals_corrected,tstats,effectsize,alpha,alpha_corrected,step,dimension_step
0,True,1.0260923335688492e-09,4.104369334275397e-09,6.600017422144713,0.9357374753005417,0.05,0.0125,0,1-2
1,False,0.8738865452558124,1.0,-1.1516785175312105,-0.1632827126693146,0.05,0.0125,1,2-3
2,False,0.9993143745635418,1.0,-3.293913731403123,-0.4670046034332064,0.05,0.0125,2,3-4
3,False,0.8342054744502927,1.0,-0.9757045180255951,-0.13833346549559813,0.05,0.0125,3,4-5
