,reject,pvals,pvals_corrected,tstats,effectsize,alpha,alpha_corrected,step,dimension_step
0,False,0.029271931848368328,0.11708772739347331,1.9137241068352195,0.2713240359250234,0.05,0.0125,0,1-2
1,False,0.8356465136338185,1.0,-0.9815648339962595,-0.1391643295555101,0.05,0.0125,1,2-3
2,False,0.9999306135148041,1.0,-3.965028614805447,-0.5621539502401487,0.05,0.0125,2,3-4
3,False,0.7901506181673563,1.0,-0.810321936126098,-0.11488584865657592,0.05,0.0125,3,4-5
