,reject,pvals,pvals_corrected,tstats,effectsize,alpha,alpha_corrected,step,dimension_step
0,True,1.3019721337360492e-29,5.207888534944197e-29,16.05370118652916,2.276062146004246,0.05,0.0125,0,1-2
1,True,1.6530239497381632e-19,4.959071849214489e-19,11.158936602489959,1.582092060608474,0.05,0.0125,1,2-3
2,False,0.999999978614925,1.0,-5.938758896827925,-0.8419855435367283,0.05,0.0125,2,3-4
3,False,0.9975006548084969,1.0,-2.8713974715164605,-0.40710108000109746,0.05,0.0125,3,4-5
