,reject,pvals,pvals_corrected,tstats,effectsize,alpha,alpha_corrected,step,dimension_step
0,True,2.2321456242061285e-11,8.928582496824514e-11,7.402469518974093,1.0495075536365994,0.05,0.0125,0,1-2
1,False,0.6702889592975656,1.0,-0.4420432072346744,-0.06267201558039447,0.05,0.0125,1,2-3
2,False,0.9998993699152675,1.0,-3.861322328072454,-0.5474506770950316,0.05,0.0125,2,3-4
3,False,0.9929625000310772,1.0,-2.4996674492617537,-0.3543979293471405,0.05,0.0125,3,4-5
