{
  "data": {
    "name": "normal-3-60",
    "n_dimension": 3,
    "distance": "euclidean",
    "subject": null,
    "n_objects": 60,
    "n_train_triplets": 2947,
    "n_test_triplets": 10000,
    "frac_train_ndlogn": 3.998740695467169,
    "frac_train_triplets": 0.028706409507110852,
    "max_train_score": 0.674244994910078,
    "max_test_score": 0.6742,
    "noise_sd": 2.0,
    "distance_sd": 1.0362173906021903,
    "distance_mean": 2.3096267421234207,
    "difference_sd": 0.9304415990393994,
    "difference_mean": -0.07049841666168352
  },
  "n_repeats": 10,
  "n_splits": 10,
  "embedding_method": "soe",
  "embedding_dimension": [
    1,
    2,
    3,
    4,
    5
  ],
  "random_state": 2770734661,
  "alpha": 0.05
}