{
  "data": {
    "name": "normal-3-60",
    "n_dimension": 3,
    "distance": "euclidean",
    "subject": null,
    "n_objects": 60,
    "n_train_triplets": 5895,
    "n_test_triplets": 10000,
    "frac_train_ndlogn": 7.998838276138094,
    "frac_train_triplets": 0.05742255990648743,
    "max_train_score": 0.764715860899067,
    "max_test_score": 0.7681,
    "noise_sd": 1.0,
    "distance_sd": 1.031455755815224,
    "distance_mean": 2.180250198805239,
    "difference_sd": 0.8722589834595242,
    "difference_mean": -0.11345497345476069
  },
  "n_repeats": 10,
  "n_splits": 10,
  "embedding_method": "soe",
  "embedding_dimension": [
    1,
    2,
    3,
    4,
    5
  ],
  "random_state": 1243861750,
  "alpha": 0.05
}