,reject,pvals,pvals_corrected,tstats,effectsize,alpha,alpha_corrected,step,dimension_step
0,True,7.110170942518064e-17,2.8440683770072255e-16,9.947786627787414,1.4103776018350918,0.05,0.0125,0,1-2
1,False,0.20011119752648965,0.6003335925794689,0.8448667564694813,0.11978354526937122,0.05,0.0125,1,2-3
2,False,0.9961900415190174,1.0,-2.724250873423298,-0.3862389250412071,0.05,0.0125,2,3-4
3,False,0.9926994294503169,1.0,-2.4857966991967233,-0.35243136171311773,0.05,0.0125,3,4-5
