,reject,pvals,pvals_corrected,tstats,effectsize,alpha,alpha_corrected,step,dimension_step
0,True,4.5201459012848414e-41,1.8080583605139366e-40,22.53933902713609,3.1955831094369573,0.05,0.0125,0,1-2
1,True,1.008676096202889e-24,3.0260282886086673e-24,13.617768513859348,1.9307004077945538,0.05,0.0125,1,2-3
2,False,0.9999896093864401,1.0,-4.470828688971673,-0.6338652888828473,0.05,0.0125,2,3-4
3,False,0.9982205529830005,1.0,-2.9862971545799084,-0.4233913308392059,0.05,0.0125,3,4-5
