,reject,pvals,pvals_corrected,tstats,effectsize,alpha,alpha_corrected,step,dimension_step
0,True,5.078210493222417e-16,2.031284197288967e-15,9.55645333579979,1.3548951381953889,0.05,0.0125,0,1-2
1,True,1.546902460202733e-07,4.640707380608199e-07,5.490935725440169,0.7784940560189136,0.05,0.0125,1,2-3
2,False,0.9999074270026853,1.0,-3.884754948494028,-0.5507729078817852,0.05,0.0125,2,3-4
3,False,0.9996440823311284,1.0,-3.4945687719263034,-0.49545308000775384,0.05,0.0125,3,4-5
