,reject,pvals,pvals_corrected,tstats,effectsize,alpha,alpha_corrected,step,dimension_step
0,True,1.8612661351767236e-17,7.445064540706894e-17,10.214693313799952,1.4482191062638856,0.05,0.0125,0,1-2
1,False,0.020739539275174607,0.06221861782552382,2.065596180521405,0.2928561595104774,0.05,0.0125,1,2-3
2,False,0.9999999793077942,1.0,-5.946084802554186,-0.843024196026581,0.05,0.0125,2,3-4
3,False,0.9999759707264687,1.0,-4.252010256664899,-0.6028416423832256,0.05,0.0125,3,4-5
