,reject,pvals,pvals_corrected,tstats,effectsize,alpha,alpha_corrected,step,dimension_step
0,True,9.328047671979821e-33,3.7312190687919285e-32,17.71182348087125,2.5111474602098283,0.05,0.0125,0,1-2
1,True,3.3118528070984983e-31,9.935558421295495e-31,16.884438607865555,2.393842461957775,0.05,0.0125,1,2-3
2,False,0.9999999438796003,1.0,-5.722381432200232,-0.8113079726286118,0.05,0.0125,2,3-4
3,False,0.9999995127331202,1.0,-5.223259933350813,-0.7405435092448457,0.05,0.0125,3,4-5
