,reject,pvals,pvals_corrected,tstats,effectsize,alpha,alpha_corrected,step,dimension_step
0,True,1.9802132302519356e-41,7.920852921007742e-41,22.764188942304006,3.2274618877012116,0.05,0.0125,0,1-2
1,True,1.3074109174134924e-15,3.922232752240477e-15,9.368142298937459,1.328196770155699,0.05,0.0125,1,2-3
2,False,0.9999870463223486,1.0,-4.413907978613751,-0.6257951826398055,0.05,0.0125,2,3-4
3,False,0.9999998149702717,1.0,-5.449580275210193,-0.7726307617102844,0.05,0.0125,3,4-5
