,reject,pvals,pvals_corrected,tstats,effectsize,alpha,alpha_corrected,step,dimension_step
0,True,2.947737841942265e-36,1.179095136776906e-35,19.65874797421088,2.787178581565021,0.05,0.0125,0,1-2
1,True,5.884045264305524e-23,1.7652135792916574e-22,12.772284410222865,1.810829336259343,0.05,0.0125,1,2-3
2,False,0.9999987595671329,1.0,-5.0000516452911485,-0.7088974776397904,0.05,0.0125,2,3-4
3,False,0.9999999755291583,1.0,-5.908737853777011,-0.837729219161569,0.05,0.0125,3,4-5
