,reject,pvals,pvals_corrected,tstats,effectsize,alpha,alpha_corrected,step,dimension_step
0,True,8.613946685474875e-15,3.44557867418995e-14,8.992199078501898,1.2748962805590498,0.05,0.0125,0,1-2
1,False,0.5592620505611625,1.0,-0.1494839211158445,-0.021193536016077912,0.05,0.0125,1,2-3
2,False,0.9916380655237003,1.0,-2.4340231299582222,-0.34509100700375245,0.05,0.0125,2,3-4
3,False,0.9998827908750347,1.0,-3.818264391680336,-0.5413460076503683,0.05,0.0125,3,4-5
