,reject,pvals,pvals_corrected,tstats,effectsize,alpha,alpha_corrected,step,dimension_step
0,True,1.0108995200839041e-51,4.0435980803356165e-51,29.9419645915728,4.245112786892007,0.05,0.0125,0,1-2
1,True,5.783480325945513e-48,1.735044097783654e-47,27.148696385395418,3.8490887203015385,0.05,0.0125,1,2-3
2,False,0.9996035161954516,1.0,-3.4620700215027,-0.49084547115966637,0.05,0.0125,2,3-4
3,False,0.9999527655507428,1.0,-4.070545135813707,-0.5771138748366327,0.05,0.0125,3,4-5
