{
  "data": {
    "name": "normal-3-60",
    "n_dimension": 3,
    "distance": "euclidean",
    "subject": null,
    "n_objects": 60,
    "n_train_triplets": 2947,
    "n_test_triplets": 10000,
    "frac_train_ndlogn": 3.998740695467169,
    "frac_train_triplets": 0.028706409507110852,
    "max_train_score": 0.6898540889039702,
    "max_test_score": 0.6844,
    "noise_sd": 2.0,
    "distance_sd": 1.0406687443352056,
    "distance_mean": 2.4248356694980266,
    "difference_sd": 0.9442701157886378,
    "difference_mean": -0.06992739962860188
  },
  "n_repeats": 10,
  "n_splits": 10,
  "embedding_method": "soe",
  "embedding_dimension": [
    1,
    2,
    3,
    4,
    5
  ],
  "random_state": 2090174646,
  "alpha": 0.05
}