,reject,pvals,pvals_corrected,tstats,effectsize,alpha,alpha_corrected,step,dimension_step
0,True,4.45541847699886e-11,1.782167390799544e-10,7.259529587088389,1.029241811529074,0.05,0.0125,0,1-2
1,False,0.04030514485129034,0.12091543455387102,1.7652200504018754,0.25026942319436934,0.05,0.0125,1,2-3
2,False,0.9999522504443661,1.0,-4.06759259923808,-0.576695270014206,0.05,0.0125,2,3-4
3,False,0.9999678614724596,1.0,-4.174527145458942,-0.5918562394333751,0.05,0.0125,3,4-5
