,reject,pvals,pvals_corrected,tstats,effectsize,alpha,alpha_corrected,step,dimension_step
0,True,1.0241515475379822e-40,4.096606190151929e-40,22.318003980688584,3.164202662339438,0.05,0.0125,0,1-2
1,True,1.793825797180721e-21,5.3814773915421635e-21,12.072727771979999,1.7116475734502388,0.05,0.0125,1,2-3
2,False,0.9999988643930594,1.0,-5.021363065627682,-0.7119189688549298,0.05,0.0125,2,3-4
3,False,0.9968754399658442,1.0,-2.794136535775821,-0.39614717665127713,0.05,0.0125,3,4-5
