{
  "data": {
    "name": "normal-3-60",
    "n_dimension": 3,
    "distance": "euclidean",
    "subject": null,
    "n_objects": 60,
    "n_train_triplets": 1473,
    "n_test_triplets": 10000,
    "frac_train_ndlogn": 1.9986919051317067,
    "frac_train_triplets": 0.01434833430742256,
    "max_train_score": 0.7718940936863544,
    "max_test_score": 0.7804,
    "noise_sd": 1.0,
    "distance_sd": 1.03569416244096,
    "distance_mean": 2.2957384045391414,
    "difference_sd": 0.910880768150456,
    "difference_mean": -0.12450528580588693
  },
  "n_repeats": 10,
  "n_splits": 10,
  "embedding_method": "soe",
  "embedding_dimension": [
    1,
    2,
    3,
    4,
    5
  ],
  "random_state": 1766960054,
  "alpha": 0.05
}