,reject,pvals,pvals_corrected,tstats,effectsize,alpha,alpha_corrected,step,dimension_step
0,False,0.35966561004311226,1.0,0.3603793410717698,0.05109387342425969,0.05,0.0125,0,1-2
1,False,0.9878807224537356,1.0,-2.2884252054062384,-0.32444841992933837,0.05,0.0125,1,2-3
2,False,0.7504233090571608,1.0,-0.6783166915238033,-0.09617040498272535,0.05,0.0125,2,3-4
3,False,0.8962748324718365,1.0,-1.2689047510811755,-0.1799028172546432,0.05,0.0125,3,4-5
