,reject,pvals,pvals_corrected,tstats,effectsize,alpha,alpha_corrected,step,dimension_step
0,True,8.462806022577309e-28,3.3851224090309235e-27,15.132167441946912,2.1454089061103074,0.05,0.0125,0,1-2
1,True,2.9215972359443415e-21,8.764791707833024e-21,11.973582329583563,1.697590927835287,0.05,0.0125,1,2-3
2,False,0.9999999981241657,1.0,-6.470724534618877,-0.9174065842726165,0.05,0.0125,2,3-4
3,False,0.9949304754113951,1.0,-2.6213676685962115,-0.3716523468281389,0.05,0.0125,3,4-5
