,reject,pvals,pvals_corrected,tstats,effectsize,alpha,alpha_corrected,step,dimension_step
0,True,9.843575101489179e-32,2.953072530446754e-31,17.163403100590205,2.4333934984815295,0.05,0.0125,0,1-2
1,True,7.081421328404274e-34,2.8325685313617095e-33,18.32227749934436,2.5976964290226223,0.05,0.0125,1,2-3
2,False,0.46215959606817225,0.9243191921363445,0.09523686780591613,0.01350249560512227,0.05,0.0125,2,3-4
3,False,0.9999962756201229,0.9999962756201229,-4.7304224050401436,-0.6706699748315188,0.05,0.0125,3,4-5
