,reject,pvals,pvals_corrected,tstats,effectsize,alpha,alpha_corrected,step,dimension_step
0,True,9.488141533616406e-05,0.0002846442460084922,3.8778484564505082,0.5497937190380857,0.05,0.0125,0,1-2
1,True,9.26185519381818e-12,3.704742077527272e-11,7.58338812768673,1.0751578377682187,0.05,0.0125,1,2-3
2,False,0.9999967292889989,1.0,-4.762710601632932,-0.6752477317720339,0.05,0.0125,2,3-4
3,False,0.993641867391406,1.0,-2.5377633852126125,-0.35979909613895233,0.05,0.0125,3,4-5
