,reject,pvals,pvals_corrected,tstats,effectsize,alpha,alpha_corrected,step,dimension_step
0,True,5.3299717787964257e-64,2.1319887115185703e-63,40.77409421652943,5.780870797677888,0.05,0.0125,0,1-2
1,True,2.2039843251881645e-38,6.611952975564493e-38,20.900049938396307,2.9631679300408664,0.05,0.0125,1,2-3
2,False,0.9999999999487952,1.0,-7.230665556378131,-1.0251495260855248,0.05,0.0125,2,3-4
3,False,0.9962587799145296,1.0,-2.730717771805381,-0.38715578916110643,0.05,0.0125,3,4-5
