,reject,pvals,pvals_corrected,tstats,effectsize,alpha,alpha_corrected,step,dimension_step
0,True,6.237386243570799e-44,2.4949544974283198e-43,24.377001242875085,3.45612324020104,0.05,0.0125,0,1-2
1,True,2.6593151527313907e-36,7.977945458194171e-36,19.684378093952116,2.7908123694786475,0.05,0.0125,1,2-3
2,False,0.9999998712999956,1.0,-5.533256908072731,-0.7844942699661457,0.05,0.0125,2,3-4
3,False,0.9742343615536058,1.0,-1.9708675256031645,-0.2794257173279465,0.05,0.0125,3,4-5
