{
  "data": {
    "name": "normal-3-60",
    "n_dimension": 3,
    "distance": "euclidean",
    "subject": null,
    "n_objects": 60,
    "n_train_triplets": 1473,
    "n_test_triplets": 10000,
    "frac_train_ndlogn": 1.9986919051317067,
    "frac_train_triplets": 0.01434833430742256,
    "max_train_score": 0.6612355736591989,
    "max_test_score": 0.6697,
    "noise_sd": 2.0,
    "distance_sd": 1.0342133635596888,
    "distance_mean": 2.256008185688736,
    "difference_sd": 0.9008330920087689,
    "difference_mean": -0.07899151868031733
  },
  "n_repeats": 10,
  "n_splits": 10,
  "embedding_method": "soe",
  "embedding_dimension": [
    1,
    2,
    3,
    4,
    5
  ],
  "random_state": 244110990,
  "alpha": 0.05
}