,reject,pvals,pvals_corrected,tstats,effectsize,alpha,alpha_corrected,step,dimension_step
0,True,1.684915472625197e-52,6.739661890500787e-52,30.547920859179023,4.331024073442541,0.05,0.0125,0,1-2
1,True,3.453955649539166e-49,1.0361866948617497e-48,28.035068006329546,3.974756743535548,0.05,0.0125,1,2-3
2,False,0.9999999958252954,1.0,-6.297806775312923,-0.8928906448169596,0.05,0.0125,2,3-4
3,False,0.9999991371983513,1.0,-5.087374770409837,-0.7212779783881297,0.05,0.0125,3,4-5
