,reject,pvals,pvals_corrected,tstats,effectsize,alpha,alpha_corrected,step,dimension_step
0,True,6.748738498741721e-36,2.6994953994966884e-35,19.453293939671713,2.758049713067653,0.05,0.0125,0,1-2
1,True,7.727135639645712e-32,2.3181406918937135e-31,17.219337657506404,2.4413237898312468,0.05,0.0125,1,2-3
2,False,0.9999999806342215,1.0,-5.960808947011634,-0.8451117562373077,0.05,0.0125,2,3-4
3,False,0.999996874139544,1.0,-4.773941937433999,-0.6768400884484694,0.05,0.0125,3,4-5
