{
  "data": {
    "name": "normal-3-60",
    "n_dimension": 3,
    "distance": "euclidean",
    "subject": null,
    "n_objects": 60,
    "n_train_triplets": 5895,
    "n_test_triplets": 10000,
    "frac_train_ndlogn": 7.998838276138094,
    "frac_train_triplets": 0.05742255990648743,
    "max_train_score": 0.6912637828668363,
    "max_test_score": 0.6864,
    "noise_sd": 2.0,
    "distance_sd": 1.0416807096145915,
    "distance_mean": 2.450338074539857,
    "difference_sd": 0.9388823052541755,
    "difference_mean": -0.0774090418203188
  },
  "n_repeats": 10,
  "n_splits": 10,
  "embedding_method": "soe",
  "embedding_dimension": [
    1,
    2,
    3,
    4,
    5
  ],
  "random_state": 2209490705,
  "alpha": 0.05
}