,reject,pvals,pvals_corrected,tstats,effectsize,alpha,alpha_corrected,step,dimension_step
0,True,2.1401412651439878e-42,6.420423795431964e-42,23.377986138226504,3.314484845630379,0.05,0.0125,0,1-2
1,True,3.991988266783887e-44,1.5967953067135549e-43,24.505226013962943,3.474302695783409,0.05,0.0125,1,2-3
2,False,0.9999999985804079,1.0,-6.530562759829201,-0.9258903300271207,0.05,0.0125,2,3-4
3,False,0.9506864019881599,1.0,-1.6672401408245259,-0.2363780245276835,0.05,0.0125,3,4-5
