,reject,pvals,pvals_corrected,tstats,effectsize,alpha,alpha_corrected,step,dimension_step
0,True,3.5169972270222397e-15,1.4067988908088959e-14,9.17093301293343,1.3002368258725117,0.05,0.0125,0,1-2
1,True,9.628914655508505e-13,2.8886743966525517e-12,8.044643800330089,1.1405537588667263,0.05,0.0125,1,2-3
2,False,0.9999981943996369,1.0,-4.9088861929911385,-0.6959722193088629,0.05,0.0125,2,3-4
3,False,0.9999662887561501,1.0,-4.161712861923787,-0.590039455543875,0.05,0.0125,3,4-5
