{
  "data": {
    "name": "normal-3-60",
    "n_dimension": 3,
    "distance": "euclidean",
    "subject": null,
    "n_objects": 60,
    "n_train_triplets": 2947,
    "n_test_triplets": 10000,
    "frac_train_ndlogn": 3.998740695467169,
    "frac_train_triplets": 0.028706409507110852,
    "max_train_score": 0.8808958262639973,
    "max_test_score": 0.8857,
    "noise_sd": 0.5,
    "distance_sd": 1.0389555002859079,
    "distance_mean": 2.381095692369261,
    "difference_sd": 0.9113728528323919,
    "difference_mean": -0.15060144660220834
  },
  "n_repeats": 10,
  "n_splits": 10,
  "embedding_method": "soe",
  "embedding_dimension": [
    1,
    2,
    3,
    4,
    5
  ],
  "random_state": 3076272797,
  "alpha": 0.05
}