,reject,pvals,pvals_corrected,tstats,effectsize,alpha,alpha_corrected,step,dimension_step
0,True,2.8020598582421517e-34,1.1208239432968607e-33,18.544561328095316,2.6292113926070617,0.05,0.0125,0,1-2
1,True,8.639763961821003e-17,2.591929188546301e-16,9.908998978040351,1.4048783652231733,0.05,0.0125,1,2-3
2,False,0.9999975378277188,1.0,-4.832878782709245,-0.6851960383305102,0.05,0.0125,2,3-4
3,False,0.9999397658275061,1.0,-4.004041423420243,-0.5676851094330178,0.05,0.0125,3,4-5
