,reject,pvals,pvals_corrected,tstats,effectsize,alpha,alpha_corrected,step,dimension_step
0,True,2.7900285342843458e-55,8.370085602853037e-55,32.79592443160437,4.649741593834228,0.05,0.0125,0,1-2
1,True,9.137819695111756e-56,3.6551278780447024e-55,33.20143978820403,4.707234762671478,0.05,0.0125,1,2-3
2,False,0.9999993003984797,1.0,-5.13745433351913,-0.728378160243834,0.05,0.0125,2,3-4
3,False,0.9999979501781455,1.0,-4.877875031436062,-0.6915755178816332,0.05,0.0125,3,4-5
