,reject,pvals,pvals_corrected,tstats,effectsize,alpha,alpha_corrected,step,dimension_step
0,True,5.475466673261816e-41,2.1901866693047263e-40,22.48732127318094,3.188208134699242,0.05,0.0125,0,1-2
1,True,9.442399361461247e-16,2.832719808438374e-15,9.432956388628032,1.3373859841792055,0.05,0.0125,1,2-3
2,False,0.9929637984442485,1.0,-2.4997370538536563,-0.35440779774913556,0.05,0.0125,2,3-4
3,False,0.9714229856788108,1.0,-1.9245710917452745,-0.2728619000888819,0.05,0.0125,3,4-5
