,reject,pvals,pvals_corrected,tstats,effectsize,alpha,alpha_corrected,step,dimension_step
0,True,5.105082707185352e-20,2.0420330828741407e-19,11.395174070956774,1.615585343758429,0.05,0.0125,0,1-2
1,True,1.104593843860116e-07,3.313781531580348e-07,5.568305682111544,0.7894634161416417,0.05,0.0125,1,2-3
2,False,0.9999999998315069,1.0,-6.982207839821614,-0.9899236802219264,0.05,0.0125,2,3-4
3,False,0.9999980129824185,1.0,-4.88549178420728,-0.6926554060928694,0.05,0.0125,3,4-5
