,reject,pvals,pvals_corrected,tstats,effectsize,alpha,alpha_corrected,step,dimension_step
0,True,3.586416957137739e-13,1.4345667828550957e-12,8.244289105158765,1.168859077102581,0.05,0.0125,0,1-2
1,True,3.6677115053829184e-11,1.1003134516148755e-10,7.299840110687934,1.0349569581974025,0.05,0.0125,1,2-3
2,False,0.9999998245669574,1.0,-5.461894396896512,-0.7743766336376278,0.05,0.0125,2,3-4
3,False,0.9999890325065275,1.0,-4.456918403928186,-0.6318931160574196,0.05,0.0125,3,4-5
