,reject,pvals,pvals_corrected,tstats,effectsize,alpha,alpha_corrected,step,dimension_step
0,True,6.902687141973772e-12,2.0708061425921318e-11,7.643624773853409,1.0836980708614616,0.05,0.0125,0,1-2
1,True,1.8959916738746586e-14,7.583966695498635e-14,8.834553517632466,1.2525456033282065,0.05,0.0125,1,2-3
2,False,0.9999999999310004,1.0,-7.168679105408418,-1.016361209112508,0.05,0.0125,2,3-4
3,False,0.9999628491669383,1.0,-4.135579520656215,-0.5863343218730401,0.05,0.0125,3,4-5
