,reject,pvals,pvals_corrected,tstats,effectsize,alpha,alpha_corrected,step,dimension_step
0,True,2.005458167183718e-24,6.016374501551154e-24,13.473764049525151,1.9102837383724447,0.05,0.0125,0,1-2
1,True,4.911805731512662e-26,1.9647222926050647e-25,14.256902293693404,2.02131553670536,0.05,0.0125,1,2-3
2,False,1.0,1.0,-11.590182243558143,-1.6432332185171719,0.05,0.0125,2,3-4
3,False,0.9924628115486304,1.0,-2.473697698429375,-0.3507159892061132,0.05,0.0125,3,4-5
