,reject,pvals,pvals_corrected,tstats,effectsize,alpha,alpha_corrected,step,dimension_step
0,True,0.00013354340410487195,0.0005341736164194878,3.7811816351091085,0.5360884874361461,0.05,0.0125,0,1-2
1,False,0.5646201566285003,1.0,-0.16311590275980037,-0.023126251533473238,0.05,0.0125,1,2-3
2,False,0.9940874256446832,1.0,-2.564786874703412,-0.3636304332722587,0.05,0.0125,2,3-4
3,False,0.3966968828487421,1.0,0.2626140759082846,0.03723290661995694,0.05,0.0125,3,4-5
