,reject,pvals,pvals_corrected,tstats,effectsize,alpha,alpha_corrected,step,dimension_step
0,True,1.95031249263638e-56,7.80124997054552e-56,33.76944184068707,4.787764975330114,0.05,0.0125,0,1-2
1,True,1.417396452853968e-55,4.252189358561904e-55,33.041462011564185,4.684553428480618,0.05,0.0125,1,2-3
2,False,0.9973174414388923,1.0,-2.8470733616888393,-0.4036524556016129,0.05,0.0125,2,3-4
3,False,0.9846358532464023,1.0,-2.191931755215784,-0.31076776854782834,0.05,0.0125,3,4-5
