,reject,pvals,pvals_corrected,tstats,effectsize,alpha,alpha_corrected,step,dimension_step
0,True,2.348197513729407e-34,9.392790054917628e-34,18.587097342104375,2.635242064923871,0.05,0.0125,0,1-2
1,True,4.865062900672223e-21,1.4595188702016668e-20,11.870102692598824,1.6829197886452254,0.05,0.0125,1,2-3
2,False,1.0,1.0,-11.120451602100907,-1.5766357330266465,0.05,0.0125,2,3-4
3,False,0.8871621679325836,1.0,-1.2191723711436018,-0.17285185834545438,0.05,0.0125,3,4-5
