,reject,pvals,pvals_corrected,tstats,effectsize,alpha,alpha_corrected,step,dimension_step
0,True,5.982619818529217e-48,2.393047927411687e-47,27.13818148462321,3.8475979383729015,0.05,0.0125,0,1-2
1,True,4.085373273256332e-41,1.2256119819768996e-40,22.566809000335134,3.199477748151334,0.05,0.0125,1,2-3
2,False,0.99999998927625,1.0,-6.09150573962322,-0.8636416901641341,0.05,0.0125,2,3-4
3,False,0.9999998538848323,1.0,-5.5040736384786095,-0.7803567234621934,0.05,0.0125,3,4-5
