,reject,pvals,pvals_corrected,tstats,effectsize,alpha,alpha_corrected,step,dimension_step
0,True,1.405837071568099e-37,5.623348286272396e-37,20.42473199984797,2.895778288569625,0.05,0.0125,0,1-2
1,True,8.46389826965144e-36,2.539169480895432e-35,19.397347062656227,2.750117674998516,0.05,0.0125,1,2-3
2,False,0.999998909935508,1.0,-5.0312262813982285,-0.7133173561671372,0.05,0.0125,2,3-4
3,False,0.9999722713387832,1.0,-4.213962413576926,-0.5974472941028233,0.05,0.0125,3,4-5
