,reject,pvals,pvals_corrected,tstats,effectsize,alpha,alpha_corrected,step,dimension_step
0,True,4.495282210361515e-08,1.798112884144606e-07,5.772458794037592,0.8184078423923155,0.05,0.0125,0,1-2
1,True,0.005374194488043249,0.016122583464129744,2.600002150192149,0.36862318569549934,0.05,0.0125,1,2-3
2,False,0.998876796874828,1.0,-3.137262214289874,-0.44479485976893623,0.05,0.0125,2,3-4
3,False,0.9998798845409638,1.0,-3.81132014820889,-0.5403614664835464,0.05,0.0125,3,4-5
