,reject,pvals,pvals_corrected,tstats,effectsize,alpha,alpha_corrected,step,dimension_step
0,True,5.878490263479056e-63,2.3513961053916224e-62,39.73899463283464,5.634116416714988,0.05,0.0125,0,1-2
1,True,7.576418132520997e-40,2.2729254397562992e-39,21.78260874843906,3.0882953804537614,0.05,0.0125,1,2-3
2,False,0.9999986682646207,1.0,-4.982873861987674,-0.7064620453444572,0.05,0.0125,2,3-4
3,False,0.9929094115276937,1.0,-2.4968313164989615,-0.3539958280281094,0.05,0.0125,3,4-5
