,reject,pvals,pvals_corrected,tstats,effectsize,alpha,alpha_corrected,step,dimension_step
0,True,2.323619275591024e-41,9.294477102364096e-41,22.720502289568486,3.221268080091264,0.05,0.0125,0,1-2
1,True,6.814090245944039e-33,2.0442270737832117e-32,17.785588440645128,2.521605710970328,0.05,0.0125,1,2-3
2,False,0.9999999998250115,1.0,-6.974275278348495,-0.9887990172747322,0.05,0.0125,2,3-4
3,False,0.9999988017994195,1.0,-5.008418339058753,-0.7100836910089314,0.05,0.0125,3,4-5
