,reject,pvals,pvals_corrected,tstats,effectsize,alpha,alpha_corrected,step,dimension_step
0,True,4.1437657489827935e-53,1.6575062995931174e-52,31.0292097370602,4.399260262936177,0.05,0.0125,0,1-2
1,True,2.73938696832012e-34,8.21816090496036e-34,18.550003421358667,2.629982961874972,0.05,0.0125,1,2-3
2,False,0.999999969562807,1.0,-5.8600033175920245,-0.8308197325749619,0.05,0.0125,2,3-4
3,False,0.9945772545561576,1.0,-2.5966989478925337,-0.3681548641771533,0.05,0.0125,3,4-5
