,reject,pvals,pvals_corrected,tstats,effectsize,alpha,alpha_corrected,step,dimension_step
0,True,1.3998940127769423e-19,5.599576051107769e-19,11.19231364707359,1.586824192273292,0.05,0.0125,0,1-2
1,True,0.007939201048036493,0.02381760314410948,2.453899179570821,0.3479089941837617,0.05,0.0125,1,2-3
2,False,0.9998984319123703,1.0,-3.858711582010759,-0.547080530658717,0.05,0.0125,2,3-4
3,False,0.9999999988869452,1.0,-6.58263569563567,-0.933273128339068,0.05,0.0125,3,4-5
