,reject,pvals,pvals_corrected,tstats,effectsize,alpha,alpha_corrected,step,dimension_step
0,True,6.453023847193751e-13,2.5812095388775003e-12,8.125648804068922,1.1520384888056139,0.05,0.0125,0,1-2
1,False,0.31155851223103903,0.9346755366931171,0.49298197594663945,0.06989401391475088,0.05,0.0125,1,2-3
2,False,0.8541226966427552,1.0,-1.0599321119922274,-0.15027508793200745,0.05,0.0125,2,3-4
3,False,0.9998254390442898,1.0,-3.7043073271572236,-0.5251893994129818,0.05,0.0125,3,4-5
