,reject,pvals,pvals_corrected,tstats,effectsize,alpha,alpha_corrected,step,dimension_step
0,True,1.3354545722060256e-09,5.3418182888241025e-09,6.5436552382261395,0.9277465558363848,0.05,0.0125,0,1-2
1,False,0.9840870259874056,1.0,-2.1774098723590765,-0.30870888458862056,0.05,0.0125,1,2-3
2,False,0.09205388558893911,0.2761616567668173,1.337550469783991,0.18963527209538972,0.05,0.0125,2,3-4
3,False,0.9991645768995674,1.0,-3.231817789690216,-0.4582007630781966,0.05,0.0125,3,4-5
