,reject,pvals,pvals_corrected,tstats,effectsize,alpha,alpha_corrected,step,dimension_step
0,True,2.3007377738630128e-15,9.202951095452051e-15,9.255532787363324,1.312231215322214,0.05,0.0125,0,1-2
1,True,4.5568962282089963e-10,1.367068868462699e-09,6.7726033271510016,0.9602063651069818,0.05,0.0125,1,2-3
2,False,0.9999792971908203,1.0,-4.291384741461154,-0.6084240793129956,0.05,0.0125,2,3-4
3,False,0.9463497937357489,1.0,-1.6251952939184635,-0.23041698891567572,0.05,0.0125,3,4-5
