,reject,pvals,pvals_corrected,tstats,effectsize,alpha,alpha_corrected,step,dimension_step
0,True,5.988251030119262e-47,1.7964753090357787e-46,26.429951962159326,3.747186551115031,0.05,0.0125,0,1-2
1,True,6.937482339524541e-50,2.7749929358098163e-49,28.54989530520279,4.047747944323454,0.05,0.0125,1,2-3
2,False,0.9999994779456948,1.0,-5.2069564078054835,-0.7382320274931312,0.05,0.0125,2,3-4
3,False,0.9982252822263008,1.0,-2.9871852111137147,-0.4235172377460695,0.05,0.0125,3,4-5
