,reject,pvals,pvals_corrected,tstats,effectsize,alpha,alpha_corrected,step,dimension_step
0,True,6.4195973532573405e-24,2.5678389413029362e-23,13.231024310723523,1.8758685761367764,0.05,0.0125,0,1-2
1,True,2.4632674999812507e-16,7.389802499943752e-16,9.700463213922417,1.3753125751737623,0.05,0.0125,1,2-3
2,False,0.9987761920314099,1.0,-3.109496893873932,-0.44085834730765827,0.05,0.0125,2,3-4
3,False,0.9999232161271815,1.0,-3.936940464578008,-0.5581716676038181,0.05,0.0125,3,4-5
