,reject,pvals,pvals_corrected,tstats,effectsize,alpha,alpha_corrected,step,dimension_step
0,True,1.1506839919568044e-28,4.602735967827217e-28,15.569740883431233,2.2074472071031637,0.05,0.0125,0,1-2
1,True,2.0266179822278342e-14,6.079853946683503e-14,8.82122886957635,1.2506564609617843,0.05,0.0125,1,2-3
2,False,0.9999992328526887,1.0,-5.115471780632399,-0.7252615171771244,0.05,0.0125,2,3-4
3,False,0.9999932088751216,1.0,-4.579452235941653,-0.6492657215027433,0.05,0.0125,3,4-5
