,reject,pvals,pvals_corrected,tstats,effectsize,alpha,alpha_corrected,step,dimension_step
0,True,2.2399694926453948e-25,8.959877970581579e-25,13.934772936433928,1.975644670675401,0.05,0.0125,0,1-2
1,True,7.408522756379626e-20,2.222556826913888e-19,11.32022485606509,1.6049591916390138,0.05,0.0125,1,2-3
2,False,0.9999936595661656,1.0,-4.596851991721085,-0.6517326246186749,0.05,0.0125,2,3-4
3,False,0.9939103115273035,1.0,-2.5538323260769604,-0.36207731893647227,0.05,0.0125,3,4-5
