,reject,pvals,pvals_corrected,tstats,effectsize,alpha,alpha_corrected,step,dimension_step
0,True,3.1746043569761902e-24,9.52381307092857e-24,13.377780558346469,1.8966753879755627,0.05,0.0125,0,1-2
1,True,2.6016512695604295e-27,1.0406605078241718e-26,14.888125902252495,2.1108091771071824,0.05,0.0125,1,2-3
2,False,0.9999999999982023,1.0,-7.917992003235958,-1.1225973164401504,0.05,0.0125,2,3-4
3,False,0.9968129152489975,1.0,-2.7872091950182654,-0.39516503191795077,0.05,0.0125,3,4-5
