,reject,pvals,pvals_corrected,tstats,effectsize,alpha,alpha_corrected,step,dimension_step
0,True,2.815470157346619e-30,1.1261880629386477e-29,16.397787307870786,2.324845998814977,0.05,0.0125,0,1-2
1,True,5.161333562965263e-21,1.5484000688895787e-20,11.85811800133918,1.6812206227151587,0.05,0.0125,1,2-3
2,False,0.9926237997543713,1.0,-2.4818918456059604,-0.3518777392593074,0.05,0.0125,2,3-4
3,False,0.9999976971233634,1.0,-4.8493247964809045,-0.6875277217824078,0.05,0.0125,3,4-5
