,reject,pvals,pvals_corrected,tstats,effectsize,alpha,alpha_corrected,step,dimension_step
0,True,2.480592982781822e-18,7.441778948345466e-18,10.616668650577944,1.5052103780607855,0.05,0.0125,0,1-2
1,True,1.2423917490069877e-19,4.969566996027951e-19,11.21629039861152,1.5902235688983797,0.05,0.0125,1,2-3
2,False,0.9999706373174375,1.0,-4.198690054893039,-0.595282009158454,0.05,0.0125,2,3-4
3,False,0.9839162405187449,1.0,-2.172979872146751,-0.3080808078807692,0.05,0.0125,3,4-5
