,reject,pvals,pvals_corrected,tstats,effectsize,alpha,alpha_corrected,step,dimension_step
0,True,0.0001909730083596258,0.0007638920334385032,3.678285622700145,0.5215000933893363,0.05,0.0125,0,1-2
1,False,0.01766529267963888,0.05299587803891664,2.133790744206883,0.3025246504811474,0.05,0.0125,1,2-3
2,False,0.9999917434747423,1.0,-4.529734958967493,-0.6422169038619711,0.05,0.0125,2,3-4
3,False,0.8311565629236249,1.0,-0.9634145991783604,-0.136591024999127,0.05,0.0125,3,4-5
