,reject,pvals,pvals_corrected,tstats,effectsize,alpha,alpha_corrected,step,dimension_step
0,True,1.7250877567546708e-20,6.900351027018683e-20,11.613966208360504,1.6466052622184695,0.05,0.0125,0,1-2
1,True,1.8723476377052474e-10,5.617042913115742e-10,6.960082248399123,0.9867867574332462,0.05,0.0125,1,2-3
2,False,0.995229961935421,1.0,-2.6435324165247014,-0.3747948211491443,0.05,0.0125,2,3-4
3,False,0.9994291240483638,1.0,-3.350774903214186,-0.4750662684183004,0.05,0.0125,3,4-5
