,reject,pvals,pvals_corrected,tstats,effectsize,alpha,alpha_corrected,step,dimension_step
0,True,7.637167140454677e-25,3.054866856181871e-24,13.676198312112323,1.9389844695481047,0.05,0.0125,0,1-2
1,True,6.037617454933278e-07,1.8112852364799837e-06,5.172493415200326,0.7333459322559505,0.05,0.0125,1,2-3
2,False,0.9970542934468214,1.0,-2.8146760547586798,-0.3990592292122933,0.05,0.0125,2,3-4
3,False,0.9999676537304021,1.0,-4.172800387741138,-0.5916114231239676,0.05,0.0125,3,4-5
