{
  "data": {
    "name": "normal-3-60",
    "n_dimension": 3,
    "distance": "euclidean",
    "subject": null,
    "n_objects": 60,
    "n_train_triplets": 1473,
    "n_test_triplets": 10000,
    "frac_train_ndlogn": 1.9986919051317067,
    "frac_train_triplets": 0.01434833430742256,
    "max_train_score": 0.6978954514596063,
    "max_test_score": 0.6908,
    "noise_sd": 2.0,
    "distance_sd": 1.0413351416950947,
    "distance_mean": 2.4416566293712862,
    "difference_sd": 0.949450025258771,
    "difference_mean": -0.07103132227985065
  },
  "n_repeats": 10,
  "n_splits": 10,
  "embedding_method": "soe",
  "embedding_dimension": [
    1,
    2,
    3,
    4,
    5
  ],
  "random_state": 4097745305,
  "alpha": 0.05
}