{
  "data": {
    "name": "normal-3-60",
    "n_dimension": 3,
    "distance": "euclidean",
    "subject": null,
    "n_objects": 60,
    "n_train_triplets": 2947,
    "n_test_triplets": 10000,
    "frac_train_ndlogn": 3.998740695467169,
    "frac_train_triplets": 0.028706409507110852,
    "max_train_score": 0.8846284356973193,
    "max_test_score": 0.8827,
    "noise_sd": 0.5,
    "distance_sd": 1.0434202269523263,
    "distance_mean": 2.4936226186243027,
    "difference_sd": 0.9519326430679977,
    "difference_mean": -0.11263190318974563
  },
  "n_repeats": 10,
  "n_splits": 10,
  "embedding_method": "soe",
  "embedding_dimension": [
    1,
    2,
    3,
    4,
    5
  ],
  "random_state": 3480059775,
  "alpha": 0.05
}