,reject,pvals,pvals_corrected,tstats,effectsize,alpha,alpha_corrected,step,dimension_step
0,True,1.811511215766881e-18,7.246044863067524e-18,10.679463928656961,1.514113368948855,0.05,0.0125,0,1-2
1,True,2.0495472672891614e-17,6.148641801867484e-17,10.195495147119715,1.4454972279913392,0.05,0.0125,1,2-3
2,False,0.9999999936098508,1.0,-6.205050021866978,-0.8797397749426832,0.05,0.0125,2,3-4
3,False,0.9999051540582085,1.0,-3.8779533703591045,-0.549808593525481,0.05,0.0125,3,4-5
