,reject,pvals,pvals_corrected,tstats,effectsize,alpha,alpha_corrected,step,dimension_step
0,True,1.382168526599538e-19,5.528674106398152e-19,11.194873117407523,1.5871870689378815,0.05,0.0125,0,1-2
1,True,0.0033474139856080353,0.010042241956824106,2.769997334266443,0.39272476818908614,0.05,0.0125,1,2-3
2,False,0.9967733196874866,1.0,-2.7828861892550925,-0.39455212467243833,0.05,0.0125,2,3-4
3,False,0.999999822349443,1.0,-5.458991345832709,-0.7739650447736353,0.05,0.0125,3,4-5
