,reject,pvals,pvals_corrected,tstats,effectsize,alpha,alpha_corrected,step,dimension_step
0,True,2.1600988531886174e-61,8.64039541275447e-61,38.22847789968977,5.419958328354534,0.05,0.0125,0,1-2
1,True,7.93760034285183e-37,2.381280102855549e-36,19.986823728168243,2.833692516010913,0.05,0.0125,1,2-3
2,False,0.9999963005061777,1.0,-4.732091944021141,-0.67090667878108,0.05,0.0125,2,3-4
3,False,0.9999530736703091,1.0,-4.072326033217455,-0.5773663669641173,0.05,0.0125,3,4-5
