,reject,pvals,pvals_corrected,tstats,effectsize,alpha,alpha_corrected,step,dimension_step
0,True,4.589379674393746e-44,1.8357518697574985e-43,24.465105093747397,3.4686144307095526,0.05,0.0125,0,1-2
1,True,4.929913902654207e-37,1.4789741707962621e-36,20.10673661632737,2.8506935291969593,0.05,0.0125,1,2-3
2,False,0.9999999925430385,1.0,-6.171276256725099,-0.8749513970182221,0.05,0.0125,2,3-4
3,False,0.9993252771861112,1.0,-3.2989162568482353,-0.4677138516413142,0.05,0.0125,3,4-5
