,reject,pvals,pvals_corrected,tstats,effectsize,alpha,alpha_corrected,step,dimension_step
0,True,7.358330943699325e-35,2.94333237747973e-34,18.86778737445283,2.675037745058064,0.05,0.0125,0,1-2
1,True,3.855115507413654e-24,1.1565346522240963e-23,13.337256143326838,1.8909299162028264,0.05,0.0125,1,2-3
2,False,0.9988980088893318,1.0,-3.143410609528726,-0.445666567140291,0.05,0.0125,2,3-4
3,False,0.998560950451134,1.0,-3.0565911954160447,-0.433357481546624,0.05,0.0125,3,4-5
