,reject,pvals,pvals_corrected,tstats,effectsize,alpha,alpha_corrected,step,dimension_step
0,True,2.2120744915197708e-56,8.848297966079083e-56,33.72282032954979,4.781155069274423,0.05,0.0125,0,1-2
1,True,1.9065262983785414e-45,5.719578895135624e-45,25.39221332244844,3.600058009986221,0.05,0.0125,1,2-3
2,False,0.9973641388321769,1.0,-2.8531248872877653,-0.40451042898614614,0.05,0.0125,2,3-4
3,False,0.9978963691845576,1.0,-2.930079509779217,-0.41542090384659847,0.05,0.0125,3,4-5
