{
  "data": {
    "name": "normal-3-60",
    "n_dimension": 3,
    "distance": "euclidean",
    "subject": null,
    "n_objects": 60,
    "n_train_triplets": 5895,
    "n_test_triplets": 10000,
    "frac_train_ndlogn": 7.998838276138094,
    "frac_train_triplets": 0.05742255990648743,
    "max_train_score": 0.776590330788804,
    "max_test_score": 0.7872,
    "noise_sd": 1.0,
    "distance_sd": 1.0345058086060595,
    "distance_mean": 2.2639052868161875,
    "difference_sd": 0.8997809983533803,
    "difference_mean": -0.13111016883789256
  },
  "n_repeats": 10,
  "n_splits": 10,
  "embedding_method": "soe",
  "embedding_dimension": [
    1,
    2,
    3,
    4,
    5
  ],
  "random_state": 632425179,
  "alpha": 0.05
}