,reject,pvals,pvals_corrected,tstats,effectsize,alpha,alpha_corrected,step,dimension_step
0,True,7.692688516366916e-05,0.00030770754065467663,3.9364233416181356,0.5580983509287336,0.05,0.0125,0,1-2
1,False,0.7156202693993396,1.0,-0.5717911780657006,-0.08106742742331349,0.05,0.0125,1,2-3
2,False,0.9957337121452716,1.0,-2.6838288487725785,-0.380507969973378,0.05,0.0125,2,3-4
3,False,0.2945490653671563,0.8836471961014689,0.5419100029836146,0.07683093325338772,0.05,0.0125,3,4-5
