,reject,pvals,pvals_corrected,tstats,effectsize,alpha,alpha_corrected,step,dimension_step
0,True,4.545080743082679e-42,1.8180322972330715e-41,23.168941475074966,3.284846904877958,0.05,0.0125,0,1-2
1,True,3.815956123715081e-32,1.1447868371145244e-31,17.382886344902097,2.4645114007182847,0.05,0.0125,1,2-3
2,False,0.9999994464976966,1.0,-5.193106760790739,-0.7362684518080281,0.05,0.0125,2,3-4
3,False,0.9999998647311092,1.0,-5.521818565709999,-0.7828725643069736,0.05,0.0125,3,4-5
