{
  "data": {
    "name": "normal-3-60",
    "n_dimension": 3,
    "distance": "euclidean",
    "subject": null,
    "n_objects": 60,
    "n_train_triplets": 1473,
    "n_test_triplets": 10000,
    "frac_train_ndlogn": 1.9986919051317067,
    "frac_train_triplets": 0.01434833430742256,
    "max_train_score": 0.7596741344195519,
    "max_test_score": 0.7758,
    "noise_sd": 1.0,
    "distance_sd": 1.029780116642049,
    "distance_mean": 2.1330052889246995,
    "difference_sd": 0.8701783251294892,
    "difference_mean": -0.1403038799528634
  },
  "n_repeats": 10,
  "n_splits": 10,
  "embedding_method": "soe",
  "embedding_dimension": [
    1,
    2,
    3,
    4,
    5
  ],
  "random_state": 563584279,
  "alpha": 0.05
}