,reject,pvals,pvals_corrected,tstats,effectsize,alpha,alpha_corrected,step,dimension_step
0,True,1.397773696287968e-30,5.591094785151872e-30,16.556263193002923,2.347314397784957,0.05,0.0125,0,1-2
1,True,1.5609777201095364e-11,4.682933160328609e-11,7.4761575554870205,1.059954898368616,0.05,0.0125,1,2-3
2,False,0.9999999999991085,1.0,-8.060258678366818,-1.1427676055305531,0.05,0.0125,2,3-4
3,False,0.9992392060449233,1.0,-3.2613223039513786,-0.4623838550185415,0.05,0.0125,3,4-5
