{
  "data": {
    "name": "normal-3-60",
    "n_dimension": 3,
    "distance": "euclidean",
    "subject": null,
    "n_objects": 60,
    "n_train_triplets": 1473,
    "n_test_triplets": 10000,
    "frac_train_ndlogn": 1.9986919051317067,
    "frac_train_triplets": 0.01434833430742256,
    "max_train_score": 0.8866259334691107,
    "max_test_score": 0.8737,
    "noise_sd": 0.5,
    "distance_sd": 1.0385229740355957,
    "distance_mean": 2.3699370079641184,
    "difference_sd": 0.9032991786384228,
    "difference_mean": -0.14430533993632413
  },
  "n_repeats": 10,
  "n_splits": 10,
  "embedding_method": "soe",
  "embedding_dimension": [
    1,
    2,
    3,
    4,
    5
  ],
  "random_state": 1884185844,
  "alpha": 0.05
}