,reject,pvals,pvals_corrected,tstats,effectsize,alpha,alpha_corrected,step,dimension_step
0,True,3.874330192937688e-23,1.5497320771750751e-22,12.858475710690433,1.8230493691371026,0.05,0.0125,0,1-2
1,True,0.0051306068300282165,0.01539182049008465,2.6169928896994814,0.37103209928968706,0.05,0.0125,1,2-3
2,False,0.9984416260412404,1.0,-3.030348310678624,-0.42963681701831474,0.05,0.0125,2,3-4
3,False,0.6728925509712274,1.0,-0.4492755726481454,-0.06369740610887176,0.05,0.0125,3,4-5
