,reject,pvals,pvals_corrected,tstats,effectsize,alpha,alpha_corrected,step,dimension_step
0,True,2.9172710321878665e-22,1.1669084128751466e-21,12.443410266179933,1.764202207639074,0.05,0.0125,0,1-2
1,True,7.247785913721746e-16,2.1743357741165236e-15,9.485628443144572,1.3448537243622585,0.05,0.0125,1,2-3
2,False,0.999999999983464,1.0,-7.464293361101696,-1.0582728162481432,0.05,0.0125,2,3-4
3,False,0.9999999977130318,1.0,-6.428050970970846,-0.9113564104388162,0.05,0.0125,3,4-5
