,reject,pvals,pvals_corrected,tstats,effectsize,alpha,alpha_corrected,step,dimension_step
0,True,7.126467166088867e-10,2.850586866435547e-09,6.677710721547517,0.9467526783191005,0.05,0.0125,0,1-2
1,False,0.952170929897154,1.0,-1.6823214850033799,-0.23851622781161871,0.05,0.0125,1,2-3
2,False,0.9795168236038054,1.0,-2.0709370743061517,-0.29361338091556316,0.05,0.0125,2,3-4
3,False,0.9881534761587357,1.0,-2.2975371617230156,-0.32574029515534936,0.05,0.0125,3,4-5
