,reject,pvals,pvals_corrected,tstats,effectsize,alpha,alpha_corrected,step,dimension_step
0,True,3.449183413950937e-29,1.3796733655803749e-28,15.83651584668339,2.2452700361383404,0.05,0.0125,0,1-2
1,True,3.316895023115756e-07,9.950685069347268e-07,5.313725727467028,0.7533695714160357,0.05,0.0125,1,2-3
2,False,0.9999937725385634,0.9999937725385634,-4.601401222177609,-0.6523776055557956,0.05,0.0125,2,3-4
3,False,0.11076250008910975,0.2215250001782195,1.230233365592495,0.17442006436036478,0.05,0.0125,3,4-5
