,reject,pvals,pvals_corrected,tstats,effectsize,alpha,alpha_corrected,step,dimension_step
0,True,2.205519795349137e-27,8.822079181396548e-27,14.92392189686684,2.115884262744671,0.05,0.0125,0,1-2
1,True,2.1950600348476784e-11,6.585180104543035e-11,7.4059254864915225,1.0499975339067469,0.05,0.0125,1,2-3
2,False,0.999387753016967,1.0,-3.3291318235614002,-0.4719977551983088,0.05,0.0125,2,3-4
3,False,0.9999999698374785,1.0,-5.862031647438643,-0.8311073051870255,0.05,0.0125,3,4-5
