,reject,pvals,pvals_corrected,tstats,effectsize,alpha,alpha_corrected,step,dimension_step
0,True,7.257696783711816e-55,2.9030787134847264e-54,32.451900173040585,4.6009665118063365,0.05,0.0125,0,1-2
1,True,5.816384799794789e-42,1.744915439938437e-41,23.10077058345521,3.2751817700861574,0.05,0.0125,1,2-3
2,False,0.9995869745504217,1.0,-3.449710246680437,-0.4890931266205956,0.05,0.0125,2,3-4
3,False,0.9999971080220611,1.0,-4.793190280159951,-0.6795690805819855,0.05,0.0125,3,4-5
