,reject,pvals,pvals_corrected,tstats,effectsize,alpha,alpha_corrected,step,dimension_step
0,True,1.3572259556057638e-34,5.428903822423055e-34,18.71940681677272,2.654000641737486,0.05,0.0125,0,1-2
1,True,1.0126403641532305e-11,3.0379210924596916e-11,7.5650813323901875,1.0725623363754264,0.05,0.0125,1,2-3
2,False,1.0,1.0,-10.687969639018922,-1.5153192918170333,0.05,0.0125,2,3-4
3,False,0.9627684455634972,1.0,-1.8027936678726537,-0.25559653670047117,0.05,0.0125,3,4-5
