,reject,pvals,pvals_corrected,tstats,effectsize,alpha,alpha_corrected,step,dimension_step
0,True,3.282161211425105e-57,1.312864484570042e-56,34.43499003746294,4.882125088267436,0.05,0.0125,0,1-2
1,True,2.818191442780206e-54,8.454574328340618e-54,31.968858085321898,4.532481755673843,0.05,0.0125,1,2-3
2,False,0.9999999999995175,1.0,-8.184421125826123,-1.1603711128671976,0.05,0.0125,2,3-4
3,False,0.9999994217708845,1.0,-5.182746645478025,-0.7347996150570802,0.05,0.0125,3,4-5
