,reject,pvals,pvals_corrected,tstats,effectsize,alpha,alpha_corrected,step,dimension_step
0,True,1.9987810902681972e-33,5.996343270804591e-33,18.07524072177406,2.562672041090795,0.05,0.0125,0,1-2
1,True,4.73862138522045e-37,1.89544855408818e-36,20.116719975795387,2.8521089502460426,0.05,0.0125,1,2-3
2,False,0.9999960803458853,1.0,-4.71768573429748,-0.6688641947309261,0.05,0.0125,2,3-4
3,False,0.9999994630446257,1.0,-5.200295266558485,-0.73728762400229,0.05,0.0125,3,4-5
