,reject,pvals,pvals_corrected,tstats,effectsize,alpha,alpha_corrected,step,dimension_step
0,False,0.023652538301490538,0.07095761490447161,2.0085804353656225,0.28477257942090933,0.05,0.0125,0,1-2
1,True,0.00036445900019473813,0.0014578360007789525,3.487445650859811,0.4944431779276994,0.05,0.0125,1,2-3
2,False,0.9958785387470276,1.0,-2.696213649151696,-0.3822638625866267,0.05,0.0125,2,3-4
3,False,0.9978376701881992,1.0,-2.9207641034159484,-0.41410018387356984,0.05,0.0125,3,4-5
