{
  "data": {
    "name": "normal-3-60",
    "n_dimension": 3,
    "distance": "euclidean",
    "subject": null,
    "n_objects": 60,
    "n_train_triplets": 5895,
    "n_test_triplets": 10000,
    "frac_train_ndlogn": 7.998838276138094,
    "frac_train_triplets": 0.05742255990648743,
    "max_train_score": 0.7960983884648006,
    "max_test_score": 0.7827,
    "noise_sd": 1.0,
    "distance_sd": 1.0414617152927723,
    "distance_mean": 2.444839686798825,
    "difference_sd": 0.9424950530334198,
    "difference_mean": -0.10106312345669333
  },
  "n_repeats": 10,
  "n_splits": 10,
  "embedding_method": "soe",
  "embedding_dimension": [
    1,
    2,
    3,
    4,
    5
  ],
  "random_state": 747939078,
  "alpha": 0.05
}