,reject,pvals,pvals_corrected,tstats,effectsize,alpha,alpha_corrected,step,dimension_step
0,True,7.863427364311745e-07,3.145370945724698e-06,5.109569070352133,0.7244246425354673,0.05,0.0125,0,1-2
1,False,0.9570044320127785,1.0,-1.73422336321699,-0.24587477391484672,0.05,0.0125,1,2-3
2,False,0.14946524746934695,0.4483957424080408,1.0442117355969,0.14804628391861477,0.05,0.0125,2,3-4
3,False,0.8865245350837789,1.0,-1.2158036049920067,-0.1723742413132637,0.05,0.0125,3,4-5
