,reject,pvals,pvals_corrected,tstats,effectsize,alpha,alpha_corrected,step,dimension_step
0,True,3.0060558079698777e-12,1.2024223231879511e-11,7.813380284697909,1.1077656729564223,0.05,0.0125,0,1-2
1,True,0.0024416666842620475,0.0073250000527861426,2.8793943920103144,0.40823486764353467,0.05,0.0125,1,2-3
2,False,0.6982228991202368,1.0,-0.5209654117984102,-0.07386145035307191,0.05,0.0125,2,3-4
3,False,0.9999999795055446,1.0,-5.9482199890724505,-0.8433269185671599,0.05,0.0125,3,4-5
