{
  "data": {
    "name": "normal-3-60",
    "n_dimension": 3,
    "distance": "euclidean",
    "subject": null,
    "n_objects": 60,
    "n_train_triplets": 1473,
    "n_test_triplets": 10000,
    "frac_train_ndlogn": 1.9986919051317067,
    "frac_train_triplets": 0.01434833430742256,
    "max_train_score": 0.6883910386965377,
    "max_test_score": 0.6701,
    "noise_sd": 2.0,
    "distance_sd": 1.0354592956428665,
    "distance_mean": 2.289479101541084,
    "difference_sd": 0.9150454921742991,
    "difference_mean": -0.10631531199360982
  },
  "n_repeats": 10,
  "n_splits": 10,
  "embedding_method": "soe",
  "embedding_dimension": [
    1,
    2,
    3,
    4,
    5
  ],
  "random_state": 478878692,
  "alpha": 0.05
}