,reject,pvals,pvals_corrected,tstats,effectsize,alpha,alpha_corrected,step,dimension_step
0,True,1.1526583646572927e-19,4.610633458629171e-19,11.231353425304281,1.5923591751652022,0.05,0.0125,0,1-2
1,True,1.5058900925975955e-17,4.5176702777927866e-17,10.256910384900976,1.454204559483162,0.05,0.0125,1,2-3
2,False,0.9999999999991707,1.0,-8.074896556084468,-1.1448429350127625,0.05,0.0125,2,3-4
3,False,0.881294988555359,1.0,-1.1886777400507993,-0.1685283895901662,0.05,0.0125,3,4-5
