,reject,pvals,pvals_corrected,tstats,effectsize,alpha,alpha_corrected,step,dimension_step
0,True,4.9512477594894184e-60,1.9804991037957674e-59,36.95680545995764,5.239663113652277,0.05,0.0125,0,1-2
1,True,6.307926421871269e-49,1.8923779265613807e-48,27.843775890697145,3.9476357240173003,0.05,0.0125,1,2-3
2,False,0.9999999999959848,1.0,-7.754358909165707,-1.0993977385409823,0.05,0.0125,2,3-4
3,False,0.9999938757104327,1.0,-4.605626184700174,-0.6529766124236926,0.05,0.0125,3,4-5
