,reject,pvals,pvals_corrected,tstats,effectsize,alpha,alpha_corrected,step,dimension_step
0,True,2.2304396422794044e-17,8.921758569117617e-17,10.178645602658577,1.4431083327528011,0.05,0.0125,0,1-2
1,True,8.472489242752389e-12,2.5417467728257165e-11,7.60165143481075,1.0777471734935349,0.05,0.0125,1,2-3
2,False,0.9999999890384709,1.0,-6.086676996446258,-0.8629570804638437,0.05,0.0125,2,3-4
3,False,0.999989706333274,1.0,-4.473239375902758,-0.6342070713295217,0.05,0.0125,3,4-5
