,reject,pvals,pvals_corrected,tstats,effectsize,alpha,alpha_corrected,step,dimension_step
0,True,2.339363861451165e-31,9.35745544580466e-31,16.964135858912954,2.4051417812949127,0.05,0.0125,0,1-2
1,True,2.1099582722228495e-15,6.3298748166685485e-15,9.272783844199372,1.3146770361947269,0.05,0.0125,1,2-3
2,False,0.9999879049314487,1.0,-4.431659765690307,-0.628311996059927,0.05,0.0125,2,3-4
3,False,0.9995754717861023,1.0,-3.441387357866101,-0.4879131238314813,0.05,0.0125,3,4-5
