,reject,pvals,pvals_corrected,tstats,effectsize,alpha,alpha_corrected,step,dimension_step
0,True,1.152265006683217e-30,4.609060026732868e-30,16.600103229507496,2.353529951843683,0.05,0.0125,0,1-2
1,True,7.430835944460694e-16,2.2292507833382084e-15,9.480662099415259,1.3441496059265783,0.05,0.0125,1,2-3
2,False,0.9999999999999092,1.0,-8.520841146378716,-1.2080680810018882,0.05,0.0125,2,3-4
3,False,0.6935407224041541,1.0,-0.5075203381021131,-0.07195523427649154,0.05,0.0125,3,4-5
