,reject,pvals,pvals_corrected,tstats,effectsize,alpha,alpha_corrected,step,dimension_step
0,True,3.816974078985208e-27,1.5267896315940833e-26,14.805189712081573,2.099050647358277,0.05,0.0125,0,1-2
1,True,1.8965494268101564e-06,5.689648280430469e-06,4.896885689672187,0.6942708115761599,0.05,0.0125,1,2-3
2,False,0.9999999999999837,1.0,-8.864743129572735,-1.2568258270686026,0.05,0.0125,2,3-4
3,False,0.9999941165870223,1.0,-4.6157649893958075,-0.6544140721910904,0.05,0.0125,3,4-5
