,reject,pvals,pvals_corrected,tstats,effectsize,alpha,alpha_corrected,step,dimension_step
0,True,1.1239602483823009e-39,4.4958409935292036e-39,21.678104131817182,3.0734789216688343,0.05,0.0125,0,1-2
1,True,1.0436569377836568e-22,3.1309708133509707e-22,12.654322597269442,1.7941049426744786,0.05,0.0125,1,2-3
2,False,0.9999087445903178,1.0,-3.888771039992805,-0.5513423014271769,0.05,0.0125,2,3-4
3,False,0.9999619660897908,1.0,-4.129245285815849,-0.5854362665288835,0.05,0.0125,3,4-5
