{
  "data": {
    "name": "normal-3-60",
    "n_dimension": 3,
    "distance": "euclidean",
    "subject": null,
    "n_objects": 60,
    "n_train_triplets": 2947,
    "n_test_triplets": 10000,
    "frac_train_ndlogn": 3.998740695467169,
    "frac_train_triplets": 0.028706409507110852,
    "max_train_score": 0.8737699355276553,
    "max_test_score": 0.8787,
    "noise_sd": 0.5,
    "distance_sd": 1.0355665189277992,
    "distance_mean": 2.2923385931540534,
    "difference_sd": 0.9025236840418832,
    "difference_mean": -0.15589677029020468
  },
  "n_repeats": 10,
  "n_splits": 10,
  "embedding_method": "soe",
  "embedding_dimension": [
    1,
    2,
    3,
    4,
    5
  ],
  "random_state": 2251665395,
  "alpha": 0.05
}