,reject,pvals,pvals_corrected,tstats,effectsize,alpha,alpha_corrected,step,dimension_step
0,True,4.876673809987957e-33,1.950669523995183e-32,17.86434638536081,2.5327718573051605,0.05,0.0125,0,1-2
1,True,6.423924888393692e-20,1.9271774665181077e-19,11.348916785239673,1.6090270768656867,0.05,0.0125,1,2-3
2,False,0.9999999974600441,1.0,-6.405415953352701,-0.9081472622071283,0.05,0.0125,2,3-4
3,False,0.9999999720689213,1.0,-5.8792168766197745,-0.8335437931442327,0.05,0.0125,3,4-5
