,reject,pvals,pvals_corrected,tstats,effectsize,alpha,alpha_corrected,step,dimension_step
0,True,0.012484961990968753,0.04993984796387501,2.276487763752781,0.32275595295540666,0.05,0.0125,0,1-2
1,False,0.6024931263635365,1.0,-0.2605070612979721,-0.03693417823701966,0.05,0.0125,1,2-3
2,False,0.963008454850752,1.0,-1.8058345451224982,-0.25602766628975393,0.05,0.0125,2,3-4
3,False,0.6943151982828242,1.0,-0.5097378439465738,-0.07226962788905955,0.05,0.0125,3,4-5
