,reject,pvals,pvals_corrected,tstats,effectsize,alpha,alpha_corrected,step,dimension_step
0,True,1.780914802453055e-30,7.12365920981222e-30,16.501357922566832,2.3395300366458214,0.05,0.0125,0,1-2
1,True,1.0478672246329258e-13,3.1436016738987777e-13,8.49195530705913,1.2039727035766477,0.05,0.0125,1,2-3
2,False,0.9999999994045364,1.0,-6.71588621628834,-0.9521651247995098,0.05,0.0125,2,3-4
3,False,0.9993855265982651,1.0,-3.3280063618084914,-0.4718381894469093,0.05,0.0125,3,4-5
