,reject,pvals,pvals_corrected,tstats,effectsize,alpha,alpha_corrected,step,dimension_step
0,True,4.637307885393692e-31,1.854923154157477e-30,16.807439521997058,2.3829256831672696,0.05,0.0125,0,1-2
1,True,8.608564699660291e-13,2.5825694098980873e-12,8.067329764621427,1.1437701302174303,0.05,0.0125,1,2-3
2,False,1.0,1.0,-13.719472283728427,-1.9451197680414716,0.05,0.0125,2,3-4
3,False,0.9999984942577929,1.0,-4.953097555350908,-0.7022404192162329,0.05,0.0125,3,4-5
