,reject,pvals,pvals_corrected,tstats,effectsize,alpha,alpha_corrected,step,dimension_step
0,True,1.749131951525274e-35,6.996527806101096e-35,19.218647690010528,2.7247820297870007,0.05,0.0125,0,1-2
1,False,0.06570305193192212,0.19710915579576638,1.5211648921225163,0.21566776337508498,0.05,0.0125,1,2-3
2,False,1.0,1.0,-10.169951884815475,-1.4418757545541159,0.05,0.0125,2,3-4
3,False,0.9954101935638137,1.0,-2.6574862560654298,-0.37677316904543623,0.05,0.0125,3,4-5
