,reject,pvals,pvals_corrected,tstats,effectsize,alpha,alpha_corrected,step,dimension_step
0,True,2.5549331940203164e-27,1.0219732776081266e-26,14.892051008558282,2.111365670951053,0.05,0.0125,0,1-2
1,True,1.7718021167161043e-15,5.315406350148313e-15,9.307589692831371,1.319611740884342,0.05,0.0125,1,2-3
2,False,0.9999999999999982,1.0,-9.303195633214743,-1.318988759763385,0.05,0.0125,2,3-4
3,False,0.9996943847850148,1.0,-3.5401101258280145,-0.5019098434973126,0.05,0.0125,3,4-5
