,reject,pvals,pvals_corrected,tstats,effectsize,alpha,alpha_corrected,step,dimension_step
0,True,8.907742386217308e-13,3.563096954486923e-12,8.060411906091925,1.142789329855728,0.05,0.0125,0,1-2
1,False,0.03193146013432426,0.09579438040297278,1.8741178692777585,0.26570874154506874,0.05,0.0125,1,2-3
2,False,0.9999957645991839,1.0,-4.6983395643847805,-0.6661213328514854,0.05,0.0125,2,3-4
3,False,0.9999781063753991,1.0,-4.276631739877628,-0.6063324277957505,0.05,0.0125,3,4-5
