,reject,pvals,pvals_corrected,tstats,effectsize,alpha,alpha_corrected,step,dimension_step
0,True,2.2727399641077516e-42,9.090959856431006e-42,23.361253352935115,3.31211250427704,0.05,0.0125,0,1-2
1,True,2.573562009332173e-34,7.720686027996519e-34,18.565030693084974,2.6321134988730486,0.05,0.0125,1,2-3
2,False,0.9999999999988147,1.0,-8.002533315269545,-1.1345834172064113,0.05,0.0125,2,3-4
3,False,0.9999999304905686,1.0,-5.673904579575844,-0.8044350199098715,0.05,0.0125,3,4-5
