{
  "data": {
    "name": "normal-3-60",
    "n_dimension": 3,
    "distance": "euclidean",
    "subject": null,
    "n_objects": 60,
    "n_train_triplets": 5895,
    "n_test_triplets": 10000,
    "frac_train_ndlogn": 7.998838276138094,
    "frac_train_triplets": 0.05742255990648743,
    "max_train_score": 0.7940627650551315,
    "max_test_score": 0.7974,
    "noise_sd": 1.0,
    "distance_sd": 1.0466391049916157,
    "distance_mean": 2.571980731478115,
    "difference_sd": 0.9701391223323196,
    "difference_mean": -0.08724167408842312
  },
  "n_repeats": 10,
  "n_splits": 10,
  "embedding_method": "soe",
  "embedding_dimension": [
    1,
    2,
    3,
    4,
    5
  ],
  "random_state": 3981224140,
  "alpha": 0.05
}