,reject,pvals,pvals_corrected,tstats,effectsize,alpha,alpha_corrected,step,dimension_step
0,True,7.364331205230104e-15,2.945732482092042e-14,9.02349024746355,1.279332680885076,0.05,0.0125,0,1-2
1,True,4.826783555090428e-06,1.4480350665271286e-05,4.665599994439337,0.6614795810857426,0.05,0.0125,1,2-3
2,False,0.9999999999983409,1.0,-7.934277408183143,-1.1249062290891376,0.05,0.0125,2,3-4
3,False,0.9999870711044951,1.0,-4.414404220006135,-0.6258655387673653,0.05,0.0125,3,4-5
