,reject,pvals,pvals_corrected,tstats,effectsize,alpha,alpha_corrected,step,dimension_step
0,True,7.373136801426526e-07,2.211941040427958e-06,5.12493817278111,0.7266036436175362,0.05,0.0125,0,1-2
1,True,1.3643002407557197e-15,5.457200963022879e-15,9.35965792287332,1.3269938720222607,0.05,0.0125,1,2-3
2,False,0.39292066779772067,0.7858413355954413,0.27245279182660226,0.03862782039135334,0.05,0.0125,2,3-4
3,False,0.9999999988201032,0.9999999988201032,-6.570165165240011,-0.9315050810928683,0.05,0.0125,3,4-5
