,reject,pvals,pvals_corrected,tstats,effectsize,alpha,alpha_corrected,step,dimension_step
0,True,6.937685232300632e-14,2.0813055696901896e-13,8.574738435291831,1.2157095325053169,0.05,0.0125,0,1-2
1,True,3.2795582247819283e-19,1.3118232899127713e-18,11.021492708082096,1.5626055358733781,0.05,0.0125,1,2-3
2,False,0.9840677296782546,1.0,-2.176907278268558,-0.3086376277880271,0.05,0.0125,2,3-4
3,False,0.9999965191466981,1.0,-4.747247045208238,-0.6730553391884233,0.05,0.0125,3,4-5
