,reject,pvals,pvals_corrected,tstats,effectsize,alpha,alpha_corrected,step,dimension_step
0,True,3.672435073319169e-36,1.1017305219957508e-35,19.604100015660126,2.7794307015983657,0.05,0.0125,0,1-2
1,True,1.128137462899264e-37,4.512549851597056e-37,20.48082483114274,2.9037310197491086,0.05,0.0125,1,2-3
2,False,0.9999993442973726,1.0,-5.152881323578349,-0.7305653685201432,0.05,0.0125,2,3-4
3,False,0.999999999045143,1.0,-6.615377631571466,-0.9379152155502647,0.05,0.0125,3,4-5
