,reject,pvals,pvals_corrected,tstats,effectsize,alpha,alpha_corrected,step,dimension_step
0,True,1.3652499738547062e-61,5.460999895418825e-61,38.41793289631231,5.446818884756677,0.05,0.0125,0,1-2
1,True,7.0854900123900895e-43,2.125647003717027e-42,23.687171305670088,3.3583205099141282,0.05,0.0125,1,2-3
2,False,0.9999990753723439,1.0,-5.070788916127953,-0.7189264686240253,0.05,0.0125,2,3-4
3,False,0.9999999887308701,1.0,-6.0805812107726185,-0.8620928319730615,0.05,0.0125,3,4-5
