,reject,pvals,pvals_corrected,tstats,effectsize,alpha,alpha_corrected,step,dimension_step
0,True,3.7432529510460733e-08,1.4973011804184293e-07,5.8136314868828824,0.8242452257187759,0.05,0.0125,0,1-2
1,False,0.7904097486658035,1.0,-0.8112285316423493,-0.11501438398386905,0.05,0.0125,1,2-3
2,False,0.9968229785074062,1.0,-2.7883157089422204,-0.3953219112834677,0.05,0.0125,2,3-4
3,False,0.9297128968085461,1.0,-1.485555601874036,-0.2106191483149857,0.05,0.0125,3,4-5
