{
  "data": {
    "name": "normal-3-60",
    "n_dimension": 3,
    "distance": "euclidean",
    "subject": null,
    "n_objects": 60,
    "n_train_triplets": 2947,
    "n_test_triplets": 10000,
    "frac_train_ndlogn": 3.998740695467169,
    "frac_train_triplets": 0.028706409507110852,
    "max_train_score": 0.8710553104852392,
    "max_test_score": 0.8679,
    "noise_sd": 0.5,
    "distance_sd": 1.0349123553600232,
    "distance_mean": 2.274841697056384,
    "difference_sd": 0.8964562751875705,
    "difference_mean": -0.15176006699420547
  },
  "n_repeats": 10,
  "n_splits": 10,
  "embedding_method": "soe",
  "embedding_dimension": [
    1,
    2,
    3,
    4,
    5
  ],
  "random_state": 1708322284,
  "alpha": 0.05
}