,reject,pvals,pvals_corrected,tstats,effectsize,alpha,alpha_corrected,step,dimension_step
0,True,0.00017721870693759783,0.0007088748277503913,3.6999398021777115,0.5245701803206309,0.05,0.0125,0,1-2
1,False,0.17191456290286894,0.5157436887086069,0.9511806227431551,0.13485651590768807,0.05,0.0125,1,2-3
2,False,0.999307769811482,1.0,-3.2909193329546835,-0.4665800635168745,0.05,0.0125,2,3-4
3,False,0.6475899249228986,1.0,-0.37991792716547823,-0.05386401569099447,0.05,0.0125,3,4-5
