,reject,pvals,pvals_corrected,tstats,effectsize,alpha,alpha_corrected,step,dimension_step
0,True,1.5132741285712946e-32,6.053096514285179e-32,17.598488348337376,2.495079028265351,0.05,0.0125,0,1-2
1,True,4.071489531832093e-26,1.2214468595496278e-25,14.29691278074323,2.0269881447824134,0.05,0.0125,1,2-3
2,False,0.9992611348239194,1.0,-3.2705070771391487,-0.46368605407715235,0.05,0.0125,2,3-4
3,False,0.9999997374734694,1.0,-5.368356393763576,-0.7611149997209365,0.05,0.0125,3,4-5
