,reject,pvals,pvals_corrected,tstats,effectsize,alpha,alpha_corrected,step,dimension_step
0,True,1.7855885490580675e-41,5.356765647174202e-41,22.792481259997786,3.2314731167989335,0.05,0.0125,0,1-2
1,True,3.5840549623843503e-44,1.4336219849537401e-43,24.53627064812594,3.478704142891085,0.05,0.0125,1,2-3
2,False,0.9999535772217372,1.0,-4.075260777453979,-0.5777824492237372,0.05,0.0125,2,3-4
3,False,0.9640293400823923,1.0,-1.8189549283580897,-0.2578878483921003,0.05,0.0125,3,4-5
