,reject,pvals,pvals_corrected,tstats,effectsize,alpha,alpha_corrected,step,dimension_step
0,True,8.077087634299665e-16,3.230835053719866e-15,9.464056935500142,1.3417953584806932,0.05,0.0125,0,1-2
1,False,0.9913464419538448,1.0,-2.4208273508526936,-0.34322013542341373,0.05,0.0125,1,2-3
2,False,0.9997871189598301,1.0,-3.6466755781498597,-0.51701848351019,0.05,0.0125,2,3-4
3,False,0.9996720727480934,1.0,-3.519097799572763,-0.4989307572521295,0.05,0.0125,3,4-5
