,reject,pvals,pvals_corrected,tstats,effectsize,alpha,alpha_corrected,step,dimension_step
0,True,1.2912413418002306e-21,5.164965367200922e-21,12.139641882924975,1.721134524352451,0.05,0.0125,0,1-2
1,False,0.9155813291584618,1.0,-1.3860774437686598,-0.19651533092190615,0.05,0.0125,1,2-3
2,False,0.9999995938448951,1.0,-5.266183829314597,-0.7466291747014927,0.05,0.0125,2,3-4
3,False,0.940117009178183,1.0,-1.5693123484792604,-0.22249401493954862,0.05,0.0125,3,4-5
