,reject,pvals,pvals_corrected,tstats,effectsize,alpha,alpha_corrected,step,dimension_step
0,True,2.7097854567411902e-05,8.129356370223571e-05,4.220090917035412,0.5983161812567228,0.05,0.0125,0,1-2
1,True,1.1098564966799886e-06,4.4394259867199545e-06,5.026891461579419,0.7127027739480774,0.05,0.0125,1,2-3
2,False,0.7190831146927124,1.0,-0.5820833611410282,-0.08252663287539674,0.05,0.0125,2,3-4
3,False,0.9999332242408717,1.0,-3.9756298647382735,-0.5636569745827646,0.05,0.0125,3,4-5
