,reject,pvals,pvals_corrected,tstats,effectsize,alpha,alpha_corrected,step,dimension_step
0,True,3.1796373107523925e-19,1.271854924300957e-18,11.027695675454572,1.5634849803743907,0.05,0.0125,0,1-2
1,True,5.2157258485112586e-06,1.5647177545533777e-05,4.646126232461574,0.6587186294545339,0.05,0.0125,1,2-3
2,False,0.9999999994422266,1.0,-6.729763244480431,-0.9541325825340261,0.05,0.0125,2,3-4
3,False,0.9999811159062585,1.0,-4.315574603191099,-0.6118536702815135,0.05,0.0125,3,4-5
