,reject,pvals,pvals_corrected,tstats,effectsize,alpha,alpha_corrected,step,dimension_step
0,True,9.147144516223709e-21,3.6588578064894834e-20,11.742219760779701,1.6647887983613283,0.05,0.0125,0,1-2
1,True,3.0864588283649625e-12,9.259376485094888e-12,7.80800226763078,1.1070031882854525,0.05,0.0125,1,2-3
2,False,0.9999998653972997,1.0,-5.522953492693,-0.7830334720200595,0.05,0.0125,2,3-4
3,False,0.9999732966574019,1.0,-4.223993862122282,-0.5988695331266088,0.05,0.0125,3,4-5
