,reject,pvals,pvals_corrected,tstats,effectsize,alpha,alpha_corrected,step,dimension_step
0,True,1.1341937835859472e-31,4.536775134343789e-31,17.130707522229073,2.428757983755995,0.05,0.0125,0,1-2
1,True,3.314924390840047e-14,9.94477317252014e-14,8.722758203395122,1.236695483790054,0.05,0.0125,1,2-3
2,False,1.0,1.0,-10.416720947875303,-1.4768621864497529,0.05,0.0125,2,3-4
3,False,0.9996032488886468,1.0,-3.4618664602748344,-0.49081661064957244,0.05,0.0125,3,4-5
