{
  "data": {
    "name": "normal-3-60",
    "n_dimension": 3,
    "distance": "euclidean",
    "subject": null,
    "n_objects": 60,
    "n_train_triplets": 5895,
    "n_test_triplets": 10000,
    "frac_train_ndlogn": 7.998838276138094,
    "frac_train_triplets": 0.05742255990648743,
    "max_train_score": 0.8793893129770992,
    "max_test_score": 0.8745,
    "noise_sd": 0.5,
    "distance_sd": 1.0363865436324602,
    "distance_mean": 2.314100329470861,
    "difference_sd": 0.9046019612210342,
    "difference_mean": -0.14989761124551212
  },
  "n_repeats": 10,
  "n_splits": 10,
  "embedding_method": "soe",
  "embedding_dimension": [
    1,
    2,
    3,
    4,
    5
  ],
  "random_state": 4103354454,
  "alpha": 0.05
}