,reject,pvals,pvals_corrected,tstats,effectsize,alpha,alpha_corrected,step,dimension_step
0,True,2.584010398475903e-16,1.0336041593903611e-15,9.690938396047002,1.373962165248853,0.05,0.0125,0,1-2
1,False,0.6439456242435673,1.0,-0.37008629619088074,-0.05247010640896913,0.05,0.0125,1,2-3
2,False,0.999996943787607,1.0,-4.779523474367354,-0.6776314277653612,0.05,0.0125,2,3-4
3,False,0.9466720836051101,1.0,-1.628223791348161,-0.23084636331843272,0.05,0.0125,3,4-5
