,reject,pvals,pvals_corrected,tstats,effectsize,alpha,alpha_corrected,step,dimension_step
0,True,2.9724392136273797e-23,1.1889756854509519e-22,12.913211734076919,1.8308097347627765,0.05,0.0125,0,1-2
1,True,1.1837615110942718e-05,3.551284533282815e-05,4.437220274613131,0.6291003540668879,0.05,0.0125,1,2-3
2,True,0.024524231189944023,0.049048462379888046,1.992688615062488,0.2825194684278246,0.05,0.0125,2,3-4
3,False,0.9991622228438537,0.9991622228438537,-3.2309277713941973,-0.4580745780365491,0.05,0.0125,3,4-5
