,reject,pvals,pvals_corrected,tstats,effectsize,alpha,alpha_corrected,step,dimension_step
0,True,6.093075707036121e-05,0.00024372302828144484,4.000879087915104,0.5672367597314393,0.05,0.0125,0,1-2
1,False,0.9219379441223357,1.0,-1.4290971959961392,-0.20261458669088794,0.05,0.0125,1,2-3
2,False,0.10919231717488065,0.32757695152464195,1.2387026229369715,0.1756208189914966,0.05,0.0125,2,3-4
3,False,0.9998774894863824,1.0,-3.805716767558061,-0.5395670302073994,0.05,0.0125,3,4-5
