,reject,pvals,pvals_corrected,tstats,effectsize,alpha,alpha_corrected,step,dimension_step
0,True,5.185416597046099e-61,2.0741666388184397e-60,37.86915007339642,5.369013536625225,0.05,0.0125,0,1-2
1,True,1.3979614472141704e-55,4.193884341642511e-55,33.04648368300072,4.685265391169694,0.05,0.0125,1,2-3
2,False,0.9988608158165663,1.0,-3.1327009646475608,-0.444148174775319,0.05,0.0125,2,3-4
3,False,0.9999990741942195,1.0,-5.070483482191516,-0.7188831648018879,0.05,0.0125,3,4-5
