{
  "data": {
    "name": "normal-3-60",
    "n_dimension": 3,
    "distance": "euclidean",
    "subject": null,
    "n_objects": 60,
    "n_train_triplets": 5895,
    "n_test_triplets": 10000,
    "frac_train_ndlogn": 7.998838276138094,
    "frac_train_triplets": 0.05742255990648743,
    "max_train_score": 0.6703986429177269,
    "max_test_score": 0.6846,
    "noise_sd": 2.0,
    "distance_sd": 1.042554653001341,
    "distance_mean": 2.4721701799276286,
    "difference_sd": 0.9406179278470345,
    "difference_mean": -0.06419855478508747
  },
  "n_repeats": 10,
  "n_splits": 10,
  "embedding_method": "soe",
  "embedding_dimension": [
    1,
    2,
    3,
    4,
    5
  ],
  "random_state": 3982008620,
  "alpha": 0.05
}