,reject,pvals,pvals_corrected,tstats,effectsize,alpha,alpha_corrected,step,dimension_step
0,True,1.6249944770831605e-20,6.499977908332642e-20,11.626039617264409,1.6483170063614632,0.05,0.0125,0,1-2
1,True,1.1128074761934261e-05,3.3384224285802784e-05,4.453172058819335,0.6313619666240865,0.05,0.0125,1,2-3
2,False,0.9999999791038968,1.0,-5.943904170635115,-0.8427150303265534,0.05,0.0125,2,3-4
3,False,0.928797214245716,1.0,-1.478661515955756,-0.20964171838729623,0.05,0.0125,3,4-5
