,reject,pvals,pvals_corrected,tstats,effectsize,alpha,alpha_corrected,step,dimension_step
0,True,3.294943404755152e-12,1.3179773619020608e-11,7.7946811126216815,1.105114541156359,0.05,0.0125,0,1-2
1,True,2.179268324974215e-10,6.537804974922645e-10,6.928199891620988,0.9822665396625923,0.05,0.0125,1,2-3
2,False,0.9992341647009467,1.0,-3.259245790437457,-0.46208945102099674,0.05,0.0125,2,3-4
3,False,0.998142348386381,1.0,-2.971919392050279,-0.42135287997621196,0.05,0.0125,3,4-5
