,reject,pvals,pvals_corrected,tstats,effectsize,alpha,alpha_corrected,step,dimension_step
0,True,8.51626732080905e-05,0.000340650692832362,3.9080927840682236,0.5540817002595,0.05,0.0125,0,1-2
1,False,0.050019596911963705,0.15005879073589112,1.660196736984669,0.23537942459906575,0.05,0.0125,1,2-3
2,False,0.9954349658575774,1.0,-2.659442827900756,-0.37705056794794356,0.05,0.0125,2,3-4
3,False,0.9925326327145774,1.0,-2.477232115990222,-0.3512170919689556,0.05,0.0125,3,4-5
