,reject,pvals,pvals_corrected,tstats,effectsize,alpha,alpha_corrected,step,dimension_step
0,True,1.785272961531787e-23,7.141091846127148e-23,13.018692548027941,1.8457645968829892,0.05,0.0125,0,1-2
1,True,8.871504957011472e-18,2.6614514871034415e-17,10.362380044632117,1.4691578401800416,0.05,0.0125,1,2-3
2,False,0.9999999999999998,1.0,-9.730460279159734,-1.37956550002172,0.05,0.0125,2,3-4
3,False,0.9875974989762953,1.0,-2.2791525152032137,-0.323133756169405,0.05,0.0125,3,4-5
