,reject,pvals,pvals_corrected,tstats,effectsize,alpha,alpha_corrected,step,dimension_step
0,True,5.420311743985313e-23,2.168124697594125e-22,12.789204901841165,1.8132282902461354,0.05,0.0125,0,1-2
1,True,2.830488186169831e-21,8.491464558509494e-21,11.980016873956215,1.6985032048674311,0.05,0.0125,1,2-3
2,False,0.9999999999801833,1.0,-7.427012848503533,-1.052987258573785,0.05,0.0125,2,3-4
3,False,0.9625597269488093,1.0,-1.8001624282914308,-0.2552234847333077,0.05,0.0125,3,4-5
