,reject,pvals,pvals_corrected,tstats,effectsize,alpha,alpha_corrected,step,dimension_step
0,True,1.2583188372701579e-33,5.0332753490806316e-33,18.185186031840495,2.5782598706800797,0.05,0.0125,0,1-2
1,True,1.3171847942268061e-24,3.951554382680418e-24,13.56179417768572,1.9227644766200394,0.05,0.0125,1,2-3
2,False,1.0,1.0,-10.39656731851191,-1.4740048445592042,0.05,0.0125,2,3-4
3,False,0.957855135250858,1.0,-1.743847705110454,-0.24723929415908155,0.05,0.0125,3,4-5
