,reject,pvals,pvals_corrected,tstats,effectsize,alpha,alpha_corrected,step,dimension_step
0,True,3.077608510126783e-06,1.2310434040507133e-05,4.777795770941477,0.6773864773753254,0.05,0.0125,0,1-2
1,True,0.0005595798441303562,0.0016787395323910686,3.3569402406294335,0.475940377818067,0.05,0.0125,1,2-3
2,False,0.999972670219015,1.0,-4.217821875561587,-0.5979944810240923,0.05,0.0125,2,3-4
3,False,0.9770193686600585,1.0,-2.0211748517039276,-0.2865581909721376,0.05,0.0125,3,4-5
