,reject,pvals,pvals_corrected,tstats,effectsize,alpha,alpha_corrected,step,dimension_step
0,True,1.281064551488392e-31,5.124258205953568e-31,17.10263337812893,2.4247776868808155,0.05,0.0125,0,1-2
1,True,3.3311337476375357e-12,9.993401242912606e-12,7.792454418889756,1.1047988449031962,0.05,0.0125,1,2-3
2,False,0.6268969215245721,1.0,-0.3245503806656539,-0.04601411396172067,0.05,0.0125,2,3-4
3,False,0.9999997674661754,1.0,-5.396590579647816,-0.7651179870051579,0.05,0.0125,3,4-5
