{
  "data": {
    "name": "normal-3-60",
    "n_dimension": 3,
    "distance": "euclidean",
    "subject": null,
    "n_objects": 60,
    "n_train_triplets": 1473,
    "n_test_triplets": 10000,
    "frac_train_ndlogn": 1.9986919051317067,
    "frac_train_triplets": 0.01434833430742256,
    "max_train_score": 0.7671418873048201,
    "max_test_score": 0.7927,
    "noise_sd": 1.0,
    "distance_sd": 1.041707476761491,
    "distance_mean": 2.45100936241379,
    "difference_sd": 0.9450886860548766,
    "difference_mean": -0.10867763422376074
  },
  "n_repeats": 10,
  "n_splits": 10,
  "embedding_method": "soe",
  "embedding_dimension": [
    1,
    2,
    3,
    4,
    5
  ],
  "random_state": 1968897227,
  "alpha": 0.05
}