,reject,pvals,pvals_corrected,tstats,effectsize,alpha,alpha_corrected,step,dimension_step
0,True,1.2931904785461245e-27,5.172761914184498e-27,15.039841844020723,2.1323191646167174,0.05,0.0125,0,1-2
1,True,7.477997628944071e-12,2.2433992886832213e-11,7.627233201601593,1.0813741060210573,0.05,0.0125,1,2-3
2,False,0.9999999319948223,1.0,-5.678870145596873,-0.8051390280836025,0.05,0.0125,2,3-4
3,False,0.9999999612444542,1.0,-5.805829884914861,-0.8231391299523675,0.05,0.0125,3,4-5
