,reject,pvals,pvals_corrected,tstats,effectsize,alpha,alpha_corrected,step,dimension_step
0,True,3.0544905204260207e-51,1.2217962081704083e-50,29.572842474778383,4.192779379939491,0.05,0.0125,0,1-2
1,True,3.366808022966331e-51,1.2217962081704083e-50,29.540520154494985,4.188196785009308,0.05,0.0125,1,2-3
2,False,0.9999999999884306,1.0,-7.537733454235877,-1.0686850080560981,0.05,0.0125,2,3-4
3,False,0.9999954536732106,1.0,-4.680610478790276,-0.6636077380027922,0.05,0.0125,3,4-5
