,reject,pvals,pvals_corrected,tstats,effectsize,alpha,alpha_corrected,step,dimension_step
0,True,7.482785747338139e-48,2.9931142989352555e-47,27.0687629690093,3.837755917907664,0.05,0.0125,0,1-2
1,True,1.249785724048089e-35,3.7493571721442664e-35,19.301279454939294,2.7364973987244583,0.05,0.0125,1,2-3
2,False,0.9999999975521348,1.0,-6.413386558477849,-0.9092773189084028,0.05,0.0125,2,3-4
3,False,0.9999999999998931,1.0,-8.487914435967895,-1.2033997968294259,0.05,0.0125,3,4-5
