,reject,pvals,pvals_corrected,tstats,effectsize,alpha,alpha_corrected,step,dimension_step
0,True,2.231205786484469e-43,8.924823145937876e-43,24.01343311617754,3.404577267029176,0.05,0.0125,0,1-2
1,True,1.0580374433107258e-17,3.1741123299321774e-17,10.327260625344977,1.4641786780603314,0.05,0.0125,1,2-3
2,False,0.9686565437938167,1.0,-1.8826290329157922,-0.2669154375679916,0.05,0.0125,2,3-4
3,False,0.9999967092406975,1.0,-4.76119430496887,-0.6750327542164483,0.05,0.0125,3,4-5
