,reject,pvals,pvals_corrected,tstats,effectsize,alpha,alpha_corrected,step,dimension_step
0,True,2.7272638468698442e-05,0.00010909055387479377,4.218379202649347,0.5980734977612705,0.05,0.0125,0,1-2
1,True,0.015334406368827727,0.04600321910648318,2.1927315209249536,0.31088115775541125,0.05,0.0125,1,2-3
2,False,0.9990773840975231,1.0,-3.2003162304339754,-0.45373453403044267,0.05,0.0125,2,3-4
3,False,0.9956867555867219,1.0,-2.6798952492881267,-0.3799502719833584,0.05,0.0125,3,4-5
