,reject,pvals,pvals_corrected,tstats,effectsize,alpha,alpha_corrected,step,dimension_step
0,False,0.03603608987336113,0.1441443594934445,1.818104805339751,0.2577673196243722,0.05,0.0125,0,1-2
1,False,0.1239405886164785,0.3718217658494355,1.1623661809506562,0.16479798854592345,0.05,0.0125,1,2-3
2,False,0.7118311907102086,0.7118311907102086,-0.560598766168303,-0.07948058930130271,0.05,0.0125,2,3-4
3,False,0.15195077007248567,0.3718217658494355,1.033471005961191,0.14652348441834645,0.05,0.0125,3,4-5
