,reject,pvals,pvals_corrected,tstats,effectsize,alpha,alpha_corrected,step,dimension_step
0,True,6.328212311524865e-16,2.531284924609946e-15,9.512642557814868,1.3486837323519718,0.05,0.0125,0,1-2
1,True,0.0007030043220048905,0.0021090129660146714,3.286091587660933,0.4658955952945012,0.05,0.0125,1,2-3
2,False,0.9999903711299223,1.0,-4.490386721644326,-0.6366381882472564,0.05,0.0125,2,3-4
3,False,0.9032663559963534,1.0,-1.3092885178704194,-0.18562834819819837,0.05,0.0125,3,4-5
