,reject,pvals,pvals_corrected,tstats,effectsize,alpha,alpha_corrected,step,dimension_step
0,True,9.979658180628e-16,3.9918632722512e-15,9.421935771608421,1.3358235027967196,0.05,0.0125,0,1-2
1,True,4.206370188298453e-10,1.2619110564895359e-09,6.789542065487588,0.9626079060775665,0.05,0.0125,1,2-3
2,False,0.979096458446871,1.0,-2.0622091597556733,-0.292375954375036,0.05,0.0125,2,3-4
3,False,0.9999509169460374,1.0,-4.060088664683468,-0.5756313769475917,0.05,0.0125,3,4-5
