,reject,pvals,pvals_corrected,tstats,effectsize,alpha,alpha_corrected,step,dimension_step
0,True,4.331154163266155e-52,1.732461665306462e-51,30.227399404287247,4.285581172644466,0.05,0.0125,0,1-2
1,True,3.8472569950328337e-50,1.1541770985098502e-49,28.74084222173222,4.074820022192547,0.05,0.0125,1,2-3
2,False,0.9999980457510766,1.0,-4.889559383993177,-0.6932321023817939,0.05,0.0125,2,3-4
3,False,0.9354079680353993,1.0,-1.5300880994833852,-0.2169328781457562,0.05,0.0125,3,4-5
