,reject,pvals,pvals_corrected,tstats,effectsize,alpha,alpha_corrected,step,dimension_step
0,True,5.992761467168492e-48,2.3971045868673966e-47,27.137655478829014,3.847523362307056,0.05,0.0125,0,1-2
1,True,1.5549595343845163e-28,4.664878603153549e-28,15.503376623522229,2.1980382129982265,0.05,0.0125,1,2-3
2,False,0.9999999999271857,1.0,-7.157479933437171,-1.0147734125605368,0.05,0.0125,2,3-4
3,False,0.9999999929438513,1.0,-6.183370610343361,-0.876666110661579,0.05,0.0125,3,4-5
