,reject,pvals,pvals_corrected,tstats,effectsize,alpha,alpha_corrected,step,dimension_step
0,True,4.006652446654436e-23,1.6026609786617744e-22,12.851543159638208,1.8220664856984565,0.05,0.0125,0,1-2
1,True,6.00125610970666e-09,1.800376832911998e-08,6.2187646493232736,0.8816842078206302,0.05,0.0125,1,2-3
2,False,0.9999999542804516,1.0,-5.768648679134453,-0.817867651803105,0.05,0.0125,2,3-4
3,False,0.9998135686108425,1.0,-3.6852673131479654,-0.522489943714739,0.05,0.0125,3,4-5
