,reject,pvals,pvals_corrected,tstats,effectsize,alpha,alpha_corrected,step,dimension_step
0,True,2.1400033837287817e-49,8.560013534915127e-49,28.187840312435476,3.9964165003010006,0.05,0.0125,0,1-2
1,True,2.0076192559780048e-35,6.022857767934014e-35,19.184826081911265,2.71998686878224,0.05,0.0125,1,2-3
2,False,0.9999955729598227,1.0,-4.687269002994836,-0.6645517704545093,0.05,0.0125,2,3-4
3,False,0.9997327802285875,1.0,-3.579919112101157,-0.5075538831909835,0.05,0.0125,3,4-5
