,reject,pvals,pvals_corrected,tstats,effectsize,alpha,alpha_corrected,step,dimension_step
0,True,5.99338165331616e-31,2.397352661326464e-30,16.748878660713043,2.3746230395552286,0.05,0.0125,0,1-2
1,True,3.7148478646754816e-26,1.1144543594026444e-25,14.316475115990505,2.029761654157381,0.05,0.0125,1,2-3
2,False,0.9999956941954028,1.0,-4.694217066958069,-0.6655368532831346,0.05,0.0125,2,3-4
3,False,0.9996797328063489,1.0,-3.5261551940169555,-0.49993134074108375,0.05,0.0125,3,4-5
