,reject,pvals,pvals_corrected,tstats,effectsize,alpha,alpha_corrected,step,dimension_step
0,True,9.48255816218326e-28,3.793023264873304e-27,15.107372057446533,2.1418934653156145,0.05,0.0125,0,1-2
1,False,0.0780186344383073,0.23405590331492188,1.429400158836256,0.20265754016585447,0.05,0.0125,1,2-3
2,False,0.9998714151591752,1.0,-3.791960195484741,-0.5376166505042356,0.05,0.0125,2,3-4
3,False,0.9999999589757904,1.0,-5.793042076206951,-0.821326099611748,0.05,0.0125,3,4-5
