,reject,pvals,pvals_corrected,tstats,effectsize,alpha,alpha_corrected,step,dimension_step
0,True,6.499776707281776e-23,2.5999106829127102e-22,12.751778531423199,1.8079220531372657,0.05,0.0125,0,1-2
1,True,1.416631188509445e-09,4.249893565528335e-09,6.531010321024617,0.925953784372201,0.05,0.0125,1,2-3
2,False,0.9999999997205805,1.0,-6.875896237398991,-0.9748510305479543,0.05,0.0125,2,3-4
3,False,0.9999999999319642,1.0,-7.171605684172415,-1.0167761336875103,0.05,0.0125,3,4-5
