{
  "data": {
    "name": "normal-3-60",
    "n_dimension": 3,
    "distance": "euclidean",
    "subject": null,
    "n_objects": 60,
    "n_train_triplets": 2947,
    "n_test_triplets": 10000,
    "frac_train_ndlogn": 3.998740695467169,
    "frac_train_triplets": 0.028706409507110852,
    "max_train_score": 0.6834068544282321,
    "max_test_score": 0.686,
    "noise_sd": 2.0,
    "distance_sd": 1.0360779354887402,
    "distance_mean": 2.305932598608058,
    "difference_sd": 0.8996943272466362,
    "difference_mean": -0.08870625860574644
  },
  "n_repeats": 10,
  "n_splits": 10,
  "embedding_method": "soe",
  "embedding_dimension": [
    1,
    2,
    3,
    4,
    5
  ],
  "random_state": 346556934,
  "alpha": 0.05
}