,reject,pvals,pvals_corrected,tstats,effectsize,alpha,alpha_corrected,step,dimension_step
0,True,1.8968344147283194e-09,7.587337658913278e-09,6.468329966683181,0.9170670871453718,0.05,0.0125,0,1-2
1,False,0.9837642840899419,1.0,-2.1690725508134285,-0.3075268355552775,0.05,0.0125,1,2-3
2,False,0.999891179050468,1.0,-3.839267635716955,-0.5443238062364758,0.05,0.0125,2,3-4
3,False,0.4804619101082076,1.0,0.04911849912434256,0.006963924096162243,0.05,0.0125,3,4-5
