,reject,pvals,pvals_corrected,tstats,effectsize,alpha,alpha_corrected,step,dimension_step
0,True,4.263083890034772e-08,1.705233556013909e-07,5.784399692088742,0.8201007994075067,0.05,0.0125,0,1-2
1,False,0.43214017336908117,1.0,0.1713729134424638,0.024296914250786845,0.05,0.0125,1,2-3
2,False,0.5472418615531756,1.0,-0.1190002724835965,-0.016871624332423705,0.05,0.0125,2,3-4
3,False,0.9997578780750075,1.0,-3.6089803889823817,-0.5116741338082933,0.05,0.0125,3,4-5
