,reject,pvals,pvals_corrected,tstats,effectsize,alpha,alpha_corrected,step,dimension_step
0,True,1.852947631485695e-25,7.41179052594278e-25,13.974903172122715,1.9813342564787122,0.05,0.0125,0,1-2
1,True,1.5977525963397368e-20,4.79325778901921e-20,11.629454855975784,1.6488012121816793,0.05,0.0125,1,2-3
2,False,0.9999993978527751,1.0,-5.173129108152458,-0.7334360595510844,0.05,0.0125,2,3-4
3,False,0.9999998442069176,1.0,-5.489298121331424,-0.7782618797326636,0.05,0.0125,3,4-5
