,reject,pvals,pvals_corrected,tstats,effectsize,alpha,alpha_corrected,step,dimension_step
0,True,3.022699889196889e-17,1.2090799556787557e-16,10.118103020520364,1.4345247246598731,0.05,0.0125,0,1-2
1,True,5.3279032650475005e-14,1.59837097951425e-13,8.627686030250501,1.2232163382697419,0.05,0.0125,1,2-3
2,False,0.9998687348754797,1.0,-3.786085843910675,-0.5367837965041081,0.05,0.0125,2,3-4
3,False,0.9997035128397961,1.0,-3.5491270330618288,-0.5031882428514838,0.05,0.0125,3,4-5
