,reject,pvals,pvals_corrected,tstats,effectsize,alpha,alpha_corrected,step,dimension_step
0,True,2.5598568874825934e-21,1.0239427549930374e-20,12.000432747533768,1.7013977272263292,0.05,0.0125,0,1-2
1,True,3.0888434776719646e-18,9.266530433015894e-18,10.572877063649122,1.499001693087517,0.05,0.0125,1,2-3
2,False,0.9999998750142897,1.0,-5.539980622517259,-0.7854475449617319,0.05,0.0125,2,3-4
3,False,0.9973459654816137,1.0,-2.8507582035461554,-0.4041748852250375,0.05,0.0125,3,4-5
