,reject,pvals,pvals_corrected,tstats,effectsize,alpha,alpha_corrected,step,dimension_step
0,True,1.1181832301006485e-19,4.472732920402594e-19,11.237455497543563,1.5932243149528835,0.05,0.0125,0,1-2
1,True,0.0002480227241662649,0.0007440681724987947,3.601899715341109,0.5106702498406115,0.05,0.0125,1,2-3
2,False,0.9999999999648069,1.0,-7.308390056728257,-1.036169152712963,0.05,0.0125,2,3-4
3,False,0.9999966456106503,1.0,-4.756440558427324,-0.6743587773914659,0.05,0.0125,3,4-5
