,reject,pvals,pvals_corrected,tstats,effectsize,alpha,alpha_corrected,step,dimension_step
0,True,1.0325380009444544e-15,4.130152003777818e-15,9.415153339966542,1.3348619029925013,0.05,0.0125,0,1-2
1,True,1.1103181367727293e-05,3.330954410318188e-05,4.453749384760783,0.6314438187593648,0.05,0.0125,1,2-3
2,False,0.9966637878814592,1.0,-2.771175166541846,-0.3928917589300522,0.05,0.0125,2,3-4
3,False,0.9984491774017511,1.0,-3.0319529636636715,-0.4298643215591245,0.05,0.0125,3,4-5
