,reject,pvals,pvals_corrected,tstats,effectsize,alpha,alpha_corrected,step,dimension_step
0,False,0.7856604734991677,1.0,-0.7947172657178108,-0.1126734492102116,0.05,0.0125,0,1-2
1,False,0.8993908484954117,1.0,-1.286645878845397,-0.18241811941844904,0.05,0.0125,1,2-3
2,False,0.5629349780082981,1.0,-0.15882532678231168,-0.02251794211912388,0.05,0.0125,2,3-4
3,False,0.8197426571490212,1.0,-0.9186437985288282,-0.13024350903251558,0.05,0.0125,3,4-5
