,reject,pvals,pvals_corrected,tstats,effectsize,alpha,alpha_corrected,step,dimension_step
0,True,2.1086737325253966e-37,6.326021197576189e-37,20.32164181777396,2.881162365530006,0.05,0.0125,0,1-2
1,True,1.0803588967432355e-40,4.321435586972942e-40,22.303596696054157,3.162160025890552,0.05,0.0125,1,2-3
2,False,0.9999977440337671,1.0,-4.854379151010682,-0.6882443182160929,0.05,0.0125,2,3-4
3,False,0.9999162706187098,1.0,-3.9128296708849324,-0.5547532867458901,0.05,0.0125,3,4-5
