,reject,pvals,pvals_corrected,tstats,effectsize,alpha,alpha_corrected,step,dimension_step
0,True,9.982956757049094e-36,3.9931827028196376e-35,19.356625427897693,2.7443442417995048,0.05,0.0125,0,1-2
1,True,9.851997598921175e-16,2.9555992796763527e-15,9.424499765927843,1.3361870208630644,0.05,0.0125,1,2-3
2,False,1.0,1.0,-11.100314791008069,-1.5737807755973836,0.05,0.0125,2,3-4
3,False,0.9999188117014295,1.0,-3.921421301799211,-0.5559713912608064,0.05,0.0125,3,4-5
