,reject,pvals,pvals_corrected,tstats,effectsize,alpha,alpha_corrected,step,dimension_step
0,True,1.7523983945383655e-64,7.009593578153462e-64,41.261801282845184,5.850016945290971,0.05,0.0125,0,1-2
1,True,3.825569551006593e-48,1.147670865301978e-47,27.277320949199183,3.867324857708015,0.05,0.0125,1,2-3
2,False,0.9999999997840103,1.0,-6.9300764292199215,-0.9825325914686438,0.05,0.0125,2,3-4
3,False,0.9997992855702823,1.0,-3.6638268681856787,-0.5194501596421978,0.05,0.0125,3,4-5
