,reject,pvals,pvals_corrected,tstats,effectsize,alpha,alpha_corrected,step,dimension_step
0,True,5.529545258673211e-23,2.2118181034692844e-22,12.785091848395176,1.812645149626777,0.05,0.0125,0,1-2
1,True,2.6371868956028285e-22,7.911560686808485e-22,12.464083292337056,1.7671331885843942,0.05,0.0125,1,2-3
2,False,1.0,1.0,-11.089146337085674,-1.5721973341898978,0.05,0.0125,2,3-4
3,False,0.8911261275988808,1.0,-1.2404310644551866,-0.17586587402681098,0.05,0.0125,3,4-5
