{
  "data": {
    "name": "normal-3-60",
    "n_dimension": 3,
    "distance": "euclidean",
    "subject": null,
    "n_objects": 60,
    "n_train_triplets": 5895,
    "n_test_triplets": 10000,
    "frac_train_ndlogn": 7.998838276138094,
    "frac_train_triplets": 0.05742255990648743,
    "max_train_score": 0.7927056827820187,
    "max_test_score": 0.7808,
    "noise_sd": 1.0,
    "distance_sd": 1.0415333096107136,
    "distance_mean": 2.4466384694154324,
    "difference_sd": 0.9333231853866764,
    "difference_mean": -0.11173306469619712
  },
  "n_repeats": 10,
  "n_splits": 10,
  "embedding_method": "soe",
  "embedding_dimension": [
    1,
    2,
    3,
    4,
    5
  ],
  "random_state": 4042024246,
  "alpha": 0.05
}