,reject,pvals,pvals_corrected,tstats,effectsize,alpha,alpha_corrected,step,dimension_step
0,True,5.877126766030992e-23,2.3508507064123967e-22,12.772526867418133,1.810863711363113,0.05,0.0125,0,1-2
1,False,0.9999992252372668,1.0,-5.113112929292126,-0.724927083878456,0.05,0.0125,1,2-3
2,False,0.45631608270916924,1.0,0.10999985523906446,0.015595562896465694,0.05,0.0125,2,3-4
3,False,0.9702492195851454,1.0,-1.906375440025834,-0.2702821564136198,0.05,0.0125,3,4-5
