,reject,pvals,pvals_corrected,tstats,effectsize,alpha,alpha_corrected,step,dimension_step
0,True,1.644223047611172e-61,6.576892190444689e-61,38.34105952177435,5.435919929071102,0.05,0.0125,0,1-2
1,True,8.054229507657126e-45,2.416268852297138e-44,24.969149353004248,3.540076833371434,0.05,0.0125,1,2-3
2,False,0.999996715089881,1.0,-4.761635762568602,-0.6750953432057498,0.05,0.0125,2,3-4
3,False,0.9999917722706381,1.0,-4.5306267183557365,-0.6423433357522461,0.05,0.0125,3,4-5
