,reject,pvals,pvals_corrected,tstats,effectsize,alpha,alpha_corrected,step,dimension_step
0,True,0.00010745972505468094,0.00042983890021872377,3.8428208027494715,0.5448275672624956,0.05,0.0125,0,1-2
1,False,0.5119541958633648,1.0,-0.0300450535088741,-0.004259728530614642,0.05,0.0125,1,2-3
2,False,0.16861725719867404,0.5058517715960221,0.9643213060925367,0.13671957612019864,0.05,0.0125,2,3-4
3,False,0.9864144841288205,1.0,-2.242327564155463,-0.31791278711470655,0.05,0.0125,3,4-5
