,reject,pvals,pvals_corrected,tstats,effectsize,alpha,alpha_corrected,step,dimension_step
0,True,0.005723223148117075,0.0228928925924683,2.5768300118521545,0.3653378855454074,0.05,0.0125,0,1-2
1,False,0.991878289671618,1.0,-2.44520489960811,-0.34667633628886485,0.05,0.0125,1,2-3
2,False,0.028197146988369243,0.08459144096510773,1.9305949183558193,0.2737159463653791,0.05,0.0125,2,3-4
3,False,0.9976387549399744,1.0,-2.8908391474195514,-0.40985748253181353,0.05,0.0125,3,4-5
