,reject,pvals,pvals_corrected,tstats,effectsize,alpha,alpha_corrected,step,dimension_step
0,True,8.51857062533484e-36,3.407428250133936e-35,19.39575773017626,2.749892342568752,0.05,0.0125,0,1-2
1,True,1.4756696507853525e-27,4.4270089523560574e-27,15.011146451249815,2.128250788328177,0.05,0.0125,1,2-3
2,False,0.9999993350479494,1.0,-5.149548729575901,-0.7300928799040391,0.05,0.0125,2,3-4
3,False,0.7333403719502964,1.0,-0.625137291360076,-0.08863073433272986,0.05,0.0125,3,4-5
