,reject,pvals,pvals_corrected,tstats,effectsize,alpha,alpha_corrected,step,dimension_step
0,True,8.753312701376509e-48,3.5013250805506034e-47,27.02018757340124,3.830868993958721,0.05,0.0125,0,1-2
1,True,5.50556280050819e-29,1.651668840152457e-28,15.73273801815653,2.230556619938548,0.05,0.0125,1,2-3
2,False,0.9999999962988475,1.0,-6.3239442342905585,-0.8965963622886199,0.05,0.0125,2,3-4
3,False,0.9975918707009668,1.0,-2.884124355129484,-0.40890547250171977,0.05,0.0125,3,4-5
