,reject,pvals,pvals_corrected,tstats,effectsize,alpha,alpha_corrected,step,dimension_step
0,True,1.0860707735096947e-27,4.344283094038779e-27,15.077820068475809,2.1377036425044214,0.05,0.0125,0,1-2
1,True,1.4345247564926274e-18,4.303574269477882e-18,10.726096782249755,1.5207248831155558,0.05,0.0125,1,2-3
2,False,0.9999992939567232,1.0,-5.13527046083861,-0.728068535075029,0.05,0.0125,2,3-4
3,False,0.9999993936975963,1.0,-5.1714964233324165,-0.7332045807119012,0.05,0.0125,3,4-5
