,reject,pvals,pvals_corrected,tstats,effectsize,alpha,alpha_corrected,step,dimension_step
0,True,1.1888262502624232e-12,4.755305001049693e-12,8.00192272962705,1.134496849576204,0.05,0.0125,0,1-2
1,True,4.273295079139693e-06,1.2819885237419081e-05,4.696112473929324,0.6658055803516416,0.05,0.0125,1,2-3
2,False,0.9998429473185693,1.0,-3.734763837850915,-0.5295074635331395,0.05,0.0125,2,3-4
3,False,0.7610335234048369,1.0,-0.7123347587029843,-0.10099341956902733,0.05,0.0125,3,4-5
