,reject,pvals,pvals_corrected,tstats,effectsize,alpha,alpha_corrected,step,dimension_step
0,True,6.227413054383406e-28,2.4909652217533623e-27,15.19909505270729,2.1548977709897676,0.05,0.0125,0,1-2
1,True,1.3753002258911227e-05,4.125900677673368e-05,4.398374821600578,0.6235929222217974,0.05,0.0125,1,2-3
2,False,0.9983870207226253,0.9983870207226253,-3.018954383421595,-0.42802140844538006,0.05,0.0125,2,3-4
3,False,0.2357742610695448,0.4715485221390896,0.7227319385182872,0.10246751125217561,0.05,0.0125,3,4-5
