,reject,pvals,pvals_corrected,tstats,effectsize,alpha,alpha_corrected,step,dimension_step
0,True,7.88148863811201e-46,3.152595455244804e-45,25.654165867006956,3.6371971259939007,0.05,0.0125,0,1-2
1,True,9.060551319491102e-36,2.71816539584733e-35,19.38053614638448,2.7477342563886142,0.05,0.0125,1,2-3
2,False,0.9999999999994316,1.0,-8.151311830807135,-1.1556769422084812,0.05,0.0125,2,3-4
3,False,0.9998749509091045,1.0,-3.7998903527903463,-0.5387409725932933,0.05,0.0125,3,4-5
