,reject,pvals,pvals_corrected,tstats,effectsize,alpha,alpha_corrected,step,dimension_step
0,True,1.4293886691106573e-23,5.717554676442629e-23,13.06476493805741,1.8522966496291815,0.05,0.0125,0,1-2
1,True,1.4082080546616635e-16,4.2246241639849905e-16,9.811758802458414,1.3910918445858904,0.05,0.0125,1,2-3
2,False,0.9992792815143102,1.0,-3.278302633164571,-0.464791292661723,0.05,0.0125,2,3-4
3,False,0.9998114245708245,1.0,-3.6819514700759153,-0.5220198300125657,0.05,0.0125,3,4-5
