,reject,pvals,pvals_corrected,tstats,effectsize,alpha,alpha_corrected,step,dimension_step
0,True,4.333941177637542e-31,1.7335764710550168e-30,16.822901325004647,2.385117827154855,0.05,0.0125,0,1-2
1,True,6.872587133584293e-13,2.061776140075288e-12,8.112908679486779,1.1502322190264602,0.05,0.0125,1,2-3
2,False,0.9999999933726698,1.0,-6.197084177300381,-0.8786103931840268,0.05,0.0125,2,3-4
3,False,0.9999551654902347,1.0,-4.08472149259935,-0.579123770789793,0.05,0.0125,3,4-5
