,reject,pvals,pvals_corrected,tstats,effectsize,alpha,alpha_corrected,step,dimension_step
0,True,3.8373642919389056e-41,1.1512092875816716e-40,22.58383166955136,3.201891188676782,0.05,0.0125,0,1-2
1,True,2.7759818196194526e-42,1.110392727847781e-41,23.30563836583396,3.304227520906497,0.05,0.0125,1,2-3
2,False,0.9999966636144256,1.0,-4.757776661708212,-0.6745482074839689,0.05,0.0125,2,3-4
3,False,0.9961588473804355,1.0,-2.721351093608468,-0.3858277999684531,0.05,0.0125,3,4-5
