,reject,pvals,pvals_corrected,tstats,effectsize,alpha,alpha_corrected,step,dimension_step
0,True,1.0115132807773678e-52,4.046053123109471e-52,30.722295272818492,4.355746534481589,0.05,0.0125,0,1-2
1,True,1.1387523999278192e-31,3.4162571997834575e-31,17.12978236447096,2.4286268167105978,0.05,0.0125,1,2-3
2,False,0.9999999937009912,1.0,-6.208188817503226,-0.8801847872079981,0.05,0.0125,2,3-4
3,False,0.9590960340729491,1.0,-1.7581768360324734,-0.24927085012849962,0.05,0.0125,3,4-5
