,reject,pvals,pvals_corrected,tstats,effectsize,alpha,alpha_corrected,step,dimension_step
0,True,4.55574468920814e-19,1.366723406762442e-18,10.955626008962138,1.553267084957462,0.05,0.0125,0,1-2
1,True,6.380410605182501e-33,2.5521642420730003e-32,17.8010557116317,2.5237986301972084,0.05,0.0125,1,2-3
2,False,0.9998623441294497,1.0,-3.772527362038373,-0.5348615016396238,0.05,0.0125,2,3-4
3,False,0.999997685931546,1.0,-4.84813373217393,-0.6873588550300582,0.05,0.0125,3,4-5
