,reject,pvals,pvals_corrected,tstats,effectsize,alpha,alpha_corrected,step,dimension_step
0,True,1.9594497839127703e-28,7.837799135651081e-28,15.452496195557822,2.1908244861001918,0.05,0.0125,0,1-2
1,True,1.3552518623968579e-11,4.0657555871905734e-11,7.505225634960014,1.064076113443993,0.05,0.0125,1,2-3
2,False,1.0,1.0,-10.379815972194828,-1.4716298716601877,0.05,0.0125,2,3-4
3,False,0.9999530717144713,1.0,-4.072314693379611,-0.5773647592242348,0.05,0.0125,3,4-5
