,reject,pvals,pvals_corrected,tstats,effectsize,alpha,alpha_corrected,step,dimension_step
0,True,5.808905589703938e-55,2.3235622358815752e-54,32.53175972745663,4.612288842195521,0.05,0.0125,0,1-2
1,True,3.497169306317614e-42,1.0491507918952841e-41,23.241537595916117,3.2951394399559084,0.05,0.0125,1,2-3
2,False,0.9999994097595117,1.0,-5.177869260839879,-0.7341081090661938,0.05,0.0125,2,3-4
3,False,0.9996847868689445,1.0,-3.5308994240097595,-0.5006039683285226,0.05,0.0125,3,4-5
