,reject,pvals,pvals_corrected,tstats,effectsize,alpha,alpha_corrected,step,dimension_step
0,True,5.396752068409805e-23,2.158700827363922e-22,12.790102919743639,1.8133556094562358,0.05,0.0125,0,1-2
1,False,0.7579611743351176,1.0,-0.7024005589486927,-0.0995849682873652,0.05,0.0125,1,2-3
2,False,0.9999722828196912,1.0,-4.21407275157424,-0.5974629376068373,0.05,0.0125,2,3-4
3,False,0.48249453951690113,1.0,0.04400496893054208,0.0062389378533433465,0.05,0.0125,3,4-5
