,reject,pvals,pvals_corrected,tstats,effectsize,alpha,alpha_corrected,step,dimension_step
0,False,0.0275290651982844,0.1101162607931376,1.9413576048163155,0.2752418588610348,0.05,0.0125,0,1-2
1,False,0.8586715694024656,1.0,-1.0802469254796399,-0.15315528219030314,0.05,0.0125,1,2-3
2,False,0.9948400941124979,1.0,-2.6149111366216293,-0.3707369524370845,0.05,0.0125,2,3-4
3,False,0.9988033662383017,1.0,-3.116781106050273,-0.44189108856809395,0.05,0.0125,3,4-5
