,reject,pvals,pvals_corrected,tstats,effectsize,alpha,alpha_corrected,step,dimension_step
0,True,2.565997933283484e-19,1.0263991733133937e-18,11.070692536399578,1.5695809906624143,0.05,0.0125,0,1-2
1,True,4.663493905973724e-14,1.3990481717921173e-13,8.654383477707993,1.227001449805512,0.05,0.0125,1,2-3
2,False,0.9702802352653271,1.0,-1.9068483933440576,-0.27034921080387714,0.05,0.0125,2,3-4
3,False,0.9997185217199006,1.0,-3.564539698745431,-0.5053734202460215,0.05,0.0125,3,4-5
