,reject,pvals,pvals_corrected,tstats,effectsize,alpha,alpha_corrected,step,dimension_step
0,True,1.1831133032796893e-28,4.732453213118757e-28,15.563609968786405,2.206577978096012,0.05,0.0125,0,1-2
1,True,1.3515169241253012e-15,4.054550772375904e-15,9.361533199206107,1.3272597450084813,0.05,0.0125,1,2-3
2,False,1.0,1.0,-10.159116569412,-1.4403395448699239,0.05,0.0125,2,3-4
3,False,0.9747522559280999,1.0,-1.9798597632786594,-0.28070061908071126,0.05,0.0125,3,4-5
