,reject,pvals,pvals_corrected,tstats,effectsize,alpha,alpha_corrected,step,dimension_step
0,True,2.1557864205519194e-22,8.623145682207678e-22,12.505388983287222,1.7729894281203034,0.05,0.0125,0,1-2
1,True,1.8246595874160172e-10,5.473978762248051e-10,6.965496587700609,0.9875543917990879,0.05,0.0125,1,2-3
2,False,0.9999999999385931,1.0,-7.192924548390413,-1.0197986802815073,0.05,0.0125,2,3-4
3,False,0.9994275518192896,1.0,-3.349925883091886,-0.4749458960170012,0.05,0.0125,3,4-5
