,reject,pvals,pvals_corrected,tstats,effectsize,alpha,alpha_corrected,step,dimension_step
0,False,0.023423342222504622,0.09369336889001849,2.0128418052552974,0.2853767480536325,0.05,0.0125,0,1-2
1,False,0.10303373942982122,0.26766133412324356,1.2728071032156256,0.1804560850569026,0.05,0.0125,1,2-3
2,False,0.08922044470774784,0.26766133412324356,1.3551905937727793,0.19213625414278154,0.05,0.0125,2,3-4
3,False,0.7613234289277866,0.7613234289277866,-0.7132757881125844,-0.10112683686592237,0.05,0.0125,3,4-5
