,reject,pvals,pvals_corrected,tstats,effectsize,alpha,alpha_corrected,step,dimension_step
0,True,3.1225108904815237e-19,1.2490043561926095e-18,11.031330387624585,1.56400030270945,0.05,0.0125,0,1-2
1,True,3.0742013388762616e-18,9.222604016628784e-18,10.573825754157545,1.499136196559919,0.05,0.0125,1,2-3
2,False,0.9999989019038925,1.0,-5.029458030537397,-0.7130666570416074,0.05,0.0125,2,3-4
3,False,0.9999047582487135,1.0,-3.876784869350623,-0.5496429257531665,0.05,0.0125,3,4-5
