{
  "data": {
    "name": "normal-3-60",
    "n_dimension": 3,
    "distance": "euclidean",
    "subject": null,
    "n_objects": 60,
    "n_train_triplets": 5895,
    "n_test_triplets": 10000,
    "frac_train_ndlogn": 7.998838276138094,
    "frac_train_triplets": 0.05742255990648743,
    "max_train_score": 0.6776929601357082,
    "max_test_score": 0.6806,
    "noise_sd": 2.0,
    "distance_sd": 1.0420920005267027,
    "distance_mean": 2.460634440439357,
    "difference_sd": 0.9386707726839357,
    "difference_mean": -0.0801964948540555
  },
  "n_repeats": 10,
  "n_splits": 10,
  "embedding_method": "soe",
  "embedding_dimension": [
    1,
    2,
    3,
    4,
    5
  ],
  "random_state": 936269079,
  "alpha": 0.05
}