,reject,pvals,pvals_corrected,tstats,effectsize,alpha,alpha_corrected,step,dimension_step
0,True,1.168508297874749e-15,4.674033191498996e-15,9.390514859630677,1.3313687077613239,0.05,0.0125,0,1-2
1,True,9.321778106767625e-07,2.7965334320302878e-06,5.06883804662058,0.7186498781863477,0.05,0.0125,1,2-3
2,False,0.9999958198594113,1.0,-4.701622167878442,-0.6665867339116804,0.05,0.0125,2,3-4
3,False,0.9980136728358182,1.0,-2.9494355369260945,-0.4181651632652929,0.05,0.0125,3,4-5
