,reject,pvals,pvals_corrected,tstats,effectsize,alpha,alpha_corrected,step,dimension_step
0,True,7.451258082323892e-10,2.980503232929557e-09,6.6682285688367795,0.9454083173772355,0.05,0.0125,0,1-2
1,False,0.23666937017821088,0.7100081105346326,0.7198086500544119,0.10205305316944632,0.05,0.0125,1,2-3
2,False,0.9680657977371616,1.0,-1.8740784869205016,-0.265703157991997,0.05,0.0125,2,3-4
3,False,0.6760436594833157,1.0,-0.4580606941673009,-0.06494294334078284,0.05,0.0125,3,4-5
