,reject,pvals,pvals_corrected,tstats,effectsize,alpha,alpha_corrected,step,dimension_step
0,True,7.799616068564616e-15,3.119846427425846e-14,9.012026362733637,1.2777073538793753,0.05,0.0125,0,1-2
1,False,0.8386020203241229,1.0,-0.9936908537541294,-0.14088353276179294,0.05,0.0125,1,2-3
2,False,0.99879635692838,1.0,-3.1148876222003565,-0.4416226341559437,0.05,0.0125,2,3-4
3,False,0.9988790252802189,1.0,-3.137903026007419,-0.444885712792552,0.05,0.0125,3,4-5
