,reject,pvals,pvals_corrected,tstats,effectsize,alpha,alpha_corrected,step,dimension_step
0,True,1.7592596535803268e-08,7.037038614321307e-08,5.982124484379102,0.8481338311569869,0.05,0.0125,0,1-2
1,False,0.9980757847160318,1.0,-2.9601152916521065,-0.4196793178629182,0.05,0.0125,1,2-3
2,False,0.9552384761497998,1.0,-1.7147326034468242,-0.24311141237009826,0.05,0.0125,2,3-4
3,False,0.34393924316791635,1.0,0.40291642391545224,0.05712469727833718,0.05,0.0125,3,4-5
