,reject,pvals,pvals_corrected,tstats,effectsize,alpha,alpha_corrected,step,dimension_step
0,True,4.281665439215255e-22,1.712666175686102e-21,12.364897018214293,1.7530707539276775,0.05,0.0125,0,1-2
1,True,1.530179941305887e-17,4.59053982391766e-17,10.253721756960962,1.453752482091934,0.05,0.0125,1,2-3
2,False,0.9999999044839233,1.0,-5.601542946928846,-0.7941757301064026,0.05,0.0125,2,3-4
3,False,0.9999432138118337,1.0,-4.020228964666868,-0.569980147159224,0.05,0.0125,3,4-5
