,reject,pvals,pvals_corrected,tstats,effectsize,alpha,alpha_corrected,step,dimension_step
0,True,8.698493226899715e-10,2.6095479680699145e-09,6.635264478890511,0.9407347336078342,0.05,0.0125,0,1-2
1,True,1.9720065615228996e-11,7.888026246091598e-11,7.428020192900528,1.053130077879025,0.05,0.0125,1,2-3
2,False,0.9999954891476791,1.0,-4.682572771814639,-0.6638859480442167,0.05,0.0125,2,3-4
3,False,0.9995938204092589,1.0,-3.4547678323221684,-0.4898101811549717,0.05,0.0125,3,4-5
