,reject,pvals,pvals_corrected,tstats,effectsize,alpha,alpha_corrected,step,dimension_step
0,True,1.602794032674575e-17,6.4111761306983e-17,10.244483056277403,1.4524426372991486,0.05,0.0125,0,1-2
1,True,7.772808885144574e-10,2.3318426655433723e-09,6.65923547555712,0.9441332943185968,0.05,0.0125,1,2-3
2,False,0.9999999991065543,1.0,-6.62955795723501,-0.9399256742031196,0.05,0.0125,2,3-4
3,False,0.7440501098062662,1.0,-0.658258712403143,-0.09332662419526518,0.05,0.0125,3,4-5
