,reject,pvals,pvals_corrected,tstats,effectsize,alpha,alpha_corrected,step,dimension_step
0,True,0.001884952101478898,0.007539808405915592,2.96703157932042,0.4206598955110143,0.05,0.0125,0,1-2
1,False,0.29009719360790653,0.8702915808237196,0.5549297107824024,0.0786768417905245,0.05,0.0125,1,2-3
2,False,0.9984053256255926,1.0,-3.0227335723710924,-0.42855721441377365,0.05,0.0125,2,3-4
3,False,0.9006238455729975,1.0,-1.2937783020855007,-0.18342934034236302,0.05,0.0125,3,4-5
