,reject,pvals,pvals_corrected,tstats,effectsize,alpha,alpha_corrected,step,dimension_step
0,True,2.0081734547289645e-35,8.032693818915858e-35,19.184758387630833,2.719977271220444,0.05,0.0125,0,1-2
1,True,3.0792823342138614e-13,9.237847002641584e-13,8.275036570928926,1.1732183922606174,0.05,0.0125,1,2-3
2,False,1.0,1.0,-11.079393852852686,-1.5708146461770653,0.05,0.0125,2,3-4
3,False,0.9737970491925338,1.0,-1.9633932548388797,-0.27836602993511966,0.05,0.0125,3,4-5
