{
  "data": {
    "name": "normal-3-60",
    "n_dimension": 3,
    "distance": "euclidean",
    "subject": null,
    "n_objects": 60,
    "n_train_triplets": 5895,
    "n_test_triplets": 10000,
    "frac_train_ndlogn": 7.998838276138094,
    "frac_train_triplets": 0.05742255990648743,
    "max_train_score": 0.8851569126378287,
    "max_test_score": 0.8777,
    "noise_sd": 0.5,
    "distance_sd": 1.040820829892304,
    "distance_mean": 2.42868386778887,
    "difference_sd": 0.9255358262304083,
    "difference_mean": -0.13469023900350996
  },
  "n_repeats": 10,
  "n_splits": 10,
  "embedding_method": "soe",
  "embedding_dimension": [
    1,
    2,
    3,
    4,
    5
  ],
  "random_state": 93841510,
  "alpha": 0.05
}