,reject,pvals,pvals_corrected,tstats,effectsize,alpha,alpha_corrected,step,dimension_step
0,True,2.7041306208649054e-20,1.0816522483459622e-19,11.52323956733024,1.6337422176853886,0.05,0.0125,0,1-2
1,True,4.021698224752159e-13,1.2065094674256477e-12,8.221174628862167,1.1655819521634707,0.05,0.0125,1,2-3
2,False,0.9999988172474986,1.0,-5.011550744999413,-0.7105277973557865,0.05,0.0125,2,3-4
3,False,0.9999680131646845,1.0,-4.175794803106563,-0.5920359654387565,0.05,0.0125,3,4-5
