,reject,pvals,pvals_corrected,tstats,effectsize,alpha,alpha_corrected,step,dimension_step
0,True,1.9422864775121004e-24,7.769145910048401e-24,13.480460319115855,1.9112331222906922,0.05,0.0125,0,1-2
1,True,3.821020735996305e-11,1.1463062207988915e-10,7.291360488575099,1.03375473406982,0.05,0.0125,1,2-3
2,False,0.9995774558500231,1.0,-3.442807664830477,-0.4881144921564402,0.05,0.0125,2,3-4
3,False,0.9415567824522113,1.0,-1.5817932563816082,-0.2242635334882143,0.05,0.0125,3,4-5
