,reject,pvals,pvals_corrected,tstats,effectsize,alpha,alpha_corrected,step,dimension_step
0,True,3.8722067928663765e-05,0.00015488827171465506,4.1244063068722,0.5847502056217455,0.05,0.0125,0,1-2
1,False,0.8110805923807896,1.0,-0.8858616328549218,-0.1255957181282581,0.05,0.0125,1,2-3
2,False,0.06328282279120001,0.18984846837360003,1.5407597933959083,0.21844588989711602,0.05,0.0125,2,3-4
3,False,0.9689002961162047,1.0,-1.8861966031777906,-0.2674212406555287,0.05,0.0125,3,4-5
