,reject,pvals,pvals_corrected,tstats,effectsize,alpha,alpha_corrected,step,dimension_step
0,True,7.69998022185587e-18,3.079992088742348e-17,10.390620451401507,1.4731617094491112,0.05,0.0125,0,1-2
1,False,0.38944802877477414,1.0,0.2815240914288135,0.03991393138842244,0.05,0.0125,1,2-3
2,False,0.8158646481879841,1.0,-0.9038469262690099,-0.1281456376171629,0.05,0.0125,2,3-4
3,False,0.9999998620394095,1.0,-5.5172880846296986,-0.7822302416194981,0.05,0.0125,3,4-5
