,reject,pvals,pvals_corrected,tstats,effectsize,alpha,alpha_corrected,step,dimension_step
0,True,2.6334847979537525e-23,1.053393919181501e-22,12.938241381877345,1.8343583889469077,0.05,0.0125,0,1-2
1,True,0.0016197523055193855,0.004859256916558157,3.0175660883827766,0.4278245787081983,0.05,0.0125,1,2-3
2,False,0.999999518414531,1.0,-5.22603017757164,-0.7409362690161252,0.05,0.0125,2,3-4
3,False,0.9999880050178489,1.0,-4.4338077369758855,-0.6286165311996436,0.05,0.0125,3,4-5
