,reject,pvals,pvals_corrected,tstats,effectsize,alpha,alpha_corrected,step,dimension_step
0,True,5.760606889895429e-23,2.3042427559581714e-22,12.776653910037107,1.8114488353398739,0.05,0.0125,0,1-2
1,True,2.5619607514289403e-05,7.685882254286821e-05,4.23500785615519,0.6004310755150802,0.05,0.0125,1,2-3
2,False,0.9992645278695313,1.0,-3.271950965414501,-0.46389076571395216,0.05,0.0125,2,3-4
3,False,0.992449895476963,1.0,-2.473047084823795,-0.3506237464901108,0.05,0.0125,3,4-5
