{
  "data": {
    "name": "normal-3-60",
    "n_dimension": 3,
    "distance": "euclidean",
    "subject": null,
    "n_objects": 60,
    "n_train_triplets": 2947,
    "n_test_triplets": 10000,
    "frac_train_ndlogn": 3.998740695467169,
    "frac_train_triplets": 0.028706409507110852,
    "max_train_score": 0.8730912792670512,
    "max_test_score": 0.8767,
    "noise_sd": 0.5,
    "distance_sd": 1.0409314837383201,
    "distance_mean": 2.431480250743426,
    "difference_sd": 0.9233650584867081,
    "difference_mean": -0.13512421957030543
  },
  "n_repeats": 10,
  "n_splits": 10,
  "embedding_method": "soe",
  "embedding_dimension": [
    1,
    2,
    3,
    4,
    5
  ],
  "random_state": 4290869195,
  "alpha": 0.05
}