,reject,pvals,pvals_corrected,tstats,effectsize,alpha,alpha_corrected,step,dimension_step
0,True,6.558875286129963e-11,2.6235501144519854e-10,7.179225540383309,1.0178564618983135,0.05,0.0125,0,1-2
1,True,0.00039097017276104953,0.0011729105182831487,3.466297897806976,0.4914448911377974,0.05,0.0125,1,2-3
2,False,0.9996215537361303,1.0,-3.4761139415757794,-0.492836590496475,0.05,0.0125,2,3-4
3,False,0.9999979023534428,1.0,-4.872225711405182,-0.6907745684106327,0.05,0.0125,3,4-5
