,reject,pvals,pvals_corrected,tstats,effectsize,alpha,alpha_corrected,step,dimension_step
0,True,1.1752111447721614e-37,4.700844579088646e-37,20.470397645198595,2.9022526738560925,0.05,0.0125,0,1-2
1,True,7.569821203587716e-23,2.2709463610763146e-22,12.720393826130218,1.8034723914143485,0.05,0.0125,1,2-3
2,False,0.9999999640092194,1.0,-5.822448073581477,-0.825495224021876,0.05,0.0125,2,3-4
3,False,0.9999954403045695,1.0,-4.6798748341953775,-0.6635034397605423,0.05,0.0125,3,4-5
