{
  "data": {
    "name": "normal-3-60",
    "n_dimension": 3,
    "distance": "euclidean",
    "subject": null,
    "n_objects": 60,
    "n_train_triplets": 5895,
    "n_test_triplets": 10000,
    "frac_train_ndlogn": 7.998838276138094,
    "frac_train_triplets": 0.05742255990648743,
    "max_train_score": 0.781509754028838,
    "max_test_score": 0.7849,
    "noise_sd": 1.0,
    "distance_sd": 1.0378117350501472,
    "distance_mean": 2.3514829321926536,
    "difference_sd": 0.9228286382497353,
    "difference_mean": -0.11755701395007397
  },
  "n_repeats": 10,
  "n_splits": 10,
  "embedding_method": "soe",
  "embedding_dimension": [
    1,
    2,
    3,
    4,
    5
  ],
  "random_state": 2656583862,
  "alpha": 0.05
}