,reject,pvals,pvals_corrected,tstats,effectsize,alpha,alpha_corrected,step,dimension_step
0,True,1.34711984715102e-58,4.04135954145306e-58,35.65538899981516,5.055150850299407,0.05,0.0125,0,1-2
1,True,3.0415363911313095e-60,1.2166145564525238e-59,37.15219794937634,5.267365476092697,0.05,0.0125,1,2-3
2,False,0.999189391254667,1.0,-3.2413447719151525,-0.4595514798603197,0.05,0.0125,2,3-4
3,False,0.999176575926452,1.0,-3.2363910856177,-0.45884915597040743,0.05,0.0125,3,4-5
