,reject,pvals,pvals_corrected,tstats,effectsize,alpha,alpha_corrected,step,dimension_step
0,True,4.635080755807598e-05,0.00018540323023230392,4.075682719799129,0.5778422713786681,0.05,0.0125,0,1-2
1,False,0.999999985884095,1.0,-6.030877010502787,-0.8550458683216823,0.05,0.0125,1,2-3
2,False,0.9866081611888422,1.0,-2.2481586977600116,-0.31873951375620796,0.05,0.0125,2,3-4
3,False,0.9968023795404518,1.0,-2.7860541471142533,-0.39500127150030023,0.05,0.0125,3,4-5
