,reject,pvals,pvals_corrected,tstats,effectsize,alpha,alpha_corrected,step,dimension_step
0,True,2.1277224243454085e-12,8.510889697381634e-12,7.883720839951545,1.117738418386371,0.05,0.0125,0,1-2
1,True,5.3550107653899894e-05,0.00016065032296169968,4.036301706365992,0.572258908831615,0.05,0.0125,1,2-3
2,False,0.9999992695621164,1.0,-5.127172874254701,-0.7269204751925458,0.05,0.0125,2,3-4
3,False,0.9999214736319839,1.0,-3.9307014894082752,-0.5572871179882064,0.05,0.0125,3,4-5
