,reject,pvals,pvals_corrected,tstats,effectsize,alpha,alpha_corrected,step,dimension_step
0,True,1.9691170930615125e-09,7.87646837224605e-09,6.460283506856111,0.9159262759138094,0.05,0.0125,0,1-2
1,False,0.9889114944678113,1.0,-2.3238677978875035,-0.329473400908214,0.05,0.0125,1,2-3
2,False,0.8406600832530473,1.0,-1.0022218324586158,-0.14209303812582344,0.05,0.0125,2,3-4
3,False,0.9498850501820564,1.0,-1.659251629140265,-0.23524542906971424,0.05,0.0125,3,4-5
