,reject,pvals,pvals_corrected,tstats,effectsize,alpha,alpha_corrected,step,dimension_step
0,True,3.988891821111845e-52,1.595556728444738e-51,30.25523805020563,4.28952808105111,0.05,0.0125,0,1-2
1,True,1.560998749706454e-41,4.682996249119361e-41,22.829277714107324,3.23669004561384,0.05,0.0125,1,2-3
2,False,0.9999999996817576,1.0,-6.8484694142067335,-0.9709625095565813,0.05,0.0125,2,3-4
3,False,0.9999804113621001,1.0,-4.305947889706713,-0.6104888137977873,0.05,0.0125,3,4-5
