,reject,pvals,pvals_corrected,tstats,effectsize,alpha,alpha_corrected,step,dimension_step
0,True,1.7139431583721723e-27,6.855772633488689e-27,14.97863284458178,2.1236410731910045,0.05,0.0125,0,1-2
1,True,7.351051147257377e-24,2.2053153441772133e-23,13.202841452077472,1.871872865927327,0.05,0.0125,1,2-3
2,False,0.9999999999991367,1.0,-8.066760323193172,-1.1436893959329089,0.05,0.0125,2,3-4
3,False,0.9921117901490364,1.0,-2.4563601501086922,-0.3482579057412024,0.05,0.0125,3,4-5
