,reject,pvals,pvals_corrected,tstats,effectsize,alpha,alpha_corrected,step,dimension_step
0,True,2.750910398014727e-25,1.1003641592058908e-24,13.891346723866834,1.9694877877597505,0.05,0.0125,0,1-2
1,True,0.001760614127071041,0.005281842381213123,2.9898466299131203,0.42389456846336687,0.05,0.0125,1,2-3
2,False,0.9988180758257975,1.0,-3.120788474106322,-0.4424592453209512,0.05,0.0125,2,3-4
3,False,0.9999995475050508,1.0,-5.240734850752586,-0.7430210686276066,0.05,0.0125,3,4-5
