,reject,pvals,pvals_corrected,tstats,effectsize,alpha,alpha_corrected,step,dimension_step
0,True,2.3069577739674684e-23,9.227831095869874e-23,12.965622634407998,1.8382404490196027,0.05,0.0125,0,1-2
1,True,6.361409641631066e-06,1.9084228924893198e-05,4.596015976696699,0.6516140960545521,0.05,0.0125,1,2-3
2,False,0.9999999999996083,1.0,-8.226538247791801,-1.1663423954948549,0.05,0.0125,2,3-4
3,False,0.9999993695454241,1.0,-5.162217421672582,-0.731889022126048,0.05,0.0125,3,4-5
