,reject,pvals,pvals_corrected,tstats,effectsize,alpha,alpha_corrected,step,dimension_step
0,True,7.099523775202363e-45,2.839809510080945e-44,25.005986171629118,3.5452994849878503,0.05,0.0125,0,1-2
1,True,3.432041521345448e-30,1.0296124564036343e-29,16.353101453830117,2.3185105264113184,0.05,0.0125,1,2-3
2,False,0.9999997541774828,1.0,-5.383665703828691,-0.7632855235593825,0.05,0.0125,2,3-4
3,False,0.9999999998189238,1.0,-6.967100935263223,-0.9877818530377064,0.05,0.0125,3,4-5
