,reject,pvals,pvals_corrected,tstats,effectsize,alpha,alpha_corrected,step,dimension_step
0,True,5.755669882445118e-22,2.302267952978047e-21,12.304437163196917,1.7444988747230599,0.05,0.0125,0,1-2
1,False,0.1317507746884619,0.39525232406538574,1.1245438927215192,0.15943561898931077,0.05,0.0125,1,2-3
2,False,0.9999999990890444,1.0,-6.625418870870824,-0.9393388426878756,0.05,0.0125,2,3-4
3,False,0.9976488857516234,1.0,-2.8923061713655795,-0.41006547429844975,0.05,0.0125,3,4-5
