,reject,pvals,pvals_corrected,tstats,effectsize,alpha,alpha_corrected,step,dimension_step
0,True,9.064258559486707e-12,2.719277567846012e-11,7.587810418026639,1.075784821385539,0.05,0.0125,0,1-2
1,True,2.2623465356250583e-21,9.049386142500233e-21,12.025540810734578,1.7049574989915341,0.05,0.0125,1,2-3
2,False,0.9999999995285999,1.0,-6.76542606907008,-0.9591887875876122,0.05,0.0125,2,3-4
3,False,0.9845378921592017,1.0,-2.1893069358596486,-0.31039562682753696,0.05,0.0125,3,4-5
