,reject,pvals,pvals_corrected,tstats,effectsize,alpha,alpha_corrected,step,dimension_step
0,True,3.449621585712585e-27,1.379848634285034e-26,14.827067200287223,2.102152394561365,0.05,0.0125,0,1-2
1,True,1.2821893138346214e-12,3.846567941503864e-12,7.986589347066115,1.132322912786697,0.05,0.0125,1,2-3
2,False,0.9900881142707469,1.0,-2.3680729552718276,-0.3357407210863824,0.05,0.0125,2,3-4
3,False,0.9999996163816114,1.0,-5.2796056289896685,-0.748532091033168,0.05,0.0125,3,4-5
