,reject,pvals,pvals_corrected,tstats,effectsize,alpha,alpha_corrected,step,dimension_step
0,True,3.0100383403938835e-27,1.2040153361575534e-26,14.856556878463191,2.106333383070762,0.05,0.0125,0,1-2
1,True,3.078761086555061e-14,9.236283259665185e-14,8.73755557637444,1.2387934261964315,0.05,0.0125,1,2-3
2,False,0.9999999999999978,1.0,-9.267885351415098,-1.313982537532442,0.05,0.0125,2,3-4
3,False,0.9984520405751006,1.0,-3.0325632752564653,-0.42995085033510494,0.05,0.0125,3,4-5
