,reject,pvals,pvals_corrected,tstats,effectsize,alpha,alpha_corrected,step,dimension_step
0,True,6.368674029614918e-24,2.5474696118459672e-23,13.23268146416486,1.8761035240889106,0.05,0.0125,0,1-2
1,True,4.531609188585478e-15,1.3594827565756435e-14,9.12038220680537,1.2930698321094396,0.05,0.0125,1,2-3
2,False,0.9999983288247082,1.0,-4.927746625413212,-0.6986462142832538,0.05,0.0125,2,3-4
3,False,0.9999875443812745,1.0,-4.424061708118641,-0.6272347584172742,0.05,0.0125,3,4-5
