,reject,pvals,pvals_corrected,tstats,effectsize,alpha,alpha_corrected,step,dimension_step
0,True,1.504255347231725e-42,6.0170213889269e-42,23.476293213739176,3.3284226292392156,0.05,0.0125,0,1-2
1,True,4.856796671910386e-23,1.4570390015731157e-22,12.811840397251807,1.816437506218303,0.05,0.0125,1,2-3
2,False,0.9941370281983058,1.0,-2.567907742613414,-0.36407290377984447,0.05,0.0125,2,3-4
3,False,0.9999999993575468,1.0,-6.699754652682104,-0.9498780234729433,0.05,0.0125,3,4-5
