{
  "data": {
    "name": "normal-3-60",
    "n_dimension": 3,
    "distance": "euclidean",
    "subject": null,
    "n_objects": 60,
    "n_train_triplets": 2947,
    "n_test_triplets": 10000,
    "frac_train_ndlogn": 3.998740695467169,
    "frac_train_triplets": 0.028706409507110852,
    "max_train_score": 0.7896165592127588,
    "max_test_score": 0.779,
    "noise_sd": 1.0,
    "distance_sd": 1.0371099778956474,
    "distance_mean": 2.3331443594696872,
    "difference_sd": 0.9075011346432851,
    "difference_mean": -0.13499986660899926
  },
  "n_repeats": 10,
  "n_splits": 10,
  "embedding_method": "soe",
  "embedding_dimension": [
    1,
    2,
    3,
    4,
    5
  ],
  "random_state": 2186369499,
  "alpha": 0.05
}