,reject,pvals,pvals_corrected,tstats,effectsize,alpha,alpha_corrected,step,dimension_step
0,True,9.178665083472145e-10,3.671466033388858e-09,6.62380686909706,0.9391102962502706,0.05,0.0125,0,1-2
1,True,0.00020991213093121607,0.0006297363927936482,3.650773456428724,0.517599472624232,0.05,0.0125,1,2-3
2,False,0.9867968445613926,1.0,-2.253911016525088,-0.31955506618494794,0.05,0.0125,2,3-4
3,False,0.8241965308059557,1.0,-0.9358904714304827,-0.13268870835944163,0.05,0.0125,3,4-5
