,reject,pvals,pvals_corrected,tstats,effectsize,alpha,alpha_corrected,step,dimension_step
0,True,4.1098500717031746e-05,0.00016439400286812699,4.108307850738711,0.5824677982074796,0.05,0.0125,0,1-2
1,False,0.214301119868058,0.642903359604174,0.7948499153362887,0.11269225601194482,0.05,0.0125,1,2-3
2,False,0.9874370941296347,1.0,-2.273983168645708,-0.32240085639243715,0.05,0.0125,2,3-4
3,False,0.9491503288286841,1.0,-1.65201768851528,-0.23421981521084992,0.05,0.0125,3,4-5
