,reject,pvals,pvals_corrected,tstats,effectsize,alpha,alpha_corrected,step,dimension_step
0,True,6.36513061929694e-17,2.546052247718776e-16,9.969822683506122,1.413501830427977,0.05,0.0125,0,1-2
1,False,0.03670202792002588,0.11010608376007763,1.809524544819963,0.2565508271815995,0.05,0.0125,1,2-3
2,False,0.20722065922602145,0.4144413184520429,0.8195500749069055,0.11619419600358484,0.05,0.0125,2,3-4
3,False,0.999999889966966,0.999999889966966,-5.569191187803034,-0.789588961395104,0.05,0.0125,3,4-5
