,reject,pvals,pvals_corrected,tstats,effectsize,alpha,alpha_corrected,step,dimension_step
0,True,3.753281212849767e-26,1.5013124851399068e-25,14.31427820579531,2.029450180555415,0.05,0.0125,0,1-2
1,True,2.3485315572548314e-08,7.045594671764494e-08,5.917900335264698,0.8390282577468323,0.05,0.0125,1,2-3
2,False,0.999992851066347,1.0,-4.566417013094301,-0.6474176132725687,0.05,0.0125,2,3-4
3,False,0.9891145505985723,1.0,-2.331190665163561,-0.33051162261257916,0.05,0.0125,3,4-5
