,reject,pvals,pvals_corrected,tstats,effectsize,alpha,alpha_corrected,step,dimension_step
0,True,2.36180006112522e-38,9.44720024450088e-38,20.882185851556148,2.9606351949813687,0.05,0.0125,0,1-2
1,True,6.840591713213043e-37,2.052177513963913e-36,20.024223475667423,2.838994978574775,0.05,0.0125,1,2-3
2,False,0.9999862625991763,1.0,-4.3986695714787905,-0.6236347112791957,0.05,0.0125,2,3-4
3,False,0.9999999997474152,1.0,-6.897157780449007,-0.9778654502596147,0.05,0.0125,3,4-5
