{
  "data": {
    "name": "normal-3-60",
    "n_dimension": 3,
    "distance": "euclidean",
    "subject": null,
    "n_objects": 60,
    "n_train_triplets": 5895,
    "n_test_triplets": 10000,
    "frac_train_ndlogn": 7.998838276138094,
    "frac_train_triplets": 0.05742255990648743,
    "max_train_score": 0.6788804071246819,
    "max_test_score": 0.6866,
    "noise_sd": 2.0,
    "distance_sd": 1.040573686392285,
    "distance_mean": 2.4224276140357754,
    "difference_sd": 0.9398811693873502,
    "difference_mean": -0.0724486899813797
  },
  "n_repeats": 10,
  "n_splits": 10,
  "embedding_method": "soe",
  "embedding_dimension": [
    1,
    2,
    3,
    4,
    5
  ],
  "random_state": 347407827,
  "alpha": 0.05
}