,reject,pvals,pvals_corrected,tstats,effectsize,alpha,alpha_corrected,step,dimension_step
0,True,2.132795070912735e-33,8.53118028365094e-33,18.059851304450895,2.5604901598030265,0.05,0.0125,0,1-2
1,True,8.446407160757097e-21,2.533922148227129e-20,11.75834928830294,1.6670756110160563,0.05,0.0125,1,2-3
2,False,1.0,1.0,-10.90923387029553,-1.546689698879051,0.05,0.0125,2,3-4
3,False,0.9901059461207583,1.0,-2.3687779192350193,-0.3358406694890762,0.05,0.0125,3,4-5
