,reject,pvals,pvals_corrected,tstats,effectsize,alpha,alpha_corrected,step,dimension_step
0,True,2.138355071189992e-17,8.553420284759968e-17,10.187044719256992,1.4442991429670569,0.05,0.0125,0,1-2
1,False,0.05006910895812417,0.15020732687437252,1.6597058073991822,0.2353098215690294,0.05,0.0125,1,2-3
2,False,0.9768767812065273,1.0,-2.0184760930770524,-0.28617556628762014,0.05,0.0125,2,3-4
3,False,0.9997944859672103,1.0,-3.656946117608309,-0.5184746203728865,0.05,0.0125,3,4-5
