{
  "data": {
    "name": "normal-3-60",
    "n_dimension": 3,
    "distance": "euclidean",
    "subject": null,
    "n_objects": 60,
    "n_train_triplets": 5895,
    "n_test_triplets": 10000,
    "frac_train_ndlogn": 7.998838276138094,
    "frac_train_triplets": 0.05742255990648743,
    "max_train_score": 0.7738761662425785,
    "max_test_score": 0.7832,
    "noise_sd": 1.0,
    "distance_sd": 1.0368615702870132,
    "distance_mean": 2.326621235542722,
    "difference_sd": 0.9089885139209299,
    "difference_mean": -0.1282423809085971
  },
  "n_repeats": 10,
  "n_splits": 10,
  "embedding_method": "soe",
  "embedding_dimension": [
    1,
    2,
    3,
    4,
    5
  ],
  "random_state": 3648555635,
  "alpha": 0.05
}