,reject,pvals,pvals_corrected,tstats,effectsize,alpha,alpha_corrected,step,dimension_step
0,True,5.755825497331168e-31,2.3023301989324673e-30,16.75810479100851,2.37593110214314,0.05,0.0125,0,1-2
1,True,2.8236832222546068e-14,8.47104966676382e-14,8.75486782931384,1.2412479233319882,0.05,0.0125,1,2-3
2,False,0.9999998366773529,1.0,-5.4784120038865876,-0.7767184674350721,0.05,0.0125,2,3-4
3,False,0.9998977095643904,1.0,-3.856716692188701,-0.5467976991074953,0.05,0.0125,3,4-5
