,reject,pvals,pvals_corrected,tstats,effectsize,alpha,alpha_corrected,step,dimension_step
0,True,1.5871507556891937e-12,6.348603022756775e-12,7.943284248356339,1.1261832011552755,0.05,0.0125,0,1-2
1,True,3.7902404772656414e-08,1.1370721431796924e-07,5.810830110359006,0.8238480520708665,0.05,0.0125,1,2-3
2,False,0.9999999999999774,1.0,-8.799282864219363,-1.247544999531883,0.05,0.0125,2,3-4
3,False,0.9996067091672061,1.0,-3.4645116023431792,-0.49119163368398744,0.05,0.0125,3,4-5
