,reject,pvals,pvals_corrected,tstats,effectsize,alpha,alpha_corrected,step,dimension_step
0,True,3.9935602070235014e-26,1.5974240828094006e-25,14.30103604818122,2.0275727335214473,0.05,0.0125,0,1-2
1,True,9.604973146477379e-25,2.8814919439432137e-24,13.628042250819599,1.93215699799276,0.05,0.0125,1,2-3
2,False,1.0,1.0,-10.30638907905043,-1.4612195513207944,0.05,0.0125,2,3-4
3,False,0.9999990677969683,1.0,-5.068831555696978,-0.7186489579159795,0.05,0.0125,3,4-5
