,reject,pvals,pvals_corrected,tstats,effectsize,alpha,alpha_corrected,step,dimension_step
0,True,2.6352739978694726e-12,1.054109599147789e-11,7.84019048852875,1.1115667708687988,0.05,0.0125,0,1-2
1,False,0.9990479685037488,1.0,-3.190313510861485,-0.45231636814386533,0.05,0.0125,1,2-3
2,False,0.49519105493360693,1.0,0.012085012745559008,0.0017133893128163176,0.05,0.0125,2,3-4
3,False,0.9982572522551098,1.0,-2.9932465117560474,-0.42437659701701075,0.05,0.0125,3,4-5
