,reject,pvals,pvals_corrected,tstats,effectsize,alpha,alpha_corrected,step,dimension_step
0,True,6.577809104381839e-20,1.9733427313145518e-19,11.344153088157146,1.6083516892725958,0.05,0.0125,0,1-2
1,True,3.0358229017691487e-34,1.2143291607076595e-33,18.525291313466692,2.626479327873855,0.05,0.0125,1,2-3
2,False,0.9999120736272575,1.0,-3.899170096145492,-0.5528166591337451,0.05,0.0125,2,3-4
3,False,0.9999464846277801,1.0,-4.03647922446613,-0.5722840769983362,0.05,0.0125,3,4-5
