,reject,pvals,pvals_corrected,tstats,effectsize,alpha,alpha_corrected,step,dimension_step
0,True,5.69100148895716e-20,2.276400595582864e-19,11.373299436986155,1.6124840012231636,0.05,0.0125,0,1-2
1,True,0.0005461811711575812,0.0016385435134727436,3.3644064312445114,0.47699891962324836,0.05,0.0125,1,2-3
2,False,0.9977759017450879,1.0,-2.9112096090654216,-0.4127455664764494,0.05,0.0125,2,3-4
3,False,0.9991747267436334,1.0,-3.235682249133206,-0.458748658529268,0.05,0.0125,3,4-5
