,reject,pvals,pvals_corrected,tstats,effectsize,alpha,alpha_corrected,step,dimension_step
0,True,1.7374578392436687e-24,6.949831356974675e-24,13.50378374246139,1.9145398713310038,0.05,0.0125,0,1-2
1,True,8.542638699385598e-07,2.5627916098156794e-06,5.089755781129908,0.721615553400036,0.05,0.0125,1,2-3
2,False,0.9999882357485134,1.0,-4.438826181661272,-0.629328036406294,0.05,0.0125,2,3-4
3,False,0.9999999983018283,1.0,-6.492111952884028,-0.9204388503244424,0.05,0.0125,3,4-5
