,reject,pvals,pvals_corrected,tstats,effectsize,alpha,alpha_corrected,step,dimension_step
0,True,1.3942069069295487e-23,5.576827627718195e-23,13.069932151369196,1.8530292469587712,0.05,0.0125,0,1-2
1,True,1.7961970182545855e-16,5.388591054763757e-16,9.76332242278468,1.3842246300424068,0.05,0.0125,1,2-3
2,False,0.9999999998267088,1.0,-6.9763196528698215,-0.9890888646691854,0.05,0.0125,2,3-4
3,False,0.9999977539422541,1.0,-4.855459804072203,-0.6883975310794515,0.05,0.0125,3,4-5
