,reject,pvals,pvals_corrected,tstats,effectsize,alpha,alpha_corrected,step,dimension_step
0,True,2.4618395941433213e-08,7.385518782429964e-08,5.907397373509765,0.8375391685085579,0.05,0.0125,0,1-2
1,True,1.1319087951541905e-20,4.527635180616762e-20,11.69912297453009,1.6586786208603614,0.05,0.0125,1,2-3
2,False,0.8831328060610074,1.0,-1.198110642992031,-0.16986576799667877,0.05,0.0125,2,3-4
3,False,0.9993005928094582,1.0,-3.2876956659273966,-0.46612301835284176,0.05,0.0125,3,4-5
