,reject,pvals,pvals_corrected,tstats,effectsize,alpha,alpha_corrected,step,dimension_step
0,True,5.205805091496565e-22,2.082322036598626e-21,12.32495017285545,1.7474071688442676,0.05,0.0125,0,1-2
1,True,4.47533118127732e-20,1.342599354383196e-19,11.421689104572216,1.6193445930188288,0.05,0.0125,1,2-3
2,False,1.0,1.0,-10.601754938539893,-1.5030959413317213,0.05,0.0125,2,3-4
3,False,0.9995213450653425,1.0,-3.4048699889739096,-0.4827357631691978,0.05,0.0125,3,4-5
