,reject,pvals,pvals_corrected,tstats,effectsize,alpha,alpha_corrected,step,dimension_step
0,True,1.8475856714087863e-42,7.390342685635145e-42,23.41893649959714,3.320290707238113,0.05,0.0125,0,1-2
1,True,1.1768431184466282e-37,3.530529355339885e-37,20.470043743335353,2.902202498346721,0.05,0.0125,1,2-3
2,False,0.9999999999992887,1.0,-8.105929849988808,-1.1492427743208942,0.05,0.0125,2,3-4
3,False,0.9999999844751053,1.0,-6.0098302801604415,-0.8520619043327693,0.05,0.0125,3,4-5
