,reject,pvals,pvals_corrected,tstats,effectsize,alpha,alpha_corrected,step,dimension_step
0,True,1.4706817173507774e-16,4.4120451520523323e-16,9.803118935089794,1.3898669012014506,0.05,0.0125,0,1-2
1,True,8.211889953051985e-23,3.284755981220794e-22,12.703635991823239,1.8010964986608984,0.05,0.0125,1,2-3
2,False,0.9999999999799813,1.0,-7.4249225891671555,-1.0526909057205966,0.05,0.0125,2,3-4
3,False,0.9879794826810705,1.0,-2.2917034683812862,-0.3249132055993504,0.05,0.0125,3,4-5
