,reject,pvals,pvals_corrected,tstats,effectsize,alpha,alpha_corrected,step,dimension_step
0,True,8.056641078564784e-42,3.2226564314259135e-41,23.0109251732472,3.2624436647239956,0.05,0.0125,0,1-2
1,True,6.250943954855232e-26,1.8752831864565697e-25,14.205550805126517,2.0140350237625793,0.05,0.0125,1,2-3
2,False,0.9995018470380687,1.0,-3.3926619029749325,-0.48100492477283147,0.05,0.0125,2,3-4
3,False,0.9999999999038496,1.0,-7.099542868266146,-1.0065592095331999,0.05,0.0125,3,4-5
