{
  "data": {
    "name": "normal-3-60",
    "n_dimension": 3,
    "distance": "euclidean",
    "subject": null,
    "n_objects": 60,
    "n_train_triplets": 2947,
    "n_test_triplets": 10000,
    "frac_train_ndlogn": 3.998740695467169,
    "frac_train_triplets": 0.028706409507110852,
    "max_train_score": 0.8764845605700713,
    "max_test_score": 0.8744,
    "noise_sd": 0.5,
    "distance_sd": 1.0368014442247526,
    "distance_mean": 2.3250398240414665,
    "difference_sd": 0.8994829581772625,
    "difference_mean": -0.14843763362027704
  },
  "n_repeats": 10,
  "n_splits": 10,
  "embedding_method": "soe",
  "embedding_dimension": [
    1,
    2,
    3,
    4,
    5
  ],
  "random_state": 424228395,
  "alpha": 0.05
}