,reject,pvals,pvals_corrected,tstats,effectsize,alpha,alpha_corrected,step,dimension_step
0,True,3.7171708141251674e-53,1.486868325650067e-52,31.06674271620587,4.404581614820557,0.05,0.0125,0,1-2
1,True,1.77916334901099e-48,5.3374900470329697e-48,27.516812270580846,3.9012794657177077,0.05,0.0125,1,2-3
2,False,0.9999999999972338,1.0,-7.83031356132698,-1.1101664395768691,0.05,0.0125,2,3-4
3,False,0.9999983791355382,1.0,-4.935187730727362,-0.6997011995438602,0.05,0.0125,3,4-5
