,reject,pvals,pvals_corrected,tstats,effectsize,alpha,alpha_corrected,step,dimension_step
0,True,3.8327950775382552e-59,1.5331180310153021e-58,36.14583802935621,5.124685748059906,0.05,0.0125,0,1-2
1,True,4.852368149008617e-55,1.4557104447025848e-54,32.59640819427224,4.621454574533912,0.05,0.0125,1,2-3
2,False,0.9999999976825998,0.9999999976825998,-6.42520078352699,-0.9109523164747764,0.05,0.0125,2,3-4
3,False,0.4119384942356122,0.8238769884712244,0.22315201618150887,0.031638053488964306,0.05,0.0125,3,4-5
