{
  "data": {
    "name": "normal-3-60",
    "n_dimension": 3,
    "distance": "euclidean",
    "subject": null,
    "n_objects": 60,
    "n_train_triplets": 2947,
    "n_test_triplets": 10000,
    "frac_train_ndlogn": 3.998740695467169,
    "frac_train_triplets": 0.028706409507110852,
    "max_train_score": 0.8744485917882593,
    "max_test_score": 0.8773,
    "noise_sd": 0.5,
    "distance_sd": 1.036783607293,
    "distance_mean": 2.324570494966964,
    "difference_sd": 0.8964239840998377,
    "difference_mean": -0.15314752076201218
  },
  "n_repeats": 10,
  "n_splits": 10,
  "embedding_method": "soe",
  "embedding_dimension": [
    1,
    2,
    3,
    4,
    5
  ],
  "random_state": 161928355,
  "alpha": 0.05
}