,reject,pvals,pvals_corrected,tstats,effectsize,alpha,alpha_corrected,step,dimension_step
0,True,1.1535630068072027e-07,4.614252027228811e-07,5.558368752546129,0.7880545778327332,0.05,0.0125,0,1-2
1,True,0.001629857442586043,0.00488957232775813,3.0155047466777622,0.42753232573984856,0.05,0.0125,1,2-3
2,False,0.9999704518723627,1.0,-4.197008718772908,-0.5950436326337339,0.05,0.0125,2,3-4
3,False,0.9975707105518523,1.0,-2.8811330350256874,-0.40848136902703036,0.05,0.0125,3,4-5
