,reject,pvals,pvals_corrected,tstats,effectsize,alpha,alpha_corrected,step,dimension_step
0,True,4.371193819720102e-29,1.7484775278880408e-28,15.783904209516884,2.237810861808219,0.05,0.0125,0,1-2
1,True,1.122611510286369e-22,3.3678345308591074e-22,12.639330902812151,1.791979449751555,0.05,0.0125,1,2-3
2,False,0.9999999999999998,1.0,-9.670483070511741,-1.3710620494690684,0.05,0.0125,2,3-4
3,False,0.9999744596254158,1.0,-4.235830590523777,-0.6005477211739723,0.05,0.0125,3,4-5
