,reject,pvals,pvals_corrected,tstats,effectsize,alpha,alpha_corrected,step,dimension_step
0,True,5.122755023104261e-54,2.0491020092417044e-53,31.75796860824016,4.502582260834663,0.05,0.0125,0,1-2
1,True,1.038398436947236e-41,3.115195310841708e-41,22.94111473112931,3.25254607769069,0.05,0.0125,1,2-3
2,False,0.9999975343323178,1.0,-4.832529630137626,-0.6851465361663545,0.05,0.0125,2,3-4
3,False,0.9991051638118936,1.0,-3.2100396142635685,-0.4551130962453777,0.05,0.0125,3,4-5
