,reject,pvals,pvals_corrected,tstats,effectsize,alpha,alpha_corrected,step,dimension_step
0,False,0.3051085665318105,1.0,0.5113893795943483,0.07250377936148326,0.05,0.0125,0,1-2
1,False,0.8845880964861901,1.0,-1.2056561646726622,-0.17093555720413892,0.05,0.0125,1,2-3
2,False,0.9614737833293895,1.0,-1.7866652828644534,-0.2533098860292758,0.05,0.0125,2,3-4
3,False,0.8237164940550434,1.0,-0.9340182640780388,-0.13242327048721164,0.05,0.0125,3,4-5
