,reject,pvals,pvals_corrected,tstats,effectsize,alpha,alpha_corrected,step,dimension_step
0,True,1.2990347266579438e-14,5.196138906631775e-14,8.910138988211978,1.2632619625263148,0.05,0.0125,0,1-2
1,True,4.4457807603052626e-06,1.3337342280915787e-05,4.68621147456486,0.6644018361558809,0.05,0.0125,1,2-3
2,False,0.9999245456432573,1.0,-3.9417924416908994,-0.558859571365799,0.05,0.0125,2,3-4
3,False,0.9104513498522134,1.0,-1.3531258443470389,-0.19184351803449673,0.05,0.0125,3,4-5
