,reject,pvals,pvals_corrected,tstats,effectsize,alpha,alpha_corrected,step,dimension_step
0,True,1.8249045366436035e-10,7.299618146574414e-10,6.965468420358006,0.9875503982887125,0.05,0.0125,0,1-2
1,False,0.5572797424467297,1.0,-0.1444478106802715,-0.020479526194148313,0.05,0.0125,1,2-3
2,False,0.9951466566350776,1.0,-2.637243437273466,-0.3739031820533105,0.05,0.0125,2,3-4
3,False,0.8766507930374408,1.0,-1.1652980081186595,-0.16521365722931208,0.05,0.0125,3,4-5
