,reject,pvals,pvals_corrected,tstats,effectsize,alpha,alpha_corrected,step,dimension_step
0,True,9.200517716610473e-18,3.680207086644189e-17,10.355119551223918,1.4681284617198531,0.05,0.0125,0,1-2
1,True,4.364090599982349e-12,1.3092271799947047e-11,7.737354777782047,1.0969869262729361,0.05,0.0125,1,2-3
2,False,0.9999999934818201,1.0,-6.200714525437736,-0.8791250967951282,0.05,0.0125,2,3-4
3,False,0.9999994683872829,1.0,-5.202662561213481,-0.7376232543774957,0.05,0.0125,3,4-5
