,reject,pvals,pvals_corrected,tstats,effectsize,alpha,alpha_corrected,step,dimension_step
0,True,1.1816819606075535e-54,4.726727842430214e-54,32.27764236350054,4.576260582666922,0.05,0.0125,0,1-2
1,True,6.187951955396342e-54,1.8563855866189028e-53,31.691541310393866,4.493164329335093,0.05,0.0125,1,2-3
2,False,0.9999996240546964,1.0,-5.284351886269725,-0.749205006045402,0.05,0.0125,2,3-4
3,False,0.9945680422805795,1.0,-2.5960751975292764,-0.3680664300787563,0.05,0.0125,3,4-5
