,reject,pvals,pvals_corrected,tstats,effectsize,alpha,alpha_corrected,step,dimension_step
0,True,1.888430242647881e-41,7.553720970591524e-41,22.777164504186473,3.2293015373172516,0.05,0.0125,0,1-2
1,True,6.339256668938336e-26,1.9017770006815006e-25,14.20256468124446,2.0136116569979774,0.05,0.0125,1,2-3
2,False,0.9999991552916639,1.0,-5.09244830960978,-0.7219972947865779,0.05,0.0125,2,3-4
3,False,0.9999992838249501,1.0,-5.131874647597835,-0.7275870833597875,0.05,0.0125,3,4-5
