,reject,pvals,pvals_corrected,tstats,effectsize,alpha,alpha_corrected,step,dimension_step
0,True,2.7900576979342227e-34,1.1160230791736891e-33,18.545593960782313,2.629357797236268,0.05,0.0125,0,1-2
1,True,1.1717121368408498e-17,3.515136410522549e-17,10.30691837813536,1.461294594302916,0.05,0.0125,1,2-3
2,False,0.9999799973537465,1.0,-4.300445435413729,-0.6097086866619409,0.05,0.0125,2,3-4
3,False,0.9998346303744057,1.0,-3.7199143506233683,-0.5274021324712562,0.05,0.0125,3,4-5
