,reject,pvals,pvals_corrected,tstats,effectsize,alpha,alpha_corrected,step,dimension_step
0,True,2.8929856078958955e-25,1.1571942431583582e-24,13.880710570532163,1.9679798148815424,0.05,0.0125,0,1-2
1,True,6.512170766018027e-19,1.9536512298054083e-18,10.88407730247093,1.543123050223786,0.05,0.0125,1,2-3
2,False,0.9999999997544495,1.0,-6.903101816407822,-0.9787081839746099,0.05,0.0125,2,3-4
3,False,0.9999995824050697,1.0,-5.259646972282453,-0.7457023919819296,0.05,0.0125,3,4-5
