,reject,pvals,pvals_corrected,tstats,effectsize,alpha,alpha_corrected,step,dimension_step
0,True,5.896978162001808e-26,1.7690934486005423e-25,14.217960898654058,2.0157945023886117,0.05,0.0125,0,1-2
1,True,1.0084613062829806e-27,4.0338452251319224e-27,15.093963440085261,2.139992417946435,0.05,0.0125,1,2-3
2,False,1.0,1.0,-11.734031549444607,-1.6636278898800536,0.05,0.0125,2,3-4
3,False,0.9751487600585562,1.0,-1.9868509514464576,-0.28169181597415227,0.05,0.0125,3,4-5
