{
  "data": {
    "name": "normal-3-60",
    "n_dimension": 3,
    "distance": "euclidean",
    "subject": null,
    "n_objects": 60,
    "n_train_triplets": 1473,
    "n_test_triplets": 10000,
    "frac_train_ndlogn": 1.9986919051317067,
    "frac_train_triplets": 0.01434833430742256,
    "max_train_score": 0.8024439918533605,
    "max_test_score": 0.7868,
    "noise_sd": 1.0,
    "distance_sd": 1.0405461217330247,
    "distance_mean": 2.4217289256021246,
    "difference_sd": 0.9405728693699654,
    "difference_mean": -0.10938555613871581
  },
  "n_repeats": 10,
  "n_splits": 10,
  "embedding_method": "soe",
  "embedding_dimension": [
    1,
    2,
    3,
    4,
    5
  ],
  "random_state": 3122822247,
  "alpha": 0.05
}