,reject,pvals,pvals_corrected,tstats,effectsize,alpha,alpha_corrected,step,dimension_step
0,True,8.417673032676301e-41,3.3670692130705204e-40,22.370941144030798,3.1717079891298208,0.05,0.0125,0,1-2
1,True,2.101105923363512e-37,6.303317770090536e-37,20.3225546105121,2.881291779487217,0.05,0.0125,1,2-3
2,False,0.9999999883127138,1.0,-6.072552310642873,-0.8609545103208126,0.05,0.0125,2,3-4
3,False,0.9999935026428629,1.0,-4.59066149918287,-0.6508549487751021,0.05,0.0125,3,4-5
