{
  "data": {
    "name": "normal-3-60",
    "n_dimension": 3,
    "distance": "euclidean",
    "subject": null,
    "n_objects": 60,
    "n_train_triplets": 5895,
    "n_test_triplets": 10000,
    "frac_train_ndlogn": 7.998838276138094,
    "frac_train_triplets": 0.05742255990648743,
    "max_train_score": 0.6854961832061068,
    "max_test_score": 0.6797,
    "noise_sd": 2.0,
    "distance_sd": 1.0370156376389015,
    "distance_mean": 2.3306689732955954,
    "difference_sd": 0.9203076082481881,
    "difference_mean": -0.08837721092353769
  },
  "n_repeats": 10,
  "n_splits": 10,
  "embedding_method": "soe",
  "embedding_dimension": [
    1,
    2,
    3,
    4,
    5
  ],
  "random_state": 2129106986,
  "alpha": 0.05
}