,reject,pvals,pvals_corrected,tstats,effectsize,alpha,alpha_corrected,step,dimension_step
0,True,0.00013642711527995914,0.0005457084611198365,3.775087096513231,0.5352244157535936,0.05,0.0125,0,1-2
1,False,0.9871048784239507,1.0,-2.2634587705588336,-0.3209087279532262,0.05,0.0125,1,2-3
2,False,0.9799539183745198,1.0,-2.0801772922671753,-0.29492344082496036,0.05,0.0125,2,3-4
3,False,0.9393224089458787,1.0,-1.5625261417105831,-0.22153187990528594,0.05,0.0125,3,4-5
