,reject,pvals,pvals_corrected,tstats,effectsize,alpha,alpha_corrected,step,dimension_step
0,True,5.780378779078342e-28,2.3121515116313368e-27,15.215367648222148,2.15720486754266,0.05,0.0125,0,1-2
1,True,1.308533630152775e-15,3.925600890458325e-15,9.367971318835119,1.328172528933433,0.05,0.0125,1,2-3
2,False,0.9999077346856441,1.0,-3.885687881398335,-0.5509051772721011,0.05,0.0125,2,3-4
3,False,0.9908751076052914,1.0,-2.400314096452485,-0.3403118066032132,0.05,0.0125,3,4-5
