,reject,pvals,pvals_corrected,tstats,effectsize,alpha,alpha_corrected,step,dimension_step
0,True,4.938869531090627e-48,1.975547812436251e-47,27.197772602482154,3.856046649733658,0.05,0.0125,0,1-2
1,True,3.7850944459486e-46,1.13552833378458e-45,25.873182361566837,3.668248853369802,0.05,0.0125,1,2-3
2,False,0.9999993548354452,1.0,-5.156734616792313,-0.7311116808452486,0.05,0.0125,2,3-4
3,False,0.999991733048279,1.0,-4.529412811113932,-0.6421712303735718,0.05,0.0125,3,4-5
