,reject,pvals,pvals_corrected,tstats,effectsize,alpha,alpha_corrected,step,dimension_step
0,True,1.1799625749752935e-08,4.719850299901174e-08,6.070443528462534,0.8606555313352771,0.05,0.0125,0,1-2
1,True,2.5940385071769873e-05,7.782115521530963e-05,4.231701810178914,0.5999623508258562,0.05,0.0125,1,2-3
2,False,0.9999976754714351,1.0,-4.847025591039659,-0.6872017449618666,0.05,0.0125,2,3-4
3,False,0.9999972352659355,1.0,-4.804307688041154,-0.6811452847822561,0.05,0.0125,3,4-5
