,reject,pvals,pvals_corrected,tstats,effectsize,alpha,alpha_corrected,step,dimension_step
0,True,2.015784629564836e-38,8.063138518259344e-38,20.923120668626797,2.9664388527488557,0.05,0.0125,0,1-2
1,True,1.5774106060911098e-24,4.732231818273329e-24,13.524018807562411,1.917408759020094,0.05,0.0125,1,2-3
2,False,0.9999993665997271,1.0,-5.161109549360286,-0.7317319501709065,0.05,0.0125,2,3-4
3,False,0.999999999381404,1.0,-6.707793317647473,-0.9510177295643609,0.05,0.0125,3,4-5
