{
  "data": {
    "name": "normal-3-60",
    "n_dimension": 3,
    "distance": "euclidean",
    "subject": null,
    "n_objects": 60,
    "n_train_triplets": 1473,
    "n_test_triplets": 10000,
    "frac_train_ndlogn": 1.9986919051317067,
    "frac_train_triplets": 0.01434833430742256,
    "max_train_score": 0.790224032586558,
    "max_test_score": 0.7993,
    "noise_sd": 1.0,
    "distance_sd": 1.0402281835627962,
    "distance_mean": 2.4136567883931344,
    "difference_sd": 0.9481278046079233,
    "difference_mean": -0.10366745319585496
  },
  "n_repeats": 10,
  "n_splits": 10,
  "embedding_method": "soe",
  "embedding_dimension": [
    1,
    2,
    3,
    4,
    5
  ],
  "random_state": 3471302712,
  "alpha": 0.05
}