,reject,pvals,pvals_corrected,tstats,effectsize,alpha,alpha_corrected,step,dimension_step
0,True,1.651686851669998e-08,6.606747406679992e-08,5.9961124513174715,0.8501170175685228,0.05,0.0125,0,1-2
1,True,6.036030664341866e-08,1.8108091993025598e-07,5.7059010135761365,0.8089714113244757,0.05,0.0125,1,2-3
2,False,0.9987646317170751,1.0,-3.106443546788408,-0.44042544976962483,0.05,0.0125,2,3-4
3,False,0.9995526904825083,1.0,-3.4255123378872057,-0.48566239475528894,0.05,0.0125,3,4-5
