,reject,pvals,pvals_corrected,tstats,effectsize,alpha,alpha_corrected,step,dimension_step
0,True,8.516326756834136e-24,3.4065307027336546e-23,13.17225397666586,1.8675362338873196,0.05,0.0125,0,1-2
1,True,3.616008715776963e-11,1.084802614733089e-10,7.302779338679705,1.0353736761550134,0.05,0.0125,1,2-3
2,False,0.9999999998572769,1.0,-7.016986840726377,-0.9948545784936348,0.05,0.0125,2,3-4
3,False,0.9999973699622339,1.0,-4.816631554037574,-0.6828925382387,0.05,0.0125,3,4-5
