{
  "data": {
    "name": "normal-3-60",
    "n_dimension": 3,
    "distance": "euclidean",
    "subject": null,
    "n_objects": 60,
    "n_train_triplets": 1473,
    "n_test_triplets": 10000,
    "frac_train_ndlogn": 1.9986919051317067,
    "frac_train_triplets": 0.01434833430742256,
    "max_train_score": 0.6904276985743381,
    "max_test_score": 0.6792,
    "noise_sd": 2.0,
    "distance_sd": 1.0389843408226642,
    "distance_mean": 2.3818380510313886,
    "difference_sd": 0.925018178128429,
    "difference_mean": -0.08822142686129322
  },
  "n_repeats": 10,
  "n_splits": 10,
  "embedding_method": "soe",
  "embedding_dimension": [
    1,
    2,
    3,
    4,
    5
  ],
  "random_state": 1897091456,
  "alpha": 0.05
}