,reject,pvals,pvals_corrected,tstats,effectsize,alpha,alpha_corrected,step,dimension_step
0,True,3.5930651305071166e-42,1.4372260522028466e-41,23.23403730613194,3.2940760636376702,0.05,0.0125,0,1-2
1,True,1.3030993396887314e-30,3.909298019066194e-30,16.572175572240138,2.349570423583237,0.05,0.0125,1,2-3
2,False,0.9999999999998911,1.0,-8.48408726926222,-1.2028571886692254,0.05,0.0125,2,3-4
3,False,0.9999316757294817,1.0,-3.9692950961990134,-0.5627588435718295,0.05,0.0125,3,4-5
