,reject,pvals,pvals_corrected,tstats,effectsize,alpha,alpha_corrected,step,dimension_step
0,True,6.620774068584242e-24,1.9862322205752723e-23,13.224604244423169,1.8749583517772164,0.05,0.0125,0,1-2
1,True,3.1140145263045427e-31,1.2456058105218171e-30,16.89854639181674,2.3958426357894798,0.05,0.0125,1,2-3
2,False,0.9999999999986761,1.0,-7.980084823508597,-1.1314007142435047,0.05,0.0125,2,3-4
3,False,0.9889210009031589,1.0,-2.3242079781749956,-0.32952163099959175,0.05,0.0125,3,4-5
