,reject,pvals,pvals_corrected,tstats,effectsize,alpha,alpha_corrected,step,dimension_step
0,True,1.5768612549679715e-53,6.307445019871886e-53,31.364299052439623,4.446768566311448,0.05,0.0125,0,1-2
1,True,2.927746325086186e-50,8.783238975258558e-50,28.82964038170793,4.087409650478711,0.05,0.0125,1,2-3
2,False,0.9880668848856787,1.0,-2.294624547690708,-0.3253273504725109,0.05,0.0125,2,3-4
3,False,0.9999998740555516,1.0,-5.538226518701417,-0.7851988515763866,0.05,0.0125,3,4-5
