,reject,pvals,pvals_corrected,tstats,effectsize,alpha,alpha_corrected,step,dimension_step
0,True,2.4595103201904413e-25,9.838041280761765e-25,13.915006015938348,1.9728421556067375,0.05,0.0125,0,1-2
1,True,2.4005055205141977e-09,7.2015165615425936e-09,6.4176016936853975,0.9098749324789257,0.05,0.0125,1,2-3
2,False,0.9999999988565945,1.0,-6.5768840067059084,-0.9324576652071388,0.05,0.0125,2,3-4
3,False,0.9999967775825219,1.0,-4.7664005274456915,-0.6757708821886514,0.05,0.0125,3,4-5
