,reject,pvals,pvals_corrected,tstats,effectsize,alpha,alpha_corrected,step,dimension_step
0,True,5.2714208703817945e-30,2.1085683481527178e-29,16.256457224223585,2.3048084978210674,0.05,0.0125,0,1-2
1,True,1.2606396123423008e-13,3.7819188370269023e-13,8.454810593581422,1.198706399234212,0.05,0.0125,1,2-3
2,False,0.9999993854457482,1.0,-5.168286189022639,-0.7327494400121091,0.05,0.0125,2,3-4
3,False,0.9910495634930644,1.0,-2.407794401920643,-0.34137234958447343,0.05,0.0125,3,4-5
