,reject,pvals,pvals_corrected,tstats,effectsize,alpha,alpha_corrected,step,dimension_step
0,True,9.481307163211654e-08,3.792522865284662e-07,5.603229711901362,0.7944148763231249,0.05,0.0125,0,1-2
1,True,1.3246955777937485e-05,3.974086733381246e-05,4.408103942635735,0.6249722978464413,0.05,0.0125,1,2-3
2,False,0.9999999957188458,1.0,-6.292335414301973,-0.8921149260254203,0.05,0.0125,2,3-4
3,False,0.9999958588478307,1.0,-4.7039636121613455,-0.6669186992720278,0.05,0.0125,3,4-5
