,reject,pvals,pvals_corrected,tstats,effectsize,alpha,alpha_corrected,step,dimension_step
0,True,0.004664611284277375,0.013993833852832125,2.651635528699018,0.37594366443895616,0.05,0.0125,0,1-2
1,True,0.0010262289477423003,0.004104915790969201,3.1663084271610162,0.4489129746405562,0.05,0.0125,1,2-3
2,True,0.007254022734863103,0.014508045469726207,2.4882180555586677,0.35277465685069215,0.05,0.0125,2,3-4
3,False,0.9983025220998928,0.9983025220998928,-3.002007482983648,-0.42561871026813486,0.05,0.0125,3,4-5
