,reject,pvals,pvals_corrected,tstats,effectsize,alpha,alpha_corrected,step,dimension_step
0,True,1.7857788006808534e-22,5.3573364020425605e-22,12.54400725083449,1.7784646500574324,0.05,0.0125,0,1-2
1,True,3.9482117389469716e-32,1.5792846955787886e-31,17.374970298306376,2.463389079217892,0.05,0.0125,1,2-3
2,False,0.9999999999999484,1.0,-8.633964110992574,-1.2241064321964048,0.05,0.0125,2,3-4
3,False,0.9999860106016081,1.0,-4.393947768773647,-0.6229652633884442,0.05,0.0125,3,4-5
