,reject,pvals,pvals_corrected,tstats,effectsize,alpha,alpha_corrected,step,dimension_step
0,True,4.395724908723002e-46,1.758289963489201e-45,25.828408880317806,3.6619009573530716,0.05,0.0125,0,1-2
1,True,4.630879408655148e-26,1.3892638225965444e-25,14.269456641427656,2.023095467408797,0.05,0.0125,1,2-3
2,False,0.999099044068757,1.0,-3.2078736489850335,-0.4548060099527681,0.05,0.0125,2,3-4
3,False,0.9999973354129507,1.0,-4.813413019435184,-0.6824362207397638,0.05,0.0125,3,4-5
