,reject,pvals,pvals_corrected,tstats,effectsize,alpha,alpha_corrected,step,dimension_step
0,True,4.728706114550837e-07,1.8914824458203349e-06,5.230342210215739,0.7415476205144205,0.05,0.0125,0,1-2
1,False,0.5170004688384412,1.0,-0.04273473589240399,-0.006058846714165045,0.05,0.0125,1,2-3
2,False,0.9999999994220042,1.0,-6.722206202468213,-0.953061159996636,0.05,0.0125,2,3-4
3,False,0.9896299758201739,1.0,-2.350335472557923,-0.3332259357106337,0.05,0.0125,3,4-5
