,reject,pvals,pvals_corrected,tstats,effectsize,alpha,alpha_corrected,step,dimension_step
0,True,7.667628454536757e-26,3.067051381814703e-25,14.16209196618358,2.0078735151436002,0.05,0.0125,0,1-2
1,True,1.0071169067739107e-16,3.021350720321732e-16,9.878483600869128,1.4005519551297336,0.05,0.0125,1,2-3
2,False,0.999992511028533,1.0,-4.55460179211248,-0.6457424745048207,0.05,0.0125,2,3-4
3,False,0.9969478881216075,1.0,-2.8023235751238236,-0.3973079189705295,0.05,0.0125,3,4-5
