,reject,pvals,pvals_corrected,tstats,effectsize,alpha,alpha_corrected,step,dimension_step
0,True,1.7366072496885832e-47,6.946428998754333e-47,26.80876933635886,3.800894532573399,0.05,0.0125,0,1-2
1,True,2.2101168192611494e-14,6.630350457783448e-14,8.803891388146575,1.2481983869805346,0.05,0.0125,1,2-3
2,False,0.9999999994603187,1.0,-6.736757657827114,-0.9551242366869794,0.05,0.0125,2,3-4
3,False,0.9999989177951727,1.0,-5.03296901344721,-0.713564437285767,0.05,0.0125,3,4-5
