,reject,pvals,pvals_corrected,tstats,effectsize,alpha,alpha_corrected,step,dimension_step
0,True,1.5391875668700578e-19,6.156750267480231e-19,11.173263314849617,1.5841232736788826,0.05,0.0125,0,1-2
1,True,5.3724926512683195e-17,1.6117477953804958e-16,10.003576625916683,1.4182873979246207,0.05,0.0125,1,2-3
2,False,0.9999999575368829,1.0,-5.785286800507976,-0.8202265718925529,0.05,0.0125,2,3-4
3,False,0.9999398302751685,1.0,-4.004335767765804,-0.5677268409947952,0.05,0.0125,3,4-5
