,reject,pvals,pvals_corrected,tstats,effectsize,alpha,alpha_corrected,step,dimension_step
0,True,9.233837378665237e-53,3.693534951466095e-52,30.75353164327328,4.360175165583205,0.05,0.0125,0,1-2
1,True,3.2498276333121475e-48,9.749482899936443e-48,27.328210253941148,3.8745398431380944,0.05,0.0125,1,2-3
2,False,0.9360438895924642,1.0,-1.5352501133182874,-0.2176647383037508,0.05,0.0125,2,3-4
3,False,0.9999987618742929,1.0,-5.0005015009030975,-0.7089612572827294,0.05,0.0125,3,4-5
