,reject,pvals,pvals_corrected,tstats,effectsize,alpha,alpha_corrected,step,dimension_step
0,True,1.792928133979535e-13,7.17171253591814e-13,8.383974248301975,1.1886633616705675,0.05,0.0125,0,1-2
1,False,0.9607041983874217,1.0,-1.7772895195129832,-0.25198060876129713,0.05,0.0125,1,2-3
2,False,0.6615081898149533,1.0,-0.4178199110301356,-0.05923768433789804,0.05,0.0125,2,3-4
3,False,0.999999825663774,1.0,-5.463343605205781,-0.7745820995383615,0.05,0.0125,3,4-5
