,reject,pvals,pvals_corrected,tstats,effectsize,alpha,alpha_corrected,step,dimension_step
0,True,6.105209022575719e-24,2.4420836090302877e-23,13.241473529214748,1.8773500457609376,0.05,0.0125,0,1-2
1,True,2.9550351326349594e-19,8.865105397904878e-19,11.04238332362926,1.5655673662140055,0.05,0.0125,1,2-3
2,False,0.9999999998782148,1.0,-7.0501791843233885,-0.9995605236162285,0.05,0.0125,2,3-4
3,False,0.9999993124638065,1.0,-5.14159803223898,-0.7289656456897827,0.05,0.0125,3,4-5
