,reject,pvals,pvals_corrected,tstats,effectsize,alpha,alpha_corrected,step,dimension_step
0,True,2.5081179891878754e-40,1.0032471956751502e-39,22.07730637963858,3.130077030373418,0.05,0.0125,0,1-2
1,True,1.260369679017653e-08,3.781109037052959e-08,6.055903367354937,0.8585940559216464,0.05,0.0125,1,2-3
2,False,1.0,1.0,-12.32216336023641,-1.747012060038111,0.05,0.0125,2,3-4
3,False,0.9727081850048651,1.0,-1.9452328756619426,-0.27579128713148543,0.05,0.0125,3,4-5
