,reject,pvals,pvals_corrected,tstats,effectsize,alpha,alpha_corrected,step,dimension_step
0,True,5.9361826964459345e-18,2.3744730785783738e-17,10.442507020085717,1.4805180849974038,0.05,0.0125,0,1-2
1,True,9.056517016560769e-05,0.00027169551049682306,3.8908970759039647,0.5516437266126971,0.05,0.0125,1,2-3
2,False,0.9997611042774716,1.0,-3.612921060349396,-0.5122328344358987,0.05,0.0125,2,3-4
3,False,0.9978064798870259,1.0,-2.915908565805505,-0.4134117753112563,0.05,0.0125,3,4-5
