,reject,pvals,pvals_corrected,tstats,effectsize,alpha,alpha_corrected,step,dimension_step
0,True,1.9666156278871302e-51,5.89984688366139e-51,29.719380999563604,4.21355532346302,0.05,0.0125,0,1-2
1,True,1.25392595466618e-55,5.01570381866472e-55,33.08605469397013,4.690875691193352,0.05,0.0125,1,2-3
2,False,0.9999999999956424,1.0,-7.73765909619352,-1.0970300719381405,0.05,0.0125,2,3-4
3,False,0.9998536221939459,1.0,-3.754958876049117,-0.5323706762867572,0.05,0.0125,3,4-5
