,reject,pvals,pvals_corrected,tstats,effectsize,alpha,alpha_corrected,step,dimension_step
0,True,1.1565340654102009e-26,4.6261362616408034e-26,14.566335878798064,2.0651864211559863,0.05,0.0125,0,1-2
1,True,3.6932141957045174e-13,1.1079642587113552e-12,8.238369047681424,1.1680197430094779,0.05,0.0125,1,2-3
2,False,0.9999999999999996,1.0,-9.615055116022992,-1.3632035832140623,0.05,0.0125,2,3-4
3,False,0.999975035241972,1.0,-4.241882429056636,-0.6014057389256623,0.05,0.0125,3,4-5
