,reject,pvals,pvals_corrected,tstats,effectsize,alpha,alpha_corrected,step,dimension_step
0,True,6.455522186728552e-14,2.582208874691421e-13,8.5891884763753,1.2177582308793646,0.05,0.0125,0,1-2
1,True,6.765652599508887e-07,2.029695779852666e-06,5.145427959493715,0.729508645235194,0.05,0.0125,1,2-3
2,False,0.999997734566442,1.0,-4.853350915681914,-0.6880985370356784,0.05,0.0125,2,3-4
3,False,0.9999941486452495,1.0,-4.617144582176494,-0.6546096681392483,0.05,0.0125,3,4-5
