,reject,pvals,pvals_corrected,tstats,effectsize,alpha,alpha_corrected,step,dimension_step
0,True,6.647641442873829e-35,2.6590565771495316e-34,18.89247008483703,2.6785372111384094,0.05,0.0125,0,1-2
1,True,3.0392283977407844e-07,9.117685193222353e-07,5.334182100869896,0.7562698357604265,0.05,0.0125,1,2-3
2,False,0.9947442618711296,1.0,-2.6081758699684876,-0.36978203959210615,0.05,0.0125,2,3-4
3,False,0.9983381432378414,1.0,-3.0090543105053302,-0.4266177955996209,0.05,0.0125,3,4-5
