,reject,pvals,pvals_corrected,tstats,effectsize,alpha,alpha_corrected,step,dimension_step
0,True,7.023601739850629e-21,2.8094406959402517e-20,11.795695924410138,1.6723705435513347,0.05,0.0125,0,1-2
1,True,3.506975523356697e-15,1.0520926570070091e-14,9.171502019633866,1.300317498522179,0.05,0.0125,1,2-3
2,False,0.9998249080276691,1.0,-3.703429675388479,-0.5250649676732226,0.05,0.0125,2,3-4
3,False,0.9999999999999931,1.0,-9.03814354174283,-1.2814101960970392,0.05,0.0125,3,4-5
