,reject,pvals,pvals_corrected,tstats,effectsize,alpha,alpha_corrected,step,dimension_step
0,True,3.43066858639907e-19,1.372267434559628e-18,11.012462825037009,1.5613252968342328,0.05,0.0125,0,1-2
1,True,0.0004617006042159391,0.0013851018126478172,3.4158716275471894,0.48429555382492984,0.05,0.0125,1,2-3
2,False,0.9999999999999738,1.0,-8.770131006376467,-1.2434119065241729,0.05,0.0125,2,3-4
3,False,0.9999999963706994,1.0,-6.3281962231729985,-0.8971992009006077,0.05,0.0125,3,4-5
