{
  "data": {
    "name": "normal-3-60",
    "n_dimension": 3,
    "distance": "euclidean",
    "subject": null,
    "n_objects": 60,
    "n_train_triplets": 5895,
    "n_test_triplets": 10000,
    "frac_train_ndlogn": 7.998838276138094,
    "frac_train_triplets": 0.05742255990648743,
    "max_train_score": 0.7816793893129771,
    "max_test_score": 0.7868,
    "noise_sd": 1.0,
    "distance_sd": 1.0383942682361575,
    "distance_mean": 2.3666072879482853,
    "difference_sd": 0.9312556394140334,
    "difference_mean": -0.11806015404237467
  },
  "n_repeats": 10,
  "n_splits": 10,
  "embedding_method": "soe",
  "embedding_dimension": [
    1,
    2,
    3,
    4,
    5
  ],
  "random_state": 888985308,
  "alpha": 0.05
}