,reject,pvals,pvals_corrected,tstats,effectsize,alpha,alpha_corrected,step,dimension_step
0,True,2.1855596477807574e-43,8.74223859112303e-43,24.019298234156274,3.405408811908337,0.05,0.0125,0,1-2
1,True,8.267239696594188e-31,2.4801719089782565e-30,16.675591047109496,2.3642324659949088,0.05,0.0125,1,2-3
2,False,0.9999999999998896,1.0,-8.481591025545713,-1.202503276149967,0.05,0.0125,2,3-4
3,False,0.9999999994901354,1.0,-6.7488074292698625,-0.95683262955727,0.05,0.0125,3,4-5
