,reject,pvals,pvals_corrected,tstats,effectsize,alpha,alpha_corrected,step,dimension_step
0,True,6.055931824921973e-14,2.4223727299687893e-13,8.602004211359533,1.219575220552457,0.05,0.0125,0,1-2
1,True,0.001963855848326867,0.005891567544980601,2.953263329022984,0.41870786009222866,0.05,0.0125,1,2-3
2,False,0.9999999788336618,1.0,-5.941046119547227,-0.8423098214705455,0.05,0.0125,2,3-4
3,False,0.8915259496293962,1.0,-1.242606434980563,-0.1761742937767997,0.05,0.0125,3,4-5
