,reject,pvals,pvals_corrected,tstats,effectsize,alpha,alpha_corrected,step,dimension_step
0,True,3.3478900271420442e-21,1.3391560108568177e-20,11.945927511815944,1.6936700822219188,0.05,0.0125,0,1-2
1,True,1.4929230506099071e-09,4.478769151829722e-09,6.519762839593215,0.9243591386000857,0.05,0.0125,1,2-3
2,False,0.999999940257254,1.0,-5.708229353099072,-0.8093015187177567,0.05,0.0125,2,3-4
3,False,0.9999770664673958,1.0,-4.264367156852844,-0.6045935793623025,0.05,0.0125,3,4-5
