,reject,pvals,pvals_corrected,tstats,effectsize,alpha,alpha_corrected,step,dimension_step
0,True,9.757447427931007e-56,3.902978971172403e-55,33.17748902707969,4.7038390709160565,0.05,0.0125,0,1-2
1,True,2.2711259814865425e-54,6.813377944459627e-54,32.04530323716082,4.54331999878828,0.05,0.0125,1,2-3
2,False,0.9993646188981113,1.0,-3.31762007069518,-0.47036564154249055,0.05,0.0125,2,3-4
3,False,0.9999999870052669,1.0,-6.0491593612791315,-0.8576379040185298,0.05,0.0125,3,4-5
