,reject,pvals,pvals_corrected,tstats,effectsize,alpha,alpha_corrected,step,dimension_step
0,True,6.73640765475956e-37,2.694563061903824e-36,20.028084999727312,2.83954245785301,0.05,0.0125,0,1-2
1,True,7.595033286532237e-25,2.278509985959671e-24,13.677361049729713,1.9391493201981775,0.05,0.0125,1,2-3
2,False,0.9999095311272358,1.0,-3.8911949140406743,-0.5516859535173047,0.05,0.0125,2,3-4
3,False,0.9927155645243748,1.0,-2.486634455830093,-0.3525501371991331,0.05,0.0125,3,4-5
