,reject,pvals,pvals_corrected,tstats,effectsize,alpha,alpha_corrected,step,dimension_step
0,True,1.8748398442145223e-41,7.499359376858089e-41,22.77913968686685,3.229581574828727,0.05,0.0125,0,1-2
1,True,8.062635681079473e-37,2.418790704323842e-36,19.982896169029335,2.833135674409192,0.05,0.0125,1,2-3
2,False,0.9999999491648406,1.0,-5.7447287949277,-0.8144763377162649,0.05,0.0125,2,3-4
3,False,0.956184983249257,1.0,-1.7250991951572459,-0.24458116733196159,0.05,0.0125,3,4-5
