,reject,pvals,pvals_corrected,tstats,effectsize,alpha,alpha_corrected,step,dimension_step
0,True,2.3547381247091424e-42,9.41895249883657e-42,23.35139161408288,3.3107143263594025,0.05,0.0125,0,1-2
1,True,2.4164351702430584e-33,7.249305510729176e-33,18.0302618656124,2.5562950274233156,0.05,0.0125,1,2-3
2,False,0.9999999999999999,1.0,-9.912167850959708,-1.4053276417864682,0.05,0.0125,2,3-4
3,False,0.9999999927526071,1.0,-6.1775176639871665,-0.8758362914510965,0.05,0.0125,3,4-5
