,reject,pvals,pvals_corrected,tstats,effectsize,alpha,alpha_corrected,step,dimension_step
0,True,1.1931297112607696e-23,4.772518845043078e-23,13.102237786428883,1.8576094762907887,0.05,0.0125,0,1-2
1,True,3.1474029288846038e-21,9.442208786653811e-21,11.958464588925871,1.6954475643302434,0.05,0.0125,1,2-3
2,False,0.9999994641120661,1.0,-5.200766397149331,-0.7373544199698485,0.05,0.0125,2,3-4
3,False,0.9999989765869014,1.0,-5.0464103777458424,-0.7154701274512499,0.05,0.0125,3,4-5
