,reject,pvals,pvals_corrected,tstats,effectsize,alpha,alpha_corrected,step,dimension_step
0,True,3.766966859246099e-58,1.5067867436984395e-57,35.2584127151142,4.998868334263327,0.05,0.0125,0,1-2
1,True,2.6740067584445606e-33,8.022020275333681e-33,18.006278561474453,2.552894721783499,0.05,0.0125,1,2-3
2,False,0.999999992609782,1.0,-6.173245051607009,-0.8752305288802081,0.05,0.0125,2,3-4
3,False,0.9723503709887882,1.0,-1.939399123569401,-0.2749641892459119,0.05,0.0125,3,4-5
