{
  "data": {
    "name": "normal-3-60",
    "n_dimension": 3,
    "distance": "euclidean",
    "subject": null,
    "n_objects": 60,
    "n_train_triplets": 2947,
    "n_test_triplets": 10000,
    "frac_train_ndlogn": 3.998740695467169,
    "frac_train_triplets": 0.028706409507110852,
    "max_train_score": 0.8808958262639973,
    "max_test_score": 0.8756,
    "noise_sd": 0.5,
    "distance_sd": 1.0387324357493646,
    "distance_mean": 2.3753468472886237,
    "difference_sd": 0.9256184685075186,
    "difference_mean": -0.12305448158863912
  },
  "n_repeats": 10,
  "n_splits": 10,
  "embedding_method": "soe",
  "embedding_dimension": [
    1,
    2,
    3,
    4,
    5
  ],
  "random_state": 763160486,
  "alpha": 0.05
}