{
  "data": {
    "name": "normal-3-60",
    "n_dimension": 3,
    "distance": "euclidean",
    "subject": null,
    "n_objects": 60,
    "n_train_triplets": 1473,
    "n_test_triplets": 10000,
    "frac_train_ndlogn": 1.9986919051317067,
    "frac_train_triplets": 0.01434833430742256,
    "max_train_score": 0.890020366598778,
    "max_test_score": 0.8737,
    "noise_sd": 0.5,
    "distance_sd": 1.0352593149873066,
    "distance_mean": 2.2841371325173507,
    "difference_sd": 0.8997816456957054,
    "difference_mean": -0.16691475398582808
  },
  "n_repeats": 10,
  "n_splits": 10,
  "embedding_method": "soe",
  "embedding_dimension": [
    1,
    2,
    3,
    4,
    5
  ],
  "random_state": 318993909,
  "alpha": 0.05
}