,reject,pvals,pvals_corrected,tstats,effectsize,alpha,alpha_corrected,step,dimension_step
0,True,8.126104152691655e-18,3.250441661076662e-17,10.379879442867425,1.4716388704071806,0.05,0.0125,0,1-2
1,True,4.2452223420177175e-11,1.273566702605315e-10,7.269548291336653,1.03066224369151,0.05,0.0125,1,2-3
2,False,0.9999999999994201,1.0,-8.14725382089733,-1.1551016055533074,0.05,0.0125,2,3-4
3,False,0.9999821440991026,1.0,-4.330263589142076,-0.6139362457884167,0.05,0.0125,3,4-5
