,reject,pvals,pvals_corrected,tstats,effectsize,alpha,alpha_corrected,step,dimension_step
0,True,3.660884693939844e-11,1.4643538775759375e-10,7.3002258400657905,1.0350116461491303,0.05,0.0125,0,1-2
1,False,0.6731410476357007,1.0,-0.44996709104534577,-0.0637954482256924,0.05,0.0125,1,2-3
2,False,0.9999319088736294,1.0,-3.970240025450812,-0.562892813780673,0.05,0.0125,2,3-4
3,False,0.9999989868554403,1.0,-5.048835034623363,-0.7158138905294243,0.05,0.0125,3,4-5
