,reject,pvals,pvals_corrected,tstats,effectsize,alpha,alpha_corrected,step,dimension_step
0,True,7.139755433804822e-33,2.8559021735219287e-32,17.774611873516946,2.5200494748947184,0.05,0.0125,0,1-2
1,True,0.00471587981116604,0.01414763943349812,2.6476745384203833,0.3753820830360671,0.05,0.0125,1,2-3
2,False,0.9993054358022833,1.0,-3.289867555551466,-0.4664309445874967,0.05,0.0125,2,3-4
3,False,0.9259878698072915,1.0,-1.457932299981061,-0.206702770960273,0.05,0.0125,3,4-5
