,reject,pvals,pvals_corrected,tstats,effectsize,alpha,alpha_corrected,step,dimension_step
0,True,1.5001863451158204e-46,6.0007453804632816e-46,26.151528905913043,3.7077122783891427,0.05,0.0125,0,1-2
1,True,6.637447448128435e-37,1.9912342344385305e-36,20.031809043131606,2.840070445394581,0.05,0.0125,1,2-3
2,False,0.9999990411260324,1.0,-5.062061534878545,-0.7176891176938738,0.05,0.0125,2,3-4
3,False,0.9999896468886877,1.0,-4.4717586342734945,-0.6339971346967651,0.05,0.0125,3,4-5
