,reject,pvals,pvals_corrected,tstats,effectsize,alpha,alpha_corrected,step,dimension_step
0,True,8.790234796764837e-33,3.516093918705935e-32,17.725760185254277,2.513123378717199,0.05,0.0125,0,1-2
1,True,7.895251080685446e-19,2.368575324205634e-18,10.84553074911863,1.537657995784021,0.05,0.0125,1,2-3
2,False,0.9912658985479438,1.0,-2.417252639800335,-0.3427133199286788,0.05,0.0125,2,3-4
3,False,0.9999989773409026,1.0,-5.04658760747759,-0.7154952547336684,0.05,0.0125,3,4-5
