,reject,pvals,pvals_corrected,tstats,effectsize,alpha,alpha_corrected,step,dimension_step
0,True,2.968701314178536e-13,1.1874805256714144e-12,8.282409729966078,1.1742637442318509,0.05,0.0125,0,1-2
1,True,7.691962014856454e-10,2.3075886044569363e-09,6.66146147181361,0.9444488916850656,0.05,0.0125,1,2-3
2,False,0.9999357934078931,1.0,-3.986456669389981,-0.5651919776293276,0.05,0.0125,2,3-4
3,False,0.9999569010760894,1.0,-4.09543444436478,-0.5806426319983052,0.05,0.0125,3,4-5
