,reject,pvals,pvals_corrected,tstats,effectsize,alpha,alpha_corrected,step,dimension_step
0,True,1.0425059416296593e-24,4.170023766518637e-24,13.610845121771835,1.9297188228958915,0.05,0.0125,0,1-2
1,True,1.9255236802269834e-20,5.77657104068095e-20,11.591769379367564,1.6434582395073112,0.05,0.0125,1,2-3
2,False,0.9970415329927933,1.0,-2.81317336589366,-0.3988461809436633,0.05,0.0125,2,3-4
3,False,0.9999992609208961,1.0,-5.124367674223171,-0.7265227594552495,0.05,0.0125,3,4-5
