,reject,pvals,pvals_corrected,tstats,effectsize,alpha,alpha_corrected,step,dimension_step
0,True,3.466803340190709e-62,1.3867213360762837e-61,38.98882958016452,5.527759492551577,0.05,0.0125,0,1-2
1,True,8.553988685846127e-37,2.5661966057538383e-36,19.96803472845909,2.831028648625916,0.05,0.0125,1,2-3
2,False,0.9309995833371703,1.0,-1.49536244234196,-0.2120095428477851,0.05,0.0125,2,3-4
3,False,0.9993670498841336,1.0,-3.3188111121103443,-0.4705345050492844,0.05,0.0125,3,4-5
