,reject,pvals,pvals_corrected,tstats,effectsize,alpha,alpha_corrected,step,dimension_step
0,True,1.0481790095422175e-52,4.19271603816887e-52,30.710101140980804,4.354017674478736,0.05,0.0125,0,1-2
1,True,1.173222891503632e-24,3.5196686745108965e-24,13.58606262573299,1.9262052094018989,0.05,0.0125,1,2-3
2,False,0.9999994843875076,1.0,-5.209893751771148,-0.7386484783372301,0.05,0.0125,2,3-4
3,False,0.9999726354484373,1.0,-4.217483296458987,-0.5979464779455559,0.05,0.0125,3,4-5
