,reject,pvals,pvals_corrected,tstats,effectsize,alpha,alpha_corrected,step,dimension_step
0,True,0.012254097688406919,0.049016390753627674,2.2839877095316425,0.32381928050124853,0.05,0.0125,0,1-2
1,False,0.9999005736894798,1.0,-3.8647070102563297,-0.5479305506709419,0.05,0.0125,1,2-3
2,False,0.10480279979924959,0.3144083993977488,1.262860717098064,0.17904590601664985,0.05,0.0125,2,3-4
3,False,0.99948304304744,1.0,-3.381306538730781,-0.47939498358793564,0.05,0.0125,3,4-5
