,reject,pvals,pvals_corrected,tstats,effectsize,alpha,alpha_corrected,step,dimension_step
0,True,4.167782855925999e-36,1.6671131423703997e-35,19.57268507389261,2.7749767530076217,0.05,0.0125,0,1-2
1,True,9.167907050357247e-13,2.750372115107174e-12,8.054581634716891,1.1419627254594293,0.05,0.0125,1,2-3
2,False,0.9992925380826886,1.0,-3.2841144252998062,-0.46561527710778666,0.05,0.0125,2,3-4
3,False,0.9999610547229462,1.0,-4.12285446360377,-0.5845301883385804,0.05,0.0125,3,4-5
