,reject,pvals,pvals_corrected,tstats,effectsize,alpha,alpha_corrected,step,dimension_step
0,True,2.003478021034427e-34,8.013912084137709e-34,18.625360649257686,2.6406669612752283,0.05,0.0125,0,1-2
1,True,1.5185916928411241e-22,4.555775078523372e-22,12.577268944050982,1.7831804274325334,0.05,0.0125,1,2-3
2,False,0.9999990594971155,1.0,-5.066704731050912,-0.7183474209051771,0.05,0.0125,2,3-4
3,False,0.9999999956822305,1.0,-6.290484424892008,-0.8918524963912989,0.05,0.0125,3,4-5
