,reject,pvals,pvals_corrected,tstats,effectsize,alpha,alpha_corrected,step,dimension_step
0,True,3.8719932942152726e-08,1.548797317686109e-07,5.806036436776109,0.8231684144685741,0.05,0.0125,0,1-2
1,False,0.03873238027465163,0.1161971408239549,1.784138538225324,0.25295164914926166,0.05,0.0125,1,2-3
2,False,0.9999962863429357,1.0,-4.731140438237579,-0.6707717761645116,0.05,0.0125,2,3-4
3,False,0.9999961672224134,1.0,-4.723274365261822,-0.6696565398255637,0.05,0.0125,3,4-5
