,reject,pvals,pvals_corrected,tstats,effectsize,alpha,alpha_corrected,step,dimension_step
0,True,1.0373797847701287e-19,4.149519139080515e-19,11.252530358532946,1.5953615990629804,0.05,0.0125,0,1-2
1,True,4.114191348113769e-06,1.2342574044341307e-05,4.705595282651508,0.667150034301518,0.05,0.0125,1,2-3
2,False,0.999999354735666,1.0,-5.156697844769024,-0.7311064673801873,0.05,0.0125,2,3-4
3,False,0.9961363502208674,1.0,-2.719273046068227,-0.38553317847967716,0.05,0.0125,3,4-5
