,reject,pvals,pvals_corrected,tstats,effectsize,alpha,alpha_corrected,step,dimension_step
0,True,2.4890298299718443e-16,9.956119319887377e-16,9.698392353677157,1.3750189726855175,0.05,0.0125,0,1-2
1,True,0.008332051907097533,0.024996155721292598,2.435398363401991,0.34528598489370516,0.05,0.0125,1,2-3
2,False,0.9998218969366238,1.0,-3.698500305289936,-0.5243660912861156,0.05,0.0125,2,3-4
3,False,0.9999742384726562,1.0,-4.233540297225825,-0.6002230078995598,0.05,0.0125,3,4-5
