,reject,pvals,pvals_corrected,tstats,effectsize,alpha,alpha_corrected,step,dimension_step
0,True,4.1759549191645e-13,1.6703819676658e-12,8.21357744252745,1.1645048380430771,0.05,0.0125,0,1-2
1,True,1.8120387495313313e-06,5.436116248593994e-06,4.908017524967672,0.6958490612668211,0.05,0.0125,1,2-3
2,False,0.9995023389125455,1.0,-3.3929643101726334,-0.4810477994699103,0.05,0.0125,2,3-4
3,False,0.9099222874755721,1.0,-1.349809492359571,-0.19137333217929747,0.05,0.0125,3,4-5
