,reject,pvals,pvals_corrected,tstats,effectsize,alpha,alpha_corrected,step,dimension_step
0,True,2.994570535688553e-39,1.1978282142754213e-38,21.41987200885167,3.036867279709452,0.05,0.0125,0,1-2
1,True,1.3494726934848363e-32,4.048418080454509e-32,17.625289237726506,2.498878805594521,0.05,0.0125,1,2-3
2,False,0.9997935863014044,1.0,-3.6556733284515395,-0.5182941668322414,0.05,0.0125,2,3-4
3,False,0.9999999356553445,1.0,-5.691419027061921,-0.8069181837901543,0.05,0.0125,3,4-5
