,reject,pvals,pvals_corrected,tstats,effectsize,alpha,alpha_corrected,step,dimension_step
0,True,4.690727154406832e-16,1.8762908617627328e-15,9.572254077692136,1.3571353362707168,0.05,0.0125,0,1-2
1,True,4.181348547301712e-15,1.2544045641905135e-14,9.136427332625074,1.2953446784568194,0.05,0.0125,1,2-3
2,False,0.9198040748233165,1.0,-1.414365840347722,-0.20052600409170368,0.05,0.0125,2,3-4
3,False,0.9999000628743528,1.0,-3.8632659911065823,-0.5477262458131213,0.05,0.0125,3,4-5
