,reject,pvals,pvals_corrected,tstats,effectsize,alpha,alpha_corrected,step,dimension_step
0,True,5.724129604635836e-46,2.2896518418543344e-45,25.74950001633122,3.6507134139811557,0.05,0.0125,0,1-2
1,True,3.1272546460200966e-34,9.38176393806029e-34,18.518158056569728,2.625467988755713,0.05,0.0125,1,2-3
2,False,0.9662659347927129,1.0,-1.8488195909463365,-0.2621220014531611,0.05,0.0125,2,3-4
3,False,0.9999999990617714,1.0,-6.619126153477566,-0.938446673605626,0.05,0.0125,3,4-5
