{
  "data": {
    "name": "normal-3-60",
    "n_dimension": 3,
    "distance": "euclidean",
    "subject": null,
    "n_objects": 60,
    "n_train_triplets": 1473,
    "n_test_triplets": 10000,
    "frac_train_ndlogn": 1.9986919051317067,
    "frac_train_triplets": 0.01434833430742256,
    "max_train_score": 0.6849966055668704,
    "max_test_score": 0.6892,
    "noise_sd": 2.0,
    "distance_sd": 1.0437128059319354,
    "distance_mean": 2.5008362977303853,
    "difference_sd": 0.9594722445020715,
    "difference_mean": -0.06071669176762479
  },
  "n_repeats": 10,
  "n_splits": 10,
  "embedding_method": "soe",
  "embedding_dimension": [
    1,
    2,
    3,
    4,
    5
  ],
  "random_state": 3343246938,
  "alpha": 0.05
}