,reject,pvals,pvals_corrected,tstats,effectsize,alpha,alpha_corrected,step,dimension_step
0,True,6.050795530115112e-50,2.420318212046045e-49,28.594095114293854,4.054014506231135,0.05,0.0125,0,1-2
1,True,1.8827309422706255e-29,5.648192826811876e-29,15.971321482906832,2.2643825138225306,0.05,0.0125,1,2-3
2,False,0.9996750726656624,1.0,-3.521842966150036,-0.4993199615644814,0.05,0.0125,2,3-4
3,False,0.9999999576447967,1.0,-5.785859397132969,-0.8203077535146557,0.05,0.0125,3,4-5
