{
  "data": {
    "name": "normal-3-60",
    "n_dimension": 3,
    "distance": "euclidean",
    "subject": null,
    "n_objects": 60,
    "n_train_triplets": 5895,
    "n_test_triplets": 10000,
    "frac_train_ndlogn": 7.998838276138094,
    "frac_train_triplets": 0.05742255990648743,
    "max_train_score": 0.6897370653095843,
    "max_test_score": 0.6792,
    "noise_sd": 2.0,
    "distance_sd": 1.0370483343621253,
    "distance_mean": 2.3315271719895514,
    "difference_sd": 0.9289678001260676,
    "difference_mean": -0.08349160131858595
  },
  "n_repeats": 10,
  "n_splits": 10,
  "embedding_method": "soe",
  "embedding_dimension": [
    1,
    2,
    3,
    4,
    5
  ],
  "random_state": 1105473544,
  "alpha": 0.05
}