,reject,pvals,pvals_corrected,tstats,effectsize,alpha,alpha_corrected,step,dimension_step
0,True,1.2855688886267076e-24,5.14227555450683e-24,13.566887238628702,1.9234865607727794,0.05,0.0125,0,1-2
1,True,1.3451881528950198e-23,4.0355644586850594e-23,13.077354319656292,1.8540815473649674,0.05,0.0125,1,2-3
2,False,0.9999999998656265,1.0,-7.029604917984381,-0.9966435446434718,0.05,0.0125,2,3-4
3,False,0.9993115576440018,1.0,-3.2926333352737416,-0.4668230713909618,0.05,0.0125,3,4-5
