,reject,pvals,pvals_corrected,tstats,effectsize,alpha,alpha_corrected,step,dimension_step
0,True,1.1774850285688687e-51,4.709940114275475e-51,29.890826091759703,4.237862471075385,0.05,0.0125,0,1-2
1,True,2.7484304278055725e-22,8.245291283416717e-22,12.455619998858788,1.7659332794984712,0.05,0.0125,1,2-3
2,False,0.9999398565891606,1.0,-4.004456035374956,-0.5677438922996252,0.05,0.0125,2,3-4
3,False,0.990879599372612,1.0,-2.400505093292066,-0.34033888575907423,0.05,0.0125,3,4-5
