,reject,pvals,pvals_corrected,tstats,effectsize,alpha,alpha_corrected,step,dimension_step
0,True,2.3622481051569875e-55,7.086744315470962e-55,32.85612693483552,4.658276986209295,0.05,0.0125,0,1-2
1,True,7.1803166442768e-63,2.87212665771072e-62,39.65379606655574,5.622037131735898,0.05,0.0125,1,2-3
2,False,0.9994209746672881,1.0,-3.346397709885288,-0.4744456785664096,0.05,0.0125,2,3-4
3,False,0.9999999815124171,1.0,-5.971114134144808,-0.8465728053791087,0.05,0.0125,3,4-5
