,reject,pvals,pvals_corrected,tstats,effectsize,alpha,alpha_corrected,step,dimension_step
0,True,4.629969167728239e-30,1.8519876670912955e-29,16.285649073023503,2.3089472606679258,0.05,0.0125,0,1-2
1,True,2.952107663313746e-20,8.856322989941238e-20,11.505543994147681,1.6312333741604783,0.05,0.0125,1,2-3
2,False,1.0,1.0,-11.119422014563629,-1.5764897601327716,0.05,0.0125,2,3-4
3,False,0.9986099679772695,1.0,-3.0679602501195253,-0.43496936373788825,0.05,0.0125,3,4-5
