,reject,pvals,pvals_corrected,tstats,effectsize,alpha,alpha_corrected,step,dimension_step
0,True,5.995951959046543e-37,2.3983807836186172e-36,20.05739745895634,2.8436983206090374,0.05,0.0125,0,1-2
1,True,1.0932225596470755e-22,3.2796676789412267e-22,12.644783772459938,1.7927525468740326,0.05,0.0125,1,2-3
2,False,0.9998378643223533,1.0,-3.7256022279432095,-0.5282085485187699,0.05,0.0125,2,3-4
3,False,0.9886183976999677,1.0,-2.3135038386849174,-0.32800401917812844,0.05,0.0125,3,4-5
