,reject,pvals,pvals_corrected,tstats,effectsize,alpha,alpha_corrected,step,dimension_step
0,True,5.875000515821617e-57,2.350000206328647e-56,34.21634685618616,4.851126288513795,0.05,0.0125,0,1-2
1,True,3.450069337115932e-55,1.0350208011347796e-54,32.71925123687356,4.638871019247574,0.05,0.0125,1,2-3
2,False,0.9954870492160015,1.0,-2.663588069340224,-0.37763827211764234,0.05,0.0125,2,3-4
3,False,0.9833491611047122,1.0,-2.158558131477318,-0.30603612188370266,0.05,0.0125,3,4-5
