,reject,pvals,pvals_corrected,tstats,effectsize,alpha,alpha_corrected,step,dimension_step
0,True,1.837992477264601e-18,7.351969909058404e-18,10.676564055540123,1.5137022306479262,0.05,0.0125,0,1-2
1,True,4.687625677190762e-15,1.4062877031572287e-14,9.113630163779183,1.2921125407433218,0.05,0.0125,1,2-3
2,False,1.0,1.0,-10.88846078851641,-1.543744532244644,0.05,0.0125,2,3-4
3,False,0.9999997347641112,1.0,-5.365963504418163,-0.760775740580917,0.05,0.0125,3,4-5
