{
  "data": {
    "name": "normal-3-60",
    "n_dimension": 3,
    "distance": "euclidean",
    "subject": null,
    "n_objects": 60,
    "n_train_triplets": 5895,
    "n_test_triplets": 10000,
    "frac_train_ndlogn": 7.998838276138094,
    "frac_train_triplets": 0.05742255990648743,
    "max_train_score": 0.8882103477523324,
    "max_test_score": 0.8703,
    "noise_sd": 0.5,
    "distance_sd": 1.034537012272756,
    "distance_mean": 2.2647464072839414,
    "difference_sd": 0.9081828868745702,
    "difference_mean": -0.14997029432553516
  },
  "n_repeats": 10,
  "n_splits": 10,
  "embedding_method": "soe",
  "embedding_dimension": [
    1,
    2,
    3,
    4,
    5
  ],
  "random_state": 4095342650,
  "alpha": 0.05
}