,reject,pvals,pvals_corrected,tstats,effectsize,alpha,alpha_corrected,step,dimension_step
0,True,1.715793586615715e-55,6.86317434646286e-55,32.97203835553983,4.6747106792181095,0.05,0.0125,0,1-2
1,True,1.2063919076955786e-40,3.6191757230867356e-40,22.273862663268133,3.1579443932656526,0.05,0.0125,1,2-3
2,False,0.9060090514998093,1.0,-1.3257245833676856,-0.1879586212033397,0.05,0.0125,2,3-4
3,False,0.9999985929484734,1.0,-4.969546395410146,-0.7045725033736185,0.05,0.0125,3,4-5
