,reject,pvals,pvals_corrected,tstats,effectsize,alpha,alpha_corrected,step,dimension_step
0,True,2.360823862914553e-22,9.443295451658212e-22,12.486765813198012,1.7703490717323187,0.05,0.0125,0,1-2
1,True,5.034373682434713e-08,1.5103121047304137e-07,5.746921414120088,0.8147872029483015,0.05,0.0125,1,2-3
2,False,0.9982751543942648,1.0,-2.996685649497468,-0.4248641911946519,0.05,0.0125,2,3-4
3,False,0.9993198488363884,1.0,-3.2964161441158444,-0.4673593905806017,0.05,0.0125,3,4-5
