,reject,pvals,pvals_corrected,tstats,effectsize,alpha,alpha_corrected,step,dimension_step
0,True,2.2918796277177207e-17,9.167518510870883e-17,10.173232470873568,1.442340869586268,0.05,0.0125,0,1-2
1,True,1.7006854812119454e-11,5.102056443635836e-11,7.458513139420896,1.05745330779895,0.05,0.0125,1,2-3
2,False,0.9998582145018947,1.0,-3.764081032579659,-0.5336639976789925,0.05,0.0125,2,3-4
3,False,0.9999950916877693,1.0,-4.661394979638655,-0.6608834023665789,0.05,0.0125,3,4-5
