,reject,pvals,pvals_corrected,tstats,effectsize,alpha,alpha_corrected,step,dimension_step
0,True,2.8193546344681765e-44,1.1277418537872706e-43,24.605488224529818,3.4885176745907547,0.05,0.0125,0,1-2
1,True,2.8434561471748136e-28,8.53036844152444e-28,15.370704504153121,2.179228221132951,0.05,0.0125,1,2-3
2,False,0.9999438544798467,1.0,-4.0233401220985225,-0.5704212409343088,0.05,0.0125,2,3-4
3,False,0.997897962742914,1.0,-2.9303357258995995,-0.4154572296636809,0.05,0.0125,3,4-5
