,reject,pvals,pvals_corrected,tstats,effectsize,alpha,alpha_corrected,step,dimension_step
0,True,7.116609717883031e-16,2.8466438871532125e-15,9.48926511528753,1.345369324578423,0.05,0.0125,0,1-2
1,True,0.006280320255520095,0.018840960766560284,2.542357431988018,0.360450431045525,0.05,0.0125,1,2-3
2,False,0.9999986322843598,1.0,-4.97641786832412,-0.7055467272740805,0.05,0.0125,2,3-4
3,False,0.9999577747577308,1.0,-4.100984843934763,-0.5814295567211248,0.05,0.0125,3,4-5
