,reject,pvals,pvals_corrected,tstats,effectsize,alpha,alpha_corrected,step,dimension_step
0,True,1.8795352128048778e-16,7.518140851219511e-16,9.754295578569701,1.382944821842611,0.05,0.0125,0,1-2
1,True,5.597765676420772e-08,1.6793297029262317e-07,5.7229573209606475,0.8113896210031928,0.05,0.0125,1,2-3
2,False,0.9957573953360335,1.0,-2.6858277446921366,-0.38079136950121556,0.05,0.0125,2,3-4
3,False,0.9930450895605892,1.0,-2.5041179461185576,-0.3550289120288901,0.05,0.0125,3,4-5
