{
  "data": {
    "name": "normal-3-60",
    "n_dimension": 3,
    "distance": "euclidean",
    "subject": null,
    "n_objects": 60,
    "n_train_triplets": 1473,
    "n_test_triplets": 10000,
    "frac_train_ndlogn": 1.9986919051317067,
    "frac_train_triplets": 0.01434833430742256,
    "max_train_score": 0.891378139850645,
    "max_test_score": 0.8903,
    "noise_sd": 0.5,
    "distance_sd": 1.0429541118063053,
    "distance_mean": 2.4820912179088888,
    "difference_sd": 0.9453285862205513,
    "difference_mean": -0.12491248406498807
  },
  "n_repeats": 10,
  "n_splits": 10,
  "embedding_method": "soe",
  "embedding_dimension": [
    1,
    2,
    3,
    4,
    5
  ],
  "random_state": 2031348783,
  "alpha": 0.05
}