,reject,pvals,pvals_corrected,tstats,effectsize,alpha,alpha_corrected,step,dimension_step
0,True,3.671245494728974e-21,1.4684981978915896e-20,11.927213602535945,1.691016861010121,0.05,0.0125,0,1-2
1,True,1.2126181827972232e-10,3.63785454839167e-10,7.051079808569724,0.9996882123486298,0.05,0.0125,1,2-3
2,False,0.999999816653836,1.0,-5.451694624289121,-0.7729305299597411,0.05,0.0125,2,3-4
3,False,0.9864481902524653,1.0,-2.2433371134427977,-0.31805591902495767,0.05,0.0125,3,4-5
