{
  "data": {
    "name": "normal-3-60",
    "n_dimension": 3,
    "distance": "euclidean",
    "subject": null,
    "n_objects": 60,
    "n_train_triplets": 5895,
    "n_test_triplets": 10000,
    "frac_train_ndlogn": 7.998838276138094,
    "frac_train_triplets": 0.05742255990648743,
    "max_train_score": 0.7789652247667515,
    "max_test_score": 0.7866,
    "noise_sd": 1.0,
    "distance_sd": 1.0365902480402978,
    "distance_mean": 2.3194772106955144,
    "difference_sd": 0.9125887628643367,
    "difference_mean": -0.1234956916213139
  },
  "n_repeats": 10,
  "n_splits": 10,
  "embedding_method": "soe",
  "embedding_dimension": [
    1,
    2,
    3,
    4,
    5
  ],
  "random_state": 3948178849,
  "alpha": 0.05
}