,reject,pvals,pvals_corrected,tstats,effectsize,alpha,alpha_corrected,step,dimension_step
0,True,7.512666471603288e-15,3.005066588641315e-14,9.019509348552827,1.2787682768755275,0.05,0.0125,0,1-2
1,True,8.958423115798849e-15,3.005066588641315e-14,8.984369377444528,1.2737862009590781,0.05,0.0125,1,2-3
2,False,0.9998435015032263,1.0,-3.7357796806379735,-0.5296514877233901,0.05,0.0125,2,3-4
3,False,0.9995038102540529,1.0,-3.3938705790112316,-0.48117628848148897,0.05,0.0125,3,4-5
