,reject,pvals,pvals_corrected,tstats,effectsize,alpha,alpha_corrected,step,dimension_step
0,True,1.9291465432848882e-16,7.716586173139553e-16,9.74911006142351,1.3822096294314177,0.05,0.0125,0,1-2
1,True,0.00048339597707885296,0.001450187931236559,3.4018590904667416,0.48230888390702636,0.05,0.0125,1,2-3
2,False,0.9999999999890005,1.0,-7.548105778039508,-1.0701555757028507,0.05,0.0125,2,3-4
3,False,0.9999395392826512,1.0,-4.003009137904913,-0.567538754025127,0.05,0.0125,3,4-5
