,reject,pvals,pvals_corrected,tstats,effectsize,alpha,alpha_corrected,step,dimension_step
0,True,3.807369458967755e-19,1.522947783587102e-18,10.991581822210664,1.5583648293662367,0.05,0.0125,0,1-2
1,True,1.8915388547000934e-11,5.67461656410028e-11,7.436605714090055,1.0543473161691954,0.05,0.0125,1,2-3
2,False,0.9999999999773691,1.0,-7.39962870425403,-1.049104788518885,0.05,0.0125,2,3-4
3,False,0.9989473375477591,1.0,-3.1581457323914726,-0.44775568384770553,0.05,0.0125,3,4-5
