,reject,pvals,pvals_corrected,tstats,effectsize,alpha,alpha_corrected,step,dimension_step
0,True,5.1246470616348686e-39,1.5373941184904606e-38,21.27914732619484,3.0169156112759796,0.05,0.0125,0,1-2
1,True,1.3907942218142838e-42,5.563176887257135e-42,23.498198848553546,3.3315283670130706,0.05,0.0125,1,2-3
2,False,0.9995973228704159,1.0,-3.4573865095713985,-0.49018145205943925,0.05,0.0125,2,3-4
3,False,0.7595326133492434,1.0,-0.7074729175749587,-0.10030411730640197,0.05,0.0125,3,4-5
