,reject,pvals,pvals_corrected,tstats,effectsize,alpha,alpha_corrected,step,dimension_step
0,True,2.699117324506267e-31,1.0796469298025068e-30,16.93131882656647,2.4004890470624667,0.05,0.0125,0,1-2
1,True,4.841504080731845e-05,0.00014524512242195534,4.063822983118916,0.5761608212628492,0.05,0.0125,1,2-3
2,False,0.9999999999999999,1.0,-10.051867262398227,-1.4251339492852706,0.05,0.0125,2,3-4
3,False,0.9970921315199965,1.0,-2.8191671987955704,-0.3996959747712051,0.05,0.0125,3,4-5
