,reject,pvals,pvals_corrected,tstats,effectsize,alpha,alpha_corrected,step,dimension_step
0,True,5.831577945805794e-29,2.3326311783223174e-28,15.719991507441707,2.2287494447460765,0.05,0.0125,0,1-2
1,True,4.294948263635686e-05,0.0001288484479090706,4.096376131964999,0.5807761426121704,0.05,0.0125,1,2-3
2,False,0.999992514046713,1.0,-4.554704361293477,-0.6457570165613534,0.05,0.0125,2,3-4
3,False,0.9425816034792633,1.0,-1.590827231092793,-0.2255443526357228,0.05,0.0125,3,4-5
