,reject,pvals,pvals_corrected,tstats,effectsize,alpha,alpha_corrected,step,dimension_step
0,True,3.229217506116024e-14,1.2916870024464096e-13,8.728003123056427,1.2374390981728822,0.05,0.0125,0,1-2
1,False,0.049438211337537695,0.14831463401261308,1.665991023569208,0.23620092714261848,0.05,0.0125,1,2-3
2,False,0.9999860661273581,1.0,-4.394981090642286,-0.6231117657284666,0.05,0.0125,2,3-4
3,False,0.9999995940731683,1.0,-5.266316091030592,-0.7466479265071755,0.05,0.0125,3,4-5
