,reject,pvals,pvals_corrected,tstats,effectsize,alpha,alpha_corrected,step,dimension_step
0,True,3.933691709995774e-47,1.1801075129987323e-46,26.55809240354318,3.765354050598004,0.05,0.0125,0,1-2
1,True,7.817368652992443e-51,3.126947461196977e-50,29.26201217106133,4.148710471474007,0.05,0.0125,1,2-3
2,False,0.9999999219167927,1.0,-5.647472874352009,-0.8006875847847682,0.05,0.0125,2,3-4
3,False,0.9998773576276416,1.0,-3.8054113136830305,-0.5395237235584074,0.05,0.0125,3,4-5
