{
  "data": {
    "name": "normal-3-60",
    "n_dimension": 3,
    "distance": "euclidean",
    "subject": null,
    "n_objects": 60,
    "n_train_triplets": 5895,
    "n_test_triplets": 10000,
    "frac_train_ndlogn": 7.998838276138094,
    "frac_train_triplets": 0.05742255990648743,
    "max_train_score": 0.6843087362171332,
    "max_test_score": 0.6788,
    "noise_sd": 2.0,
    "distance_sd": 1.0437777041078231,
    "distance_mean": 2.502433849934222,
    "difference_sd": 0.9592926638561201,
    "difference_mean": -0.06554388329973584
  },
  "n_repeats": 10,
  "n_splits": 10,
  "embedding_method": "soe",
  "embedding_dimension": [
    1,
    2,
    3,
    4,
    5
  ],
  "random_state": 1124107713,
  "alpha": 0.05
}