,reject,pvals,pvals_corrected,tstats,effectsize,alpha,alpha_corrected,step,dimension_step
0,True,1.0419253538129668e-61,4.167701415251867e-61,38.529916208885055,5.4626956583286725,0.05,0.0125,0,1-2
1,True,1.0736358073013954e-43,3.220907421904186e-43,24.221612825261655,3.4340925762969303,0.05,0.0125,1,2-3
2,False,0.999999999807958,1.0,-6.954760776000646,-0.9860322895540667,0.05,0.0125,2,3-4
3,False,0.9999999978317446,1.0,-6.4395393535061975,-0.9129852106951379,0.05,0.0125,3,4-5
