{
  "data": {
    "name": "normal-3-60",
    "n_dimension": 3,
    "distance": "euclidean",
    "subject": null,
    "n_objects": 60,
    "n_train_triplets": 2947,
    "n_test_triplets": 10000,
    "frac_train_ndlogn": 3.998740695467169,
    "frac_train_triplets": 0.028706409507110852,
    "max_train_score": 0.8730912792670512,
    "max_test_score": 0.8731,
    "noise_sd": 0.5,
    "distance_sd": 1.0348863454005255,
    "distance_mean": 2.2741434561663523,
    "difference_sd": 0.9047929541927932,
    "difference_mean": -0.14755154865396386
  },
  "n_repeats": 10,
  "n_splits": 10,
  "embedding_method": "soe",
  "embedding_dimension": [
    1,
    2,
    3,
    4,
    5
  ],
  "random_state": 1558448028,
  "alpha": 0.05
}