,reject,pvals,pvals_corrected,tstats,effectsize,alpha,alpha_corrected,step,dimension_step
0,True,6.372658925077253e-35,1.9117976775231759e-34,18.902741521359733,2.6799934751851096,0.05,0.0125,0,1-2
1,True,2.5538412188119174e-43,1.021536487524767e-42,23.975136258330274,3.399147613926487,0.05,0.0125,1,2-3
2,False,0.9980599769112452,1.0,-2.957367410936435,-0.41928972874536796,0.05,0.0125,2,3-4
3,False,0.9999999488876608,1.0,-5.7435012468571935,-0.8143022983677548,0.05,0.0125,3,4-5
