,reject,pvals,pvals_corrected,tstats,effectsize,alpha,alpha_corrected,step,dimension_step
0,True,4.292837705233161e-61,1.7171350820932643e-60,37.94641257909184,5.379967662560144,0.05,0.0125,0,1-2
1,True,1.5056267548426403e-52,4.516880264527921e-52,30.586298551394922,4.336465187082859,0.05,0.0125,1,2-3
2,False,0.9995328495009626,1.0,-3.412294338792267,-0.48378837286860066,0.05,0.0125,2,3-4
3,False,0.9967593838737067,1.0,-2.7813762114100595,-0.3943380429865734,0.05,0.0125,3,4-5
