,reject,pvals,pvals_corrected,tstats,effectsize,alpha,alpha_corrected,step,dimension_step
0,True,3.954578464638616e-06,1.5818313858554465e-05,4.715472912211132,0.6685504651723614,0.05,0.0125,0,1-2
1,False,0.7656506333329434,1.0,-0.7273982747369346,-0.10312909521368001,0.05,0.0125,1,2-3
2,False,0.6543649876496467,1.0,-0.39829552893598863,-0.05646955588625475,0.05,0.0125,2,3-4
3,False,0.9551517525498874,1.0,-1.713791759499522,-0.24297802136768265,0.05,0.0125,3,4-5
