{
  "data": {
    "name": "normal-3-60",
    "n_dimension": 3,
    "distance": "euclidean",
    "subject": null,
    "n_objects": 60,
    "n_train_triplets": 5895,
    "n_test_triplets": 10000,
    "frac_train_ndlogn": 7.998838276138094,
    "frac_train_triplets": 0.05742255990648743,
    "max_train_score": 0.6804071246819339,
    "max_test_score": 0.6813,
    "noise_sd": 2.0,
    "distance_sd": 1.036608423217482,
    "distance_mean": 2.3199563994553754,
    "difference_sd": 0.9232765995813312,
    "difference_mean": -0.08596404448972181
  },
  "n_repeats": 10,
  "n_splits": 10,
  "embedding_method": "soe",
  "embedding_dimension": [
    1,
    2,
    3,
    4,
    5
  ],
  "random_state": 855349163,
  "alpha": 0.05
}