,reject,pvals,pvals_corrected,tstats,effectsize,alpha,alpha_corrected,step,dimension_step
0,False,0.3611496981700083,0.7222993963400166,0.3564000921023474,0.05052970334014049,0.05,0.0125,0,1-2
1,True,6.329825760145831e-07,2.5319303040583323e-06,5.161266338053012,0.7317541793630591,0.05,0.0125,1,2-3
2,False,0.05194601881455339,0.15583805644366017,1.6413787274097114,0.2327114442524123,0.05,0.0125,2,3-4
3,False,0.9955356559093057,0.9955356559093057,-2.667495913942729,-0.3781923186312084,0.05,0.0125,3,4-5
