{
  "data": {
    "name": "normal-3-60",
    "n_dimension": 3,
    "distance": "euclidean",
    "subject": null,
    "n_objects": 60,
    "n_train_triplets": 2947,
    "n_test_triplets": 10000,
    "frac_train_ndlogn": 3.998740695467169,
    "frac_train_triplets": 0.028706409507110852,
    "max_train_score": 0.7801153715643027,
    "max_test_score": 0.7863,
    "noise_sd": 1.0,
    "distance_sd": 1.0361763445003915,
    "distance_mean": 2.308539999775354,
    "difference_sd": 0.9111711172989634,
    "difference_mean": -0.12692863585771252
  },
  "n_repeats": 10,
  "n_splits": 10,
  "embedding_method": "soe",
  "embedding_dimension": [
    1,
    2,
    3,
    4,
    5
  ],
  "random_state": 2862351720,
  "alpha": 0.05
}