,reject,pvals,pvals_corrected,tstats,effectsize,alpha,alpha_corrected,step,dimension_step
0,True,7.344767836374669e-06,2.2034303509124008e-05,4.559547663272132,0.6464436903798828,0.05,0.0125,0,1-2
1,True,1.7038358735326083e-15,6.815343494130433e-15,9.315383141383142,1.3207166806754478,0.05,0.0125,1,2-3
2,False,0.9999997947052365,1.0,-5.425511675037412,-0.7692183629665887,0.05,0.0125,2,3-4
3,False,0.9999999943258473,1.0,-6.230996785565697,-0.8834184560131596,0.05,0.0125,3,4-5
