,reject,pvals,pvals_corrected,tstats,effectsize,alpha,alpha_corrected,step,dimension_step
0,True,2.372222040435218e-40,9.488888161740872e-40,22.09222558007448,3.1321922452367232,0.05,0.0125,0,1-2
1,True,2.443813198528214e-28,7.331439595584641e-28,15.403952316774825,2.183942030544652,0.05,0.0125,1,2-3
2,False,0.9999999999935938,1.0,-7.658901543195752,-1.0858639811403026,0.05,0.0125,2,3-4
3,False,0.9999997203447463,1.0,-5.3536176377794,-0.7590253679167189,0.05,0.0125,3,4-5
