{
  "data": {
    "name": "normal-3-60",
    "n_dimension": 3,
    "distance": "euclidean",
    "subject": null,
    "n_objects": 60,
    "n_train_triplets": 5895,
    "n_test_triplets": 10000,
    "frac_train_ndlogn": 7.998838276138094,
    "frac_train_triplets": 0.05742255990648743,
    "max_train_score": 0.6797285835453775,
    "max_test_score": 0.6857,
    "noise_sd": 2.0,
    "distance_sd": 1.0411996571063895,
    "distance_mean": 2.4382453044931016,
    "difference_sd": 0.9568109213685974,
    "difference_mean": -0.0695804482689909
  },
  "n_repeats": 10,
  "n_splits": 10,
  "embedding_method": "soe",
  "embedding_dimension": [
    1,
    2,
    3,
    4,
    5
  ],
  "random_state": 2181309858,
  "alpha": 0.05
}