,reject,pvals,pvals_corrected,tstats,effectsize,alpha,alpha_corrected,step,dimension_step
0,True,1.0827029749289303e-26,4.3308118997157213e-26,14.580508326229241,2.0671957628485678,0.05,0.0125,0,1-2
1,True,4.155008429874829e-17,1.2465025289624485e-16,10.0547431342455,1.4255416847334568,0.05,0.0125,1,2-3
2,False,0.9999999147451875,1.0,-5.627467094040969,-0.7978512046417615,0.05,0.0125,2,3-4
3,False,0.9939307659954879,1.0,-2.555082686080332,-0.3622545925159095,0.05,0.0125,3,4-5
