,reject,pvals,pvals_corrected,tstats,effectsize,alpha,alpha_corrected,step,dimension_step
0,True,1.6648129548979622e-40,6.659251819591849e-40,22.187222673528492,3.1456607461063255,0.05,0.0125,0,1-2
1,True,1.0525288826307604e-37,3.157586647892281e-37,20.498527137394905,2.906240817875371,0.05,0.0125,1,2-3
2,False,0.999999999993066,1.0,-7.6426978655018685,-1.0835666556203754,0.05,0.0125,2,3-4
3,False,0.9999898098501501,1.0,-4.47583777901188,-0.6345754678063226,0.05,0.0125,3,4-5
