{
  "data": {
    "name": "normal-3-60",
    "n_dimension": 3,
    "distance": "euclidean",
    "subject": null,
    "n_objects": 60,
    "n_train_triplets": 2947,
    "n_test_triplets": 10000,
    "frac_train_ndlogn": 3.998740695467169,
    "frac_train_triplets": 0.028706409507110852,
    "max_train_score": 0.8788598574821853,
    "max_test_score": 0.8749,
    "noise_sd": 0.5,
    "distance_sd": 1.037345150913294,
    "distance_mean": 2.339304618601329,
    "difference_sd": 0.9229623583905445,
    "difference_mean": -0.14053495997756557
  },
  "n_repeats": 10,
  "n_splits": 10,
  "embedding_method": "soe",
  "embedding_dimension": [
    1,
    2,
    3,
    4,
    5
  ],
  "random_state": 4157949989,
  "alpha": 0.05
}