,reject,pvals,pvals_corrected,tstats,effectsize,alpha,alpha_corrected,step,dimension_step
0,True,0.0005847105693121373,0.0017541317079364117,3.343378152440781,0.4740175716571509,0.05,0.0125,0,1-2
1,True,8.196237302295202e-06,3.278494920918081e-05,4.531605436638901,0.6424820965034292,0.05,0.0125,1,2-3
2,False,0.9957329820749531,1.0,-2.683767389944826,-0.3804992564617859,0.05,0.0125,2,3-4
3,False,0.9999830902616831,1.0,-4.344519646351078,-0.6159574415106783,0.05,0.0125,3,4-5
