,reject,pvals,pvals_corrected,tstats,effectsize,alpha,alpha_corrected,step,dimension_step
0,True,1.1622405287234752e-40,4.648962114893901e-40,22.283906880982276,3.1593684426770476,0.05,0.0125,0,1-2
1,True,1.7809259637963943e-24,5.342777891389183e-24,13.498611137535418,1.91380650958897,0.05,0.0125,1,2-3
2,False,0.9935504394197969,1.0,-2.5324295820736062,-0.35904288003165885,0.05,0.0125,2,3-4
3,False,0.9999983679116639,1.0,-4.933508394444759,-0.6994631065521674,0.05,0.0125,3,4-5
