,reject,pvals,pvals_corrected,tstats,effectsize,alpha,alpha_corrected,step,dimension_step
0,True,3.3456954609842693e-43,1.3382781843937077e-42,23.898682958319995,3.3883082155803588,0.05,0.0125,0,1-2
1,True,2.0481172778441958e-27,6.144351833532588e-27,14.939978173103016,2.118160689976144,0.05,0.0125,1,2-3
2,False,0.9999996290887228,1.0,-5.287517464781559,-0.7496538155340846,0.05,0.0125,2,3-4
3,False,0.9997520747075644,1.0,-3.6020153281456038,-0.5106866411964021,0.05,0.0125,3,4-5
