,reject,pvals,pvals_corrected,tstats,effectsize,alpha,alpha_corrected,step,dimension_step
0,True,1.5139608502711187e-57,6.055843401084475e-57,34.72740788838992,4.923583515428725,0.05,0.0125,0,1-2
1,True,2.9363420733023074e-55,8.809026219906922e-55,32.77745482736207,4.647123009709661,0.05,0.0125,1,2-3
2,False,0.9999972659253772,1.0,-4.807060724857361,-0.6815356049215883,0.05,0.0125,2,3-4
3,False,0.9998752277370766,1.0,-3.8005202161263933,-0.5388302733769367,0.05,0.0125,3,4-5
