{
  "data": {
    "name": "normal-3-60",
    "n_dimension": 3,
    "distance": "euclidean",
    "subject": null,
    "n_objects": 60,
    "n_train_triplets": 5895,
    "n_test_triplets": 10000,
    "frac_train_ndlogn": 7.998838276138094,
    "frac_train_triplets": 0.05742255990648743,
    "max_train_score": 0.6700593723494487,
    "max_test_score": 0.6692,
    "noise_sd": 2.0,
    "distance_sd": 1.0309514132176347,
    "distance_mean": 2.1661305366584385,
    "difference_sd": 0.8795657171761614,
    "difference_mean": -0.0965895524143896
  },
  "n_repeats": 10,
  "n_splits": 10,
  "embedding_method": "soe",
  "embedding_dimension": [
    1,
    2,
    3,
    4,
    5
  ],
  "random_state": 3292742914,
  "alpha": 0.05
}