,reject,pvals,pvals_corrected,tstats,effectsize,alpha,alpha_corrected,step,dimension_step
0,True,3.2152593650698693e-16,1.2861037460279477e-15,9.647434321532394,1.367794243219587,0.05,0.0125,0,1-2
1,True,2.6613680593782104e-15,7.984104178134632e-15,9.22651007917903,1.308116432898817,0.05,0.0125,1,2-3
2,False,0.9983582177210766,1.0,-3.0130873554476283,-0.4271895927708552,0.05,0.0125,2,3-4
3,False,0.9999920813957037,1.0,-4.540394689719562,-0.643728219499996,0.05,0.0125,3,4-5
