,reject,pvals,pvals_corrected,tstats,effectsize,alpha,alpha_corrected,step,dimension_step
0,True,1.1026175125817508e-36,4.4104700503270034e-36,19.904332657148903,2.821997094378921,0.05,0.0125,0,1-2
1,True,1.4335275583368015e-32,4.3005826750104047e-32,17.6111507456002,2.4968742780182094,0.05,0.0125,1,2-3
2,False,0.9999999999699503,1.0,-7.341072339334915,-1.0408027823926065,0.05,0.0125,2,3-4
3,False,0.9999479352840139,1.0,-4.0439932362902775,-0.5733493988003839,0.05,0.0125,3,4-5
