{
  "data": {
    "name": "normal-3-60",
    "n_dimension": 3,
    "distance": "euclidean",
    "subject": null,
    "n_objects": 60,
    "n_train_triplets": 2947,
    "n_test_triplets": 10000,
    "frac_train_ndlogn": 3.998740695467169,
    "frac_train_triplets": 0.028706409507110852,
    "max_train_score": 0.6705123854767561,
    "max_test_score": 0.6834,
    "noise_sd": 2.0,
    "distance_sd": 1.0446867249886063,
    "distance_mean": 2.5247146733861014,
    "difference_sd": 0.9584690564480234,
    "difference_mean": -0.051356342671503324
  },
  "n_repeats": 10,
  "n_splits": 10,
  "embedding_method": "soe",
  "embedding_dimension": [
    1,
    2,
    3,
    4,
    5
  ],
  "random_state": 2761784568,
  "alpha": 0.05
}