,reject,pvals,pvals_corrected,tstats,effectsize,alpha,alpha_corrected,step,dimension_step
0,True,8.580171309846578e-47,3.4320685239386313e-46,26.320651448708983,3.7316901395204325,0.05,0.0125,0,1-2
1,True,2.812072032988959e-32,8.436216098966878e-32,17.453894228028933,2.47457875858019,0.05,0.0125,1,2-3
2,False,0.9999801667879509,1.0,-4.302683946972502,-0.6100260584233258,0.05,0.0125,2,3-4
3,False,0.9993475504949506,1.0,-3.3093758258723267,-0.469196788743646,0.05,0.0125,3,4-5
