,reject,pvals,pvals_corrected,tstats,effectsize,alpha,alpha_corrected,step,dimension_step
0,False,0.1058876462558163,0.4235505850232652,1.2568221927336625,0.17818977592154936,0.05,0.0125,0,1-2
1,False,0.8853808422991358,1.0,-1.2097953712658758,-0.1715224057652178,0.05,0.0125,1,2-3
2,False,0.3496837718383954,1.0,0.38729721888784396,0.05491023714226283,0.05,0.0125,2,3-4
3,False,0.4582439649714855,1.0,0.10512675720267052,0.014904664651535681,0.05,0.0125,3,4-5
