,reject,pvals,pvals_corrected,tstats,effectsize,alpha,alpha_corrected,step,dimension_step
0,True,3.812381801697667e-45,1.5249527206790669e-44,25.188101078505184,3.5711193779176824,0.05,0.0125,0,1-2
1,True,3.197406223395045e-29,9.592218670185135e-29,15.853365656833303,2.24765896904571,0.05,0.0125,1,2-3
2,False,0.999999999968174,1.0,-7.329197624599127,-1.0391192087175585,0.05,0.0125,2,3-4
3,False,0.9908573534839552,1.0,-2.399559980943529,-0.34020488959113565,0.05,0.0125,3,4-5
