,reject,pvals,pvals_corrected,tstats,effectsize,alpha,alpha_corrected,step,dimension_step
0,True,2.1784077898576484e-45,6.535223369572945e-45,25.352852794245813,3.594477551794816,0.05,0.0125,0,1-2
1,True,1.4256408901819256e-50,5.702563560727702e-50,29.064635984574977,4.120726864369047,0.05,0.0125,1,2-3
2,False,0.9999999728301912,1.0,-5.885390188963584,-0.8344190332136687,0.05,0.0125,2,3-4
3,False,0.9999991710084922,1.0,-5.096942254255554,-0.7226344374103031,0.05,0.0125,3,4-5
