,reject,pvals,pvals_corrected,tstats,effectsize,alpha,alpha_corrected,step,dimension_step
0,True,1.6070565482014176e-16,6.42822619280567e-16,9.785468660484524,1.3873644800196396,0.05,0.0125,0,1-2
1,False,0.07376039017012086,0.22128117051036256,1.4597646198264311,0.20696255366028482,0.05,0.0125,1,2-3
2,False,0.9999996955246421,1.0,-5.333757505179102,-0.7562096374193746,0.05,0.0125,2,3-4
3,False,0.94698920387568,1.0,-1.6312181196832503,-0.23127089329423192,0.05,0.0125,3,4-5
