,reject,pvals,pvals_corrected,tstats,effectsize,alpha,alpha_corrected,step,dimension_step
0,True,1.8192358710894152e-23,7.276943484357661e-23,13.014789298307612,1.845211201822771,0.05,0.0125,0,1-2
1,True,3.796083386209667e-13,1.1388250158629e-12,8.232825805463893,1.1672338330419967,0.05,0.0125,1,2-3
2,False,0.9999999979659215,1.0,-6.453297209179757,-0.9149357723846164,0.05,0.0125,2,3-4
3,False,0.999943661205076,1.0,-4.022397992189375,-0.5702876676107547,0.05,0.0125,3,4-5
