,reject,pvals,pvals_corrected,tstats,effectsize,alpha,alpha_corrected,step,dimension_step
0,True,2.952332800694047e-23,1.1809331202776188e-22,12.914614512863784,1.8310086179772393,0.05,0.0125,0,1-2
1,True,6.973495211327216e-16,2.0920485633981647e-15,9.493309980773562,1.3459427976430745,0.05,0.0125,1,2-3
2,False,0.872042516437312,1.0,-1.1427100901325138,-0.16201118669071413,0.05,0.0125,2,3-4
3,False,0.9999999996171871,1.0,-6.809464492024394,-0.9654324684865782,0.05,0.0125,3,4-5
