,reject,pvals,pvals_corrected,tstats,effectsize,alpha,alpha_corrected,step,dimension_step
0,True,3.571661566027915e-16,1.428664626411166e-15,9.626509569057504,1.364827573012559,0.05,0.0125,0,1-2
1,True,1.8575183435871249e-06,5.5725550307613746e-06,4.901965619025579,0.6949910339579825,0.05,0.0125,1,2-3
2,False,0.999999999620182,1.0,-6.811124303781726,-0.9656677933295201,0.05,0.0125,2,3-4
3,False,0.9997882578044405,1.0,-3.6482410415482436,-0.5172404318285633,0.05,0.0125,3,4-5
