,reject,pvals,pvals_corrected,tstats,effectsize,alpha,alpha_corrected,step,dimension_step
0,True,3.4372133892327775e-27,1.374885355693111e-26,14.827846479562895,2.1022628792427427,0.05,0.0125,0,1-2
1,False,0.9050673229328268,1.0,-1.3200411726078005,-0.18715283841590236,0.05,0.0125,1,2-3
2,False,0.9999999765434215,1.0,-5.918173147032229,-0.8390669364620923,0.05,0.0125,2,3-4
3,False,0.999991319433474,1.0,-4.51694038599549,-0.6404029144973065,0.05,0.0125,3,4-5
