,reject,pvals,pvals_corrected,tstats,effectsize,alpha,alpha_corrected,step,dimension_step
0,True,9.017803687274318e-40,3.607121474909727e-39,21.73642090323688,3.0817469587005024,0.05,0.0125,0,1-2
1,True,1.5786942873516324e-30,4.736082862054897e-30,16.52866506393253,2.3434015893834665,0.05,0.0125,1,2-3
2,False,0.9999998896530392,1.0,-5.568538853721438,-0.7894964747533996,0.05,0.0125,2,3-4
3,False,0.9999999806794535,1.0,-5.961328380852743,-0.845185400544584,0.05,0.0125,3,4-5
