,reject,pvals,pvals_corrected,tstats,effectsize,alpha,alpha_corrected,step,dimension_step
0,True,9.900140546808546e-12,2.970042164042564e-11,7.569717850202892,1.0732196927420459,0.05,0.0125,0,1-2
1,True,5.081509233108217e-13,2.032603693243287e-12,8.17394372421663,1.158885647496018,0.05,0.0125,1,2-3
2,False,0.9989866174857621,1.0,-3.170346372993804,-0.44948546665039474,0.05,0.0125,2,3-4
3,False,0.9999998171488704,1.0,-5.452319945472666,-0.7730191867659457,0.05,0.0125,3,4-5
