,reject,pvals,pvals_corrected,tstats,effectsize,alpha,alpha_corrected,step,dimension_step
0,True,7.210785640717867e-36,2.16323569221536e-35,19.43692349271828,2.75572874333046,0.05,0.0125,0,1-2
1,True,2.991355253617649e-40,1.1965421014470595e-39,22.030161901441005,3.1233929790775923,0.05,0.0125,1,2-3
2,False,1.0,1.0,-10.09332753277906,-1.4310121047885072,0.05,0.0125,2,3-4
3,False,0.9998733921606192,1.0,-3.7963683431467286,-0.5382416290005256,0.05,0.0125,3,4-5
