{
  "data": {
    "name": "normal-3-60",
    "n_dimension": 3,
    "distance": "euclidean",
    "subject": null,
    "n_objects": 60,
    "n_train_triplets": 1473,
    "n_test_triplets": 10000,
    "frac_train_ndlogn": 1.9986919051317067,
    "frac_train_triplets": 0.01434833430742256,
    "max_train_score": 0.8893414799728445,
    "max_test_score": 0.8841,
    "noise_sd": 0.5,
    "distance_sd": 1.03980223912608,
    "distance_mean": 2.4028038676384504,
    "difference_sd": 0.9343144750514103,
    "difference_mean": -0.12992793465903013
  },
  "n_repeats": 10,
  "n_splits": 10,
  "embedding_method": "soe",
  "embedding_dimension": [
    1,
    2,
    3,
    4,
    5
  ],
  "random_state": 1389492592,
  "alpha": 0.05
}