{
  "data": {
    "name": "normal-3-60",
    "n_dimension": 3,
    "distance": "euclidean",
    "subject": null,
    "n_objects": 60,
    "n_train_triplets": 1473,
    "n_test_triplets": 10000,
    "frac_train_ndlogn": 1.9986919051317067,
    "frac_train_triplets": 0.01434833430742256,
    "max_train_score": 0.8906992532247114,
    "max_test_score": 0.8831,
    "noise_sd": 0.5,
    "distance_sd": 1.042163009754284,
    "distance_mean": 2.462408156346079,
    "difference_sd": 0.9439126547646545,
    "difference_mean": -0.13595965691759393
  },
  "n_repeats": 10,
  "n_splits": 10,
  "embedding_method": "soe",
  "embedding_dimension": [
    1,
    2,
    3,
    4,
    5
  ],
  "random_state": 3729847526,
  "alpha": 0.05
}