,reject,pvals,pvals_corrected,tstats,effectsize,alpha,alpha_corrected,step,dimension_step
0,True,0.00023282671317113434,0.0009313068526845374,3.620472623806192,0.5133034802344878,0.05,0.0125,0,1-2
1,False,0.9867914613501515,1.0,-2.253745904459275,-0.31953165692134705,0.05,0.0125,1,2-3
2,False,0.7338628767876296,1.0,-0.6267370130632863,-0.08885753972611003,0.05,0.0125,2,3-4
3,False,0.65062807780252,1.0,-0.38814265274488835,-0.05503010108993514,0.05,0.0125,3,4-5
