,reject,pvals,pvals_corrected,tstats,effectsize,alpha,alpha_corrected,step,dimension_step
0,True,3.030424695397824e-25,1.2121698781591295e-24,13.870909713172722,1.9665902686220837,0.05,0.0125,0,1-2
1,True,2.1177227857905842e-16,6.353168357371752e-16,9.730547223621649,1.3795778268363448,0.05,0.0125,1,2-3
2,False,0.9999999994975287,1.0,-6.751903198848407,-0.957271541672838,0.05,0.0125,2,3-4
3,False,0.9997552954289997,1.0,-3.6058614586448123,-0.511231938005912,0.05,0.0125,3,4-5
