,reject,pvals,pvals_corrected,tstats,effectsize,alpha,alpha_corrected,step,dimension_step
0,True,4.005505141029552e-22,1.6022020564118208e-21,12.378531683263708,1.7550038498930154,0.05,0.0125,0,1-2
1,True,0.004485903370211477,0.013457710110634432,2.6657578708960776,0.3779459023100969,0.05,0.0125,1,2-3
2,False,0.9999801344779239,1.0,-4.302255659074015,-0.6099653366083367,0.05,0.0125,2,3-4
3,False,0.9999993608561,1.0,-5.158963772246415,-0.7314277261165345,0.05,0.0125,3,4-5
