,reject,pvals,pvals_corrected,tstats,effectsize,alpha,alpha_corrected,step,dimension_step
0,True,2.811693834622886e-26,8.435081503868658e-26,14.375975775568836,2.038197540521216,0.05,0.0125,0,1-2
1,True,7.054082604126187e-29,2.8216330416504746e-28,15.677854944453912,2.222775405808581,0.05,0.0125,1,2-3
2,False,1.0,1.0,-10.294983686552998,-1.4596025172286495,0.05,0.0125,2,3-4
3,False,0.999612389994577,1.0,-3.468902126126803,-0.49181411350150284,0.05,0.0125,3,4-5
