,reject,pvals,pvals_corrected,tstats,effectsize,alpha,alpha_corrected,step,dimension_step
0,True,2.3848649553610646e-30,9.539459821444259e-30,16.435287338806862,2.3301626793670738,0.05,0.0125,0,1-2
1,True,1.3681728007962719e-11,4.104518402388816e-11,7.503274813020719,1.0637995297504241,0.05,0.0125,1,2-3
2,False,0.999995812450587,1.0,-4.701179628643413,-0.666523991570256,0.05,0.0125,2,3-4
3,False,0.9999998892718291,1.0,-5.567749148951546,-0.7893845119659785,0.05,0.0125,3,4-5
