,reject,pvals,pvals_corrected,tstats,effectsize,alpha,alpha_corrected,step,dimension_step
0,True,2.4070366690335396e-07,7.221110007100619e-07,5.3885615073787285,0.7639796409473318,0.05,0.0125,0,1-2
1,True,3.109048141832993e-20,1.2436192567331973e-19,11.495099324967224,1.6297525495286405,0.05,0.0125,1,2-3
2,False,0.9999999992412646,1.0,-6.6643762711491945,-0.9448621461959001,0.05,0.0125,2,3-4
3,False,0.8393554273101469,1.0,-0.9968054203953902,-0.14132510988790326,0.05,0.0125,3,4-5
