,reject,pvals,pvals_corrected,tstats,effectsize,alpha,alpha_corrected,step,dimension_step
0,True,1.1031672910578644e-54,4.4126691642314575e-54,32.30217325816008,4.579738524612737,0.05,0.0125,0,1-2
1,True,5.297881509599075e-51,1.5893644528797225e-50,29.390375420145617,4.16690956019406,0.05,0.0125,1,2-3
2,False,0.9984645686754109,1.0,-3.0352461036890195,-0.43033121646803657,0.05,0.0125,2,3-4
3,False,0.9999992742229512,1.0,-5.128699397009836,-0.7271369025831896,0.05,0.0125,3,4-5
