,reject,pvals,pvals_corrected,tstats,effectsize,alpha,alpha_corrected,step,dimension_step
0,True,6.824534580613437e-38,2.7298138322453746e-37,20.609300957641445,2.9219461120067325,0.05,0.0125,0,1-2
1,True,6.928653612336835e-20,2.0785960837010505e-19,11.333697232119356,1.606869278590151,0.05,0.0125,1,2-3
2,False,0.9999999999999962,1.0,-9.157694608997813,-1.2983599110276873,0.05,0.0125,2,3-4
3,False,0.999996375355118,1.0,-4.73717986917182,-0.6716280347912991,0.05,0.0125,3,4-5
