,reject,pvals,pvals_corrected,tstats,effectsize,alpha,alpha_corrected,step,dimension_step
0,True,2.076764316678827e-70,8.307057266715308e-70,47.686914880377216,6.760956900707043,0.05,0.0125,0,1-2
1,True,8.183799494119645e-32,2.455139848235894e-31,17.206062421952268,2.4394416530720666,0.05,0.0125,1,2-3
2,False,0.9999999358330794,1.0,-5.692046040662975,-0.8070070805439811,0.05,0.0125,2,3-4
3,False,0.999997357034416,1.0,-4.815422442347259,-0.6827211127638738,0.05,0.0125,3,4-5
