,reject,pvals,pvals_corrected,tstats,effectsize,alpha,alpha_corrected,step,dimension_step
0,True,3.3944130808279573e-57,1.357765232331183e-56,34.42232884537443,4.88033000938182,0.05,0.0125,0,1-2
1,True,1.5346047034252544e-47,4.603814110275763e-47,26.846837549885546,3.8062917689344946,0.05,0.0125,1,2-3
2,False,0.9999757513730864,1.0,-4.249601845448922,-0.6025001825829586,0.05,0.0125,2,3-4
3,False,0.9999999994140171,1.0,-6.719293260658245,-0.9526481688421261,0.05,0.0125,3,4-5
