,reject,pvals,pvals_corrected,tstats,effectsize,alpha,alpha_corrected,step,dimension_step
0,True,0.0015593073337689385,0.006237229335075754,3.03015046984618,0.42960876753462074,0.05,0.0125,0,1-2
1,False,0.9912557118627164,1.0,-2.4168026224187633,-0.3426495173503613,0.05,0.0125,1,2-3
2,False,0.9783275946519708,1.0,-2.0466283710838624,-0.2901669408342484,0.05,0.0125,2,3-4
3,False,0.8081234530895599,1.0,-0.8748867793556394,-0.12403972500758013,0.05,0.0125,3,4-5
