,reject,pvals,pvals_corrected,tstats,effectsize,alpha,alpha_corrected,step,dimension_step
0,True,4.525470938913484e-28,1.8101883755653934e-27,15.268882540540801,2.1647921036098285,0.05,0.0125,0,1-2
1,True,4.73166254436002e-07,1.4194987633080062e-06,5.230194660724609,0.7415267012380791,0.05,0.0125,1,2-3
2,False,0.9947826453074492,1.0,-2.610860104307175,-0.3701626050516413,0.05,0.0125,2,3-4
3,False,0.9999998964197094,1.0,-5.583020423772393,-0.7915496432423799,0.05,0.0125,3,4-5
