,reject,pvals,pvals_corrected,tstats,effectsize,alpha,alpha_corrected,step,dimension_step
0,True,8.824169512034958e-06,3.5296678048139834e-05,4.512744187169962,0.6398079856897424,0.05,0.0125,0,1-2
1,False,0.6877347403283225,1.0,-0.4909753058012093,-0.06960951217247584,0.05,0.0125,1,2-3
2,False,0.9971618136141145,1.0,-2.8275798305788773,-0.40088870114176467,0.05,0.0125,2,3-4
3,False,0.9999908413544247,1.0,-4.503221077796792,-0.6384578179929177,0.05,0.0125,3,4-5
