{
  "data": {
    "name": "normal-3-60",
    "n_dimension": 3,
    "distance": "euclidean",
    "subject": null,
    "n_objects": 60,
    "n_train_triplets": 1473,
    "n_test_triplets": 10000,
    "frac_train_ndlogn": 1.9986919051317067,
    "frac_train_triplets": 0.01434833430742256,
    "max_train_score": 0.801765105227427,
    "max_test_score": 0.7935,
    "noise_sd": 1.0,
    "distance_sd": 1.043263817742734,
    "distance_mean": 2.489758531382281,
    "difference_sd": 0.9545765486126787,
    "difference_mean": -0.0984788918995559
  },
  "n_repeats": 10,
  "n_splits": 10,
  "embedding_method": "soe",
  "embedding_dimension": [
    1,
    2,
    3,
    4,
    5
  ],
  "random_state": 2378242828,
  "alpha": 0.05
}