,reject,pvals,pvals_corrected,tstats,effectsize,alpha,alpha_corrected,step,dimension_step
0,True,8.068086539777473e-24,3.2272346159109894e-23,13.183491306527655,1.8691294403898833,0.05,0.0125,0,1-2
1,True,7.59897647952786e-07,2.279692943858358e-06,5.117738666707133,0.7255829118215155,0.05,0.0125,1,2-3
2,False,0.9999999946486512,1.0,-6.243769969556462,-0.8852294128901771,0.05,0.0125,2,3-4
3,False,0.9999996227678016,1.0,-5.283549292391122,-0.7490912158655252,0.05,0.0125,3,4-5
