{
  "data": {
    "name": "normal-3-60",
    "n_dimension": 3,
    "distance": "euclidean",
    "subject": null,
    "n_objects": 60,
    "n_train_triplets": 1473,
    "n_test_triplets": 10000,
    "frac_train_ndlogn": 1.9986919051317067,
    "frac_train_triplets": 0.01434833430742256,
    "max_train_score": 0.7793618465716226,
    "max_test_score": 0.7854,
    "noise_sd": 1.0,
    "distance_sd": 1.039693149852092,
    "distance_mean": 2.400017132948399,
    "difference_sd": 0.9552006007229978,
    "difference_mean": -0.1166228069119231
  },
  "n_repeats": 10,
  "n_splits": 10,
  "embedding_method": "soe",
  "embedding_dimension": [
    1,
    2,
    3,
    4,
    5
  ],
  "random_state": 3667211531,
  "alpha": 0.05
}