,reject,pvals,pvals_corrected,tstats,effectsize,alpha,alpha_corrected,step,dimension_step
0,True,1.8507144502600686e-17,7.402857801040274e-17,10.215826028012513,1.4483797002547354,0.05,0.0125,0,1-2
1,True,1.1733031332489718e-09,3.5199093997469153e-09,6.571363863907303,0.9316750302297924,0.05,0.0125,1,2-3
2,False,0.9999669277023963,1.0,-4.166848192036188,-0.5907675325362312,0.05,0.0125,2,3-4
3,False,0.9999932813014668,1.0,-4.582171547703925,-0.64965126017033,0.05,0.0125,3,4-5
