,reject,pvals,pvals_corrected,tstats,effectsize,alpha,alpha_corrected,step,dimension_step
0,True,8.619362560269617e-48,3.447745024107847e-47,27.024961124879912,3.831545778688695,0.05,0.0125,0,1-2
1,True,3.2174785936141085e-41,9.652435780842326e-41,22.63176781773304,3.208687481384231,0.05,0.0125,1,2-3
2,False,0.9999999999988747,1.0,-8.013057826776144,-1.1360755617260476,0.05,0.0125,2,3-4
3,False,0.9999944618513887,1.0,-4.631022099883956,-0.6565771952762901,0.05,0.0125,3,4-5
