,reject,pvals,pvals_corrected,tstats,effectsize,alpha,alpha_corrected,step,dimension_step
0,True,1.190834526375114e-25,4.763338105500456e-25,14.068591451459902,1.9946171962597623,0.05,0.0125,0,1-2
1,True,0.0019848323113362386,0.005954496934008716,2.949688929467849,0.41820108876095685,0.05,0.0125,1,2-3
2,False,0.9999783989112349,1.0,-4.280183033940336,-0.6068359232757986,0.05,0.0125,2,3-4
3,False,0.9999999999873732,1.0,-7.519768252301771,-1.066137937097667,0.05,0.0125,3,4-5
