,reject,pvals,pvals_corrected,tstats,effectsize,alpha,alpha_corrected,step,dimension_step
0,True,4.909118724793893e-21,1.4727356174381678e-20,11.868274940074759,1.6826606534910356,0.05,0.0125,0,1-2
1,True,5.955429595531509e-25,2.3821718382126036e-24,13.728505038054033,1.9464004141651157,0.05,0.0125,1,2-3
2,False,0.9999999993133761,1.0,-6.685621726030394,-0.947874284958662,0.05,0.0125,2,3-4
3,False,0.9999727597819821,1.0,-4.218695907981456,-0.5981183996196939,0.05,0.0125,3,4-5
