,reject,pvals,pvals_corrected,tstats,effectsize,alpha,alpha_corrected,step,dimension_step
0,True,8.516211565544371e-50,3.4064846262177483e-49,28.48372563695743,4.038366539041457,0.05,0.0125,0,1-2
1,True,1.1328121237153527e-30,3.398436371146058e-30,16.603970420012338,2.354078234499326,0.05,0.0125,1,2-3
2,False,0.9999999999999951,1.0,-9.102872018786783,-1.2905872721280713,0.05,0.0125,2,3-4
3,False,0.9999972863249945,1.0,-4.808909160701624,-0.6817976725161924,0.05,0.0125,3,4-5
