,reject,pvals,pvals_corrected,tstats,effectsize,alpha,alpha_corrected,step,dimension_step
0,True,4.088559715108225e-33,1.63542388604329e-32,17.905920128590186,2.5386661007654463,0.05,0.0125,0,1-2
1,True,1.0500873381795282e-17,3.150262014538585e-17,10.328764176097831,1.4643918485257217,0.05,0.0125,1,2-3
2,False,0.9999924481444543,1.0,-4.552473804253514,-0.6454407725759836,0.05,0.0125,2,3-4
3,False,0.8337273928589334,1.0,-0.9737676820905756,-0.13805886471017817,0.05,0.0125,3,4-5
