,reject,pvals,pvals_corrected,tstats,effectsize,alpha,alpha_corrected,step,dimension_step
0,True,5.848246449311554e-54,2.3392985797246216e-53,31.711383234929773,4.495977478328918,0.05,0.0125,0,1-2
1,True,2.0958491239655946e-52,6.287547371896784e-52,30.473585689820762,4.320484979489857,0.05,0.0125,1,2-3
2,False,0.9999464319715391,1.0,-4.036210163830932,-0.5722459301112327,0.05,0.0125,2,3-4
3,False,0.9998365833792483,1.0,-3.7233365210591924,-0.5278873210577169,0.05,0.0125,3,4-5
