,reject,pvals,pvals_corrected,tstats,effectsize,alpha,alpha_corrected,step,dimension_step
0,False,0.32355597724329066,0.9712943536359506,0.4591794269523031,0.06510155507236123,0.05,0.0125,0,1-2
1,False,0.4659839516373495,0.9712943536359506,0.0855865981559403,0.012134299374618468,0.05,0.0125,1,2-3
2,False,0.9968552060563274,0.9968552060563274,-2.7918809915678775,-0.3958273900344285,0.05,0.0125,2,3-4
3,False,0.24282358840898766,0.9712943536359506,0.6998742602494141,0.09922679463182509,0.05,0.0125,3,4-5
