,reject,pvals,pvals_corrected,tstats,effectsize,alpha,alpha_corrected,step,dimension_step
0,True,7.980108637487448e-46,2.3940325912462343e-45,25.650464459606773,3.6366723477404244,0.05,0.0125,0,1-2
1,True,1.4496163013338765e-48,5.798465205335506e-48,27.581167553193442,3.9104036309770462,0.05,0.0125,1,2-3
2,False,0.9999998001503343,1.0,-5.4317419132510425,-0.7701016738737665,0.05,0.0125,2,3-4
3,False,0.9996387637942901,1.0,-3.4901146508867953,-0.49482158349651617,0.05,0.0125,3,4-5
