,reject,pvals,pvals_corrected,tstats,effectsize,alpha,alpha_corrected,step,dimension_step
0,True,2.297048625895343e-05,6.891145877686028e-05,4.263941247769025,0.6045331948109735,0.05,0.0125,0,1-2
1,True,4.651599639998709e-15,1.8606398559994835e-14,9.115169147314973,1.292330734798913,0.05,0.0125,1,2-3
2,False,0.9999999885608751,1.0,-6.077282345436331,-0.8616251253408371,0.05,0.0125,2,3-4
3,False,0.9834863756562692,1.0,-2.1620081053573106,-0.30652525238773515,0.05,0.0125,3,4-5
