,reject,pvals,pvals_corrected,tstats,effectsize,alpha,alpha_corrected,step,dimension_step
0,True,2.3167299561404166e-29,9.266919824561666e-29,15.92507565847258,2.257825871887904,0.05,0.0125,0,1-2
1,True,4.181175603335688e-11,1.2543526810007065e-10,7.27269901774527,1.0311089474782411,0.05,0.0125,1,2-3
2,False,0.9994245234795047,1.0,-3.3482966958171865,-0.4747149130529102,0.05,0.0125,2,3-4
3,False,0.9885967451066888,1.0,-2.3127475736912184,-0.3278967974163362,0.05,0.0125,3,4-5
