,reject,pvals,pvals_corrected,tstats,effectsize,alpha,alpha_corrected,step,dimension_step
0,True,1.1393100908476582e-32,4.557240363390633e-32,17.664932721472383,2.504499380665735,0.05,0.0125,0,1-2
1,True,1.3999110096844597e-11,4.1997330290533794e-11,7.498559562661761,1.0631310108384138,0.05,0.0125,1,2-3
2,False,0.9999994276511683,1.0,-5.185170609941528,-0.7351432799661586,0.05,0.0125,2,3-4
3,False,0.999981870298871,1.0,-4.3262739333368305,-0.6133706002436046,0.05,0.0125,3,4-5
