{
  "data": {
    "name": "normal-3-60",
    "n_dimension": 3,
    "distance": "euclidean",
    "subject": null,
    "n_objects": 60,
    "n_train_triplets": 2947,
    "n_test_triplets": 10000,
    "frac_train_ndlogn": 3.998740695467169,
    "frac_train_triplets": 0.028706409507110852,
    "max_train_score": 0.8876823888700374,
    "max_test_score": 0.8789,
    "noise_sd": 0.5,
    "distance_sd": 1.04159412711007,
    "distance_mean": 2.448165546999318,
    "difference_sd": 0.9464100845204934,
    "difference_mean": -0.14249976045391385
  },
  "n_repeats": 10,
  "n_splits": 10,
  "embedding_method": "soe",
  "embedding_dimension": [
    1,
    2,
    3,
    4,
    5
  ],
  "random_state": 584949186,
  "alpha": 0.05
}