,reject,pvals,pvals_corrected,tstats,effectsize,alpha,alpha_corrected,step,dimension_step
0,True,9.278999089830619e-46,3.7115996359322474e-45,25.60560908467249,3.6303128409982395,0.05,0.0125,0,1-2
1,True,1.1131138540847043e-30,3.339341562254113e-30,16.607955113152872,2.354643176447307,0.05,0.0125,1,2-3
2,False,0.9999999996607656,1.0,-6.834990147249846,-0.9690514456268378,0.05,0.0125,2,3-4
3,False,0.9999999996448026,1.0,-6.825281873773465,-0.9676750257280301,0.05,0.0125,3,4-5
