,reject,pvals,pvals_corrected,tstats,effectsize,alpha,alpha_corrected,step,dimension_step
0,True,0.005293688146089679,0.021174752584358716,2.6055392936205575,0.3694082309886665,0.05,0.0125,0,1-2
1,False,0.9064977582803435,0.9064977582803435,-1.3286907946090194,-0.18837916479294614,0.05,0.0125,1,2-3
2,False,0.06115168634633531,0.18345505903900594,1.558510726923441,0.22096258230273752,0.05,0.0125,2,3-4
3,False,0.2553898095169225,0.510779619033845,0.6600106682953079,0.09357501305222057,0.05,0.0125,3,4-5
