,reject,pvals,pvals_corrected,tstats,effectsize,alpha,alpha_corrected,step,dimension_step
0,True,0.0006899682218416095,0.002759872887366438,3.2919418183390436,0.46672502948149186,0.05,0.0125,0,1-2
1,False,0.28726586091291173,0.8617975827387352,0.5632594873301753,0.07985782110892421,0.05,0.0125,1,2-3
2,False,0.9800297597448017,1.0,-2.08179821218875,-0.29515325166000295,0.05,0.0125,2,3-4
3,False,0.9998316464777295,1.0,-3.7147592198548636,-0.5266712481808633,0.05,0.0125,3,4-5
