,reject,pvals,pvals_corrected,tstats,effectsize,alpha,alpha_corrected,step,dimension_step
0,True,5.033124670921629e-11,2.0132498683686517e-10,7.234237446317996,1.0256559416084847,0.05,0.0125,0,1-2
1,True,1.0762038085020586e-07,3.2286114255061756e-07,5.574266425930597,0.7903085186641653,0.05,0.0125,1,2-3
2,False,0.9625814788375165,1.0,-1.8004360778341624,-0.25526228222668607,0.05,0.0125,2,3-4
3,False,0.9996406875440607,1.0,-3.4917185526548136,-0.49504898153125465,0.05,0.0125,3,4-5
