,reject,pvals,pvals_corrected,tstats,effectsize,alpha,alpha_corrected,step,dimension_step
0,True,1.0591946294674569e-11,4.2367785178698276e-11,7.55585695601151,1.0712545224543837,0.05,0.0125,0,1-2
1,True,7.16144678172667e-10,2.148434034518001e-09,6.6766691842831465,0.9466050112164466,0.05,0.0125,1,2-3
2,False,0.9999997420955454,1.0,-5.372494929765844,-0.7617017532069514,0.05,0.0125,2,3-4
3,False,0.9996646254876828,1.0,-3.512384103206102,-0.49797890259989847,0.05,0.0125,3,4-5
