,reject,pvals,pvals_corrected,tstats,effectsize,alpha,alpha_corrected,step,dimension_step
0,True,2.6060141191452285e-48,1.0424056476580914e-47,27.39721040449667,3.8843225486290747,0.05,0.0125,0,1-2
1,True,6.66771262309369e-28,2.000313786928107e-27,15.184177829948734,2.1527828365176624,0.05,0.0125,1,2-3
2,False,0.9999999999999959,1.0,-9.141827720727647,-1.296110334849148,0.05,0.0125,2,3-4
3,False,0.9999999986730375,1.0,-6.545021686751449,-0.9279402882178951,0.05,0.0125,3,4-5
