,reject,pvals,pvals_corrected,tstats,effectsize,alpha,alpha_corrected,step,dimension_step
0,True,3.195713155246883e-14,1.2782852620987532e-13,8.73009130501069,1.2377351564989245,0.05,0.0125,0,1-2
1,False,0.96550962787378,1.0,-1.8385408593410437,-0.26066470312401474,0.05,0.0125,1,2-3
2,False,0.2209115811962783,0.6627347435888349,0.7722209165375749,0.1094839611166252,0.05,0.0125,2,3-4
3,False,0.9999899917936139,1.0,-4.4804672383324275,-0.6352318234338216,0.05,0.0125,3,4-5
