,reject,pvals,pvals_corrected,tstats,effectsize,alpha,alpha_corrected,step,dimension_step
0,True,1.3540866905123828e-33,5.416346762049531e-33,18.16773482006541,2.5757856722343964,0.05,0.0125,0,1-2
1,True,2.735741522308757e-12,8.207224566926271e-12,7.832572379374239,1.11048669035221,0.05,0.0125,1,2-3
2,False,0.9999999999999996,1.0,-9.565703777369448,-1.356206647587889,0.05,0.0125,2,3-4
3,False,0.9967840792796873,1.0,-2.7840560959692136,-0.39471799174293054,0.05,0.0125,3,4-5
