,reject,pvals,pvals_corrected,tstats,effectsize,alpha,alpha_corrected,step,dimension_step
0,True,6.435119556640012e-33,2.574047822656005e-32,17.799047115515567,2.5235138553945986,0.05,0.0125,0,1-2
1,True,4.562754444868754e-24,1.3688263334606263e-23,13.30212204728618,1.8859486732418993,0.05,0.0125,1,2-3
2,False,1.0,1.0,-10.145833407495735,-1.4384562843267277,0.05,0.0125,2,3-4
3,False,0.9997298744244799,1.0,-3.576722922091468,-0.5071007336644061,0.05,0.0125,3,4-5
