,reject,pvals,pvals_corrected,tstats,effectsize,alpha,alpha_corrected,step,dimension_step
0,True,3.657100083472447e-48,1.462840033388979e-47,27.29136528259676,3.8693160356451566,0.05,0.0125,0,1-2
1,True,1.118685590962465e-22,3.3560567728873953e-22,12.640050973481271,1.7920815399532717,0.05,0.0125,1,2-3
2,False,0.9999999999184869,1.0,-7.133977041467948,-1.0114412188121156,0.05,0.0125,2,3-4
3,False,0.9999941500737113,1.0,-4.617206224848119,-0.6546184077158627,0.05,0.0125,3,4-5
