,reject,pvals,pvals_corrected,tstats,effectsize,alpha,alpha_corrected,step,dimension_step
0,True,2.6418302096552235e-54,1.0567320838620894e-53,31.99173244031697,4.535724836687599,0.05,0.0125,0,1-2
1,True,5.884237840311454e-43,1.765271352093436e-42,23.739412207566193,3.365727122127555,0.05,0.0125,1,2-3
2,False,0.9999999997514002,1.0,-6.900504739662669,-0.9783399755470811,0.05,0.0125,2,3-4
3,False,0.999693249163175,1.0,-3.539006179369936,-0.5017533281420525,0.05,0.0125,3,4-5
