,reject,pvals,pvals_corrected,tstats,effectsize,alpha,alpha_corrected,step,dimension_step
0,True,5.199940478218798e-06,2.0799761912875194e-05,4.646888753817777,0.6588267382310837,0.05,0.0125,0,1-2
1,False,0.9704808703432111,1.0,-1.9099179313420414,-0.2707844038576008,0.05,0.0125,1,2-3
2,False,0.832353672778332,1.0,-0.96822260434582,-0.13727269450526122,0.05,0.0125,2,3-4
3,False,0.9988446781898641,1.0,-3.1281550156051976,-0.44350365907063716,0.05,0.0125,3,4-5
