,reject,pvals,pvals_corrected,tstats,effectsize,alpha,alpha_corrected,step,dimension_step
0,True,3.021999371363553e-08,1.2087997485454213e-07,5.8616057414112674,0.8310469210690329,0.05,0.0125,0,1-2
1,True,9.958668010835517e-06,2.987600403250655e-05,4.481741808772496,0.6354125295213056,0.05,0.0125,1,2-3
2,False,0.9999997760312568,1.0,-5.405310222393507,-0.7663542407854887,0.05,0.0125,2,3-4
3,False,0.9999995860616288,1.0,-5.261717139226343,-0.7459958961752711,0.05,0.0125,3,4-5
