,reject,pvals,pvals_corrected,tstats,effectsize,alpha,alpha_corrected,step,dimension_step
0,True,1.369147443494068e-23,5.476589773976272e-23,13.073693183563858,1.8535624786982132,0.05,0.0125,0,1-2
1,True,2.936693601794065e-05,8.810080805382195e-05,4.198651376733948,0.5952765254452117,0.05,0.0125,1,2-3
2,False,0.9999997127137288,1.0,-5.347333791170041,-0.7581344565167447,0.05,0.0125,2,3-4
3,False,0.9999999996775947,1.0,-6.8457277203350175,-0.9705737975975857,0.05,0.0125,3,4-5
