{
  "data": {
    "name": "normal-3-60",
    "n_dimension": 3,
    "distance": "euclidean",
    "subject": null,
    "n_objects": 60,
    "n_train_triplets": 5895,
    "n_test_triplets": 10000,
    "frac_train_ndlogn": 7.998838276138094,
    "frac_train_triplets": 0.05742255990648743,
    "max_train_score": 0.8768447837150127,
    "max_test_score": 0.8791,
    "noise_sd": 0.5,
    "distance_sd": 1.039224647318284,
    "distance_mean": 2.388015393871705,
    "difference_sd": 0.9334567167596407,
    "difference_mean": -0.126871102466292
  },
  "n_repeats": 10,
  "n_splits": 10,
  "embedding_method": "soe",
  "embedding_dimension": [
    1,
    2,
    3,
    4,
    5
  ],
  "random_state": 1791272232,
  "alpha": 0.05
}