,reject,pvals,pvals_corrected,tstats,effectsize,alpha,alpha_corrected,step,dimension_step
0,True,7.359437210694133e-20,2.20783116320824e-19,11.321562141381529,1.60514878931819,0.05,0.0125,0,1-2
1,True,2.1062831325705198e-23,8.425132530282079e-23,12.984455215105351,1.8409104952313002,0.05,0.0125,1,2-3
2,False,0.9999999960019123,1.0,-6.3071957653935575,-0.8942217973445571,0.05,0.0125,2,3-4
3,False,0.9999408225183127,1.0,-4.008906019159241,-0.5683748022389632,0.05,0.0125,3,4-5
