,reject,pvals,pvals_corrected,tstats,effectsize,alpha,alpha_corrected,step,dimension_step
0,True,4.7573257760943824e-27,1.902930310437753e-26,14.757620754067371,2.0923064141498102,0.05,0.0125,0,1-2
1,True,3.7701846806070677e-23,1.1310554041821204e-22,12.864101363274095,1.8238469630840353,0.05,0.0125,1,2-3
2,False,0.9990273869489427,1.0,-3.1834847173205496,-0.45134819524088127,0.05,0.0125,2,3-4
3,False,0.9992601668082115,1.0,-3.270096281554619,-0.46362781228799543,0.05,0.0125,3,4-5
