,reject,pvals,pvals_corrected,tstats,effectsize,alpha,alpha_corrected,step,dimension_step
0,True,3.3848224063845933e-41,1.3539289625538373e-40,22.617965642422504,3.206730636143883,0.05,0.0125,0,1-2
1,True,8.45908463766393e-36,2.537725391299179e-35,19.397487490645084,2.7501375846022866,0.05,0.0125,1,2-3
2,False,0.9999996717340802,1.0,-5.316155442781159,-0.7537140516693931,0.05,0.0125,2,3-4
3,False,0.9999380309715198,1.0,-3.9962292103861325,-0.5665775092505515,0.05,0.0125,3,4-5
