,reject,pvals,pvals_corrected,tstats,effectsize,alpha,alpha_corrected,step,dimension_step
0,True,1.2827346958302852e-15,5.130938783321141e-15,9.37193780316596,1.3287348892722264,0.05,0.0125,0,1-2
1,False,0.45327322947551374,1.0,0.11769667779481961,0.016686803244103775,0.05,0.0125,1,2-3
2,False,0.9431808283679787,1.0,-1.596169314586443,-0.22630174271539455,0.05,0.0125,2,3-4
3,False,0.9999529248115512,1.0,-4.071464250787559,-0.5772441851479748,0.05,0.0125,3,4-5
