,reject,pvals,pvals_corrected,tstats,effectsize,alpha,alpha_corrected,step,dimension_step
0,True,9.284690011377159e-26,3.7138760045508637e-25,14.121422980910369,2.0021075464849565,0.05,0.0125,0,1-2
1,True,1.699214189850887e-14,5.0976425695526613e-14,8.856463588751156,1.255651970072553,0.05,0.0125,1,2-3
2,False,0.9999999864156518,1.0,-6.039359372443681,-0.8562484808966924,0.05,0.0125,2,3-4
3,False,0.9999999977217203,1.0,-6.428871582324365,-0.9114727551008119,0.05,0.0125,3,4-5
