,reject,pvals,pvals_corrected,tstats,effectsize,alpha,alpha_corrected,step,dimension_step
0,True,1.2795172560611133e-32,3.83855176818334e-32,17.637749517854903,2.5006453995780102,0.05,0.0125,0,1-2
1,True,5.27132026646469e-38,2.108528106585876e-37,20.675505737470843,2.9313324953399844,0.05,0.0125,1,2-3
2,False,0.9986336112605543,1.0,-3.073577550476844,-0.4357657735226148,0.05,0.0125,2,3-4
3,False,0.9999984608146981,1.0,-4.947761012250435,-0.7014838146425973,0.05,0.0125,3,4-5
