,reject,pvals,pvals_corrected,tstats,effectsize,alpha,alpha_corrected,step,dimension_step
0,True,1.0570756305346703e-40,4.228302522138681e-40,22.309470903327494,3.1629928594320065,0.05,0.0125,0,1-2
1,True,1.5197501666472531e-27,4.559250499941759e-27,15.004750750868087,2.127344018520586,0.05,0.0125,1,2-3
2,False,0.9999880747775487,1.0,-4.435315122829911,-0.6288302453981269,0.05,0.0125,2,3-4
3,False,0.9979925837041739,1.0,-2.9458793252469953,-0.41766097057527524,0.05,0.0125,3,4-5
