{
  "data": {
    "name": "normal-3-60",
    "n_dimension": 3,
    "distance": "euclidean",
    "subject": null,
    "n_objects": 60,
    "n_train_triplets": 2947,
    "n_test_triplets": 10000,
    "frac_train_ndlogn": 3.998740695467169,
    "frac_train_triplets": 0.028706409507110852,
    "max_train_score": 0.6772989480827961,
    "max_test_score": 0.6832,
    "noise_sd": 2.0,
    "distance_sd": 1.034857115886173,
    "distance_mean": 2.273358550921517,
    "difference_sd": 0.9173919359602202,
    "difference_mean": -0.10172884449416422
  },
  "n_repeats": 10,
  "n_splits": 10,
  "embedding_method": "soe",
  "embedding_dimension": [
    1,
    2,
    3,
    4,
    5
  ],
  "random_state": 3466245214,
  "alpha": 0.05
}