,reject,pvals,pvals_corrected,tstats,effectsize,alpha,alpha_corrected,step,dimension_step
0,True,0.002965354388370254,0.011861417553481015,2.8123647606245608,0.3987315384806778,0.05,0.0125,0,1-2
1,False,0.9998769066615866,1.0,-3.8043689986305225,-0.5393759461824827,0.05,0.0125,1,2-3
2,False,0.9459679050480815,1.0,-1.621625636865389,-0.22991088996700848,0.05,0.0125,2,3-4
3,False,0.8140664193514835,1.0,-0.8970525290977026,-0.12718234136374149,0.05,0.0125,3,4-5
