,reject,pvals,pvals_corrected,tstats,effectsize,alpha,alpha_corrected,step,dimension_step
0,True,1.1076784794593045e-16,4.430713917837218e-16,9.859539229879601,1.3978660595105163,0.05,0.0125,0,1-2
1,True,2.933063937963278e-08,8.799191813889833e-08,5.868287441165114,0.8319942393044973,0.05,0.0125,1,2-3
2,False,0.9988804282238717,1.0,-3.1383070717965467,-0.4449429976090065,0.05,0.0125,2,3-4
3,False,0.9999999988963163,1.0,-6.584442946382552,-0.9335293567916548,0.05,0.0125,3,4-5
