,reject,pvals,pvals_corrected,tstats,effectsize,alpha,alpha_corrected,step,dimension_step
0,True,1.0213416299340467e-06,4.085366519736187e-06,5.0468975872442225,0.7155392030546608,0.05,0.0125,0,1-2
1,False,0.27677902933461,0.8303370880038301,0.5944638482281037,0.0842819139585922,0.05,0.0125,1,2-3
2,False,0.4717592477573175,0.943518495514635,0.07102833072033338,0.010070256881452118,0.05,0.0125,2,3-4
3,False,0.5726462690573131,0.943518495514635,-0.18359401388345487,-0.026029597809117698,0.05,0.0125,3,4-5
