,reject,pvals,pvals_corrected,tstats,effectsize,alpha,alpha_corrected,step,dimension_step
0,True,1.183330106984864e-38,4.733320427939456e-38,21.061139415395346,2.9860068789198193,0.05,0.0125,0,1-2
1,True,3.119395801730001e-38,9.358187405190002e-38,20.810417591240395,2.9504600323387296,0.05,0.0125,1,2-3
2,False,0.999999995215537,1.0,-6.268160542187064,-0.8886874602550092,0.05,0.0125,2,3-4
3,False,0.9999996689799472,1.0,-5.314198900144895,-0.7534366569066713,0.05,0.0125,3,4-5
