,reject,pvals,pvals_corrected,tstats,effectsize,alpha,alpha_corrected,step,dimension_step
0,True,4.581855819629841e-43,1.8327423278519366e-42,23.809891629240344,3.3757195557651896,0.05,0.0125,0,1-2
1,True,5.847382844053635e-31,1.7542148532160903e-30,16.754504296279602,2.37542063108951,0.05,0.0125,1,2-3
2,False,0.9999999997802829,1.0,-6.926480212045677,-0.9820227268782914,0.05,0.0125,2,3-4
3,False,0.9486412712600961,1.0,-1.6470549921391144,-0.23351621388971777,0.05,0.0125,3,4-5
