{
  "data": {
    "name": "normal-3-60",
    "n_dimension": 3,
    "distance": "euclidean",
    "subject": null,
    "n_objects": 60,
    "n_train_triplets": 2947,
    "n_test_triplets": 10000,
    "frac_train_ndlogn": 3.998740695467169,
    "frac_train_triplets": 0.028706409507110852,
    "max_train_score": 0.7960637936884968,
    "max_test_score": 0.7823,
    "noise_sd": 1.0,
    "distance_sd": 1.0391410588664243,
    "distance_mean": 2.385868312885958,
    "difference_sd": 0.9185029776222394,
    "difference_mean": -0.12350809827287847
  },
  "n_repeats": 10,
  "n_splits": 10,
  "embedding_method": "soe",
  "embedding_dimension": [
    1,
    2,
    3,
    4,
    5
  ],
  "random_state": 1128252055,
  "alpha": 0.05
}