{
  "data": {
    "name": "normal-3-60",
    "n_dimension": 3,
    "distance": "euclidean",
    "subject": null,
    "n_objects": 60,
    "n_train_triplets": 5895,
    "n_test_triplets": 10000,
    "frac_train_ndlogn": 7.998838276138094,
    "frac_train_triplets": 0.05742255990648743,
    "max_train_score": 0.6754877014419,
    "max_test_score": 0.6802,
    "noise_sd": 2.0,
    "distance_sd": 1.0426749991326338,
    "distance_mean": 2.4751629054450888,
    "difference_sd": 0.9542300690342661,
    "difference_mean": -0.07455860121665121
  },
  "n_repeats": 10,
  "n_splits": 10,
  "embedding_method": "soe",
  "embedding_dimension": [
    1,
    2,
    3,
    4,
    5
  ],
  "random_state": 2006151056,
  "alpha": 0.05
}