{
  "data": {
    "name": "normal-3-60",
    "n_dimension": 3,
    "distance": "euclidean",
    "subject": null,
    "n_objects": 60,
    "n_train_triplets": 5895,
    "n_test_triplets": 10000,
    "frac_train_ndlogn": 7.998838276138094,
    "frac_train_triplets": 0.05742255990648743,
    "max_train_score": 0.8783715012722646,
    "max_test_score": 0.8841,
    "noise_sd": 0.5,
    "distance_sd": 1.0385976130809453,
    "distance_mean": 2.371866025997702,
    "difference_sd": 0.9260754547282048,
    "difference_mean": -0.14016559055479927
  },
  "n_repeats": 10,
  "n_splits": 10,
  "embedding_method": "soe",
  "embedding_dimension": [
    1,
    2,
    3,
    4,
    5
  ],
  "random_state": 1375380747,
  "alpha": 0.05
}