,reject,pvals,pvals_corrected,tstats,effectsize,alpha,alpha_corrected,step,dimension_step
0,True,8.380400569133354e-21,3.3521602276533415e-20,11.759937236814766,1.6673007472295422,0.05,0.0125,0,1-2
1,True,4.5275892282964275e-19,1.3582767684889283e-18,10.956867934920519,1.5534431627746061,0.05,0.0125,1,2-3
2,False,0.9175408861047356,1.0,-1.399066783516922,-0.19835693393663126,0.05,0.0125,2,3-4
3,False,0.5584918660693052,1.0,-0.14752679765977078,-0.020916058905867074,0.05,0.0125,3,4-5
