,reject,pvals,pvals_corrected,tstats,effectsize,alpha,alpha_corrected,step,dimension_step
0,True,3.2392394090538743e-17,9.717718227161624e-17,10.104323642098445,1.4325711115175086,0.05,0.0125,0,1-2
1,True,6.7330124053899676e-18,2.693204962155987e-17,10.417383295851463,1.4769560928417123,0.05,0.0125,1,2-3
2,False,0.9999999999999911,1.0,-8.98462256078822,-1.2738220967950526,0.05,0.0125,2,3-4
3,False,0.9999999775904926,1.0,-5.928344439065183,-0.8405090022202109,0.05,0.0125,3,4-5
