,reject,pvals,pvals_corrected,tstats,effectsize,alpha,alpha_corrected,step,dimension_step
0,True,1.3194521578253929e-21,5.2778086313015716e-21,12.135240436176002,1.7205104958984145,0.05,0.0125,0,1-2
1,True,1.1608794770736898e-08,3.4826384312210693e-08,6.07403759769404,0.861165091394537,0.05,0.0125,1,2-3
2,False,0.9999996990413976,1.0,-5.336473013122171,-0.7565946367889641,0.05,0.0125,2,3-4
3,False,0.9994299416358514,1.0,-3.3512172765114965,-0.47512898723340186,0.05,0.0125,3,4-5
