,reject,pvals,pvals_corrected,tstats,effectsize,alpha,alpha_corrected,step,dimension_step
0,True,2.5114022387735755e-12,1.0045608955094302e-11,7.849991211023887,1.1129562980074623,0.05,0.0125,0,1-2
1,True,0.0004009465671070343,0.001202839701321103,3.4586883248247133,0.49036602086290293,0.05,0.0125,1,2-3
2,False,0.9948853466457576,1.0,-2.618130935291206,-0.3711934491529775,0.05,0.0125,2,3-4
3,False,0.7867519433409942,1.0,-0.7984924946770571,-0.11320869373898418,0.05,0.0125,3,4-5
