,reject,pvals,pvals_corrected,tstats,effectsize,alpha,alpha_corrected,step,dimension_step
0,True,8.903716454619367e-38,3.5614865818477467e-37,20.54126079661145,2.9122995119405526,0.05,0.0125,0,1-2
1,True,6.76792784143669e-20,2.0303783524310071e-19,11.338419669577465,1.6075388164749285,0.05,0.0125,1,2-3
2,False,0.9989204435242646,1.0,-3.1500343792120944,-0.4466056721644219,0.05,0.0125,2,3-4
3,False,0.9999913061455932,1.0,-4.516549294961147,-0.6403474663804788,0.05,0.0125,3,4-5
