,reject,pvals,pvals_corrected,tstats,effectsize,alpha,alpha_corrected,step,dimension_step
0,True,3.0011450518110814e-31,1.2004580207244326e-30,16.90700509159026,2.397041893588988,0.05,0.0125,0,1-2
1,True,8.39522612041206e-16,2.5185678361236178e-15,9.456364297965246,1.3407047114770725,0.05,0.0125,1,2-3
2,False,0.9999999999999999,1.0,-9.951002652460149,-1.410833563481143,0.05,0.0125,2,3-4
3,False,0.9999888227936699,1.0,-4.452036255049511,-0.6312009346018913,0.05,0.0125,3,4-5
