,reject,pvals,pvals_corrected,tstats,effectsize,alpha,alpha_corrected,step,dimension_step
0,True,1.7591857998509453e-37,7.036743199403781e-37,20.36767875608886,2.887689392001908,0.05,0.0125,0,1-2
1,True,1.0656229957806842e-32,3.1968689873420524e-32,17.680603199637883,2.506721110206348,0.05,0.0125,1,2-3
2,False,1.0,1.0,-10.531860251059143,-1.4931864101567411,0.05,0.0125,2,3-4
3,False,0.9999999287888404,1.0,-5.66841277137582,-0.8036564021561241,0.05,0.0125,3,4-5
