,reject,pvals,pvals_corrected,tstats,effectsize,alpha,alpha_corrected,step,dimension_step
0,True,1.3873932030885215e-42,5.549572812354086e-42,23.498882974384237,3.331625361026367,0.05,0.0125,0,1-2
1,True,8.813446797529001e-27,2.6440340392587003e-26,14.62474877359122,2.0734680863702852,0.05,0.0125,1,2-3
2,False,0.999999997862697,1.0,-6.442636906700597,-0.9134243756882501,0.05,0.0125,2,3-4
3,False,0.9999733004268064,1.0,-4.2240314200232785,-0.5988748580118641,0.05,0.0125,3,4-5
