,reject,pvals,pvals_corrected,tstats,effectsize,alpha,alpha_corrected,step,dimension_step
0,True,4.224008821182539e-43,1.6896035284730157e-42,23.83283293287779,3.3789721286256458,0.05,0.0125,0,1-2
1,True,2.1231758597797575e-40,6.369527579339273e-40,22.121950864947323,3.1364066375997157,0.05,0.0125,1,2-3
2,False,0.9998778866113737,1.0,-3.8066386118034976,-0.5396977274694931,0.05,0.0125,2,3-4
3,False,0.9999999999992143,1.0,-8.08583702221442,-1.1463940527599221,0.05,0.0125,3,4-5
