,reject,pvals,pvals_corrected,tstats,effectsize,alpha,alpha_corrected,step,dimension_step
0,True,3.184957990541061e-22,1.2739831962164244e-21,12.425436066366503,1.761653860979028,0.05,0.0125,0,1-2
1,False,0.5850961158848229,1.0,-0.2155168442768923,-0.030555553849260342,0.05,0.0125,1,2-3
2,False,0.9999945246439056,1.0,-4.633895638495909,-0.6569845999229666,0.05,0.0125,2,3-4
3,False,0.28475593449098,0.8542678034729401,0.5706767170578454,0.08090942133588828,0.05,0.0125,3,4-5
