{
  "data": {
    "name": "normal-3-60",
    "n_dimension": 3,
    "distance": "euclidean",
    "subject": null,
    "n_objects": 60,
    "n_train_triplets": 5895,
    "n_test_triplets": 10000,
    "frac_train_ndlogn": 7.998838276138094,
    "frac_train_triplets": 0.05742255990648743,
    "max_train_score": 0.8668363019508057,
    "max_test_score": 0.8725,
    "noise_sd": 0.5,
    "distance_sd": 1.033872213130491,
    "distance_mean": 2.2467636202436516,
    "difference_sd": 0.9003762698913451,
    "difference_mean": -0.14335703122824267
  },
  "n_repeats": 10,
  "n_splits": 10,
  "embedding_method": "soe",
  "embedding_dimension": [
    1,
    2,
    3,
    4,
    5
  ],
  "random_state": 1915079346,
  "alpha": 0.05
}