,reject,pvals,pvals_corrected,tstats,effectsize,alpha,alpha_corrected,step,dimension_step
0,True,9.264234994267369e-32,3.7056939977069477e-31,17.17740988995012,2.435379353498932,0.05,0.0125,0,1-2
1,True,8.14995034792509e-11,2.444985104377527e-10,7.134012038133424,1.0114461805704416,0.05,0.0125,1,2-3
2,False,0.9999999999999991,1.0,-9.431390110564505,-1.3371639203592123,0.05,0.0125,2,3-4
3,False,0.9793956897063196,1.0,-2.0684063306490925,-0.2932545770626606,0.05,0.0125,3,4-5
