,reject,pvals,pvals_corrected,tstats,effectsize,alpha,alpha_corrected,step,dimension_step
0,True,3.6699500489424705e-44,1.4679800195769882e-43,24.52944749840116,3.4777367701572435,0.05,0.0125,0,1-2
1,True,9.122354717833388e-21,2.7367064153500165e-20,11.742768903652184,1.6648666547565785,0.05,0.0125,1,2-3
2,False,0.999999471507123,1.0,-5.204055712333581,-0.7378207726003204,0.05,0.0125,2,3-4
3,False,0.9997955228965281,1.0,-3.658419668206784,-0.5186835374754563,0.05,0.0125,3,4-5
