,reject,pvals,pvals_corrected,tstats,effectsize,alpha,alpha_corrected,step,dimension_step
0,True,2.1202793007594337e-11,8.481117203037735e-11,7.413074124856034,1.0510110537790733,0.05,0.0125,0,1-2
1,True,1.4122642973924822e-06,4.2367928921774465e-06,4.96864986570648,0.7044453951574152,0.05,0.0125,1,2-3
2,False,0.9997909000878274,1.0,-3.6519041043239073,-0.5177597736566721,0.05,0.0125,2,3-4
3,False,0.9999730389557656,1.0,-4.221438168860038,-0.5985071919678067,0.05,0.0125,3,4-5
