,reject,pvals,pvals_corrected,tstats,effectsize,alpha,alpha_corrected,step,dimension_step
0,True,1.3416405143901947e-38,5.366562057560779e-38,21.028553963874167,2.981386977760824,0.05,0.0125,0,1-2
1,True,3.135105472090426e-28,9.405316416271278e-28,15.349286459496055,2.1761916129315795,0.05,0.0125,1,2-3
2,False,0.9999999976317456,1.0,-6.420519405489272,-0.9102885999137801,0.05,0.0125,2,3-4
3,False,0.9999984482593545,1.0,-4.945786647982441,-0.7012038931640179,0.05,0.0125,3,4-5
