,reject,pvals,pvals_corrected,tstats,effectsize,alpha,alpha_corrected,step,dimension_step
0,True,2.1106764426017038e-23,8.442705770406815e-23,12.984023942985718,1.8408493503193128,0.05,0.0125,0,1-2
1,True,1.854822047088823e-12,5.564466141266469e-12,7.911625153795549,1.1216946370622145,0.05,0.0125,1,2-3
2,False,0.9999998471623636,1.0,-5.493712596777986,-0.7788877553697918,0.05,0.0125,2,3-4
3,False,0.999999999509098,1.0,-6.756839129163504,-0.9579713481545318,0.05,0.0125,3,4-5
