,reject,pvals,pvals_corrected,tstats,effectsize,alpha,alpha_corrected,step,dimension_step
0,True,7.108186804245954e-19,2.8432747216983818e-18,10.866547564110133,1.540637718433392,0.05,0.0125,0,1-2
1,True,8.009432879384336e-11,2.4028298638153005e-10,7.137635534375234,1.0119599127332835,0.05,0.0125,1,2-3
2,False,0.9999999998124092,1.0,-6.9596834545987365,-0.9867302172334147,0.05,0.0125,2,3-4
3,False,0.9999992060254819,1.0,-5.107261228774256,-0.7240974413004782,0.05,0.0125,3,4-5
