,reject,pvals,pvals_corrected,tstats,effectsize,alpha,alpha_corrected,step,dimension_step
0,True,2.9749602018376094e-14,8.924880605512827e-14,8.744421363694865,1.2397668440046343,0.05,0.0125,0,1-2
1,True,3.482769903924636e-17,1.3931079615698543e-16,10.089887471303733,1.4305243796456915,0.05,0.0125,1,2-3
2,False,0.9999999999994892,1.0,-8.172886817927274,-1.158735801403262,0.05,0.0125,2,3-4
3,False,0.9999997498868896,1.0,-5.379638344094399,-0.7627145324257456,0.05,0.0125,3,4-5
