,reject,pvals,pvals_corrected,tstats,effectsize,alpha,alpha_corrected,step,dimension_step
0,True,5.757384428650196e-06,2.3029537714600784e-05,4.621231102100268,0.6551890468880689,0.05,0.0125,0,1-2
1,False,0.9998337554344983,1.0,-3.718393664773647,-0.5271865326255696,0.05,0.0125,1,2-3
2,False,0.8366006250212712,1.0,-0.9854635727644414,-0.13971708506181443,0.05,0.0125,2,3-4
3,False,0.9740213614375691,1.0,-1.9672137139422077,-0.27890768710466624,0.05,0.0125,3,4-5
