{
  "data": {
    "name": "normal-3-60",
    "n_dimension": 3,
    "distance": "euclidean",
    "subject": null,
    "n_objects": 60,
    "n_train_triplets": 1473,
    "n_test_triplets": 10000,
    "frac_train_ndlogn": 1.9986919051317067,
    "frac_train_triplets": 0.01434833430742256,
    "max_train_score": 0.769857433808554,
    "max_test_score": 0.7701,
    "noise_sd": 1.0,
    "distance_sd": 1.0329430585222712,
    "distance_mean": 2.221405793668646,
    "difference_sd": 0.8908537404472412,
    "difference_mean": -0.11679068387049411
  },
  "n_repeats": 10,
  "n_splits": 10,
  "embedding_method": "soe",
  "embedding_dimension": [
    1,
    2,
    3,
    4,
    5
  ],
  "random_state": 799349760,
  "alpha": 0.05
}