{
  "data": {
    "name": "normal-3-60",
    "n_dimension": 3,
    "distance": "euclidean",
    "subject": null,
    "n_objects": 60,
    "n_train_triplets": 2947,
    "n_test_triplets": 10000,
    "frac_train_ndlogn": 3.998740695467169,
    "frac_train_triplets": 0.028706409507110852,
    "max_train_score": 0.6847641669494401,
    "max_test_score": 0.6701,
    "noise_sd": 2.0,
    "distance_sd": 1.044773554535071,
    "distance_mean": 2.5268336645747542,
    "difference_sd": 0.9593165535346294,
    "difference_mean": -0.06875008157172682
  },
  "n_repeats": 10,
  "n_splits": 10,
  "embedding_method": "soe",
  "embedding_dimension": [
    1,
    2,
    3,
    4,
    5
  ],
  "random_state": 2199204608,
  "alpha": 0.05
}