,reject,pvals,pvals_corrected,tstats,effectsize,alpha,alpha_corrected,step,dimension_step
0,True,3.169212295347537e-32,1.2676849181390148e-31,17.426065642390192,2.470633276500187,0.05,0.0125,0,1-2
1,True,3.904580520717165e-15,1.1713741562151495e-14,9.150085566263996,1.2972811159303734,0.05,0.0125,1,2-3
2,False,0.9999997619173501,1.0,-5.39110791425356,-0.7643406655004108,0.05,0.0125,2,3-4
3,False,0.9998122327480378,1.0,-3.6831971272529698,-0.5221964368345471,0.05,0.0125,3,4-5
