,reject,pvals,pvals_corrected,tstats,effectsize,alpha,alpha_corrected,step,dimension_step
0,True,4.127958784162384e-45,1.6511835136649537e-44,25.164753428091444,3.5678091940113412,0.05,0.0125,0,1-2
1,True,6.443242196044169e-20,1.9329726588132507e-19,11.348312549222985,1.6089414094729242,0.05,0.0125,1,2-3
2,False,0.9999999980803939,1.0,-6.465762808915173,-0.9167031205715147,0.05,0.0125,2,3-4
3,False,0.9999963632479261,1.0,-4.7363499968987535,-0.6715103771343639,0.05,0.0125,3,4-5
