,reject,pvals,pvals_corrected,tstats,effectsize,alpha,alpha_corrected,step,dimension_step
0,True,1.0027138832509188e-57,4.0108555330036754e-57,34.88397356407057,4.945781088663695,0.05,0.0125,0,1-2
1,True,4.090889231544141e-51,1.2272667694632422e-50,29.475929439008127,4.179039240540601,0.05,0.0125,1,2-3
2,False,0.9999994195095154,1.0,-5.1818208703396476,-0.734668360480725,0.05,0.0125,2,3-4
3,False,0.999039992051326,1.0,-3.1876508058575945,-0.45193885507102854,0.05,0.0125,3,4-5
