,reject,pvals,pvals_corrected,tstats,effectsize,alpha,alpha_corrected,step,dimension_step
0,True,7.238609469013529e-38,2.8954437876054114e-37,20.59421837177325,2.9198077326785272,0.05,0.0125,0,1-2
1,True,1.1009502232227278e-31,3.302850669668183e-31,17.13756958886574,2.4297308740529804,0.05,0.0125,1,2-3
2,False,0.9284594553987704,1.0,-1.4761360110512551,-0.2092836572744168,0.05,0.0125,2,3-4
3,False,0.9999731519256299,1.0,-4.222555615023589,-0.5986656212847289,0.05,0.0125,3,4-5
