,reject,pvals,pvals_corrected,tstats,effectsize,alpha,alpha_corrected,step,dimension_step
0,True,6.15029736839188e-31,2.460118947356752e-30,16.742984148331097,2.3737873271954544,0.05,0.0125,0,1-2
1,True,6.139188683781649e-10,1.8417566051344947e-09,6.709405177878591,0.9512462559343282,0.05,0.0125,1,2-3
2,False,0.9999999272194344,1.0,-5.663461015935793,-0.8029543520193759,0.05,0.0125,2,3-4
3,False,0.9999999959475726,1.0,-6.304264170041159,-0.8938061615275285,0.05,0.0125,3,4-5
