,reject,pvals,pvals_corrected,tstats,effectsize,alpha,alpha_corrected,step,dimension_step
0,True,1.9785828576328675e-19,7.91433143053147e-19,11.122850101752345,1.5769757875848078,0.05,0.0125,0,1-2
1,False,0.8682089740582404,1.0,-1.1243531091882877,-0.159408570075604,0.05,0.0125,1,2-3
2,False,0.9996607526578208,1.0,-3.5089481679714787,-0.49749176246736565,0.05,0.0125,2,3-4
3,False,0.6339877521595807,1.0,-0.3434016654857406,-0.048686812007112674,0.05,0.0125,3,4-5
