{
  "data": {
    "name": "normal-3-60",
    "n_dimension": 3,
    "distance": "euclidean",
    "subject": null,
    "n_objects": 60,
    "n_train_triplets": 5895,
    "n_test_triplets": 10000,
    "frac_train_ndlogn": 7.998838276138094,
    "frac_train_triplets": 0.05742255990648743,
    "max_train_score": 0.6824427480916031,
    "max_test_score": 0.675,
    "noise_sd": 2.0,
    "distance_sd": 1.040205146293769,
    "distance_mean": 2.4130709416674345,
    "difference_sd": 0.9353337181758049,
    "difference_mean": -0.07522742585510263
  },
  "n_repeats": 10,
  "n_splits": 10,
  "embedding_method": "soe",
  "embedding_dimension": [
    1,
    2,
    3,
    4,
    5
  ],
  "random_state": 1823247735,
  "alpha": 0.05
}