,reject,pvals,pvals_corrected,tstats,effectsize,alpha,alpha_corrected,step,dimension_step
0,True,5.3765788129944774e-17,2.150631525197791e-16,10.003425257020693,1.4182659371405784,0.05,0.0125,0,1-2
1,True,2.555992108342077e-10,7.66797632502623e-10,6.894660680461227,0.9775114163399015,0.05,0.0125,1,2-3
2,False,0.8795873704599297,1.0,-1.1800065367764392,-0.16729900346270793,0.05,0.0125,2,3-4
3,False,0.7280711482403219,1.0,-0.6090934757261265,-0.08635607374090663,0.05,0.0125,3,4-5
