,reject,pvals,pvals_corrected,tstats,effectsize,alpha,alpha_corrected,step,dimension_step
0,True,5.929841088965778e-32,2.371936435586311e-31,17.280613413720936,2.4500113459011645,0.05,0.0125,0,1-2
1,True,7.375159513252e-06,2.2125478539756e-05,4.558497525218842,0.64629480387431,0.05,0.0125,1,2-3
2,False,0.9999999999849907,1.0,-7.4842283906890374,-1.0610991654928454,0.05,0.0125,2,3-4
3,False,0.9996112093813778,1.0,-3.4679847004792492,-0.4916840426995171,0.05,0.0125,3,4-5
