,reject,pvals,pvals_corrected,tstats,effectsize,alpha,alpha_corrected,step,dimension_step
0,True,1.831356297439598e-22,7.325425189758392e-22,12.53883693211075,1.77773161244865,0.05,0.0125,0,1-2
1,True,4.0419925584038346e-20,1.2125977675211505e-19,11.442206175137699,1.6222534628874283,0.05,0.0125,1,2-3
2,False,0.9999993697504059,1.0,-5.162294703002379,-0.7318999789208269,0.05,0.0125,2,3-4
3,False,0.999588825480709,1.0,-3.4510698444617374,-0.4892858877171087,0.05,0.0125,3,4-5
