{
  "data": {
    "name": "normal-3-60",
    "n_dimension": 3,
    "distance": "euclidean",
    "subject": null,
    "n_objects": 60,
    "n_train_triplets": 1473,
    "n_test_triplets": 10000,
    "frac_train_ndlogn": 1.9986919051317067,
    "frac_train_triplets": 0.01434833430742256,
    "max_train_score": 0.6775288526816021,
    "max_test_score": 0.6803,
    "noise_sd": 2.0,
    "distance_sd": 1.0382927198853422,
    "distance_mean": 2.3639771342338602,
    "difference_sd": 0.9344468479455758,
    "difference_mean": -0.08524666992293767
  },
  "n_repeats": 10,
  "n_splits": 10,
  "embedding_method": "soe",
  "embedding_dimension": [
    1,
    2,
    3,
    4,
    5
  ],
  "random_state": 3048758342,
  "alpha": 0.05
}