,reject,pvals,pvals_corrected,tstats,effectsize,alpha,alpha_corrected,step,dimension_step
0,True,2.8946902931289836e-21,1.1578761172515934e-20,11.975461432826213,1.6978573433932531,0.05,0.0125,0,1-2
1,False,0.02365995610121842,0.07097986830365526,2.0084431085959675,0.2847531095018911,0.05,0.0125,1,2-3
2,False,0.9999998561251826,1.0,-5.507630644019,-0.780861028704302,0.05,0.0125,2,3-4
3,False,0.9873824223010033,1.0,-2.272234517919427,-0.3221529361353932,0.05,0.0125,3,4-5
