,reject,pvals,pvals_corrected,tstats,effectsize,alpha,alpha_corrected,step,dimension_step
0,True,7.968109334329494e-08,3.1872437337317976e-07,5.642863664582225,0.8000341000987071,0.05,0.0125,0,1-2
1,False,0.7057316548507254,1.0,-0.542728232173102,-0.07694694017685723,0.05,0.0125,1,2-3
2,False,0.43159437151160374,1.0,0.17276515590446984,0.02449430364585611,0.05,0.0125,2,3-4
3,False,0.999688108901771,1.0,-3.534057088457224,-0.5010516557767409,0.05,0.0125,3,4-5
