,reject,pvals,pvals_corrected,tstats,effectsize,alpha,alpha_corrected,step,dimension_step
0,True,2.56270112310564e-22,1.025080449242256e-21,12.469952855193128,1.7679653636495132,0.05,0.0125,0,1-2
1,True,1.4335419902373557e-08,4.3006259707120675e-08,6.027465512645912,0.8545621928724516,0.05,0.0125,1,2-3
2,False,0.9999999958617137,1.0,-6.2997102815218975,-0.893160520179444,0.05,0.0125,2,3-4
3,False,0.9523964271301797,1.0,-1.6846454680063399,-0.23884571754607528,0.05,0.0125,3,4-5
