,reject,pvals,pvals_corrected,tstats,effectsize,alpha,alpha_corrected,step,dimension_step
0,True,8.986778237730166e-06,3.5947112950920664e-05,4.508071629389742,0.639145519647488,0.05,0.0125,0,1-2
1,False,0.017547175038258374,0.05264152511477512,2.1366101041701397,0.3029243737856844,0.05,0.0125,1,2-3
2,False,0.2337836898693298,0.4675673797386596,0.729255205927777,0.10339236726179547,0.05,0.0125,2,3-4
3,False,0.342421253682326,0.4675673797386596,0.40706024649269246,0.0577122002845429,0.05,0.0125,3,4-5
