,reject,pvals,pvals_corrected,tstats,effectsize,alpha,alpha_corrected,step,dimension_step
0,True,1.5584647464018148e-31,6.233858985607259e-31,17.057491377399476,2.4183775428977308,0.05,0.0125,0,1-2
1,True,1.5262989513452466e-10,4.57889685403574e-10,7.0029318257680515,0.9928618861458408,0.05,0.0125,1,2-3
2,False,1.0,1.0,-10.226816997614325,-1.4499379782846988,0.05,0.0125,2,3-4
3,False,0.9995747863208041,1.0,-3.4408981145972435,-0.48784375988409645,0.05,0.0125,3,4-5
