,reject,pvals,pvals_corrected,tstats,effectsize,alpha,alpha_corrected,step,dimension_step
0,True,3.1091857228725614e-38,1.2436742891490246e-37,20.811262391306602,2.950579806428785,0.05,0.0125,0,1-2
1,True,4.368424341567112e-34,1.3105273024701338e-33,18.437912179775324,2.6140908863403567,0.05,0.0125,1,2-3
2,False,0.9999995512971779,1.0,-5.242719408440293,-0.7433024353091631,0.05,0.0125,2,3-4
3,False,0.9999982852280727,1.0,-4.921472849046942,-0.6977567306225173,0.05,0.0125,3,4-5
