,reject,pvals,pvals_corrected,tstats,effectsize,alpha,alpha_corrected,step,dimension_step
0,True,5.076507639593763e-37,1.522952291878129e-36,20.09934676467264,2.849645810579272,0.05,0.0125,0,1-2
1,True,2.0585661524530125e-44,8.23426460981205e-44,24.696409957503064,3.501408378875394,0.05,0.0125,1,2-3
2,False,0.9999999999993363,1.0,-8.119958483162472,-1.1512317263112022,0.05,0.0125,2,3-4
3,False,0.9714827141766932,1.0,-1.9255137503991666,-0.2729955483768248,0.05,0.0125,3,4-5
