,reject,pvals,pvals_corrected,tstats,effectsize,alpha,alpha_corrected,step,dimension_step
0,True,7.151140917725504e-42,2.8604563670902017e-41,23.043773828576157,3.2671008824006345,0.05,0.0125,0,1-2
1,True,1.4780497786677828e-32,4.4341493360033483e-32,17.60399645487763,2.4958599567656865,0.05,0.0125,1,2-3
2,False,0.9999999999789447,1.0,-7.414513584188744,-1.0512151374891054,0.05,0.0125,2,3-4
3,False,0.999992686414073,1.0,-4.56062948711506,-0.6465970692343241,0.05,0.0125,3,4-5
