,reject,pvals,pvals_corrected,tstats,effectsize,alpha,alpha_corrected,step,dimension_step
0,True,3.187740995690276e-19,1.2750963982761103e-18,11.027185379387008,1.5634126316026562,0.05,0.0125,0,1-2
1,False,0.4534762626631813,1.0,0.11718289611429042,0.016613960289025963,0.05,0.0125,1,2-3
2,False,0.9999999999999896,1.0,-8.953330773457383,-1.2693856087978614,0.05,0.0125,2,3-4
3,False,0.999999996518937,1.0,-6.337237445201572,-0.8984810475585062,0.05,0.0125,3,4-5
