,reject,pvals,pvals_corrected,tstats,effectsize,alpha,alpha_corrected,step,dimension_step
0,True,3.109578316727841e-31,1.2438313266911364e-30,16.89887298350626,2.3958889393161913,0.05,0.0125,0,1-2
1,True,2.4232134725680775e-23,7.269640417704233e-23,12.955451509402176,1.836798406942262,0.05,0.0125,1,2-3
2,False,0.9999999651354988,1.0,-5.8295805180152955,-0.826506447950593,0.05,0.0125,2,3-4
3,False,0.9999999064505143,1.0,-5.606292597405175,-0.7948491261993232,0.05,0.0125,3,4-5
