,reject,pvals,pvals_corrected,tstats,effectsize,alpha,alpha_corrected,step,dimension_step
0,True,1.0684249766941121e-47,3.2052749300823363e-47,26.95854089339236,3.8221288490435543,0.05,0.0125,0,1-2
1,True,2.100991978258623e-52,8.403967913034492e-52,30.472751755458123,4.32036674591786,0.05,0.0125,1,2-3
2,False,0.998433567858058,1.0,-3.0286438764278687,-0.42939516568611275,0.05,0.0125,2,3-4
3,False,0.9994813687235424,1.0,-3.3803143459236393,-0.4792543124452731,0.05,0.0125,3,4-5
