,reject,pvals,pvals_corrected,tstats,effectsize,alpha,alpha_corrected,step,dimension_step
0,True,6.705301332353171e-07,2.6821205329412684e-06,5.1475607375083765,0.7298110263028742,0.05,0.0125,0,1-2
1,False,0.9414640777663849,1.0,-1.5809822969987852,-0.2241485572636201,0.05,0.0125,1,2-3
2,False,0.9124714994203416,1.0,-1.3659267136352453,-0.19365840007847568,0.05,0.0125,2,3-4
3,False,0.7439457859027456,1.0,-0.6579326073802284,-0.09328038966718634,0.05,0.0125,3,4-5
