,reject,pvals,pvals_corrected,tstats,effectsize,alpha,alpha_corrected,step,dimension_step
0,True,1.8075196595225477e-35,7.230078638090191e-35,19.210587052936273,2.723639208533246,0.05,0.0125,0,1-2
1,True,2.592989547313253e-19,7.778968641939758e-19,11.068593755013453,1.5692834295697917,0.05,0.0125,1,2-3
2,False,0.9999999999999823,1.0,-8.8481593211494,-1.2544746073622948,0.05,0.0125,2,3-4
3,False,0.9999898632015143,1.0,-4.477186944377917,-0.63476674981554,0.05,0.0125,3,4-5
