,reject,pvals,pvals_corrected,tstats,effectsize,alpha,alpha_corrected,step,dimension_step
0,True,2.48468713706565e-37,9.9387485482626e-37,20.28000997677335,2.875259885082104,0.05,0.0125,0,1-2
1,True,5.028373515619694e-13,1.5085120546859083e-12,8.17606726254153,1.159186718578676,0.05,0.0125,1,2-3
2,False,0.9999983538593594,1.0,-4.931421642151393,-0.699167250920632,0.05,0.0125,2,3-4
3,False,0.9999111867943546,1.0,-3.896363611910773,-0.5524187613246492,0.05,0.0125,3,4-5
