,reject,pvals,pvals_corrected,tstats,effectsize,alpha,alpha_corrected,step,dimension_step
0,True,5.635648333811189e-08,1.6906945001433567e-07,5.72143211517982,0.8111733803305733,0.05,0.0125,0,1-2
1,True,8.345472618289732e-09,3.338189047315893e-08,6.146604247319634,0.8714534481015723,0.05,0.0125,1,2-3
2,False,0.9999999999996207,1.0,-8.23298175601878,-1.1672559434046168,0.05,0.0125,2,3-4
3,False,0.9875820187952563,1.0,-2.2786510832182305,-0.3230626641298463,0.05,0.0125,3,4-5
