,reject,pvals,pvals_corrected,tstats,effectsize,alpha,alpha_corrected,step,dimension_step
0,True,1.9320870421086564e-18,7.728348168434626e-18,10.666588248613207,1.51228788038325,0.05,0.0125,0,1-2
1,False,0.9966768682372306,1.0,-2.7725550910528605,-0.39308740191028274,0.05,0.0125,1,2-3
2,False,0.9999813293910815,1.0,-4.3185599980328515,-0.6122769336842167,0.05,0.0125,2,3-4
3,False,0.9955911505242423,1.0,-2.6720049758141284,-0.37883160454541837,0.05,0.0125,3,4-5
