,reject,pvals,pvals_corrected,tstats,effectsize,alpha,alpha_corrected,step,dimension_step
0,True,8.410494996519977e-10,2.5231484989559933e-09,6.64244056961102,0.941752145621143,0.05,0.0125,0,1-2
1,True,8.14330361670121e-12,3.257321446680484e-11,7.6097728351779965,1.0788986096473328,0.05,0.0125,1,2-3
2,False,0.9955928352580591,1.0,-2.6721426675731608,-0.3788511262119119,0.05,0.0125,2,3-4
3,False,0.9999999999866975,1.0,-7.509053709148475,-1.0646188502653164,0.05,0.0125,3,4-5
