,reject,pvals,pvals_corrected,tstats,effectsize,alpha,alpha_corrected,step,dimension_step
0,True,4.6897565893784753e-38,1.8759026357513901e-37,20.705518820501947,2.9355876911592076,0.05,0.0125,0,1-2
1,True,2.5487161228294305e-14,7.646148368488292e-14,8.77537178230925,1.2441549334173299,0.05,0.0125,1,2-3
2,False,0.9999999999958986,1.0,-7.750030478101741,-1.0987840621070053,0.05,0.0125,2,3-4
3,False,0.9999963419522282,1.0,-4.734896795844576,-0.6713043451501183,0.05,0.0125,3,4-5
