{
  "data": {
    "name": "normal-3-60",
    "n_dimension": 3,
    "distance": "euclidean",
    "subject": null,
    "n_objects": 60,
    "n_train_triplets": 1473,
    "n_test_triplets": 10000,
    "frac_train_ndlogn": 1.9986919051317067,
    "frac_train_triplets": 0.01434833430742256,
    "max_train_score": 0.8737270875763747,
    "max_test_score": 0.883,
    "noise_sd": 0.5,
    "distance_sd": 1.0404532936181676,
    "distance_mean": 2.4193746401055805,
    "difference_sd": 0.9368880565079857,
    "difference_mean": -0.15927656059446643
  },
  "n_repeats": 10,
  "n_splits": 10,
  "embedding_method": "soe",
  "embedding_dimension": [
    1,
    2,
    3,
    4,
    5
  ],
  "random_state": 2340984567,
  "alpha": 0.05
}