,reject,pvals,pvals_corrected,tstats,effectsize,alpha,alpha_corrected,step,dimension_step
0,True,3.63956759376549e-40,1.455827037506196e-39,21.97775966436526,3.11596349308005,0.05,0.0125,0,1-2
1,True,2.2414827305879612e-35,6.724448191763884e-35,19.15781233921718,2.7161569135305816,0.05,0.0125,1,2-3
2,False,0.9999999923247327,1.0,-6.164955903185177,-0.8740553097375114,0.05,0.0125,2,3-4
3,False,0.9986375522052687,1.0,-3.07452261544394,-0.435899762972906,0.05,0.0125,3,4-5
