{
  "data": {
    "name": "normal-3-60",
    "n_dimension": 3,
    "distance": "euclidean",
    "subject": null,
    "n_objects": 60,
    "n_train_triplets": 5895,
    "n_test_triplets": 10000,
    "frac_train_ndlogn": 7.998838276138094,
    "frac_train_triplets": 0.05742255990648743,
    "max_train_score": 0.8758269720101781,
    "max_test_score": 0.8744,
    "noise_sd": 0.5,
    "distance_sd": 1.0369822456935687,
    "distance_mean": 2.32979222860543,
    "difference_sd": 0.9306253744825993,
    "difference_mean": -0.13018887618370648
  },
  "n_repeats": 10,
  "n_splits": 10,
  "embedding_method": "soe",
  "embedding_dimension": [
    1,
    2,
    3,
    4,
    5
  ],
  "random_state": 827778098,
  "alpha": 0.05
}