,reject,pvals,pvals_corrected,tstats,effectsize,alpha,alpha_corrected,step,dimension_step
0,True,1.5143184466661003e-51,6.057273786664401e-51,29.80663653907379,4.225926242056856,0.05,0.0125,0,1-2
1,True,2.460986579561505e-42,7.382959738684514e-42,23.339116192368937,3.308973941237946,0.05,0.0125,1,2-3
2,False,0.9999988857227866,1.0,-5.025933540957405,-0.7125669618483434,0.05,0.0125,2,3-4
3,False,0.9676469675509919,1.0,-1.8680962772161096,-0.26485501207851436,0.05,0.0125,3,4-5
