,reject,pvals,pvals_corrected,tstats,effectsize,alpha,alpha_corrected,step,dimension_step
0,True,2.5101476217524677e-13,1.004059048700987e-12,8.316223024235924,1.1790577265182458,0.05,0.0125,0,1-2
1,False,0.9730716612644876,1.0,-1.9512256357949564,-0.27664092886396524,0.05,0.0125,1,2-3
2,False,0.9999995028818601,1.0,-5.21853045076681,-0.7398729725159904,0.05,0.0125,2,3-4
3,False,0.9999473812375244,1.0,-4.041100027885222,-0.5729392054091694,0.05,0.0125,3,4-5
