,reject,pvals,pvals_corrected,tstats,effectsize,alpha,alpha_corrected,step,dimension_step
0,True,2.1572709240671128e-41,8.629083696268451e-41,22.74078721228327,3.2241440364946685,0.05,0.0125,0,1-2
1,True,8.66207413887328e-36,2.598622241661984e-35,19.391634459560866,2.749307753379232,0.05,0.0125,1,2-3
2,False,0.9999999993370514,1.0,-6.693081142675943,-0.9489318663637808,0.05,0.0125,2,3-4
3,False,0.999999897586881,1.0,-5.585611844176596,-0.7919170497250257,0.05,0.0125,3,4-5
