,reject,pvals,pvals_corrected,tstats,effectsize,alpha,alpha_corrected,step,dimension_step
0,True,9.302816696273918e-38,3.7211266785095674e-37,20.530055964683704,2.910710912931093,0.05,0.0125,0,1-2
1,True,9.890484609597042e-18,2.9671453828791125e-17,10.340702551825268,1.466084447930823,0.05,0.0125,1,2-3
2,False,0.9999930558773279,1.0,-4.573798933438052,-0.6484642074046016,0.05,0.0125,2,3-4
3,False,0.9962803988392136,1.0,-2.732774043199077,-0.38744732327070047,0.05,0.0125,3,4-5
