,reject,pvals,pvals_corrected,tstats,effectsize,alpha,alpha_corrected,step,dimension_step
0,True,3.691872186962656e-18,1.4767488747850625e-17,10.537275550442343,1.4939541806410779,0.05,0.0125,0,1-2
1,True,8.86850460053547e-06,2.6605513801606408e-05,4.5114620155076235,0.6396262019159311,0.05,0.0125,1,2-3
2,False,0.9999910629591802,1.0,-4.509492093952988,-0.6393469103165044,0.05,0.0125,2,3-4
3,False,0.9999999819752156,1.0,-5.976740421523791,-0.8473704893260724,0.05,0.0125,3,4-5
