{
  "data": {
    "name": "normal-3-60",
    "n_dimension": 3,
    "distance": "euclidean",
    "subject": null,
    "n_objects": 60,
    "n_train_triplets": 5895,
    "n_test_triplets": 10000,
    "frac_train_ndlogn": 7.998838276138094,
    "frac_train_triplets": 0.05742255990648743,
    "max_train_score": 0.8797285835453774,
    "max_test_score": 0.8729,
    "noise_sd": 0.5,
    "distance_sd": 1.0352589920009092,
    "distance_mean": 2.2841284954964562,
    "difference_sd": 0.9244690843010217,
    "difference_mean": -0.13535837962483405
  },
  "n_repeats": 10,
  "n_splits": 10,
  "embedding_method": "soe",
  "embedding_dimension": [
    1,
    2,
    3,
    4,
    5
  ],
  "random_state": 1783719491,
  "alpha": 0.05
}