{
  "data": {
    "name": "normal-3-60",
    "n_dimension": 3,
    "distance": "euclidean",
    "subject": null,
    "n_objects": 60,
    "n_train_triplets": 2947,
    "n_test_triplets": 10000,
    "frac_train_ndlogn": 3.998740695467169,
    "frac_train_triplets": 0.028706409507110852,
    "max_train_score": 0.7807940278249067,
    "max_test_score": 0.7826,
    "noise_sd": 1.0,
    "distance_sd": 1.0321465611833711,
    "distance_mean": 2.19945407665861,
    "difference_sd": 0.889701114922765,
    "difference_mean": -0.1709332977579711
  },
  "n_repeats": 10,
  "n_splits": 10,
  "embedding_method": "soe",
  "embedding_dimension": [
    1,
    2,
    3,
    4,
    5
  ],
  "random_state": 3258659716,
  "alpha": 0.05
}