,reject,pvals,pvals_corrected,tstats,effectsize,alpha,alpha_corrected,step,dimension_step
0,True,9.264580009823372e-17,3.705832003929349e-16,9.89510017745889,1.4029078206421597,0.05,0.0125,0,1-2
1,True,4.454666119718483e-07,1.336399835915545e-06,5.244426041381211,0.7435443983673272,0.05,0.0125,1,2-3
2,False,0.9999931924635086,1.0,-4.578839950705918,-0.6491789129075526,0.05,0.0125,2,3-4
3,False,0.9999900787107119,1.0,-4.482707587318403,-0.6355494557020175,0.05,0.0125,3,4-5
