,reject,pvals,pvals_corrected,tstats,effectsize,alpha,alpha_corrected,step,dimension_step
0,True,2.20572021506704e-44,8.82288086026816e-44,24.676428385852304,3.498575430988577,0.05,0.0125,0,1-2
1,True,4.255374540134782e-40,1.2766123620404348e-39,21.936055553792627,3.1100507663945187,0.05,0.0125,1,2-3
2,False,0.9999999989490989,1.0,-6.594914561971096,-0.9350140018321761,0.05,0.0125,2,3-4
3,False,0.9998568038522505,1.0,-3.7612493770440407,-0.533262531132415,0.05,0.0125,3,4-5
