,reject,pvals,pvals_corrected,tstats,effectsize,alpha,alpha_corrected,step,dimension_step
0,True,1.6454231383848674e-17,4.9362694151546025e-17,10.239252587365362,1.4517010717150989,0.05,0.0125,0,1-2
1,True,3.74958718753198e-45,1.499834875012792e-44,25.192978879457275,3.57181094293274,0.05,0.0125,1,2-3
2,False,0.9999999999304268,1.0,-7.166956214352612,-1.0161169410108257,0.05,0.0125,2,3-4
3,False,0.9999813165070753,1.0,-4.318378896247188,-0.6122512574296175,0.05,0.0125,3,4-5
