,reject,pvals,pvals_corrected,tstats,effectsize,alpha,alpha_corrected,step,dimension_step
0,True,4.1216277327115804e-14,1.6486510930846322e-13,8.679133041847322,1.230510394279631,0.05,0.0125,0,1-2
1,False,0.43467184784628976,1.0,0.16491940648645254,0.02338194874090943,0.05,0.0125,1,2-3
2,False,0.9976348650606139,1.0,-2.890277397568638,-0.40977783874398344,0.05,0.0125,2,3-4
3,False,0.9999534567351773,1.0,-4.07455580314036,-0.5776824993535802,0.05,0.0125,3,4-5
