,reject,pvals,pvals_corrected,tstats,effectsize,alpha,alpha_corrected,step,dimension_step
0,True,2.0107703796308617e-18,8.043081518523447e-18,10.658613046025241,1.511157171862749,0.05,0.0125,0,1-2
1,True,2.0699234958000954e-07,6.209770487400286e-07,5.423602372620317,0.7689476658291291,0.05,0.0125,1,2-3
2,False,0.9999999993719721,1.0,-6.704579185328585,-0.950562036212512,0.05,0.0125,2,3-4
3,False,0.9994636224220527,1.0,-3.369979060656099,-0.4777889960492421,0.05,0.0125,3,4-5
