,reject,pvals,pvals_corrected,tstats,effectsize,alpha,alpha_corrected,step,dimension_step
0,True,1.3257935568329398e-23,5.303174227331759e-23,13.080366232676829,1.8545085704628466,0.05,0.0125,0,1-2
1,True,8.873411712063744e-09,2.6620235136191233e-08,6.133143721693626,0.869545041280821,0.05,0.0125,1,2-3
2,False,0.9999999998323755,1.0,-6.983291563959395,-0.9900773284964306,0.05,0.0125,2,3-4
3,False,0.9999985502718999,1.0,-4.962299824088036,-0.7035450987593845,0.05,0.0125,3,4-5
