,reject,pvals,pvals_corrected,tstats,effectsize,alpha,alpha_corrected,step,dimension_step
0,True,3.2952425443107345e-60,1.3180970177242938e-59,37.12001054889049,5.262802009825766,0.05,0.0125,0,1-2
1,True,7.727169716356329e-45,2.3181509149068987e-44,24.981248207617085,3.5417921851569396,0.05,0.0125,1,2-3
2,False,0.999999970627548,1.0,-5.867968866303337,-0.8319490723878384,0.05,0.0125,2,3-4
3,False,0.9982771928925415,1.0,-2.997079349802377,-0.42492000924872314,0.05,0.0125,3,4-5
