,reject,pvals,pvals_corrected,tstats,effectsize,alpha,alpha_corrected,step,dimension_step
0,True,1.1003586476393092e-61,4.401434590557237e-61,38.507284220126145,5.459486939522684,0.05,0.0125,0,1-2
1,True,2.1592045090244505e-42,6.477613527073351e-42,23.37551720089433,3.3141348045565273,0.05,0.0125,1,2-3
2,False,0.9999999983131489,1.0,-6.493548737261975,-0.920642554784655,0.05,0.0125,2,3-4
3,False,0.9999766175750465,1.0,-4.259237601261332,-0.6038663210701487,0.05,0.0125,3,4-5
