,reject,pvals,pvals_corrected,tstats,effectsize,alpha,alpha_corrected,step,dimension_step
0,True,2.9627346195990696e-25,1.1850938478396279e-24,13.875679613143229,1.9672665356484196,0.05,0.0125,0,1-2
1,True,3.3242658393667327e-25,1.1850938478396279e-24,13.851374238523155,1.9638205674897733,0.05,0.0125,1,2-3
2,False,0.9999999999991824,1.0,-8.07777325743819,-1.1452507880667397,0.05,0.0125,2,3-4
3,False,0.9999083990033656,1.0,-3.8877123418172346,-0.5511922012843212,0.05,0.0125,3,4-5
