,reject,pvals,pvals_corrected,tstats,effectsize,alpha,alpha_corrected,step,dimension_step
0,True,1.15471827842775e-28,4.618873113711e-28,15.56896878056226,2.2073377398785983,0.05,0.0125,0,1-2
1,True,3.689975851829619e-19,1.1069927555488858e-18,10.997858388224177,1.5592547085376667,0.05,0.0125,1,2-3
2,False,0.9999999999999339,1.0,-8.584466740658398,-1.2170887924860738,0.05,0.0125,2,3-4
3,False,0.9999999999954423,1.0,-7.728494060658629,-1.0957306712450934,0.05,0.0125,3,4-5
