,reject,pvals,pvals_corrected,tstats,effectsize,alpha,alpha_corrected,step,dimension_step
0,True,4.853888137561256e-21,1.9415552550245023e-20,11.87056894227398,1.6829858926061674,0.05,0.0125,0,1-2
1,True,3.8014887497283016e-11,1.1404466249184905e-10,7.292421852080329,1.0339052120978671,0.05,0.0125,1,2-3
2,False,0.9999999885313944,1.0,-6.076715168983454,-0.8615447121800651,0.05,0.0125,2,3-4
3,False,0.9983343438120938,1.0,-3.0082960635560827,-0.42651029284007325,0.05,0.0125,3,4-5
