,reject,pvals,pvals_corrected,tstats,effectsize,alpha,alpha_corrected,step,dimension_step
0,True,9.588802240701831e-37,3.8355208962807324e-36,19.939364858593756,2.8269638909246755,0.05,0.0125,0,1-2
1,True,2.3469329301665258e-14,7.040798790499577e-14,8.791875194113356,1.2464947546492564,0.05,0.0125,1,2-3
2,False,0.9999989230316793,1.0,-5.034136971506117,-0.7137300280797596,0.05,0.0125,2,3-4
3,False,0.9999998824653685,1.0,-5.5540807022077825,-0.7874466264985287,0.05,0.0125,3,4-5
