{
  "data": {
    "name": "normal-3-60",
    "n_dimension": 3,
    "distance": "euclidean",
    "subject": null,
    "n_objects": 60,
    "n_train_triplets": 1473,
    "n_test_triplets": 10000,
    "frac_train_ndlogn": 1.9986919051317067,
    "frac_train_triplets": 0.01434833430742256,
    "max_train_score": 0.7712152070604209,
    "max_test_score": 0.7925,
    "noise_sd": 1.0,
    "distance_sd": 1.0401795119545136,
    "distance_mean": 2.4124188984583927,
    "difference_sd": 0.959117933448027,
    "difference_mean": -0.0900471716166501
  },
  "n_repeats": 10,
  "n_splits": 10,
  "embedding_method": "soe",
  "embedding_dimension": [
    1,
    2,
    3,
    4,
    5
  ],
  "random_state": 3754976429,
  "alpha": 0.05
}