,reject,pvals,pvals_corrected,tstats,effectsize,alpha,alpha_corrected,step,dimension_step
0,True,7.27842804546493e-05,0.0002183528413639479,3.9517885747734143,0.5602768034327957,0.05,0.0125,0,1-2
1,True,2.7725671338674115e-05,0.00011090268535469646,4.213991143759592,0.5974513674115546,0.05,0.0125,1,2-3
2,False,0.9999995736854512,1.0,-5.254780989392804,-0.745012502508496,0.05,0.0125,2,3-4
3,False,0.9966951031025341,1.0,-2.7744870913469013,-0.3933613171080457,0.05,0.0125,3,4-5
