,reject,pvals,pvals_corrected,tstats,effectsize,alpha,alpha_corrected,step,dimension_step
0,True,4.797598855386173e-29,1.9190395421544692e-28,15.763253729610199,2.2348830774258945,0.05,0.0125,0,1-2
1,True,3.657036736001559e-10,1.0971110208004678e-09,6.819125212830557,0.9668021464614288,0.05,0.0125,1,2-3
2,False,0.9999999999999996,1.0,-9.576855526558536,-1.3577877206311766,0.05,0.0125,2,3-4
3,False,0.9968602345590571,1.0,-2.792440295183226,-0.3959066869997966,0.05,0.0125,3,4-5
