,reject,pvals,pvals_corrected,tstats,effectsize,alpha,alpha_corrected,step,dimension_step
0,True,2.704082799895296e-29,1.0816331199581183e-28,15.890646231185292,2.252944535475404,0.05,0.0125,0,1-2
1,True,4.946974348634528e-10,1.4840923045903583e-09,6.755207256905129,0.9577399845187418,0.05,0.0125,1,2-3
2,False,0.9999581749344375,1.0,-4.103564002298666,-0.5817952247158397,0.05,0.0125,2,3-4
3,False,0.9974233099370485,1.0,-2.860935699044941,-0.4056178304983276,0.05,0.0125,3,4-5
