,reject,pvals,pvals_corrected,tstats,effectsize,alpha,alpha_corrected,step,dimension_step
0,True,1.2084085056142627e-31,4.833634022457051e-31,17.116091773712157,2.4266857917082953,0.05,0.0125,0,1-2
1,True,2.9558245986036607e-06,8.867473795810982e-06,4.7877897943922845,0.6788034103428924,0.05,0.0125,1,2-3
2,False,0.9999987149204902,1.0,-4.99150321323605,-0.7076854977740742,0.05,0.0125,2,3-4
3,False,0.9999823861406741,1.0,-4.333839889818555,-0.6144432866569295,0.05,0.0125,3,4-5
