,reject,pvals,pvals_corrected,tstats,effectsize,alpha,alpha_corrected,step,dimension_step
0,True,7.124328138195959e-29,2.8497312552783837e-28,15.675662465219593,2.2224645604195237,0.05,0.0125,0,1-2
1,True,1.102210135540343e-15,3.3066304066210293e-15,9.40214856310613,1.3330181113344097,0.05,0.0125,1,2-3
2,False,0.9999999999999972,1.0,-9.21414909763399,-1.3063639172729666,0.05,0.0125,2,3-4
3,False,0.9999999887553632,1.0,-6.0810605501003625,-0.8621607917591753,0.05,0.0125,3,4-5
