,reject,pvals,pvals_corrected,tstats,effectsize,alpha,alpha_corrected,step,dimension_step
0,True,1.257838977497872e-36,3.7735169324936164e-36,19.871332996164345,2.817318467417747,0.05,0.0125,0,1-2
1,True,2.1984013534607888e-48,8.793605413843155e-48,27.450460259472443,3.891872208223603,0.05,0.0125,1,2-3
2,False,1.0,1.0,-10.721538657636376,-1.520078641182388,0.05,0.0125,2,3-4
3,False,0.9999999911581013,1.0,-6.133924754367359,-0.8696557745555232,0.05,0.0125,3,4-5
