,reject,pvals,pvals_corrected,tstats,effectsize,alpha,alpha_corrected,step,dimension_step
0,True,2.9171849303978163e-40,1.1668739721591265e-39,22.036875846765938,3.124344869026637,0.05,0.0125,0,1-2
1,True,3.527312963627425e-08,1.0581938890882274e-07,5.826966933574939,0.8261358990945403,0.05,0.0125,1,2-3
2,False,0.9999999986862947,1.0,-6.547172287245092,-0.9282451961215545,0.05,0.0125,2,3-4
3,False,0.999908656596867,1.0,-3.888501111338777,-0.5513040314740728,0.05,0.0125,3,4-5
