,reject,pvals,pvals_corrected,tstats,effectsize,alpha,alpha_corrected,step,dimension_step
0,True,8.648903394109464e-18,3.4595613576437854e-17,10.367446853405848,1.4698762023519132,0.05,0.0125,0,1-2
1,True,1.1310722659712261e-08,3.393216797913679e-08,6.079769566899614,0.8619777587027971,0.05,0.0125,1,2-3
2,False,0.9722712393183365,1.0,-1.9381176048284376,-0.27478249804200755,0.05,0.0125,2,3-4
3,False,0.9990157834135935,1.0,-3.1796939017591845,-0.45081074087434886,0.05,0.0125,3,4-5
