,reject,pvals,pvals_corrected,tstats,effectsize,alpha,alpha_corrected,step,dimension_step
0,True,2.0569128084636397e-24,8.227651233854559e-24,13.468464588559538,1.9095323912308784,0.05,0.0125,0,1-2
1,True,6.6352037043596936e-18,1.990561111307908e-17,10.420301905668316,1.4773698875950783,0.05,0.0125,1,2-3
2,False,0.9999999991407489,1.0,-6.637877561466034,-0.941105211310479,0.05,0.0125,2,3-4
3,False,0.9999638590917926,1.0,-4.143003269028191,-0.5873868463005594,0.05,0.0125,3,4-5
