,reject,pvals,pvals_corrected,tstats,effectsize,alpha,alpha_corrected,step,dimension_step
0,True,1.1616762913606483e-48,4.6467051654425933e-48,27.65086570592023,3.920285297841568,0.05,0.0125,0,1-2
1,True,2.231730128720611e-24,6.695190386161833e-24,13.451405370818469,1.9071137689275386,0.05,0.0125,1,2-3
2,False,0.9999928080489425,1.0,-4.56489259737411,-0.6472014846131906,0.05,0.0125,2,3-4
3,False,0.9999993512768063,1.0,-5.155426556718423,-0.7309262266634192,0.05,0.0125,3,4-5
