{
  "data": {
    "name": "normal-3-60",
    "n_dimension": 3,
    "distance": "euclidean",
    "subject": null,
    "n_objects": 60,
    "n_train_triplets": 5895,
    "n_test_triplets": 10000,
    "frac_train_ndlogn": 7.998838276138094,
    "frac_train_triplets": 0.05742255990648743,
    "max_train_score": 0.7820186598812553,
    "max_test_score": 0.7743,
    "noise_sd": 1.0,
    "distance_sd": 1.033084368197934,
    "distance_mean": 2.2252794724290004,
    "difference_sd": 0.8872742447042865,
    "difference_mean": -0.1399061621899004
  },
  "n_repeats": 10,
  "n_splits": 10,
  "embedding_method": "soe",
  "embedding_dimension": [
    1,
    2,
    3,
    4,
    5
  ],
  "random_state": 2225185877,
  "alpha": 0.05
}