,reject,pvals,pvals_corrected,tstats,effectsize,alpha,alpha_corrected,step,dimension_step
0,True,9.580533448598856e-31,3.8322133794395424e-30,16.64204997669004,2.359477079070039,0.05,0.0125,0,1-2
1,True,9.787634183775434e-17,2.9362902551326306e-16,9.884167914334132,1.4013578659009254,0.05,0.0125,1,2-3
2,False,0.9999599590565708,1.0,-4.115358605291075,-0.5834674403056437,0.05,0.0125,2,3-4
3,False,0.9995719077029427,1.0,-3.438851606149459,-0.4875536099457515,0.05,0.0125,3,4-5
