,reject,pvals,pvals_corrected,tstats,effectsize,alpha,alpha_corrected,step,dimension_step
0,True,5.925465428476697e-52,1.777639628543009e-51,30.121596269137907,4.270580612459376,0.05,0.0125,0,1-2
1,True,1.1213871659868242e-56,4.485548663947297e-56,33.97495481026084,4.81690219952065,0.05,0.0125,1,2-3
2,False,0.9851428185402402,1.0,-2.205753470162361,-0.31272738407930234,0.05,0.0125,2,3-4
3,False,0.9999998177882566,1.0,-5.453130069011658,-0.7731340444862473,0.05,0.0125,3,4-5
