,reject,pvals,pvals_corrected,tstats,effectsize,alpha,alpha_corrected,step,dimension_step
0,True,1.703860566458095e-07,5.111581699374285e-07,5.468637970670934,0.7753327242499053,0.05,0.0125,0,1-2
1,True,1.7764765095748103e-08,7.105906038299241e-08,5.979964222431762,0.8478275534714448,0.05,0.0125,1,2-3
2,False,0.9999996112164812,1.0,-5.276462680146145,-0.7480864899343027,0.05,0.0125,2,3-4
3,False,0.9867531319174523,1.0,-2.252571980089512,-0.3193652202355483,0.05,0.0125,3,4-5
