,reject,pvals,pvals_corrected,tstats,effectsize,alpha,alpha_corrected,step,dimension_step
0,True,3.4083561511297934e-37,1.3633424604519174e-36,20.1999624290877,2.863910901377296,0.05,0.0125,0,1-2
1,True,3.606411239155907e-21,1.0819233717467721e-20,11.930829630690754,1.691529534362292,0.05,0.0125,1,2-3
2,False,0.9999999809372424,1.0,-5.964311812447723,-0.8456083856020251,0.05,0.0125,2,3-4
3,False,0.9999999295819949,1.0,-5.670956218893012,-0.8040170071373034,0.05,0.0125,3,4-5
