,reject,pvals,pvals_corrected,tstats,effectsize,alpha,alpha_corrected,step,dimension_step
0,True,5.7956421256873147e-05,0.00023182568502749259,4.014631951232524,0.5691866136144937,0.05,0.0125,0,1-2
1,False,0.9439744128286756,1.0,-1.6033138903268243,-0.22731468659687074,0.05,0.0125,1,2-3
2,False,0.8785167990025727,1.0,-1.1746149955265697,-0.16653460135973708,0.05,0.0125,2,3-4
3,False,0.9274989553820421,1.0,-1.4690045120490143,-0.2082725673871273,0.05,0.0125,3,4-5
