,reject,pvals,pvals_corrected,tstats,effectsize,alpha,alpha_corrected,step,dimension_step
0,False,0.024123670057286554,0.07237101017185966,1.9999303846181757,0.2835461922570695,0.05,0.0125,0,1-2
1,True,4.803029093474605e-07,1.921211637389842e-06,5.22665996810953,0.7410255594785892,0.05,0.0125,1,2-3
2,False,0.9994776246103815,1.0,-3.3781064532897336,-0.4789412817747701,0.05,0.0125,2,3-4
3,False,0.6177918490486742,1.0,-0.3005126612990459,-0.0426060934379228,0.05,0.0125,3,4-5
