,reject,pvals,pvals_corrected,tstats,effectsize,alpha,alpha_corrected,step,dimension_step
0,False,0.0819177681080814,0.3276710724323256,1.4026967255830889,0.1988715799757592,0.05,0.0125,0,1-2
1,False,0.9369649261820338,1.0,-1.542798845335949,-0.21873498266647423,0.05,0.0125,1,2-3
2,False,0.5899842847255254,1.0,-0.22810971353765472,-0.032340946058880674,0.05,0.0125,2,3-4
3,False,0.9839001118984291,1.0,-2.1725636303505445,-0.3080217939384438,0.05,0.0125,3,4-5
