,reject,pvals,pvals_corrected,tstats,effectsize,alpha,alpha_corrected,step,dimension_step
0,True,5.555571015071089e-26,1.6666713045213266e-25,14.230661577728286,2.017595179661318,0.05,0.0125,0,1-2
1,True,2.225478337109698e-31,8.901913348438793e-31,16.97559277002886,2.40676611959535,0.05,0.0125,1,2-3
2,False,0.9999999999936184,1.0,-7.659691248843225,-1.0859759440521455,0.05,0.0125,2,3-4
3,False,0.9999790865873898,1.0,-4.28871705587534,-0.60804586010306,0.05,0.0125,3,4-5
