,reject,pvals,pvals_corrected,tstats,effectsize,alpha,alpha_corrected,step,dimension_step
0,True,3.5555773311908544e-09,1.4222309324763418e-08,6.332646201951835,0.8978301101302831,0.05,0.0125,0,1-2
1,False,0.02829851441504299,0.08489554324512896,1.9289807885705033,0.2734870982224861,0.05,0.0125,1,2-3
2,False,0.9985380641332253,1.0,-3.0514053903161327,-0.4326222483099191,0.05,0.0125,2,3-4
3,False,0.9983975367571835,1.0,-3.0211206204522947,-0.4283285332664765,0.05,0.0125,3,4-5
