,reject,pvals,pvals_corrected,tstats,effectsize,alpha,alpha_corrected,step,dimension_step
0,True,2.363014380828781e-14,9.452057523315124e-14,8.790508955896344,1.2463010520848425,0.05,0.0125,0,1-2
1,False,0.018490018253620892,0.055470054760862676,2.1145479101444526,0.29979643935509936,0.05,0.0125,1,2-3
2,False,0.9999895936151767,1.0,-4.470438576613516,-0.6338099795208022,0.05,0.0125,2,3-4
3,False,0.9997499587781249,1.0,-3.599514179571133,-0.510332033276039,0.05,0.0125,3,4-5
