,reject,pvals,pvals_corrected,tstats,effectsize,alpha,alpha_corrected,step,dimension_step
0,True,4.735421553935732e-06,1.8941686215742927e-05,4.670394805161236,0.6621593799093638,0.05,0.0125,0,1-2
1,False,0.99985929629875,1.0,-3.766270780779996,-0.5339744558674289,0.05,0.0125,1,2-3
2,False,0.8892327883403336,1.0,-1.2302080842532754,-0.1744164800218668,0.05,0.0125,2,3-4
3,False,0.9949349068622867,1.0,-2.6216869045636715,-0.3716976074750599,0.05,0.0125,3,4-5
