,reject,pvals,pvals_corrected,tstats,effectsize,alpha,alpha_corrected,step,dimension_step
0,True,6.611682085650032e-28,1.9835046256950095e-27,15.186020167876546,2.1530440395616783,0.05,0.0125,0,1-2
1,True,3.172790173142408e-35,1.2691160692569632e-34,19.07276997919226,2.7040997751666254,0.05,0.0125,1,2-3
2,False,0.9999985980304802,1.0,-4.970423555106672,-0.7046968653483475,0.05,0.0125,2,3-4
3,False,0.9984387680977371,1.0,-3.0297428785662985,-0.4295509800454679,0.05,0.0125,3,4-5
