,reject,pvals,pvals_corrected,tstats,effectsize,alpha,alpha_corrected,step,dimension_step
0,True,1.5758064709649033e-45,6.303225883859613e-45,25.448541727625074,3.608044140366853,0.05,0.0125,0,1-2
1,True,9.74467595892592e-44,2.9234027876777763e-43,24.249290673038633,3.4380166870596813,0.05,0.0125,1,2-3
2,False,0.9999999994197062,1.0,-6.721364007911759,-0.9529417553106235,0.05,0.0125,2,3-4
3,False,0.9999628629041142,1.0,-4.135679193507993,-0.5863484532937189,0.05,0.0125,3,4-5
