,reject,pvals,pvals_corrected,tstats,effectsize,alpha,alpha_corrected,step,dimension_step
0,True,7.825702209845415e-30,3.130280883938166e-29,16.167711110262733,2.292226248516417,0.05,0.0125,0,1-2
1,True,5.613812602324751e-21,1.6841437806974254e-20,11.841085124783008,1.6788057350131502,0.05,0.0125,1,2-3
2,False,0.9999999999987702,1.0,-7.9950547518191035,-1.133523121204993,0.05,0.0125,2,3-4
3,False,0.999997469782975,1.0,-4.826166897579159,-0.6842444404718347,0.05,0.0125,3,4-5
