,reject,pvals,pvals_corrected,tstats,effectsize,alpha,alpha_corrected,step,dimension_step
0,True,6.014812730200253e-35,2.405925092080101e-34,18.916798009189247,2.6819863763536804,0.05,0.0125,0,1-2
1,True,8.386679689071107e-14,2.516003906721332e-13,8.536673955421731,1.2103128254947009,0.05,0.0125,1,2-3
2,False,0.9999999908912132,1.0,-6.127395104820428,-0.8687300136990227,0.05,0.0125,2,3-4
3,False,0.9999877294507424,1.0,-4.4279348441253505,-0.6277838840144663,0.05,0.0125,3,4-5
