,reject,pvals,pvals_corrected,tstats,effectsize,alpha,alpha_corrected,step,dimension_step
0,True,2.0716893644273032e-39,8.286757457709213e-39,21.516724703884517,3.050598864117397,0.05,0.0125,0,1-2
1,True,3.99327510453314e-39,1.197982531359942e-38,21.344411054354836,3.0261685741563853,0.05,0.0125,1,2-3
2,False,0.9999999999999943,1.0,-9.073785212508414,-1.2864634020030992,0.05,0.0125,2,3-4
3,False,0.999999968862096,1.0,-5.854909306149693,-0.8300975136622957,0.05,0.0125,3,4-5
