,reject,pvals,pvals_corrected,tstats,effectsize,alpha,alpha_corrected,step,dimension_step
0,True,3.589975298658748e-47,1.4359901194634991e-46,26.58603571375524,3.7693157981021304,0.05,0.0125,0,1-2
1,True,9.541517584225153e-35,2.862455275267546e-34,18.804732472413335,2.6660979451960527,0.05,0.0125,1,2-3
2,False,0.9999987633250119,1.0,-5.000784784039784,-0.709001420608091,0.05,0.0125,2,3-4
3,False,0.9991793157822803,1.0,-3.2374440771331665,-0.45899844703422943,0.05,0.0125,3,4-5
