{
  "data": {
    "name": "normal-3-60",
    "n_dimension": 3,
    "distance": "euclidean",
    "subject": null,
    "n_objects": 60,
    "n_train_triplets": 5895,
    "n_test_triplets": 10000,
    "frac_train_ndlogn": 7.998838276138094,
    "frac_train_triplets": 0.05742255990648743,
    "max_train_score": 0.8841391009329941,
    "max_test_score": 0.8846,
    "noise_sd": 0.5,
    "distance_sd": 1.0420196839396731,
    "distance_mean": 2.4588268777365734,
    "difference_sd": 0.933297344997352,
    "difference_mean": -0.12846459591062712
  },
  "n_repeats": 10,
  "n_splits": 10,
  "embedding_method": "soe",
  "embedding_dimension": [
    1,
    2,
    3,
    4,
    5
  ],
  "random_state": 3080438142,
  "alpha": 0.05
}