,reject,pvals,pvals_corrected,tstats,effectsize,alpha,alpha_corrected,step,dimension_step
0,True,1.5638675358329094e-21,6.2554701433316375e-21,12.10064230376657,1.7156052408058613,0.05,0.0125,0,1-2
1,True,2.581515068564305e-16,7.744545205692915e-16,9.691130698232756,1.3739894294741244,0.05,0.0125,1,2-3
2,False,1.0,1.0,-12.021056955362862,-1.7043217868052203,0.05,0.0125,2,3-4
3,False,0.9964718441501715,1.0,-2.75147391138447,-0.3900985537637507,0.05,0.0125,3,4-5
