,reject,pvals,pvals_corrected,tstats,effectsize,alpha,alpha_corrected,step,dimension_step
0,True,2.512184463386189e-14,1.0048737853544756e-13,8.778260704220719,1.2445645190779233,0.05,0.0125,0,1-2
1,True,0.0009445101857868247,0.002833530557360474,3.1928434013167593,0.45267505103149874,0.05,0.0125,1,2-3
2,False,0.9996780769343436,1.0,-3.524616199305106,-0.49971314510097303,0.05,0.0125,2,3-4
3,False,0.9999047628948543,1.0,-3.8767985587037286,-0.5496448666026968,0.05,0.0125,3,4-5
