{
  "data": {
    "name": "normal-3-60",
    "n_dimension": 3,
    "distance": "euclidean",
    "subject": null,
    "n_objects": 60,
    "n_train_triplets": 2947,
    "n_test_triplets": 10000,
    "frac_train_ndlogn": 3.998740695467169,
    "frac_train_triplets": 0.028706409507110852,
    "max_train_score": 0.684085510688836,
    "max_test_score": 0.6857,
    "noise_sd": 2.0,
    "distance_sd": 1.046859624003653,
    "distance_mean": 2.5772703783476927,
    "difference_sd": 0.9669256431682336,
    "difference_mean": -0.06362264687525092
  },
  "n_repeats": 10,
  "n_splits": 10,
  "embedding_method": "soe",
  "embedding_dimension": [
    1,
    2,
    3,
    4,
    5
  ],
  "random_state": 3747980345,
  "alpha": 0.05
}