,reject,pvals,pvals_corrected,tstats,effectsize,alpha,alpha_corrected,step,dimension_step
0,True,5.06210965736657e-13,2.024843862946628e-12,8.174716443034832,1.1589952020486525,0.05,0.0125,0,1-2
1,True,5.194244276479612e-12,1.5582732829438838e-11,7.701785274611514,1.0919439521464114,0.05,0.0125,1,2-3
2,False,0.9999855407786433,1.0,-4.385359598253605,-0.6217476494814094,0.05,0.0125,2,3-4
3,False,0.9999251408728398,1.0,-3.943991222240547,-0.5591713101429368,0.05,0.0125,3,4-5
