,reject,pvals,pvals_corrected,tstats,effectsize,alpha,alpha_corrected,step,dimension_step
0,True,2.296661870821293e-49,9.186647483285171e-49,28.165253145343296,3.9932141362226705,0.05,0.0125,0,1-2
1,True,4.6103528739224226e-36,1.3831058621767267e-35,19.547649868331057,2.7714273108550604,0.05,0.0125,1,2-3
2,False,0.9999873229284901,1.0,-4.41949951574429,-0.6265879397649646,0.05,0.0125,2,3-4
3,False,0.9996488000593053,1.0,-3.4985725902881404,-0.49602073349195475,0.05,0.0125,3,4-5
