,reject,pvals,pvals_corrected,tstats,effectsize,alpha,alpha_corrected,step,dimension_step
0,True,3.5014989843681544e-69,1.4005995937472618e-68,46.28672688483717,6.562441003537335,0.05,0.0125,0,1-2
1,True,3.567107306533057e-36,1.0701321919599171e-35,19.611329254346277,2.7804556488256,0.05,0.0125,1,2-3
2,False,0.9985683471531441,1.0,-3.058283561154249,-0.4335974218288783,0.05,0.0125,2,3-4
3,False,0.923047599327397,1.0,-1.4368806541205266,-0.20371811005886944,0.05,0.0125,3,4-5
