,reject,pvals,pvals_corrected,tstats,effectsize,alpha,alpha_corrected,step,dimension_step
0,True,7.512032067558034e-17,3.0048128270232134e-16,9.936841815857333,1.408825867948946,0.05,0.0125,0,1-2
1,True,1.1383959948877376e-07,3.415187984663213e-07,5.561401535525109,0.7884845598322296,0.05,0.0125,1,2-3
2,False,0.9981906452580361,1.0,-2.9807310467123767,-0.4226021790248881,0.05,0.0125,2,3-4
3,False,0.9993445674694579,1.0,-3.307955768352576,-0.46899545578445495,0.05,0.0125,3,4-5
