,reject,pvals,pvals_corrected,tstats,effectsize,alpha,alpha_corrected,step,dimension_step
0,False,0.01727434492879557,0.06909737971518227,2.143185719717299,0.30385665161119446,0.05,0.0125,0,1-2
1,False,0.9998922702054109,1.0,-3.8421124493085643,-0.5447271383063248,0.05,0.0125,1,2-3
2,False,0.9998869445891457,1.0,-3.8284792713970552,-0.5427942531844712,0.05,0.0125,2,3-4
3,False,0.8181601868721745,1.0,-0.9125815804872964,-0.12938401969452215,0.05,0.0125,3,4-5
