,reject,pvals,pvals_corrected,tstats,effectsize,alpha,alpha_corrected,step,dimension_step
0,True,1.4455804581051325e-19,5.78232183242053e-19,11.185863644900225,1.5859097236645976,0.05,0.0125,0,1-2
1,True,2.002099869466683e-07,6.006299608400049e-07,5.431324529526679,0.7700424980311155,0.05,0.0125,1,2-3
2,False,0.9999963198254548,1.0,-4.733395555999574,-0.6710915023206934,0.05,0.0125,2,3-4
3,False,0.8152810842337621,1.0,-0.9016374282710334,-0.12783237934130276,0.05,0.0125,3,4-5
