,reject,pvals,pvals_corrected,tstats,effectsize,alpha,alpha_corrected,step,dimension_step
0,True,6.535457058687526e-56,2.6141828234750105e-55,33.32402404384839,4.724614517079911,0.05,0.0125,0,1-2
1,True,1.4514313470754406e-43,4.354294041226322e-43,24.13565208874006,3.4219052323214725,0.05,0.0125,1,2-3
2,False,0.9984760837981449,1.0,-3.037729941410876,-0.43068337008979946,0.05,0.0125,2,3-4
3,False,0.9999999998978346,1.0,-7.086878791198215,-1.0047637216208807,0.05,0.0125,3,4-5
