,reject,pvals,pvals_corrected,tstats,effectsize,alpha,alpha_corrected,step,dimension_step
0,True,1.203076337885137e-07,4.812305351540548e-07,5.548733412785447,0.786688498332538,0.05,0.0125,0,1-2
1,False,0.18847890952482693,0.5654367285744808,0.8875056141045264,0.12582879855298318,0.05,0.0125,1,2-3
2,False,0.9943851705230202,1.0,-2.5838866306403974,-0.36633835906338835,0.05,0.0125,2,3-4
3,False,0.9062320703817526,1.0,-1.3270767615724965,-0.18815033036690657,0.05,0.0125,3,4-5
