,reject,pvals,pvals_corrected,tstats,effectsize,alpha,alpha_corrected,step,dimension_step
0,True,1.9515936620004965e-06,7.806374648001986e-06,4.889891884284372,0.693279243618418,0.05,0.0125,0,1-2
1,True,0.0008321119343829318,0.0024963358031487954,3.2330736433936194,0.4583788155436078,0.05,0.0125,1,2-3
2,False,0.9999999990158793,1.0,-6.608934818198054,-0.9370017661554735,0.05,0.0125,2,3-4
3,False,0.991025946195763,1.0,-2.4067741938196963,-0.34122770648861467,0.05,0.0125,3,4-5
