,reject,pvals,pvals_corrected,tstats,effectsize,alpha,alpha_corrected,step,dimension_step
0,True,3.522423715762231e-12,1.4089694863048924e-11,7.781070584012393,1.1031848672079798,0.05,0.0125,0,1-2
1,False,0.9429443627743339,1.0,-1.594055873080013,-0.22600210313977967,0.05,0.0125,1,2-3
2,False,0.999821252842199,1.0,-3.6974561553877363,-0.5242180537688143,0.05,0.0125,2,3-4
3,False,0.8563062080395039,1.0,-1.0696284479489304,-0.15164981535277883,0.05,0.0125,3,4-5
