,reject,pvals,pvals_corrected,tstats,effectsize,alpha,alpha_corrected,step,dimension_step
0,True,1.1274467808470288e-50,4.509787123388115e-50,29.141595281965422,4.131638002027474,0.05,0.0125,0,1-2
1,True,6.851756835378404e-29,2.0555270506135214e-28,15.684294816667366,2.223688438211504,0.05,0.0125,1,2-3
2,False,0.999890126941081,1.0,-3.836550249037266,-0.5439385405033073,0.05,0.0125,2,3-4
3,False,0.999952535327637,1.0,-4.069221725475507,-0.5769262443245526,0.05,0.0125,3,4-5
