{
  "data": {
    "name": "normal-3-60",
    "n_dimension": 3,
    "distance": "euclidean",
    "subject": null,
    "n_objects": 60,
    "n_train_triplets": 5895,
    "n_test_triplets": 10000,
    "frac_train_ndlogn": 7.998838276138094,
    "frac_train_triplets": 0.05742255990648743,
    "max_train_score": 0.6817642069550467,
    "max_test_score": 0.6887,
    "noise_sd": 2.0,
    "distance_sd": 1.0366559556967532,
    "distance_mean": 2.3212091658755556,
    "difference_sd": 0.9104026426328211,
    "difference_mean": -0.07682014445127841
  },
  "n_repeats": 10,
  "n_splits": 10,
  "embedding_method": "soe",
  "embedding_dimension": [
    1,
    2,
    3,
    4,
    5
  ],
  "random_state": 3903010621,
  "alpha": 0.05
}