,reject,pvals,pvals_corrected,tstats,effectsize,alpha,alpha_corrected,step,dimension_step
0,True,9.080210725646487e-46,3.632084290258595e-45,25.612047086929994,3.63122560828249,0.05,0.0125,0,1-2
1,True,3.526063824586545e-15,1.0578191473759635e-14,9.170419628150304,1.300164039188766,0.05,0.0125,1,2-3
2,False,0.9999999978191239,1.0,-6.438288853203757,-0.9128079172243749,0.05,0.0125,2,3-4
3,False,0.9999258552813527,1.0,-3.94665241905656,-0.5595486093878658,0.05,0.0125,3,4-5
