,reject,pvals,pvals_corrected,tstats,effectsize,alpha,alpha_corrected,step,dimension_step
0,True,1.3552103477346892e-24,5.420841390938757e-24,13.555828852096926,1.9219187245032232,0.05,0.0125,0,1-2
1,True,2.3253872440220725e-14,6.976161732066218e-14,8.793720373160458,1.2467563605015712,0.05,0.0125,1,2-3
2,False,0.9999999976367226,1.0,-6.42097315315319,-0.9103529313641839,0.05,0.0125,2,3-4
3,False,0.9999653575824481,1.0,-4.154393829085211,-0.5890017774785063,0.05,0.0125,3,4-5
