,reject,pvals,pvals_corrected,tstats,effectsize,alpha,alpha_corrected,step,dimension_step
0,True,8.900084527154891e-23,2.670025358146467e-22,12.687076274272005,1.7987486945110047,0.05,0.0125,0,1-2
1,True,1.8226120430740193e-24,7.290448172296077e-24,13.493768393961878,1.9131199149400184,0.05,0.0125,1,2-3
2,False,1.0,1.0,-10.142577460480107,-1.4379946625695041,0.05,0.0125,2,3-4
3,False,0.9999304275491827,1.0,-3.9642880971195313,-0.562048961100649,0.05,0.0125,3,4-5
