,reject,pvals,pvals_corrected,tstats,effectsize,alpha,alpha_corrected,step,dimension_step
0,True,3.7957565214507726e-06,1.518302608580309e-05,4.725693322210503,0.66999949477905,0.05,0.0125,0,1-2
1,False,0.9996488608479637,1.0,-3.4986245104335,-0.49602809462793795,0.05,0.0125,1,2-3
2,False,0.8946509063445933,1.0,-1.2598142016926235,-0.1786139770607677,0.05,0.0125,2,3-4
3,False,0.5086986795885527,1.0,-0.021861245114582824,-0.0030994442896180438,0.05,0.0125,3,4-5
