,reject,pvals,pvals_corrected,tstats,effectsize,alpha,alpha_corrected,step,dimension_step
0,True,2.390365606921735e-21,9.56146242768694e-21,12.014353311512245,1.7033713573789218,0.05,0.0125,0,1-2
1,True,7.328708393386537e-09,2.198612518015961e-08,6.17507504347943,0.8754899815247988,0.05,0.0125,1,2-3
2,False,0.9999999996128726,1.0,-6.807095817190403,-0.965096642432312,0.05,0.0125,2,3-4
3,False,0.9999994419746852,1.0,-5.191178345200786,-0.7359950448425527,0.05,0.0125,3,4-5
