,reject,pvals,pvals_corrected,tstats,effectsize,alpha,alpha_corrected,step,dimension_step
0,True,8.381928698810572e-05,0.00025145786096431716,3.9125302737595464,0.5547108388109375,0.05,0.0125,0,1-2
1,True,6.249064655836638e-11,2.4996258623346554e-10,7.189287509430408,1.0192830280587442,0.05,0.0125,1,2-3
2,False,0.9994662519151718,1.0,-3.371490001362302,-0.47800321424766795,0.05,0.0125,2,3-4
3,False,0.9480200774511711,1.0,-1.6410526256503744,-0.2326652101870371,0.05,0.0125,3,4-5
