,reject,pvals,pvals_corrected,tstats,effectsize,alpha,alpha_corrected,step,dimension_step
0,True,1.2875045498820887e-68,5.150018199528355e-68,45.654076390133284,6.4727450620273075,0.05,0.0125,0,1-2
1,True,1.2931006636341522e-49,3.8793019909024565e-49,28.34930864166572,4.01930916210337,0.05,0.0125,1,2-3
2,False,0.9999999994143721,1.0,-6.7194219133917565,-0.9526664089733784,0.05,0.0125,2,3-4
3,False,0.9997884299764948,1.0,-3.648478404600718,-0.5172740846947976,0.05,0.0125,3,4-5
