{
  "data": {
    "name": "normal-3-60",
    "n_dimension": 3,
    "distance": "euclidean",
    "subject": null,
    "n_objects": 60,
    "n_train_triplets": 5895,
    "n_test_triplets": 10000,
    "frac_train_ndlogn": 7.998838276138094,
    "frac_train_triplets": 0.05742255990648743,
    "max_train_score": 0.6916030534351145,
    "max_test_score": 0.6774,
    "noise_sd": 2.0,
    "distance_sd": 1.0402906721172405,
    "distance_mean": 2.4152452464475713,
    "difference_sd": 0.9338153412434401,
    "difference_mean": -0.0838094748199534
  },
  "n_repeats": 10,
  "n_splits": 10,
  "embedding_method": "soe",
  "embedding_dimension": [
    1,
    2,
    3,
    4,
    5
  ],
  "random_state": 1197868874,
  "alpha": 0.05
}