,reject,pvals,pvals_corrected,tstats,effectsize,alpha,alpha_corrected,step,dimension_step
0,False,0.31853542838637816,0.9556062851591345,0.47325818158399796,0.06709761318430436,0.05,0.0125,0,1-2
1,False,0.7640620196211958,1.0,-0.7221967932667966,-0.10239163941206975,0.05,0.0125,1,2-3
2,False,0.17314296083494496,0.6925718433397798,0.9463269612348396,0.13416837333544035,0.05,0.0125,2,3-4
3,False,0.9918610428526176,1.0,-2.444392345947799,-0.3465611340307474,0.05,0.0125,3,4-5
