,reject,pvals,pvals_corrected,tstats,effectsize,alpha,alpha_corrected,step,dimension_step
0,True,3.7646293823215554e-41,1.5058517529286221e-40,22.589034831094356,3.2026288826758145,0.05,0.0125,0,1-2
1,True,8.352791771555681e-32,2.5058375314667043e-31,17.20133805959827,2.4387718422793405,0.05,0.0125,1,2-3
2,False,0.99977339900844,1.0,-3.6284154228324437,-0.5144295946418085,0.05,0.0125,2,3-4
3,False,0.9987782319735976,1.0,-3.1100384693026863,-0.44093513080563623,0.05,0.0125,3,4-5
