,reject,pvals,pvals_corrected,tstats,effectsize,alpha,alpha_corrected,step,dimension_step
0,True,5.715453914364865e-17,2.286181565745946e-16,9.99125641158738,1.4165406621943508,0.05,0.0125,0,1-2
1,True,2.121839901858102e-13,6.365519705574306e-13,8.35007094530253,1.1838566181237087,0.05,0.0125,1,2-3
2,False,0.9999999687986476,1.0,-5.854453631357276,-0.8300329089874074,0.05,0.0125,2,3-4
3,False,0.999999237557442,1.0,-5.11694050799542,-0.725469750450868,0.05,0.0125,3,4-5
