,reject,pvals,pvals_corrected,tstats,effectsize,alpha,alpha_corrected,step,dimension_step
0,True,2.6887006294310357e-12,1.0754802517724143e-11,7.836104062869107,1.110987405484561,0.05,0.0125,0,1-2
1,True,3.998711450540342e-11,1.1996134351621025e-10,7.281944933743331,1.0324198152441104,0.05,0.0125,1,2-3
2,False,0.999997920899156,1.0,-4.874401416361008,-0.6910830355755121,0.05,0.0125,2,3-4
3,False,0.9999999999978388,1.0,-7.880555387967924,-1.1172896268366093,0.05,0.0125,3,4-5
