{
  "data": {
    "name": "normal-3-60",
    "n_dimension": 3,
    "distance": "euclidean",
    "subject": null,
    "n_objects": 60,
    "n_train_triplets": 2947,
    "n_test_triplets": 10000,
    "frac_train_ndlogn": 3.998740695467169,
    "frac_train_triplets": 0.028706409507110852,
    "max_train_score": 0.7852052935188327,
    "max_test_score": 0.7846,
    "noise_sd": 1.0,
    "distance_sd": 1.0354844791175943,
    "distance_mean": 2.2901510029790693,
    "difference_sd": 0.8972336801428641,
    "difference_mean": -0.12870268654045017
  },
  "n_repeats": 10,
  "n_splits": 10,
  "embedding_method": "soe",
  "embedding_dimension": [
    1,
    2,
    3,
    4,
    5
  ],
  "random_state": 3500678150,
  "alpha": 0.05
}