,reject,pvals,pvals_corrected,tstats,effectsize,alpha,alpha_corrected,step,dimension_step
0,True,8.299887128647293e-30,3.3199548514589174e-29,16.154516784513344,2.29035558299005,0.05,0.0125,0,1-2
1,True,3.2046446533526135e-10,9.61393396005784e-10,6.8470015559504445,0.970754399503079,0.05,0.0125,1,2-3
2,False,0.9958325353741683,1.0,-2.6922374257161734,-0.3817001214567468,0.05,0.0125,2,3-4
3,False,0.9989774549976195,1.0,-3.1674615439438347,-0.4490764612676461,0.05,0.0125,3,4-5
