,reject,pvals,pvals_corrected,tstats,effectsize,alpha,alpha_corrected,step,dimension_step
0,True,5.8278434022214895e-24,2.3311373608885958e-23,13.251151223915153,1.878722130261094,0.05,0.0125,0,1-2
1,True,9.086766006218125e-05,0.00027260298018654374,3.889963467132334,0.5515113613992428,0.05,0.0125,1,2-3
2,False,0.999997507084165,1.0,-4.829824215909303,-0.6847629678637681,0.05,0.0125,2,3-4
3,False,0.9770670769196943,1.0,-2.0220810247952947,-0.28668666640886237,0.05,0.0125,3,4-5
