,reject,pvals,pvals_corrected,tstats,effectsize,alpha,alpha_corrected,step,dimension_step
0,True,8.134116528449992e-14,2.4402349585349975e-13,8.542811725755392,1.211183026487917,0.05,0.0125,0,1-2
1,True,7.10404548633678e-19,2.841618194534712e-18,10.86666420975899,1.5406542562238226,0.05,0.0125,1,2-3
2,False,0.9999999999995963,1.0,-8.220432359247262,-1.1654767146389282,0.05,0.0125,2,3-4
3,False,0.9998182736332358,1.0,-3.6926725182612703,-0.5235398391155537,0.05,0.0125,3,4-5
