,reject,pvals,pvals_corrected,tstats,effectsize,alpha,alpha_corrected,step,dimension_step
0,True,1.93107707072794e-36,5.79323121218382e-36,19.764154606138586,2.8021229263040253,0.05,0.0125,0,1-2
1,True,1.0105916708620155e-43,4.042366683448062e-43,24.238892576061886,3.4365424653431895,0.05,0.0125,1,2-3
2,False,0.9999999999999978,1.0,-9.262961793280711,-1.3132844851541698,0.05,0.0125,2,3-4
3,False,0.9999999999457767,1.0,-7.2187738558790535,-1.023463544202401,0.05,0.0125,3,4-5
