{
  "data": {
    "name": "normal-3-60",
    "n_dimension": 3,
    "distance": "euclidean",
    "subject": null,
    "n_objects": 60,
    "n_train_triplets": 5895,
    "n_test_triplets": 10000,
    "frac_train_ndlogn": 7.998838276138094,
    "frac_train_triplets": 0.05742255990648743,
    "max_train_score": 0.6726039016115352,
    "max_test_score": 0.6761,
    "noise_sd": 2.0,
    "distance_sd": 1.0323333508366246,
    "distance_mean": 2.2046201534636705,
    "difference_sd": 0.8913132617549056,
    "difference_mean": -0.08965103911050219
  },
  "n_repeats": 10,
  "n_splits": 10,
  "embedding_method": "soe",
  "embedding_dimension": [
    1,
    2,
    3,
    4,
    5
  ],
  "random_state": 2003393429,
  "alpha": 0.05
}