,reject,pvals,pvals_corrected,tstats,effectsize,alpha,alpha_corrected,step,dimension_step
0,True,5.0317355328421e-53,2.01269421313684e-52,30.962224696886295,4.38976325582754,0.05,0.0125,0,1-2
1,True,3.0764337056261873e-47,9.229301116878561e-47,26.633265332954966,3.776011920521607,0.05,0.0125,1,2-3
2,False,0.9999784634353435,1.0,-4.280972567933091,-0.6069478618507735,0.05,0.0125,2,3-4
3,False,0.70658100550762,1.0,-0.5452061099588217,-0.07729824881060916,0.05,0.0125,3,4-5
