,reject,pvals,pvals_corrected,tstats,effectsize,alpha,alpha_corrected,step,dimension_step
0,True,3.941546587876911e-19,1.1824639763630733e-18,10.984641164400662,1.5573807965674344,0.05,0.0125,0,1-2
1,True,2.116415864922604e-34,8.465663459690417e-34,18.612138912943927,2.6387924095330137,0.05,0.0125,1,2-3
2,False,0.9999869032115641,0.9999869032115641,-4.411060112592952,-0.6253914178025559,0.05,0.0125,2,3-4
3,False,0.4187382693027321,0.8374765386054642,0.20566292018092594,0.029158483892380377,0.05,0.0125,3,4-5
