,reject,pvals,pvals_corrected,tstats,effectsize,alpha,alpha_corrected,step,dimension_step
0,True,1.1791194448008638e-31,4.716477779203455e-31,17.121749031569383,2.4274878665886863,0.05,0.0125,0,1-2
1,True,4.472218209374729e-18,1.3416654628124186e-17,10.49900616590296,1.4885284226498892,0.05,0.0125,1,2-3
2,False,0.9999992460510697,1.0,-5.119614581663141,-0.7258488753504788,0.05,0.0125,2,3-4
3,False,0.9976694068884903,1.0,-2.895295686920793,-0.4104893219277941,0.05,0.0125,3,4-5
