,reject,pvals,pvals_corrected,tstats,effectsize,alpha,alpha_corrected,step,dimension_step
0,True,8.341049323449848e-15,3.336419729379939e-14,8.998627031058204,1.2758076230164515,0.05,0.0125,0,1-2
1,True,8.290859383355188e-13,2.4872578150065564e-12,8.074943130401486,1.1448495382277288,0.05,0.0125,1,2-3
2,False,0.999998878201007,1.0,-5.024312135640285,-0.7123370821948761,0.05,0.0125,2,3-4
3,False,0.9984863712777958,1.0,-3.0399637145365226,-0.43100007004546526,0.05,0.0125,3,4-5
