,reject,pvals,pvals_corrected,tstats,effectsize,alpha,alpha_corrected,step,dimension_step
0,True,1.773890586888104e-23,7.095562347552416e-23,13.02001739272874,1.8459524307561743,0.05,0.0125,0,1-2
1,True,3.243193336262646e-10,9.729580008787939e-10,6.844478867897641,0.970396737757887,0.05,0.0125,1,2-3
2,False,0.999999996755751,1.0,-6.352501041564683,-0.9006450901982882,0.05,0.0125,2,3-4
3,False,0.9999986524354418,1.0,-4.980012932389599,-0.7060564283789423,0.05,0.0125,3,4-5
