,reject,pvals,pvals_corrected,tstats,effectsize,alpha,alpha_corrected,step,dimension_step
0,True,5.609329686036447e-15,2.243731874414579e-14,9.077817883892791,1.287035146212027,0.05,0.0125,0,1-2
1,True,2.2492418253438883e-12,6.7477254760316644e-12,7.87242430322,1.1161368176503867,0.05,0.0125,1,2-3
2,False,0.999967954511335,1.0,-4.1753039667875305,-0.5919663756318544,0.05,0.0125,2,3-4
3,False,0.9970478887825852,1.0,-2.813921089716615,-0.3989521917550843,0.05,0.0125,3,4-5
