,reject,pvals,pvals_corrected,tstats,effectsize,alpha,alpha_corrected,step,dimension_step
0,True,5.981635372701967e-35,1.7944906118105902e-34,18.91814366376091,2.6821771606093847,0.05,0.0125,0,1-2
1,True,4.508802832413152e-38,1.8035211329652607e-37,20.715627491943657,2.9370208786931933,0.05,0.0125,1,2-3
2,False,0.9979314177567962,1.0,-2.9357564209287585,-0.41622576513207843,0.05,0.0125,2,3-4
3,False,0.9999992419619125,1.0,-5.11832353071271,-0.7256658326886842,0.05,0.0125,3,4-5
