,reject,pvals,pvals_corrected,tstats,effectsize,alpha,alpha_corrected,step,dimension_step
0,True,2.561115199608684e-53,1.0244460798434736e-52,31.1957200336224,4.4228677649397135,0.05,0.0125,0,1-2
1,True,2.4026550376543724e-24,7.207965112963117e-24,13.435977533937422,1.904926440590498,0.05,0.0125,1,2-3
2,False,0.9999993701274383,1.0,-5.162436914189715,-0.731920141342967,0.05,0.0125,2,3-4
3,False,0.8355699932124971,1.0,-0.9812527986641577,-0.13912008980049284,0.05,0.0125,3,4-5
