,reject,pvals,pvals_corrected,tstats,effectsize,alpha,alpha_corrected,step,dimension_step
0,True,3.491173316807284e-49,1.3964693267229135e-48,28.031655042192988,3.9742728602000708,0.05,0.0125,0,1-2
1,True,1.2677935134761214e-36,3.803380540428364e-36,19.869358988581627,2.817038596509304,0.05,0.0125,1,2-3
2,False,0.9999998528112171,1.0,-5.502387963360142,-0.7801177317628322,0.05,0.0125,2,3-4
3,False,0.99999999848436,1.0,-6.5165233693109155,-0.9238998528816724,0.05,0.0125,3,4-5
