,reject,pvals,pvals_corrected,tstats,effectsize,alpha,alpha_corrected,step,dimension_step
0,True,3.659096526807282e-18,1.4636386107229127e-17,10.539055527424305,1.4942065422729738,0.05,0.0125,0,1-2
1,True,2.9193075679930295e-15,8.757922703979089e-15,9.208069466468263,1.3055019591365096,0.05,0.0125,1,2-3
2,False,0.999853811851944,1.0,-3.755330190177979,-0.5324233204728648,0.05,0.0125,2,3-4
3,False,0.9382279848834074,1.0,-1.5532938983697533,-0.22022295062183853,0.05,0.0125,3,4-5
