,reject,pvals,pvals_corrected,tstats,effectsize,alpha,alpha_corrected,step,dimension_step
0,True,5.2189231546261506e-30,2.0875692618504603e-29,16.258708211408493,2.3051276383521624,0.05,0.0125,0,1-2
1,True,2.4271645163772364e-08,7.281493549131709e-08,5.91056015492558,0.8379875814304741,0.05,0.0125,1,2-3
2,False,0.9999968816647139,1.0,-4.774539145916884,-0.6769247594913258,0.05,0.0125,2,3-4
3,False,0.9974760393719199,1.0,-2.868036100073574,-0.40662451137614797,0.05,0.0125,3,4-5
