,reject,pvals,pvals_corrected,tstats,effectsize,alpha,alpha_corrected,step,dimension_step
0,True,4.856848001102994e-20,1.9427392004411975e-19,11.40521195720531,1.6170084955070962,0.05,0.0125,0,1-2
1,False,0.20111643154548148,0.6033492946364445,0.8412543757070048,0.11927138903730396,0.05,0.0125,1,2-3
2,False,0.9999984365440834,1.0,-4.9439583654600865,-0.7009446828677142,0.05,0.0125,2,3-4
3,False,0.9999227982543616,1.0,-3.9354320388341524,-0.5579578059718021,0.05,0.0125,3,4-5
