{
  "data": {
    "name": "normal-3-60",
    "n_dimension": 3,
    "distance": "euclidean",
    "subject": null,
    "n_objects": 60,
    "n_train_triplets": 2947,
    "n_test_triplets": 10000,
    "frac_train_ndlogn": 3.998740695467169,
    "frac_train_triplets": 0.028706409507110852,
    "max_train_score": 0.8829317950458093,
    "max_test_score": 0.8793,
    "noise_sd": 0.5,
    "distance_sd": 1.0362808534982557,
    "distance_mean": 2.3113060735503375,
    "difference_sd": 0.9003557795807396,
    "difference_mean": -0.15694045019614405
  },
  "n_repeats": 10,
  "n_splits": 10,
  "embedding_method": "soe",
  "embedding_dimension": [
    1,
    2,
    3,
    4,
    5
  ],
  "random_state": 3406431502,
  "alpha": 0.05
}