,reject,pvals,pvals_corrected,tstats,effectsize,alpha,alpha_corrected,step,dimension_step
0,True,4.593689721533676e-30,1.8374758886134703e-29,16.287419736913787,2.3091983019080202,0.05,0.0125,0,1-2
1,False,0.020776681435772066,0.0623300443073162,2.0648270990821955,0.29274712065827496,0.05,0.0125,1,2-3
2,False,0.9999999999932957,1.0,-7.649591846844163,-1.0845440707214875,0.05,0.0125,2,3-4
3,False,0.9559283893992488,1.0,-1.7222708919808238,-0.24418017607627038,0.05,0.0125,3,4-5
