,reject,pvals,pvals_corrected,tstats,effectsize,alpha,alpha_corrected,step,dimension_step
0,True,2.320121901263873e-22,9.280487605055492e-22,12.490330040189221,1.7708544008175058,0.05,0.0125,0,1-2
1,True,1.1108577788676413e-17,3.332573336602924e-17,10.317549376752584,1.4628018363554336,0.05,0.0125,1,2-3
2,False,0.9999986531767235,1.0,-4.98014617758711,-0.7060753196206982,0.05,0.0125,2,3-4
3,False,0.9970696364914715,1.0,-2.816490779449757,-0.3993165173059727,0.05,0.0125,3,4-5
