,reject,pvals,pvals_corrected,tstats,effectsize,alpha,alpha_corrected,step,dimension_step
0,True,1.75137645346013e-25,7.00550581384052e-25,13.986837658849005,1.983026304508888,0.05,0.0125,0,1-2
1,True,4.874107262847924e-16,1.4622321788543772e-15,9.564619793586143,1.3560529625013538,0.05,0.0125,1,2-3
2,False,0.9999999966616191,1.0,-6.346306170938088,-0.8997667936379649,0.05,0.0125,2,3-4
3,False,0.9993999890270102,1.0,-3.3353865159676044,-0.47288453317276163,0.05,0.0125,3,4-5
