,reject,pvals,pvals_corrected,tstats,effectsize,alpha,alpha_corrected,step,dimension_step
0,True,1.1403546235010378e-20,4.561418494004151e-20,11.697619706720612,1.658465490510126,0.05,0.0125,0,1-2
1,True,1.1418591355695421e-17,3.425577406708626e-17,10.312062681710442,1.4620239435351432,0.05,0.0125,1,2-3
2,False,0.9980521976616334,1.0,-2.9560227114655886,-0.41909907990197764,0.05,0.0125,2,3-4
3,False,0.996336250494934,1.0,-2.738137146853476,-0.38820769354737644,0.05,0.0125,3,4-5
