,reject,pvals,pvals_corrected,tstats,effectsize,alpha,alpha_corrected,step,dimension_step
0,True,4.048740011823562e-58,1.6194960047294247e-57,35.23070715005986,4.994940293799564,0.05,0.0125,0,1-2
1,True,5.144416379809184e-52,1.5433249139427554e-51,30.16927395353202,4.277340260679915,0.05,0.0125,1,2-3
2,False,0.9997839455923526,1.0,-3.6423549590784514,-0.5164059146451367,0.05,0.0125,2,3-4
3,False,0.999999696636966,1.0,-5.334613067771037,-0.7563309373991371,0.05,0.0125,3,4-5
