,reject,pvals,pvals_corrected,tstats,effectsize,alpha,alpha_corrected,step,dimension_step
0,True,2.5882905881693983e-20,1.0353162352677593e-19,11.532071503181196,1.6349943921610894,0.05,0.0125,0,1-2
1,True,3.900133144434222e-17,1.1700399433302666e-16,10.067348588140453,1.4273288611677346,0.05,0.0125,1,2-3
2,False,0.9999999999999258,1.0,-8.561456003966493,-1.2138263755438636,0.05,0.0125,2,3-4
3,False,0.9999992131603609,1.0,-5.109418143786971,-0.7244032444642189,0.05,0.0125,3,4-5
