,reject,pvals,pvals_corrected,tstats,effectsize,alpha,alpha_corrected,step,dimension_step
0,True,3.554127511627072e-06,1.4216510046508288e-05,4.742067534503101,0.6723209983586166,0.05,0.0125,0,1-2
1,False,0.9999889820498971,1.0,-4.455735577455498,-0.6317254172489957,0.05,0.0125,1,2-3
2,False,0.7933319539322792,1.0,-0.8214989382136959,-0.11647050200609375,0.05,0.0125,2,3-4
3,False,0.2674250640649113,0.8022751921947339,0.6227967029984515,0.08829889032321622,0.05,0.0125,3,4-5
