{
  "data": {
    "name": "normal-3-60",
    "n_dimension": 3,
    "distance": "euclidean",
    "subject": null,
    "n_objects": 60,
    "n_train_triplets": 2947,
    "n_test_triplets": 10000,
    "frac_train_ndlogn": 3.998740695467169,
    "frac_train_triplets": 0.028706409507110852,
    "max_train_score": 0.8832711231761113,
    "max_test_score": 0.8906,
    "noise_sd": 0.5,
    "distance_sd": 1.042674257054507,
    "distance_mean": 2.4751444617353644,
    "difference_sd": 0.9529271976689471,
    "difference_mean": -0.1157000659132162
  },
  "n_repeats": 10,
  "n_splits": 10,
  "embedding_method": "soe",
  "embedding_dimension": [
    1,
    2,
    3,
    4,
    5
  ],
  "random_state": 181175979,
  "alpha": 0.05
}