,reject,pvals,pvals_corrected,tstats,effectsize,alpha,alpha_corrected,step,dimension_step
0,True,5.970419550767415e-07,2.388167820306966e-06,5.175150239827479,0.7337226116205514,0.05,0.0125,0,1-2
1,False,0.0635444425164395,0.1906333275493185,1.5386134185198919,0.2181415810932039,0.05,0.0125,1,2-3
2,False,0.7123875294977362,1.0,-0.5622376578101825,-0.0797129481314655,0.05,0.0125,2,3-4
3,False,0.9251122605036937,1.0,-1.4515964717795762,-0.20580448971251397,0.05,0.0125,3,4-5
