,reject,pvals,pvals_corrected,tstats,effectsize,alpha,alpha_corrected,step,dimension_step
0,True,1.6734487840638105e-62,6.693795136255242e-62,39.295209620796854,5.571197451479057,0.05,0.0125,0,1-2
1,True,3.7337662136803753e-56,1.1201298641041126e-55,33.529613223870236,4.753762546237724,0.05,0.0125,1,2-3
2,False,0.9999999999679094,1.0,-7.32748570172215,-1.0388764956626753,0.05,0.0125,2,3-4
3,False,0.9993546922955,1.0,-3.3128005219054586,-0.46968233540432036,0.05,0.0125,3,4-5
