,reject,pvals,pvals_corrected,tstats,effectsize,alpha,alpha_corrected,step,dimension_step
0,True,5.7019217773631915e-18,2.2807687109452766e-17,10.450538858690782,1.4816568232608982,0.05,0.0125,0,1-2
1,True,7.062994018864461e-14,2.1188982056593384e-13,8.571146968579267,1.2152003414260684,0.05,0.0125,1,2-3
2,False,0.9999992422641237,1.0,-5.118418713653136,-0.7256793275385716,0.05,0.0125,2,3-4
3,False,0.9990217300387065,1.0,-3.181631399243903,-0.45108543545298263,0.05,0.0125,3,4-5
