,reject,pvals,pvals_corrected,tstats,effectsize,alpha,alpha_corrected,step,dimension_step
0,True,1.4866358763669572e-16,5.946543505467829e-16,9.800971371794091,1.3895624239057351,0.05,0.0125,0,1-2
1,False,0.01839192939328989,0.05517578817986968,2.1167971855882395,0.3001153371989085,0.05,0.0125,1,2-3
2,False,0.9975894414409738,1.0,-2.8837797169836996,-0.4088566103839704,0.05,0.0125,2,3-4
3,False,0.9996964495753936,1.0,-3.5421272891256375,-0.5021958329380455,0.05,0.0125,3,4-5
