,reject,pvals,pvals_corrected,tstats,effectsize,alpha,alpha_corrected,step,dimension_step
0,True,2.579283880263281e-43,1.0317135521053124e-42,23.97232695908063,3.3987493170101177,0.05,0.0125,0,1-2
1,True,1.893167109681287e-33,5.679501329043861e-33,18.088119661469698,2.5644979918034263,0.05,0.0125,1,2-3
2,False,0.9999999506290594,1.0,-5.751324525643319,-0.8154114674307544,0.05,0.0125,2,3-4
3,False,0.9999957138888896,1.0,-4.695363594263108,-0.6656994056670389,0.05,0.0125,3,4-5
