,reject,pvals,pvals_corrected,tstats,effectsize,alpha,alpha_corrected,step,dimension_step
0,True,1.2473283324791167e-17,4.9893133299164666e-17,10.294453414432681,1.4595273362914867,0.05,0.0125,0,1-2
1,True,3.37676430047104e-07,1.013029290141312e-06,5.309535172080837,0.7527754427241894,0.05,0.0125,1,2-3
2,False,0.9999999999956983,1.0,-7.740296507529996,-1.0974039989246123,0.05,0.0125,2,3-4
3,False,0.9999732696017011,1.0,-4.223724431881537,-0.5988313338375587,0.05,0.0125,3,4-5
