,reject,pvals,pvals_corrected,tstats,effectsize,alpha,alpha_corrected,step,dimension_step
0,True,2.5144155578383027e-23,1.0057662231353211e-22,12.947809643488966,1.8357149582391998,0.05,0.0125,0,1-2
1,True,0.005732675570268122,0.017198026710804365,2.5762203660785388,0.36525145116795915,0.05,0.0125,1,2-3
2,False,0.999995946037141,1.0,-4.709278110265528,-0.6676721783494938,0.05,0.0125,2,3-4
3,False,0.9999810501429197,1.0,-4.3146615116472296,-0.6117242139602147,0.05,0.0125,3,4-5
