,reject,pvals,pvals_corrected,tstats,effectsize,alpha,alpha_corrected,step,dimension_step
0,True,8.473304796133862e-51,3.3893219184535447e-50,29.235483242272807,4.144949252183326,0.05,0.0125,0,1-2
1,True,3.0428405371129143e-25,9.128521611338742e-25,13.870046442469887,1.9664678758015344,0.05,0.0125,1,2-3
2,False,0.9721908555074156,1.0,-1.9368189717154058,-0.2745983803961279,0.05,0.0125,2,3-4
3,False,0.9999999999978539,1.0,-7.881972498671023,-1.1174905420019374,0.05,0.0125,3,4-5
