,reject,pvals,pvals_corrected,tstats,effectsize,alpha,alpha_corrected,step,dimension_step
0,True,1.3491933665932111e-43,5.3967734663728445e-43,24.156457511667668,3.4248549842202354,0.05,0.0125,0,1-2
1,True,6.208465195822533e-36,1.86253955874676e-35,19.473932727842165,2.7609758398186344,0.05,0.0125,1,2-3
2,False,0.9999999952888958,1.0,-6.271523323272522,-0.889164228736307,0.05,0.0125,2,3-4
3,False,0.9999986736829587,1.0,-4.983860775240513,-0.7066019679623057,0.05,0.0125,3,4-5
