{
  "data": {
    "name": "normal-3-60",
    "n_dimension": 3,
    "distance": "euclidean",
    "subject": null,
    "n_objects": 60,
    "n_train_triplets": 1473,
    "n_test_triplets": 10000,
    "frac_train_ndlogn": 1.9986919051317067,
    "frac_train_triplets": 0.01434833430742256,
    "max_train_score": 0.7705363204344874,
    "max_test_score": 0.7927,
    "noise_sd": 1.0,
    "distance_sd": 1.0440160238217313,
    "distance_mean": 2.508292517855339,
    "difference_sd": 0.9488176009051481,
    "difference_mean": -0.10374952055484818
  },
  "n_repeats": 10,
  "n_splits": 10,
  "embedding_method": "soe",
  "embedding_dimension": [
    1,
    2,
    3,
    4,
    5
  ],
  "random_state": 1017030984,
  "alpha": 0.05
}