,reject,pvals,pvals_corrected,tstats,effectsize,alpha,alpha_corrected,step,dimension_step
0,False,0.013105214276407677,0.05242085710563071,2.2569253935900986,0.3199824386302013,0.05,0.0125,0,1-2
1,False,0.9972216936608482,1.0,-2.8349615515070474,-0.40193526700104915,0.05,0.0125,1,2-3
2,False,0.9306718821549862,1.0,-1.4928512970949344,-0.21165351761886966,0.05,0.0125,2,3-4
3,False,0.8644994866408959,1.0,-1.1069429011450387,-0.1569401850582879,0.05,0.0125,3,4-5
