,reject,pvals,pvals_corrected,tstats,effectsize,alpha,alpha_corrected,step,dimension_step
0,True,6.226484454538316e-54,2.4905937818153262e-53,31.68936042592307,4.492855127828779,0.05,0.0125,0,1-2
1,True,3.773419937062021e-45,1.1320259811186061e-44,25.19111795054969,3.571547104096216,0.05,0.0125,1,2-3
2,False,0.9998915667467241,1.0,-3.8402752945906617,-0.5444666701276047,0.05,0.0125,2,3-4
3,False,0.9999740835653889,1.0,-4.231947289696492,-0.5999971544285323,0.05,0.0125,3,4-5
