,reject,pvals,pvals_corrected,tstats,effectsize,alpha,alpha_corrected,step,dimension_step
0,True,6.82629812369206e-45,2.730519249476824e-44,25.0174523774309,3.5469251410705502,0.05,0.0125,0,1-2
1,True,1.4973536106761762e-26,4.4920608320285284e-26,14.510897753820089,2.0573265129490426,0.05,0.0125,1,2-3
2,False,0.9999970983603965,1.0,-4.79236565201861,-0.6794521664277211,0.05,0.0125,2,3-4
3,False,0.9999884994131283,1.0,-4.44467867625707,-0.6301577915670769,0.05,0.0125,3,4-5
