,reject,pvals,pvals_corrected,tstats,effectsize,alpha,alpha_corrected,step,dimension_step
0,True,7.372484037088197e-07,2.9489936148352786e-06,5.12495929247875,0.726606637926685,0.05,0.0125,0,1-2
1,False,0.9734504773381502,1.0,-1.9575447084187596,-0.2775368345389107,0.05,0.0125,1,2-3
2,False,0.9986484444751912,1.0,-3.0771479040222487,-0.4362719712185933,0.05,0.0125,2,3-4
3,False,0.7914774383319922,1.0,-0.8149710387949948,-0.11554498927932791,0.05,0.0125,3,4-5
