{
  "data": {
    "name": "normal-3-60",
    "n_dimension": 3,
    "distance": "euclidean",
    "subject": null,
    "n_objects": 60,
    "n_train_triplets": 5895,
    "n_test_triplets": 10000,
    "frac_train_ndlogn": 7.998838276138094,
    "frac_train_triplets": 0.05742255990648743,
    "max_train_score": 0.7784563189143342,
    "max_test_score": 0.7817,
    "noise_sd": 1.0,
    "distance_sd": 1.0354733174033073,
    "distance_mean": 2.289853227945346,
    "difference_sd": 0.9019922286546403,
    "difference_mean": -0.1318697659253957
  },
  "n_repeats": 10,
  "n_splits": 10,
  "embedding_method": "soe",
  "embedding_dimension": [
    1,
    2,
    3,
    4,
    5
  ],
  "random_state": 2225728080,
  "alpha": 0.05
}