,reject,pvals,pvals_corrected,tstats,effectsize,alpha,alpha_corrected,step,dimension_step
0,True,1.1386248406394227e-11,4.554499362557691e-11,7.541011059521753,1.0691497004802344,0.05,0.0125,0,1-2
1,False,0.6684453681567486,1.0,-0.43693608519384064,-0.06194793787288615,0.05,0.0125,1,2-3
2,False,0.999790336692879,1.0,-3.6511193899533945,-0.5176485183982493,0.05,0.0125,2,3-4
3,False,0.4757406981116381,1.0,0.061000993872082895,0.008648600805986645,0.05,0.0125,3,4-5
