,reject,pvals,pvals_corrected,tstats,effectsize,alpha,alpha_corrected,step,dimension_step
0,True,1.1634014603139558e-19,4.653605841255823e-19,11.229489250050424,1.5920948760680953,0.05,0.0125,0,1-2
1,False,0.8361750095126876,1.0,-0.9837225529418137,-0.13947024669926592,0.05,0.0125,1,2-3
2,False,0.9999999920943088,1.0,-6.158474126977562,-0.873136336268801,0.05,0.0125,2,3-4
3,False,0.9931643172657869,1.0,-2.510627043620633,-0.3559517590569359,0.05,0.0125,3,4-5
