,reject,pvals,pvals_corrected,tstats,effectsize,alpha,alpha_corrected,step,dimension_step
0,True,6.831644060771729e-18,2.7326576243086915e-17,10.414482803219428,1.4765448667071384,0.05,0.0125,0,1-2
1,True,0.0017655561359057983,0.005296668407717395,2.9889118177382836,0.42376203263377543,0.05,0.0125,1,2-3
2,False,0.9988892274859077,1.0,-3.140852039647586,-0.44530381814012543,0.05,0.0125,2,3-4
3,False,0.9999762809206881,1.0,-4.255452429734455,-0.6033296669037134,0.05,0.0125,3,4-5
