,reject,pvals,pvals_corrected,tstats,effectsize,alpha,alpha_corrected,step,dimension_step
0,True,3.798825516795738e-26,1.5195302067182951e-25,14.311703916311776,2.0290852028609723,0.05,0.0125,0,1-2
1,True,4.889757180809872e-06,1.4669271542429616e-05,4.662346011261482,0.6610182377575718,0.05,0.0125,1,2-3
2,False,0.9987005573384138,1.0,-3.0899864335333436,-0.4380921926548239,0.05,0.0125,2,3-4
3,False,0.9999869721786984,1.0,-4.412428769489263,-0.6255854632825586,0.05,0.0125,3,4-5
