,reject,pvals,pvals_corrected,tstats,effectsize,alpha,alpha_corrected,step,dimension_step
0,True,1.6121414734459782e-47,6.448565893783913e-47,26.83165879015886,3.8041397542659894,0.05,0.0125,0,1-2
1,True,3.4904384963980344e-29,1.0471315489194104e-28,15.833873448008328,2.2448954020568235,0.05,0.0125,1,2-3
2,False,0.9999999992623155,1.0,-6.67036441842167,-0.9457111339260951,0.05,0.0125,2,3-4
3,False,0.999999912059838,1.0,-5.620398576400523,-0.7968490441279429,0.05,0.0125,3,4-5
