{
  "data": {
    "name": "normal-3-60",
    "n_dimension": 3,
    "distance": "euclidean",
    "subject": null,
    "n_objects": 60,
    "n_train_triplets": 5895,
    "n_test_triplets": 10000,
    "frac_train_ndlogn": 7.998838276138094,
    "frac_train_triplets": 0.05742255990648743,
    "max_train_score": 0.8844783715012723,
    "max_test_score": 0.8769,
    "noise_sd": 0.5,
    "distance_sd": 1.0380962545104957,
    "distance_mean": 2.3588809883984827,
    "difference_sd": 0.9269249179039594,
    "difference_mean": -0.14439905051417115
  },
  "n_repeats": 10,
  "n_splits": 10,
  "embedding_method": "soe",
  "embedding_dimension": [
    1,
    2,
    3,
    4,
    5
  ],
  "random_state": 1043770297,
  "alpha": 0.05
}