,reject,pvals,pvals_corrected,tstats,effectsize,alpha,alpha_corrected,step,dimension_step
0,True,7.231140345538813e-07,2.1693421036616438e-06,5.129575891612445,0.7272611702622125,0.05,0.0125,0,1-2
1,True,2.7935745185435526e-11,1.117429807417421e-10,7.356149207115693,1.042940351021636,0.05,0.0125,1,2-3
2,False,0.9999999114121616,1.0,-5.618725444332094,-0.7966118307575201,0.05,0.0125,2,3-4
3,False,0.9999637481791152,1.0,-4.1421783032075,-0.5872698842707816,0.05,0.0125,3,4-5
