,reject,pvals,pvals_corrected,tstats,effectsize,alpha,alpha_corrected,step,dimension_step
0,True,1.7441637450150257e-44,6.976654980060103e-44,24.74442163116965,3.5082153794373903,0.05,0.0125,0,1-2
1,True,3.652710055282325e-32,1.0958130165846977e-31,17.393047235878846,2.465951991835133,0.05,0.0125,1,2-3
2,False,0.9999853714232332,1.0,-4.382329746028792,-0.6213180829984684,0.05,0.0125,2,3-4
3,False,0.9999999816051885,1.0,-5.972230771285165,-0.8467311199943154,0.05,0.0125,3,4-5
