,reject,pvals,pvals_corrected,tstats,effectsize,alpha,alpha_corrected,step,dimension_step
0,True,7.022174149410922e-49,2.8088696597643686e-48,27.809813853771004,3.9428206532899557,0.05,0.0125,0,1-2
1,True,4.4668575191110473e-29,1.3400572557333142e-28,15.779100133644693,2.237129749389832,0.05,0.0125,1,2-3
2,False,0.9999993869345427,1.0,-5.168862253816056,-0.7328311133443026,0.05,0.0125,2,3-4
3,False,0.9999894437560691,1.0,-4.466759964460715,-0.6332884331326182,0.05,0.0125,3,4-5
