,reject,pvals,pvals_corrected,tstats,effectsize,alpha,alpha_corrected,step,dimension_step
0,True,3.600003862962895e-28,1.440001545185158e-27,15.318977530125547,2.171894472600849,0.05,0.0125,0,1-2
1,True,0.00015389664634950814,0.0004616899390485244,3.74059515274954,0.5303342158781581,0.05,0.0125,1,2-3
2,False,0.9988897438336808,1.0,-3.1410019623142524,-0.44532507388062187,0.05,0.0125,2,3-4
3,False,0.9875856801085552,1.0,-2.27876963035433,-0.3230794715093944,0.05,0.0125,3,4-5
