,reject,pvals,pvals_corrected,tstats,effectsize,alpha,alpha_corrected,step,dimension_step
0,True,3.08623005305388e-24,1.234492021221552e-23,13.383674480886413,1.8975110167086988,0.05,0.0125,0,1-2
1,True,5.648625165310823e-11,1.694587549593247e-10,7.210281528508937,1.0222595187484567,0.05,0.0125,1,2-3
2,False,0.999913263151446,1.0,-3.9029772134310927,-0.5533564247266431,0.05,0.0125,2,3-4
3,False,0.9999994753547894,1.0,-5.205784977427238,-0.7380659444005394,0.05,0.0125,3,4-5
