,reject,pvals,pvals_corrected,tstats,effectsize,alpha,alpha_corrected,step,dimension_step
0,True,1.4105101362412651e-50,5.642040544965061e-50,29.068131746222896,4.121222486572664,0.05,0.0125,0,1-2
1,True,6.23929212677491e-33,1.8717876380324728e-32,17.806317919955248,2.5245446957325295,0.05,0.0125,1,2-3
2,False,0.9999468792005896,1.0,-4.038503502916346,-0.5725710752113947,0.05,0.0125,2,3-4
3,False,0.9999680446392073,1.0,-4.176058552031408,-0.5920733592420243,0.05,0.0125,3,4-5
