,reject,pvals,pvals_corrected,tstats,effectsize,alpha,alpha_corrected,step,dimension_step
0,True,1.501779932516813e-24,6.007119730067252e-24,13.534310448423124,1.9188678875980567,0.05,0.0125,0,1-2
1,True,1.3610392727403794e-20,4.083117818221138e-20,11.661855270495357,1.6533948791589073,0.05,0.0125,1,2-3
2,False,1.0,1.0,-12.0245121539249,-1.7048116580543862,0.05,0.0125,2,3-4
3,False,0.6560090476351437,1.0,-0.4027753908558505,-0.05710470188882763,0.05,0.0125,3,4-5
