,reject,pvals,pvals_corrected,tstats,effectsize,alpha,alpha_corrected,step,dimension_step
0,True,7.283478720637584e-16,2.9133914882550337e-15,9.484650293247597,1.3447150441957503,0.05,0.0125,0,1-2
1,True,7.346507487142997e-13,2.2039522461428994e-12,8.099417935613292,1.1483195279220781,0.05,0.0125,1,2-3
2,False,0.9999999999894786,1.0,-7.557228756424067,-1.0714490136159305,0.05,0.0125,2,3-4
3,False,0.9841153298782819,1.0,-2.1781480395949813,-0.3088135404859455,0.05,0.0125,3,4-5
