,reject,pvals,pvals_corrected,tstats,effectsize,alpha,alpha_corrected,step,dimension_step
0,True,6.429716212742491e-29,2.5718864850969962e-28,15.698367279227757,2.2256836042459662,0.05,0.0125,0,1-2
1,True,5.328860298940195e-12,1.5986580896820584e-11,7.696556090196606,1.091202568675836,0.05,0.0125,1,2-3
2,False,0.998907518853819,1.0,-3.146202938894246,-0.4460624580999015,0.05,0.0125,2,3-4
3,False,0.9999977026728102,1.0,-4.8499174729280154,-0.6876117502821553,0.05,0.0125,3,4-5
