{
  "data": {
    "name": "normal-3-60",
    "n_dimension": 3,
    "distance": "euclidean",
    "subject": null,
    "n_objects": 60,
    "n_train_triplets": 1473,
    "n_test_triplets": 10000,
    "frac_train_ndlogn": 1.9986919051317067,
    "frac_train_triplets": 0.01434833430742256,
    "max_train_score": 0.6849966055668704,
    "max_test_score": 0.6749,
    "noise_sd": 2.0,
    "distance_sd": 1.036565664688624,
    "distance_mean": 2.3188289261616744,
    "difference_sd": 0.9103764177653342,
    "difference_mean": -0.09753247823393899
  },
  "n_repeats": 10,
  "n_splits": 10,
  "embedding_method": "soe",
  "embedding_dimension": [
    1,
    2,
    3,
    4,
    5
  ],
  "random_state": 3370664359,
  "alpha": 0.05
}