,reject,pvals,pvals_corrected,tstats,effectsize,alpha,alpha_corrected,step,dimension_step
0,True,1.6194645644154872e-14,6.477858257661949e-14,8.866073807184124,1.2570144879203666,0.05,0.0125,0,1-2
1,True,1.1291340159965272e-06,3.3874020479895817e-06,5.022741160916805,0.7121143524916821,0.05,0.0125,1,2-3
2,False,0.9988105780826152,1.0,-3.118740090608607,-0.44216882954171893,0.05,0.0125,2,3-4
3,False,0.8560850161335375,1.0,-1.0686416306023747,-0.15150990633233435,0.05,0.0125,3,4-5
