,reject,pvals,pvals_corrected,tstats,effectsize,alpha,alpha_corrected,step,dimension_step
0,False,0.8022500930668142,1.0,-0.8533960522831666,-0.12099281203645741,0.05,0.0125,0,1-2
1,False,0.13843722516209997,0.5537489006483999,1.0933934800123777,0.1550191748076301,0.05,0.0125,1,2-3
2,False,0.9308627244011229,1.0,-1.4943125723157078,-0.211860694342558,0.05,0.0125,2,3-4
3,False,0.9372212360558834,1.0,-1.5449150364412014,-0.21903501207479648,0.05,0.0125,3,4-5
