,reject,pvals,pvals_corrected,tstats,effectsize,alpha,alpha_corrected,step,dimension_step
0,True,1.5437076726869816e-38,6.174830690747926e-38,20.992182992936986,2.9762303731123585,0.05,0.0125,0,1-2
1,True,8.741036155546649e-36,2.622310846663995e-35,19.389394907912454,2.7489902341559858,0.05,0.0125,1,2-3
2,False,0.9999995333314715,1.0,-5.233458506428847,-0.7419894428558218,0.05,0.0125,2,3-4
3,False,0.999996596985035,1.0,-4.75286643875912,-0.6738520457420121,0.05,0.0125,3,4-5
