,reject,pvals,pvals_corrected,tstats,effectsize,alpha,alpha_corrected,step,dimension_step
0,True,3.442819906911653e-51,1.377127962764661e-50,29.533111671897405,4.187146424933226,0.05,0.0125,0,1-2
1,True,2.411659080196819e-31,7.234977240590457e-31,16.957150739661945,2.404151444840545,0.05,0.0125,1,2-3
2,False,0.9999999999998548,1.0,-8.42635692599874,-1.1946722942669241,0.05,0.0125,2,3-4
3,False,0.9997693197296397,1.0,-3.623188095144675,-0.5136884744143513,0.05,0.0125,3,4-5
