,reject,pvals,pvals_corrected,tstats,effectsize,alpha,alpha_corrected,step,dimension_step
0,True,4.90706689752286e-54,1.962826759009144e-53,31.773110384196958,4.5047290320170905,0.05,0.0125,0,1-2
1,True,2.4055743250259878e-45,7.216722975077963e-45,25.32359452987481,3.5903293726790553,0.05,0.0125,1,2-3
2,False,0.9999999999969275,1.0,-7.808923601735244,-1.1071338132207635,0.05,0.0125,2,3-4
3,False,0.9999783366997135,1.0,-4.279423944754037,-0.60672830110554,0.05,0.0125,3,4-5
