,reject,pvals,pvals_corrected,tstats,effectsize,alpha,alpha_corrected,step,dimension_step
0,True,2.1884482945590888e-35,8.753793178236355e-35,19.163680784360334,2.7169889301285637,0.05,0.0125,0,1-2
1,True,5.773692810322789e-18,1.7321078430968368e-17,10.448043544644873,1.481303042548507,0.05,0.0125,1,2-3
2,False,0.999999999999974,1.0,-8.771655628629668,-1.2436280644653945,0.05,0.0125,2,3-4
3,False,0.9808629526593827,1.0,-2.0999639832738684,-0.29772875891776296,0.05,0.0125,3,4-5
