,reject,pvals,pvals_corrected,tstats,effectsize,alpha,alpha_corrected,step,dimension_step
0,False,0.013368277409471352,0.05347310963788541,2.2488731078204647,0.31884080140797305,0.05,0.0125,0,1-2
1,False,0.4586348348542383,1.0,0.10413906855121026,0.014764632099197343,0.05,0.0125,1,2-3
2,False,0.4016821159978741,1.0,0.24966435138056137,0.035396920173201236,0.05,0.0125,2,3-4
3,False,0.9998963796672523,1.0,-3.853078828061426,-0.5462819298941413,0.05,0.0125,3,4-5
