,reject,pvals,pvals_corrected,tstats,effectsize,alpha,alpha_corrected,step,dimension_step
0,True,6.176346258737757e-23,2.4705385034951026e-22,12.76229400350057,1.8094129160644237,0.05,0.0125,0,1-2
1,True,3.5843992146681266e-13,1.075319764400438e-12,8.244402636556886,1.1688751733606741,0.05,0.0125,1,2-3
2,False,0.998968764942189,1.0,-3.1647476212604335,-0.448691686653051,0.05,0.0125,2,3-4
3,False,0.9880970880975092,1.0,-2.2956383533533584,-0.3254710858432738,0.05,0.0125,3,4-5
