,reject,pvals,pvals_corrected,tstats,effectsize,alpha,alpha_corrected,step,dimension_step
0,True,2.4434467274744157e-31,9.773786909897663e-31,16.954145905656738,2.4037254253915212,0.05,0.0125,0,1-2
1,True,7.39659544316076e-19,2.218978632948228e-18,10.85858725701814,1.5395091217669823,0.05,0.0125,1,2-3
2,False,0.9999978473339153,1.0,-4.86587943990237,-0.6898748065321734,0.05,0.0125,2,3-4
3,False,0.9999999999964733,1.0,-7.7808246909844785,-1.1031500049786223,0.05,0.0125,3,4-5
