,reject,pvals,pvals_corrected,tstats,effectsize,alpha,alpha_corrected,step,dimension_step
0,True,1.2275227969064582e-18,3.6825683907193745e-18,10.757252300207526,1.5251420511093352,0.05,0.0125,0,1-2
1,True,8.753253202980286e-24,3.5013012811921144e-23,13.166551989876188,1.8667278174269535,0.05,0.0125,1,2-3
2,False,0.9999999995648805,1.0,-6.782380161780373,-0.9615925054710698,0.05,0.0125,2,3-4
3,False,0.9999995214192018,1.0,-5.227508186392114,-0.7411458181966321,0.05,0.0125,3,4-5
