,reject,pvals,pvals_corrected,tstats,effectsize,alpha,alpha_corrected,step,dimension_step
0,True,2.961715476918735e-42,1.184686190767494e-41,23.28765048309147,3.301677234307709,0.05,0.0125,0,1-2
1,True,4.193095269227176e-36,1.2579285807681527e-35,19.571182481303126,2.7747637183887472,0.05,0.0125,1,2-3
2,False,0.5856855321394041,1.0,-0.21703342659622604,-0.03077057190448809,0.05,0.0125,2,3-4
3,False,0.9999999846179947,1.0,-6.0118770662291166,-0.8523520936316575,0.05,0.0125,3,4-5
