,reject,pvals,pvals_corrected,tstats,effectsize,alpha,alpha_corrected,step,dimension_step
0,True,5.545619429455825e-09,2.21824777178233e-08,6.235994724764526,0.8841270539922993,0.05,0.0125,0,1-2
1,False,0.4703620371498194,1.0,0.07454888296498048,0.010569393847063221,0.05,0.0125,1,2-3
2,False,0.9704998506590005,1.0,-1.9102092225988119,-0.2708257025584607,0.05,0.0125,2,3-4
3,False,0.841708295891719,1.0,-1.006594988302173,-0.14271305555099204,0.05,0.0125,3,4-5
