,reject,pvals,pvals_corrected,tstats,effectsize,alpha,alpha_corrected,step,dimension_step
0,True,4.0457615461023424e-16,1.618304618440937e-15,9.601699380475045,1.3613100333242567,0.05,0.0125,0,1-2
1,True,8.586661660694547e-06,2.5759984982083643e-05,4.519720828028252,0.6407971200942837,0.05,0.0125,1,2-3
2,False,0.9999999935928164,1.0,-6.2044682744130375,-0.8796572959340692,0.05,0.0125,2,3-4
3,False,0.9999999185774961,1.0,-5.637942636272098,-0.7993364063939373,0.05,0.0125,3,4-5
