,reject,pvals,pvals_corrected,tstats,effectsize,alpha,alpha_corrected,step,dimension_step
0,True,1.703544227490669e-53,6.814176909962676e-53,31.33739005616673,4.44295346180115,0.05,0.0125,0,1-2
1,True,5.797177791500166e-53,1.7391533374500497e-52,30.91344500369628,4.38284736696967,0.05,0.0125,1,2-3
2,False,0.9999999495308665,1.0,-5.746359929839783,-0.8147075968125493,0.05,0.0125,2,3-4
3,False,0.99998056281439,1.0,-4.307988824284166,-0.6107781734837711,0.05,0.0125,3,4-5
