,reject,pvals,pvals_corrected,tstats,effectsize,alpha,alpha_corrected,step,dimension_step
0,True,3.5684758154852867e-44,1.4273903261941147e-43,24.537525840494087,3.478882101593686,0.05,0.0125,0,1-2
1,True,3.073694204080203e-27,9.221082612240609e-27,14.852027976472675,2.105691284263527,0.05,0.0125,1,2-3
2,False,0.9983821016893042,1.0,-3.017945574677913,-0.42787838152795005,0.05,0.0125,2,3-4
3,False,0.9300919954205776,1.0,-1.4884303279255762,-0.21102672131450895,0.05,0.0125,3,4-5
