,reject,pvals,pvals_corrected,tstats,effectsize,alpha,alpha_corrected,step,dimension_step
0,True,5.803339209336542e-42,2.321335683734617e-41,23.10139060502623,3.2752696755237327,0.05,0.0125,0,1-2
1,True,8.563457923206038e-36,2.569037376961811e-35,19.394460514164493,2.7497084258366993,0.05,0.0125,1,2-3
2,False,0.9999999991513047,1.0,-6.6405120121848915,-0.9414787185464139,0.05,0.0125,2,3-4
3,False,0.9999999643572343,1.0,-5.824628259686193,-0.825804326515222,0.05,0.0125,3,4-5
