{
  "data": {
    "name": "normal-3-60",
    "n_dimension": 3,
    "distance": "euclidean",
    "subject": null,
    "n_objects": 60,
    "n_train_triplets": 2947,
    "n_test_triplets": 10000,
    "frac_train_ndlogn": 3.998740695467169,
    "frac_train_triplets": 0.028706409507110852,
    "max_train_score": 0.8802171700033933,
    "max_test_score": 0.8799,
    "noise_sd": 0.5,
    "distance_sd": 1.0404290993625762,
    "distance_mean": 2.418760688980664,
    "difference_sd": 0.928992327601547,
    "difference_mean": -0.14568656755460135
  },
  "n_repeats": 10,
  "n_splits": 10,
  "embedding_method": "soe",
  "embedding_dimension": [
    1,
    2,
    3,
    4,
    5
  ],
  "random_state": 1928185607,
  "alpha": 0.05
}