,reject,pvals,pvals_corrected,tstats,effectsize,alpha,alpha_corrected,step,dimension_step
0,True,9.689748323808872e-36,3.875899329523549e-35,19.36397586563362,2.7453863723893868,0.05,0.0125,0,1-2
1,True,7.896174708557465e-19,2.3688524125672397e-18,10.84550734021316,1.5376546769154933,0.05,0.0125,1,2-3
2,False,1.0,1.0,-11.748590111303532,-1.6656919741159784,0.05,0.0125,2,3-4
3,False,0.9995724328813318,1.0,-3.4392240054575542,-0.4876064079864341,0.05,0.0125,3,4-5
