,reject,pvals,pvals_corrected,tstats,effectsize,alpha,alpha_corrected,step,dimension_step
0,True,2.2984929077986684e-29,9.193971631194673e-29,15.926836488149105,2.2580755188525345,0.05,0.0125,0,1-2
1,True,3.420625929004203e-24,1.026187778701261e-23,13.362202165947249,1.894466714173585,0.05,0.0125,1,2-3
2,False,1.0,1.0,-10.97304877382564,-1.5557372502560303,0.05,0.0125,2,3-4
3,False,0.992533824775453,1.0,-2.477292715491708,-0.3512256836469616,0.05,0.0125,3,4-5
