,reject,pvals,pvals_corrected,tstats,effectsize,alpha,alpha_corrected,step,dimension_step
0,True,7.07194322700752e-65,2.828777290803008e-64,41.663502923000514,5.906969412919593,0.05,0.0125,0,1-2
1,True,2.4296311472613634e-56,7.28889344178409e-56,33.68812897823585,4.7762365977891275,0.05,0.0125,1,2-3
2,False,0.9984720855808868,1.0,-3.0368655537825315,-0.4305608189137504,0.05,0.0125,2,3-4
3,False,0.9998519435807282,1.0,-3.751692270892928,-0.5319075434393498,0.05,0.0125,3,4-5
