,reject,pvals,pvals_corrected,tstats,effectsize,alpha,alpha_corrected,step,dimension_step
0,True,1.7504148628653315e-21,7.001659451461326e-21,12.077711509747944,1.712354157978469,0.05,0.0125,0,1-2
1,True,5.83054296602594e-14,1.749162889807782e-13,8.609610244615963,1.2206535889719923,0.05,0.0125,1,2-3
2,False,0.999999999999995,1.0,-9.103473831274572,-1.290672595917678,0.05,0.0125,2,3-4
3,False,0.9999998365446533,1.0,-5.47822459192209,-0.7766918965357421,0.05,0.0125,3,4-5
