,reject,pvals,pvals_corrected,tstats,effectsize,alpha,alpha_corrected,step,dimension_step
0,True,6.874589853203903e-27,2.7498359412815613e-26,14.678232596724387,2.0810509175095078,0.05,0.0125,0,1-2
1,True,1.1077475207145816e-11,3.323242562143745e-11,7.546656159682729,1.0699500516663882,0.05,0.0125,1,2-3
2,False,0.9994593782249198,1.0,-3.367554901519815,-0.47744530353984016,0.05,0.0125,2,3-4
3,False,0.9998503009271579,1.0,-3.7485295564854666,-0.531459140017746,0.05,0.0125,3,4-5
