,reject,pvals,pvals_corrected,tstats,effectsize,alpha,alpha_corrected,step,dimension_step
0,True,4.0310367777140997e-16,1.6124147110856399e-15,9.60242519241283,1.3614129375117408,0.05,0.0125,0,1-2
1,True,0.0009320319593036561,0.002796095877910968,3.1970823454547017,0.45327604018529544,0.05,0.0125,1,2-3
2,False,0.9999999395908084,1.0,-5.705717706555372,-0.8089454224159859,0.05,0.0125,2,3-4
3,False,0.9999895175972471,1.0,-4.468566202279972,-0.6335445179743208,0.05,0.0125,3,4-5
