,reject,pvals,pvals_corrected,tstats,effectsize,alpha,alpha_corrected,step,dimension_step
0,True,9.7158648390078e-54,3.88634593560312e-53,31.533362821514693,4.470738094620313,0.05,0.0125,0,1-2
1,True,2.1980742547720556e-45,6.594222764316167e-45,25.350200858009696,3.5941015654966715,0.05,0.0125,1,2-3
2,False,0.9999999362533206,1.0,-5.693535377433403,-0.8072182357789289,0.05,0.0125,2,3-4
3,False,0.9967138347324553,1.0,-2.77648188260185,-0.3936441346846167,0.05,0.0125,3,4-5
