,reject,pvals,pvals_corrected,tstats,effectsize,alpha,alpha_corrected,step,dimension_step
0,True,1.4094312214327412e-34,5.637724885730965e-34,18.71028050071366,2.652706730615487,0.05,0.0125,0,1-2
1,True,2.3142740822789403e-13,6.942822246836821e-13,8.332588931436716,1.181378052618248,0.05,0.0125,1,2-3
2,False,0.9999999954375984,1.0,-6.278501333521722,-0.8901535572903952,0.05,0.0125,2,3-4
3,False,0.9975897151462453,1.0,-2.8838185314898874,-0.40886211342823564,0.05,0.0125,3,4-5
