{
  "data": {
    "name": "normal-3-60",
    "n_dimension": 3,
    "distance": "euclidean",
    "subject": null,
    "n_objects": 60,
    "n_train_triplets": 5895,
    "n_test_triplets": 10000,
    "frac_train_ndlogn": 7.998838276138094,
    "frac_train_triplets": 0.05742255990648743,
    "max_train_score": 0.8899067005937235,
    "max_test_score": 0.8853,
    "noise_sd": 0.5,
    "distance_sd": 1.041301375118787,
    "distance_mean": 2.440806835652024,
    "difference_sd": 0.9349743672156126,
    "difference_mean": -0.14014772530180292
  },
  "n_repeats": 10,
  "n_splits": 10,
  "embedding_method": "soe",
  "embedding_dimension": [
    1,
    2,
    3,
    4,
    5
  ],
  "random_state": 3240950277,
  "alpha": 0.05
}