,reject,pvals,pvals_corrected,tstats,effectsize,alpha,alpha_corrected,step,dimension_step
0,True,3.212554623877532e-13,1.2850218495510128e-12,8.266493234156949,1.17200713479411,0.05,0.0125,0,1-2
1,False,0.037011151430637816,0.11103345429191344,1.8055855237901772,0.25599236053555696,0.05,0.0125,1,2-3
2,False,0.9964824063803911,1.0,-2.7525323072611307,-0.39024861104726205,0.05,0.0125,2,3-4
3,False,0.9991436272908442,1.0,-3.2239781594156445,-0.45708927573335967,0.05,0.0125,3,4-5
