{
  "data": {
    "name": "normal-3-60",
    "n_dimension": 3,
    "distance": "euclidean",
    "subject": null,
    "n_objects": 60,
    "n_train_triplets": 2947,
    "n_test_triplets": 10000,
    "frac_train_ndlogn": 3.998740695467169,
    "frac_train_triplets": 0.028706409507110852,
    "max_train_score": 0.677638276213098,
    "max_test_score": 0.6852,
    "noise_sd": 2.0,
    "distance_sd": 1.0395800702588645,
    "distance_mean": 2.397125353338752,
    "difference_sd": 0.9299153831103035,
    "difference_mean": -0.0763624549072044
  },
  "n_repeats": 10,
  "n_splits": 10,
  "embedding_method": "soe",
  "embedding_dimension": [
    1,
    2,
    3,
    4,
    5
  ],
  "random_state": 4140372671,
  "alpha": 0.05
}