{
  "data": {
    "name": "normal-3-60",
    "n_dimension": 3,
    "distance": "euclidean",
    "subject": null,
    "n_objects": 60,
    "n_train_triplets": 1473,
    "n_test_triplets": 10000,
    "frac_train_ndlogn": 1.9986919051317067,
    "frac_train_triplets": 0.01434833430742256,
    "max_train_score": 0.8608282416836388,
    "max_test_score": 0.8703,
    "noise_sd": 0.5,
    "distance_sd": 1.032611942365998,
    "distance_mean": 2.2123045271456667,
    "difference_sd": 0.9070634017700312,
    "difference_mean": -0.15914373623590106
  },
  "n_repeats": 10,
  "n_splits": 10,
  "embedding_method": "soe",
  "embedding_dimension": [
    1,
    2,
    3,
    4,
    5
  ],
  "random_state": 4081192051,
  "alpha": 0.05
}