,reject,pvals,pvals_corrected,tstats,effectsize,alpha,alpha_corrected,step,dimension_step
0,True,3.6666567067063553e-17,1.0999970120119065e-16,10.079641207564752,1.4290716845467046,0.05,0.0125,0,1-2
1,True,9.774513862826068e-27,3.909805545130427e-26,14.602489787269201,2.070312251115392,0.05,0.0125,1,2-3
2,False,0.9998218736884075,1.0,-3.698462554988769,-0.5243607391227428,0.05,0.0125,2,3-4
3,False,0.9998241684869782,1.0,-3.7022115812931498,-0.5248922686906992,0.05,0.0125,3,4-5
