{
  "data": {
    "name": "normal-3-60",
    "n_dimension": 3,
    "distance": "euclidean",
    "subject": null,
    "n_objects": 60,
    "n_train_triplets": 5895,
    "n_test_triplets": 10000,
    "frac_train_ndlogn": 7.998838276138094,
    "frac_train_triplets": 0.05742255990648743,
    "max_train_score": 0.7847328244274809,
    "max_test_score": 0.7893,
    "noise_sd": 1.0,
    "distance_sd": 1.0393062783502367,
    "distance_mean": 2.390110500836369,
    "difference_sd": 0.9450050821759042,
    "difference_mean": -0.09929140314105905
  },
  "n_repeats": 10,
  "n_splits": 10,
  "embedding_method": "soe",
  "embedding_dimension": [
    1,
    2,
    3,
    4,
    5
  ],
  "random_state": 3480934090,
  "alpha": 0.05
}