,reject,pvals,pvals_corrected,tstats,effectsize,alpha,alpha_corrected,step,dimension_step
0,True,6.740611113123373e-36,2.022183333937012e-35,19.45359189828866,2.7580919570537117,0.05,0.0125,0,1-2
1,True,4.351869005065135e-43,1.740747602026054e-42,23.82441828504118,3.377779116423018,0.05,0.0125,1,2-3
2,False,0.997326939233797,1.0,-2.848296316390949,-0.4038258437113957,0.05,0.0125,2,3-4
3,False,0.9999977387918336,1.0,-4.853809313329148,-0.6881635277515615,0.05,0.0125,3,4-5
