,reject,pvals,pvals_corrected,tstats,effectsize,alpha,alpha_corrected,step,dimension_step
0,True,4.329296581976458e-19,1.7317186327905832e-18,10.965840110632644,1.5547152201817045,0.05,0.0125,0,1-2
1,True,0.0021825347491087883,0.0065476042473263645,2.917611417706577,0.4136532023010356,0.05,0.0125,1,2-3
2,False,0.999999476649704,1.0,-5.206369741140659,-0.7381488510484836,0.05,0.0125,2,3-4
3,False,0.9950877424620295,1.0,-2.632854522316265,-0.3732809303320377,0.05,0.0125,3,4-5
