{
  "data": {
    "name": "normal-3-60",
    "n_dimension": 3,
    "distance": "euclidean",
    "subject": null,
    "n_objects": 60,
    "n_train_triplets": 5895,
    "n_test_triplets": 10000,
    "frac_train_ndlogn": 7.998838276138094,
    "frac_train_triplets": 0.05742255990648743,
    "max_train_score": 0.8883799830364716,
    "max_test_score": 0.8812,
    "noise_sd": 0.5,
    "distance_sd": 1.0390760432876331,
    "distance_mean": 2.3841970836438917,
    "difference_sd": 0.9272487397816993,
    "difference_mean": -0.12879431366577807
  },
  "n_repeats": 10,
  "n_splits": 10,
  "embedding_method": "soe",
  "embedding_dimension": [
    1,
    2,
    3,
    4,
    5
  ],
  "random_state": 471747710,
  "alpha": 0.05
}