,reject,pvals,pvals_corrected,tstats,effectsize,alpha,alpha_corrected,step,dimension_step
0,True,5.225773723316497e-22,2.090309489326599e-21,12.324167907499993,1.7472962608023774,0.05,0.0125,0,1-2
1,True,0.00029647189280703265,0.0008894156784210979,3.549142333108654,0.5031904120619983,0.05,0.0125,1,2-3
2,False,0.9993809161067799,1.0,-3.3256878483288155,-0.47150947517069497,0.05,0.0125,2,3-4
3,False,0.9998876611227643,1.0,-3.8302774635571843,-0.5430491973284637,0.05,0.0125,3,4-5
