{
  "data": {
    "name": "normal-3-60",
    "n_dimension": 3,
    "distance": "euclidean",
    "subject": null,
    "n_objects": 60,
    "n_train_triplets": 5895,
    "n_test_triplets": 10000,
    "frac_train_ndlogn": 7.998838276138094,
    "frac_train_triplets": 0.05742255990648743,
    "max_train_score": 0.8822731128074639,
    "max_test_score": 0.8796,
    "noise_sd": 0.5,
    "distance_sd": 1.0416860328373887,
    "distance_mean": 2.4504715878448073,
    "difference_sd": 0.9334584063992827,
    "difference_mean": -0.1405428291479651
  },
  "n_repeats": 10,
  "n_splits": 10,
  "embedding_method": "soe",
  "embedding_dimension": [
    1,
    2,
    3,
    4,
    5
  ],
  "random_state": 608443178,
  "alpha": 0.05
}