,reject,pvals,pvals_corrected,tstats,effectsize,alpha,alpha_corrected,step,dimension_step
0,True,1.327714652356184e-38,5.310858609424735e-38,21.03126055865712,2.9817707134401217,0.05,0.0125,0,1-2
1,True,1.803955856497874e-33,5.4118675694936216e-33,18.099575247301104,2.5661221422076363,0.05,0.0125,1,2-3
2,False,0.9999906826156083,1.0,-4.4988186108411,-0.6378336448959814,0.05,0.0125,2,3-4
3,False,0.9998713161960578,1.0,-3.791741235332863,-0.5375856067650142,0.05,0.0125,3,4-5
