,reject,pvals,pvals_corrected,tstats,effectsize,alpha,alpha_corrected,step,dimension_step
0,True,2.984200233939292e-59,1.1936800935757169e-58,36.244176321538255,5.138627957506664,0.05,0.0125,0,1-2
1,True,1.1666321495994581e-50,3.499896448798374e-50,29.130380573335014,4.130048002718557,0.05,0.0125,1,2-3
2,False,0.9999997263854095,1.0,-5.358712037358303,-0.7597476418586241,0.05,0.0125,2,3-4
3,False,0.9992333982724401,1.0,-3.2589312207863776,-0.46204485195522466,0.05,0.0125,3,4-5
