,reject,pvals,pvals_corrected,tstats,effectsize,alpha,alpha_corrected,step,dimension_step
0,True,0.0008533286454111943,0.0034133145816447772,3.2251060953864252,0.45724919227449756,0.05,0.0125,0,1-2
1,False,0.6531043811274776,1.0,-0.39486598745166585,-0.05598332224705083,0.05,0.0125,1,2-3
2,False,0.4903964997889806,1.0,0.0241356365893894,0.003421903034854053,0.05,0.0125,2,3-4
3,False,0.9996239893942167,1.0,-3.478058477843721,-0.4931122830199354,0.05,0.0125,3,4-5
