,reject,pvals,pvals_corrected,tstats,effectsize,alpha,alpha_corrected,step,dimension_step
0,True,1.675218928923767e-30,6.700875715695068e-30,16.515216974385407,2.3414949457254943,0.05,0.0125,0,1-2
1,True,3.087796883135697e-11,9.263390649407091e-11,7.3354511400552,1.040005819826339,0.05,0.0125,1,2-3
2,False,0.9999999998322213,1.0,-6.983098835558445,-0.9900500038432078,0.05,0.0125,2,3-4
3,False,0.9892681679560114,1.0,-2.33681122849604,-0.3313084950154995,0.05,0.0125,3,4-5
