,reject,pvals,pvals_corrected,tstats,effectsize,alpha,alpha_corrected,step,dimension_step
0,True,1.2079386450194733e-15,4.831754580077893e-15,9.383904667689004,1.3304315277626773,0.05,0.0125,0,1-2
1,False,0.4190917175997395,1.0,0.20475562796894123,0.029029849788937884,0.05,0.0125,1,2-3
2,False,0.9975703629033985,1.0,-2.8810840895599616,-0.40847442963526875,0.05,0.0125,2,3-4
3,False,0.9685889648932156,1.0,-1.881644069935737,-0.26677579145597846,0.05,0.0125,3,4-5
