,reject,pvals,pvals_corrected,tstats,effectsize,alpha,alpha_corrected,step,dimension_step
0,True,4.8022142923627764e-17,1.9208857169451106e-16,10.025918751999367,1.421455020571087,0.05,0.0125,0,1-2
1,True,0.0014640235267491327,0.004392070580247398,3.050936098667943,0.4325557130640297,0.05,0.0125,1,2-3
2,False,0.9999594374979098,1.0,-4.111859321124536,-0.5829713186862719,0.05,0.0125,2,3-4
3,False,0.7188247455348284,1.0,-0.5813133097855018,-0.08241745651036862,0.05,0.0125,3,4-5
