,reject,pvals,pvals_corrected,tstats,effectsize,alpha,alpha_corrected,step,dimension_step
0,True,4.468830975273478e-36,1.7875323901093913e-35,19.55538203158722,2.77252356173762,0.05,0.0125,0,1-2
1,True,4.0450928901717365e-31,1.2135278670515209e-30,16.838671060441932,2.3873536291960336,0.05,0.0125,1,2-3
2,False,0.9999998207923643,1.0,-5.456974040289682,-0.773679035165629,0.05,0.0125,2,3-4
3,False,0.9999097414619227,1.0,-3.891846511568318,-0.55177833573184,0.05,0.0125,3,4-5
