,reject,pvals,pvals_corrected,tstats,effectsize,alpha,alpha_corrected,step,dimension_step
0,True,1.3729840224892342e-34,5.491936089956937e-34,18.716615313018664,2.6536048678314432,0.05,0.0125,0,1-2
1,True,2.4709354600138965e-17,7.41280638004169e-17,10.158247909115495,1.4402163879233958,0.05,0.0125,1,2-3
2,False,0.999999999887404,1.0,-7.066576305537365,-1.0018852751775627,0.05,0.0125,2,3-4
3,False,0.9999999940699148,1.0,-6.22136916073758,-0.8820534703209134,0.05,0.0125,3,4-5
