,reject,pvals,pvals_corrected,tstats,effectsize,alpha,alpha_corrected,step,dimension_step
0,True,3.847416982587286e-42,1.5389667930349144e-41,23.215081423156292,3.2913885358717265,0.05,0.0125,0,1-2
1,True,4.0396519934405056e-32,1.2118955980321516e-31,17.369651811210314,2.462635034589011,0.05,0.0125,1,2-3
2,False,0.9861963434115815,1.0,-2.235846467323289,-0.3169939099665086,0.05,0.0125,2,3-4
3,False,0.9851900715196498,1.0,-2.207062633629324,-0.31291299469802913,0.05,0.0125,3,4-5
