,reject,pvals,pvals_corrected,tstats,effectsize,alpha,alpha_corrected,step,dimension_step
0,True,4.260331191838824e-35,1.7041324767355297e-34,19.000806279650682,2.69389690353535,0.05,0.0125,0,1-2
1,True,1.8675153887962093e-20,5.602546166388628e-20,11.59794571276644,1.6443339078959864,0.05,0.0125,1,2-3
2,False,0.7417699473418538,1.0,-0.6511471134440423,-0.09231835569691074,0.05,0.0125,2,3-4
3,False,0.999999725490922,1.0,-5.357950768818478,-0.7596397107039136,0.05,0.0125,3,4-5
