,reject,pvals,pvals_corrected,tstats,effectsize,alpha,alpha_corrected,step,dimension_step
0,True,9.19486161947633e-21,3.677944647790532e-20,11.741166922467011,1.6646395290182943,0.05,0.0125,0,1-2
1,True,6.289778344688189e-12,1.8869335034064567e-11,7.662653982885076,1.0863959946512556,0.05,0.0125,1,2-3
2,False,0.9999645746805174,1.0,-4.148384972523953,-0.5881498536261224,0.05,0.0125,2,3-4
3,False,0.6209451298408848,1.0,-0.30881690722414007,-0.043783453074906505,0.05,0.0125,3,4-5
