,reject,pvals,pvals_corrected,tstats,effectsize,alpha,alpha_corrected,step,dimension_step
0,True,1.0318361220114063e-14,4.1273444880456254e-14,8.95614422584418,1.2697844945378394,0.05,0.0125,0,1-2
1,True,5.262283878830251e-07,1.5786851636490753e-06,5.20507195136779,0.7379648529697119,0.05,0.0125,1,2-3
2,False,0.9989479874324898,1.0,-3.1583441177708913,-0.4477838105361975,0.05,0.0125,2,3-4
3,False,0.9984581962615785,1.0,-3.0338789622018485,-0.430137385839758,0.05,0.0125,3,4-5
