,reject,pvals,pvals_corrected,tstats,effectsize,alpha,alpha_corrected,step,dimension_step
0,True,3.7132335137749735e-05,0.00014852934055099894,4.135713744334661,0.5863533518418966,0.05,0.0125,0,1-2
1,False,0.13398541158116095,0.40195623474348285,1.114013234946523,0.1579426030638427,0.05,0.0125,1,2-3
2,False,0.5310679738875487,0.9126168135581176,-0.07815304947089212,-0.011080385478007826,0.05,0.0125,2,3-4
3,False,0.4563084067790588,0.9126168135581176,0.1100192628443774,0.01559831446853522,0.05,0.0125,3,4-5
