{
  "data": {
    "name": "normal-3-60",
    "n_dimension": 3,
    "distance": "euclidean",
    "subject": null,
    "n_objects": 60,
    "n_train_triplets": 5895,
    "n_test_triplets": 10000,
    "frac_train_ndlogn": 7.998838276138094,
    "frac_train_triplets": 0.05742255990648743,
    "max_train_score": 0.8720949957591179,
    "max_test_score": 0.8753,
    "noise_sd": 0.5,
    "distance_sd": 1.0361065529513445,
    "distance_mean": 2.3066911124785716,
    "difference_sd": 0.9083430188874696,
    "difference_mean": -0.15477806913837144
  },
  "n_repeats": 10,
  "n_splits": 10,
  "embedding_method": "soe",
  "embedding_dimension": [
    1,
    2,
    3,
    4,
    5
  ],
  "random_state": 1275774417,
  "alpha": 0.05
}