,reject,pvals,pvals_corrected,tstats,effectsize,alpha,alpha_corrected,step,dimension_step
0,True,1.7379455081680272e-24,6.951782032672109e-24,13.503724992902672,1.914531541934241,0.05,0.0125,0,1-2
1,True,1.6607749716673692e-14,4.982324915002107e-14,8.861038189002793,1.2563005478892741,0.05,0.0125,1,2-3
2,False,0.9999995966118287,1.0,-5.267791914101568,-0.7468571657964223,0.05,0.0125,2,3-4
3,False,0.9993216152728676,1.0,-3.297227647323311,-0.4674744439075831,0.05,0.0125,3,4-5
