,reject,pvals,pvals_corrected,tstats,effectsize,alpha,alpha_corrected,step,dimension_step
0,True,2.182890576100207e-60,8.731562304400829e-60,37.28572310543397,5.286296409820123,0.05,0.0125,0,1-2
1,True,1.6515057540080757e-53,4.954517262024227e-53,31.348190951667377,4.444484791499288,0.05,0.0125,1,2-3
2,False,0.9999991264469161,1.0,-5.08440889993401,-0.7208574831115858,0.05,0.0125,2,3-4
3,False,0.9990349714009201,1.0,-3.1859853649865966,-0.45170273214343426,0.05,0.0125,3,4-5
