,reject,pvals,pvals_corrected,tstats,effectsize,alpha,alpha_corrected,step,dimension_step
0,True,2.5681178881040436e-53,7.704353664312131e-53,31.194773065131884,4.422733505611619,0.05,0.0125,0,1-2
1,True,2.6922266751266305e-54,1.0768906700506522e-53,31.985042302625214,4.534776322137912,0.05,0.0125,1,2-3
2,False,0.999876139357147,1.0,-3.8026038606151036,-0.5391256883900467,0.05,0.0125,2,3-4
3,False,0.9492890541528517,1.0,-1.6533770516072182,-0.23441254303356734,0.05,0.0125,3,4-5
