,reject,pvals,pvals_corrected,tstats,effectsize,alpha,alpha_corrected,step,dimension_step
0,True,2.533090099899211e-44,7.599270299697633e-44,24.63641447907701,3.4929023380695803,0.05,0.0125,0,1-2
1,True,1.545942527319978e-45,6.183770109279912e-45,25.454203853270716,3.608846905392701,0.05,0.0125,1,2-3
2,False,0.9999999864388502,1.0,-6.0397369691087,-0.8563020158084066,0.05,0.0125,2,3-4
3,False,0.9999999999931253,1.0,-7.644457653072161,-1.0838161548372358,0.05,0.0125,3,4-5
