{
  "data": {
    "name": "normal-3-60",
    "n_dimension": 3,
    "distance": "euclidean",
    "subject": null,
    "n_objects": 60,
    "n_train_triplets": 2947,
    "n_test_triplets": 10000,
    "frac_train_ndlogn": 3.998740695467169,
    "frac_train_triplets": 0.028706409507110852,
    "max_train_score": 0.8737699355276553,
    "max_test_score": 0.8828,
    "noise_sd": 0.5,
    "distance_sd": 1.041500385784614,
    "distance_mean": 2.445811418550869,
    "difference_sd": 0.9224835375165775,
    "difference_mean": -0.1251603692141818
  },
  "n_repeats": 10,
  "n_splits": 10,
  "embedding_method": "soe",
  "embedding_dimension": [
    1,
    2,
    3,
    4,
    5
  ],
  "random_state": 38366056,
  "alpha": 0.05
}