,reject,pvals,pvals_corrected,tstats,effectsize,alpha,alpha_corrected,step,dimension_step
0,True,5.516126709062975e-38,1.6548380127188926e-37,20.663858331175305,2.9296811490080463,0.05,0.0125,0,1-2
1,True,6.49765254130626e-48,2.599061016522504e-47,27.112544035074894,3.8439631112536587,0.05,0.0125,1,2-3
2,False,0.9999999996116158,1.0,-6.806410730526276,-0.9649995121939431,0.05,0.0125,2,3-4
3,False,0.9999978197479751,1.0,-4.862756659081091,-0.6894320648157931,0.05,0.0125,3,4-5
