,reject,pvals,pvals_corrected,tstats,effectsize,alpha,alpha_corrected,step,dimension_step
0,True,1.8103082456503398e-52,7.241232982601359e-52,30.52345532674072,4.327555398423762,0.05,0.0125,0,1-2
1,True,8.716555786733748e-37,2.6149667360201244e-36,19.963306552740672,2.83035829718189,0.05,0.0125,1,2-3
2,False,0.9999866028042168,1.0,-4.405178538824137,-0.6245575398538767,0.05,0.0125,2,3-4
3,False,0.9999999997757684,1.0,-6.922204654950608,-0.9814165468115208,0.05,0.0125,3,4-5
