{
  "data": {
    "name": "normal-3-60",
    "n_dimension": 3,
    "distance": "euclidean",
    "subject": null,
    "n_objects": 60,
    "n_train_triplets": 5895,
    "n_test_triplets": 10000,
    "frac_train_ndlogn": 7.998838276138094,
    "frac_train_triplets": 0.05742255990648743,
    "max_train_score": 0.8841391009329941,
    "max_test_score": 0.8862,
    "noise_sd": 0.5,
    "distance_sd": 1.040777911535022,
    "distance_mean": 2.427598471853665,
    "difference_sd": 0.9349272715005992,
    "difference_mean": -0.13423176846430068
  },
  "n_repeats": 10,
  "n_splits": 10,
  "embedding_method": "soe",
  "embedding_dimension": [
    1,
    2,
    3,
    4,
    5
  ],
  "random_state": 1678443937,
  "alpha": 0.05
}