,reject,pvals,pvals_corrected,tstats,effectsize,alpha,alpha_corrected,step,dimension_step
0,True,4.1714999372843e-48,1.66859997491372e-47,27.25034099049994,3.863499692284627,0.05,0.0125,0,1-2
1,True,8.552569658422505e-34,2.5657708975267517e-33,18.277202974203664,2.5913058515956586,0.05,0.0125,1,2-3
2,False,0.99410312607466,1.0,-2.565772148108073,-0.36377012339566117,0.05,0.0125,2,3-4
3,False,0.9516491940425243,1.0,-1.6769783973305894,-0.23775869536140562,0.05,0.0125,3,4-5
