,reject,pvals,pvals_corrected,tstats,effectsize,alpha,alpha_corrected,step,dimension_step
0,True,2.1795621231440326e-21,8.71824849257613e-21,12.033118765414416,1.7060318864857646,0.05,0.0125,0,1-2
1,True,2.512093960297599e-06,7.536281880892797e-06,4.827937239572967,0.6844954360740807,0.05,0.0125,1,2-3
2,False,0.99999999406154,1.0,-6.2210610874764285,-0.8820097923005146,0.05,0.0125,2,3-4
3,False,0.998485223889394,1.0,-3.039713880916436,-0.43096464912670823,0.05,0.0125,3,4-5
