,reject,pvals,pvals_corrected,tstats,effectsize,alpha,alpha_corrected,step,dimension_step
0,True,7.385182983795743e-30,2.954073193518297e-29,16.18071049484868,2.2940692756684515,0.05,0.0125,0,1-2
1,True,2.1971655165507833e-07,6.59149654965235e-07,5.409761177181187,0.7669852883917763,0.05,0.0125,1,2-3
2,False,1.0,1.0,-10.09728843015149,-1.4315736730193374,0.05,0.0125,2,3-4
3,False,0.9998036347978233,1.0,-3.6701980734120054,-0.5203534565748849,0.05,0.0125,3,4-5
