,reject,pvals,pvals_corrected,tstats,effectsize,alpha,alpha_corrected,step,dimension_step
0,True,1.9148399258744833e-06,7.659359703497933e-06,4.894540072091669,0.6939382545338935,0.05,0.0125,0,1-2
1,False,0.3751116531203922,1.0,0.3192318715137765,0.04526006620580985,0.05,0.0125,1,2-3
2,False,0.9981914739829526,1.0,-2.980884132061092,-0.42262388316421834,0.05,0.0125,2,3-4
3,False,0.996731266362865,1.0,-2.778347579565659,-0.3939086495267644,0.05,0.0125,3,4-5
