,reject,pvals,pvals_corrected,tstats,effectsize,alpha,alpha_corrected,step,dimension_step
0,True,1.4109976529094535e-49,5.643990611637814e-49,28.321289993679148,4.015336733357906,0.05,0.0125,0,1-2
1,True,1.79383244871395e-43,5.38149734614185e-43,24.075394652449774,3.4133620516454384,0.05,0.0125,1,2-3
2,False,0.9999998693702592,1.0,-5.529838378698997,-0.7840095976022993,0.05,0.0125,2,3-4
3,False,0.9999226048831159,1.0,-3.9347366511116064,-0.5578592152696523,0.05,0.0125,3,4-5
