,reject,pvals,pvals_corrected,tstats,effectsize,alpha,alpha_corrected,step,dimension_step
0,True,1.1686659310978123e-61,4.674663724391249e-61,38.48231784194208,5.455947255580187,0.05,0.0125,0,1-2
1,True,6.4938842508415134e-49,1.948165275252454e-48,27.834573817729538,3.9463310722299654,0.05,0.0125,1,2-3
2,False,0.9999996791862777,1.0,-5.32153111371175,-0.7544762037097438,0.05,0.0125,2,3-4
3,False,0.9941336144286176,1.0,-2.5676921964750528,-0.3640423440727376,0.05,0.0125,3,4-5
