,reject,pvals,pvals_corrected,tstats,effectsize,alpha,alpha_corrected,step,dimension_step
0,True,4.4124456471093585e-17,1.3237336941328076e-16,10.04277314280855,1.4238446029153087,0.05,0.0125,0,1-2
1,True,6.086548745616089e-18,2.4346194982464357e-17,10.437517138495483,1.479810629410146,0.05,0.0125,1,2-3
2,False,0.9999995037759329,1.0,-5.218955889654267,-0.739933290403805,0.05,0.0125,2,3-4
3,False,0.9999673512484972,1.0,-4.170305106639234,-0.5912576470823127,0.05,0.0125,3,4-5
