,reject,pvals,pvals_corrected,tstats,effectsize,alpha,alpha_corrected,step,dimension_step
0,True,1.7035854679513264e-44,6.814341871805306e-44,24.75124644549595,3.509182988175158,0.05,0.0125,0,1-2
1,True,2.9331988235143013e-24,8.799596470542904e-24,13.394293397683738,1.8990165458245791,0.05,0.0125,1,2-3
2,False,0.9944484727077488,1.0,-2.588064722553109,-0.36693072070850413,0.05,0.0125,2,3-4
3,False,0.9999986433539936,1.0,-4.978386314821537,-0.7058258097427991,0.05,0.0125,3,4-5
