,reject,pvals,pvals_corrected,tstats,effectsize,alpha,alpha_corrected,step,dimension_step
0,True,6.726152201714568e-39,2.0178456605143704e-38,21.208145985410347,3.0068491809744904,0.05,0.0125,0,1-2
1,True,1.0176046858670813e-40,4.070418743468325e-40,22.319733690096506,3.1644478971336585,0.05,0.0125,1,2-3
2,False,0.9999999927647709,1.0,-6.177885372230062,-0.8758884244017914,0.05,0.0125,2,3-4
3,False,0.9999999960327328,1.0,-6.308876044749293,-0.8944600240433018,0.05,0.0125,3,4-5
