,reject,pvals,pvals_corrected,tstats,effectsize,alpha,alpha_corrected,step,dimension_step
0,True,4.25742132390709e-06,1.702968529562836e-05,4.697043052087325,0.6659375158906626,0.05,0.0125,0,1-2
1,True,0.001505457804739031,0.0045163734142170935,3.041747947135304,0.43125303503033496,0.05,0.0125,1,2-3
2,False,0.9983591326998723,1.0,-3.0132722629549837,-0.42721580859318264,0.05,0.0125,2,3-4
3,False,0.9460254586766448,1.0,-1.622162311737203,-0.22998697867367215,0.05,0.0125,3,4-5
