,reject,pvals,pvals_corrected,tstats,effectsize,alpha,alpha_corrected,step,dimension_step
0,True,3.7243792984462206e-26,1.4897517193784882e-25,14.315928160892625,2.0296841079405064,0.05,0.0125,0,1-2
1,False,0.9934076214743515,1.0,-2.5242321067032347,-0.35788065811370257,0.05,0.0125,1,2-3
2,False,0.9992333841240496,1.0,-3.258925416545877,-0.4620440290414345,0.05,0.0125,2,3-4
3,False,0.999999331241082,1.0,-5.148190232112085,-0.7299002748083725,0.05,0.0125,3,4-5
