,reject,pvals,pvals_corrected,tstats,effectsize,alpha,alpha_corrected,step,dimension_step
0,True,5.433394824703085e-35,2.173357929881234e-34,18.941539263101706,2.6854941426201964,0.05,0.0125,0,1-2
1,True,5.875520253861809e-34,1.7626560761585428e-33,18.36691611355555,2.6040252038562683,0.05,0.0125,1,2-3
2,False,0.9998743260723134,1.0,-3.7984735350617047,-0.5385400989653069,0.05,0.0125,2,3-4
3,False,0.9999769772707362,1.0,-4.263340245365839,-0.6044479858735669,0.05,0.0125,3,4-5
