,reject,pvals,pvals_corrected,tstats,effectsize,alpha,alpha_corrected,step,dimension_step
0,True,8.255878487172401e-40,3.3023513948689604e-39,21.759823728172613,3.085064965141938,0.05,0.0125,0,1-2
1,True,2.7877504707106665e-25,8.363251412131999e-25,13.88853665994021,1.9690893824289843,0.05,0.0125,1,2-3
2,False,0.9999999989641764,1.0,-6.598001425781501,-0.9354516513054719,0.05,0.0125,2,3-4
3,False,0.9990228988278637,1.0,-3.18201349807809,-0.4511396086733771,0.05,0.0125,3,4-5
