,reject,pvals,pvals_corrected,tstats,effectsize,alpha,alpha_corrected,step,dimension_step
0,True,2.5131825270495468e-46,1.0052730108198187e-45,25.99607472295584,3.6856722904040784,0.05,0.0125,0,1-2
1,True,3.0342682258941523e-28,9.102804677682457e-28,15.356456230654633,2.1772081289698404,0.05,0.0125,1,2-3
2,False,0.99999999972162,1.0,-6.876681497209957,-0.9749623631378507,0.05,0.0125,2,3-4
3,False,0.9999999387108528,1.0,-5.70244276715871,-0.8084811079563736,0.05,0.0125,3,4-5
