,reject,pvals,pvals_corrected,tstats,effectsize,alpha,alpha_corrected,step,dimension_step
0,True,3.777426305938995e-29,1.510970522375598e-28,15.816318004826922,2.242406425887574,0.05,0.0125,0,1-2
1,True,3.616983563701052e-10,1.0850950691103156e-09,6.821451421882262,0.9671319518006936,0.05,0.0125,1,2-3
2,False,1.0,1.0,-10.112560412981788,-1.4337389046759248,0.05,0.0125,2,3-4
3,False,0.9256242259719414,1.0,-1.4552939902763042,-0.20632871660491528,0.05,0.0125,3,4-5
