,reject,pvals,pvals_corrected,tstats,effectsize,alpha,alpha_corrected,step,dimension_step
0,True,2.379560479050512e-63,9.518241916202048e-63,40.12619446183833,5.689012846111227,0.05,0.0125,0,1-2
1,True,9.514740670885078e-49,2.8544222012655237e-48,27.713809994317256,3.929209415119138,0.05,0.0125,1,2-3
2,False,0.9999998887625384,1.0,-5.566698266123802,-0.78923551986775,0.05,0.0125,2,3-4
3,False,0.9992908821625321,1.0,-3.283382912423739,-0.4655115646524976,0.05,0.0125,3,4-5
