,reject,pvals,pvals_corrected,tstats,effectsize,alpha,alpha_corrected,step,dimension_step
0,True,1.8023164679774676e-44,7.20926587190987e-44,24.734915136400392,3.5068675673263954,0.05,0.0125,0,1-2
1,True,9.900786807931471e-09,2.9702360423794412e-08,6.109073234242759,0.866132374962554,0.05,0.0125,1,2-3
2,False,0.9999999999999543,1.0,-8.658173735586319,-1.227538825104841,0.05,0.0125,2,3-4
3,False,0.9875306912699602,1.0,-2.276992411486944,-0.3228275009175526,0.05,0.0125,3,4-5
