,reject,pvals,pvals_corrected,tstats,effectsize,alpha,alpha_corrected,step,dimension_step
0,True,2.242299683192224e-23,8.969198732768896e-23,12.971504679304617,1.8390743937638545,0.05,0.0125,0,1-2
1,True,5.6153939638183246e-21,1.6846181891454975e-20,11.841028045175694,1.6787976423788096,0.05,0.0125,1,2-3
2,False,0.9999999999892787,1.0,-7.553365208278022,-1.0709012473667456,0.05,0.0125,2,3-4
3,False,0.9999999999019733,1.0,-7.095510222854488,-1.005987469006633,0.05,0.0125,3,4-5
