,reject,pvals,pvals_corrected,tstats,effectsize,alpha,alpha_corrected,step,dimension_step
0,True,4.831414330837031e-61,1.9325657323348125e-60,37.898055323380206,5.373111666056219,0.05,0.0125,0,1-2
1,True,3.253683159979654e-44,9.761049479938963e-44,24.564146249033644,3.4826562907033534,0.05,0.0125,1,2-3
2,False,0.9999999606231414,1.0,-5.802256024012564,-0.8226324349902345,0.05,0.0125,2,3-4
3,False,0.9999264852684179,1.0,-3.949019555773545,-0.5598842173709312,0.05,0.0125,3,4-5
