,reject,pvals,pvals_corrected,tstats,effectsize,alpha,alpha_corrected,step,dimension_step
0,True,4.0195435888095374e-17,1.607817435523815e-16,10.06134334027664,1.4264774489493692,0.05,0.0125,0,1-2
1,True,0.009093510399991001,0.027280531199973004,2.401650258623827,0.3405012450450889,0.05,0.0125,1,2-3
2,False,0.9999999745139415,1.0,-5.899671374912256,-0.8364437916391648,0.05,0.0125,2,3-4
3,False,0.9999920453219235,1.0,-4.539235968962015,-0.6435639383524028,0.05,0.0125,3,4-5
