{
  "data": {
    "name": "normal-3-60",
    "n_dimension": 3,
    "distance": "euclidean",
    "subject": null,
    "n_objects": 60,
    "n_train_triplets": 5895,
    "n_test_triplets": 10000,
    "frac_train_ndlogn": 7.998838276138094,
    "frac_train_triplets": 0.05742255990648743,
    "max_train_score": 0.8693808312128923,
    "max_test_score": 0.8731,
    "noise_sd": 0.5,
    "distance_sd": 1.037518372723513,
    "distance_mean": 2.3438326271142484,
    "difference_sd": 0.9038404440285652,
    "difference_mean": -0.14614321182233458
  },
  "n_repeats": 10,
  "n_splits": 10,
  "embedding_method": "soe",
  "embedding_dimension": [
    1,
    2,
    3,
    4,
    5
  ],
  "random_state": 526904521,
  "alpha": 0.05
}