{
  "data": {
    "name": "normal-3-60",
    "n_dimension": 3,
    "distance": "euclidean",
    "subject": null,
    "n_objects": 60,
    "n_train_triplets": 1473,
    "n_test_triplets": 10000,
    "frac_train_ndlogn": 1.9986919051317067,
    "frac_train_triplets": 0.01434833430742256,
    "max_train_score": 0.8730482009504412,
    "max_test_score": 0.8746,
    "noise_sd": 0.5,
    "distance_sd": 1.033790956246036,
    "distance_mean": 2.2445565408523005,
    "difference_sd": 0.9032280341639358,
    "difference_mean": -0.15590170211384033
  },
  "n_repeats": 10,
  "n_splits": 10,
  "embedding_method": "soe",
  "embedding_dimension": [
    1,
    2,
    3,
    4,
    5
  ],
  "random_state": 3483859141,
  "alpha": 0.05
}