,reject,pvals,pvals_corrected,tstats,effectsize,alpha,alpha_corrected,step,dimension_step
0,True,5.483830645734695e-19,2.193532258293878e-18,10.918488971833092,1.5480018689526256,0.05,0.0125,0,1-2
1,True,1.7491127197021996e-09,5.2473381591065985e-09,6.485761579209798,0.9195385068481962,0.05,0.0125,1,2-3
2,False,1.0,1.0,-10.986773117070786,-1.5576830606193912,0.05,0.0125,2,3-4
3,False,0.9999676928779626,1.0,-4.1731249670412245,-0.591657441338068,0.05,0.0125,3,4-5
