,reject,pvals,pvals_corrected,tstats,effectsize,alpha,alpha_corrected,step,dimension_step
0,True,1.4864104498227355e-07,5.945641799290942e-07,5.500126853172303,0.7797971560123129,0.05,0.0125,0,1-2
1,False,0.9991919076775243,1.0,-3.242326066847167,-0.45969060592370364,0.05,0.0125,1,2-3
2,False,0.9833785117035126,1.0,-2.1592940089675037,-0.3061404531453879,0.05,0.0125,2,3-4
3,False,0.9720160983058558,1.0,-1.9340066157738798,-0.2741996501080016,0.05,0.0125,3,4-5
