,reject,pvals,pvals_corrected,tstats,effectsize,alpha,alpha_corrected,step,dimension_step
0,True,3.516375835534108e-20,1.4065503342136432e-19,11.470279907391221,1.6262337013718047,0.05,0.0125,0,1-2
1,True,6.440934148163044e-08,1.9322802444489132e-07,5.691191249983621,0.8068858900044644,0.05,0.0125,1,2-3
2,False,0.9999998764724854,1.0,-5.542673988104712,-0.7858294050317384,0.05,0.0125,2,3-4
3,False,0.9999999990544585,1.0,-6.6174695684968725,-0.9382118062487226,0.05,0.0125,3,4-5
