,reject,pvals,pvals_corrected,tstats,effectsize,alpha,alpha_corrected,step,dimension_step
0,True,7.69129222164835e-63,3.07651688865934e-62,39.6245546761414,5.61789134497649,0.05,0.0125,0,1-2
1,True,1.5367537709963253e-40,4.610261312988976e-40,22.208732652683146,3.1487103885997545,0.05,0.0125,1,2-3
2,False,0.9994380526619744,1.0,-3.355638464763101,-0.4757558145988121,0.05,0.0125,2,3-4
3,False,0.9954965377309051,1.0,-2.66434791271869,-0.3777460012157814,0.05,0.0125,3,4-5
