{
  "data": {
    "name": "normal-3-60",
    "n_dimension": 3,
    "distance": "euclidean",
    "subject": null,
    "n_objects": 60,
    "n_train_triplets": 1473,
    "n_test_triplets": 10000,
    "frac_train_ndlogn": 1.9986919051317067,
    "frac_train_triplets": 0.01434833430742256,
    "max_train_score": 0.8710115410726409,
    "max_test_score": 0.8777,
    "noise_sd": 0.5,
    "distance_sd": 1.0381728294686141,
    "distance_mean": 2.3608684716219477,
    "difference_sd": 0.9236915436811833,
    "difference_mean": -0.1621977620480833
  },
  "n_repeats": 10,
  "n_splits": 10,
  "embedding_method": "soe",
  "embedding_dimension": [
    1,
    2,
    3,
    4,
    5
  ],
  "random_state": 3415664980,
  "alpha": 0.05
}