,reject,pvals,pvals_corrected,tstats,effectsize,alpha,alpha_corrected,step,dimension_step
0,True,2.634657424528483e-08,7.90397227358545e-08,5.892260462650584,0.8353930870900914,0.05,0.0125,0,1-2
1,True,1.0933204665727539e-12,4.3732818662910156e-12,8.018901585416382,1.1369040783202513,0.05,0.0125,1,2-3
2,False,0.9999939850179769,1.0,-4.610178298459053,-0.6536220021497444,0.05,0.0125,2,3-4
3,False,0.982915320215064,1.0,-2.147810206175246,-0.304512302196025,0.05,0.0125,3,4-5
