,reject,pvals,pvals_corrected,tstats,effectsize,alpha,alpha_corrected,step,dimension_step
0,True,2.6520853546043113e-07,1.0608341418417245e-06,5.365987542927295,0.7607791487134122,0.05,0.0125,0,1-2
1,False,0.9996904677966844,1.0,-3.5363186137702045,-0.5013722903828856,0.05,0.0125,1,2-3
2,False,0.9855535967457579,1.0,-2.21725806196006,-0.3143584824529251,0.05,0.0125,2,3-4
3,False,0.5674840625023676,1.0,-0.17041460176148962,-0.024161046707483542,0.05,0.0125,3,4-5
