,reject,pvals,pvals_corrected,tstats,effectsize,alpha,alpha_corrected,step,dimension_step
0,False,0.331579145706137,0.663158291412274,0.436868254451289,0.0619383209637595,0.05,0.0125,0,1-2
1,False,0.029339735875012665,0.11735894350005066,1.9126774203016488,0.2711756387691207,0.05,0.0125,1,2-3
2,False,0.8453468773923432,0.8453468773923432,-1.0219268713306682,-0.144886779739742,0.05,0.0125,2,3-4
3,False,0.14601307206083053,0.4380392161824916,1.0593324861373656,0.15019007415891183,0.05,0.0125,3,4-5
