,reject,pvals,pvals_corrected,tstats,effectsize,alpha,alpha_corrected,step,dimension_step
0,True,1.6858324787358766e-27,6.743329914943507e-27,14.982223570384335,2.1241501592254908,0.05,0.0125,0,1-2
1,True,4.984429643332063e-26,1.4953288929996188e-25,14.253774201406083,2.020872041939782,0.05,0.0125,1,2-3
2,False,0.9999999999998728,1.0,-8.453060160390626,-1.1984582262628585,0.05,0.0125,2,3-4
3,False,0.9999999999116731,1.0,-7.11724450090053,-1.0090689121552596,0.05,0.0125,3,4-5
