,reject,pvals,pvals_corrected,tstats,effectsize,alpha,alpha_corrected,step,dimension_step
0,True,1.55365158107508e-36,6.21460632430032e-36,19.818482355971156,2.809825407709077,0.05,0.0125,0,1-2
1,True,4.1229503514357006e-33,1.2368851054307103e-32,17.903943407688946,2.538385845168045,0.05,0.0125,1,2-3
2,False,0.9999998224847757,1.0,-5.459167496350384,-0.7739900190472074,0.05,0.0125,2,3-4
3,False,0.999999902425457,1.0,-5.596673087395776,-0.7934852910100976,0.05,0.0125,3,4-5
