,reject,pvals,pvals_corrected,tstats,effectsize,alpha,alpha_corrected,step,dimension_step
0,True,1.6795835560754623e-25,6.718334224301849e-25,13.99570065081291,1.984282882059136,0.05,0.0125,0,1-2
1,True,1.269209994256823e-13,3.807629982770469e-13,8.453448777718036,1.1985133236623877,0.05,0.0125,1,2-3
2,False,0.9974465832925451,1.0,-2.864053031409864,-0.4060597997432933,0.05,0.0125,2,3-4
3,False,0.9995719806617334,1.0,-3.4389033148450703,-0.4875609411028057,0.05,0.0125,3,4-5
