,reject,pvals,pvals_corrected,tstats,effectsize,alpha,alpha_corrected,step,dimension_step
0,True,3.4911128131427397e-35,1.0473338439428219e-34,19.049408515697763,2.700787632868892,0.05,0.0125,0,1-2
1,True,2.6488943805342947e-36,1.0595577522137179e-35,19.685355782027525,2.7909509841690037,0.05,0.0125,1,2-3
2,False,0.9999999999154812,1.0,-7.126431435572534,-1.0103714176648493,0.05,0.0125,2,3-4
3,False,0.9999780710391766,1.0,-4.276205865844856,-0.6062720482138899,0.05,0.0125,3,4-5
