{
  "data": {
    "name": "normal-3-60",
    "n_dimension": 3,
    "distance": "euclidean",
    "subject": null,
    "n_objects": 60,
    "n_train_triplets": 5895,
    "n_test_triplets": 10000,
    "frac_train_ndlogn": 7.998838276138094,
    "frac_train_triplets": 0.05742255990648743,
    "max_train_score": 0.6763358778625954,
    "max_test_score": 0.6699,
    "noise_sd": 2.0,
    "distance_sd": 1.039452572011361,
    "distance_mean": 2.3938610342988422,
    "difference_sd": 0.9312675299097923,
    "difference_mean": -0.07517271918142882
  },
  "n_repeats": 10,
  "n_splits": 10,
  "embedding_method": "soe",
  "embedding_dimension": [
    1,
    2,
    3,
    4,
    5
  ],
  "random_state": 1428508207,
  "alpha": 0.05
}