,reject,pvals,pvals_corrected,tstats,effectsize,alpha,alpha_corrected,step,dimension_step
0,True,1.822086039707636e-30,7.288344158830544e-30,16.4961823268658,2.3387962508775884,0.05,0.0125,0,1-2
1,True,2.7621893432743575e-07,8.286568029823073e-07,5.3565022983603034,0.7594343494142551,0.05,0.0125,1,2-3
2,False,0.9999999999940002,1.0,-7.672312006932961,-1.0877652902850272,0.05,0.0125,2,3-4
3,False,0.9710798647910368,1.0,-1.9191878239890476,-0.27209867098554996,0.05,0.0125,3,4-5
