,reject,pvals,pvals_corrected,tstats,effectsize,alpha,alpha_corrected,step,dimension_step
0,True,3.0693300778343884e-15,9.207990233503166e-15,9.198078881403218,1.3040855136565062,0.05,0.0125,0,1-2
1,True,1.004700289278878e-16,4.018801157115512e-16,9.878961804970949,1.400619753965751,0.05,0.0125,1,2-3
2,False,0.9999999999952467,1.0,-7.719908828641838,-1.094513473953264,0.05,0.0125,2,3-4
3,False,0.9999999996824508,1.0,-6.848929373895934,-0.9710277217356988,0.05,0.0125,3,4-5
