,reject,pvals,pvals_corrected,tstats,effectsize,alpha,alpha_corrected,step,dimension_step
0,True,5.7125912656021424e-33,2.285036506240857e-32,17.82707625338027,2.5274877713743304,0.05,0.0125,0,1-2
1,True,9.596563104471029e-16,2.8789689313413086e-15,9.42973124288733,1.3369287293660963,0.05,0.0125,1,2-3
2,False,0.9999999988178456,1.0,-6.569756280527517,-0.9314471102233862,0.05,0.0125,2,3-4
3,False,0.9999020967592733,1.0,-3.8690459176742364,-0.5485457124217537,0.05,0.0125,3,4-5
