,reject,pvals,pvals_corrected,tstats,effectsize,alpha,alpha_corrected,step,dimension_step
0,True,1.640865462272446e-37,6.563461849089784e-37,20.38538510807371,2.8901997637241847,0.05,0.0125,0,1-2
1,True,1.0225388055143818e-10,3.0676164165431454e-10,7.086698104585596,1.0047381042286985,0.05,0.0125,1,2-3
2,False,0.9999999999999978,1.0,-9.25686653117714,-1.3124203108941213,0.05,0.0125,2,3-4
3,False,0.9998870024799343,1.0,-3.828624148645171,-0.5428147935954594,0.05,0.0125,3,4-5
