,reject,pvals,pvals_corrected,tstats,effectsize,alpha,alpha_corrected,step,dimension_step
0,True,2.208203986869466e-30,8.832815947477864e-30,16.452688629867378,2.3326298001521346,0.05,0.0125,0,1-2
1,True,5.536366506469296e-23,1.6609099519407888e-22,12.784837715971728,1.8126091192321432,0.05,0.0125,1,2-3
2,False,1.0,1.0,-12.78713628092341,-1.8129350052453352,0.05,0.0125,2,3-4
3,False,0.9979114921285266,1.0,-2.9325182475539586,-0.4157666632866569,0.05,0.0125,3,4-5
