,reject,pvals,pvals_corrected,tstats,effectsize,alpha,alpha_corrected,step,dimension_step
0,True,1.7476338846135316e-44,6.990535538454127e-44,24.74384544371032,3.508133688713865,0.05,0.0125,0,1-2
1,True,1.4940509030047747e-27,4.4821527090143246e-27,15.008456439506427,2.1278694037595787,0.05,0.0125,1,2-3
2,False,0.9999999606287513,1.0,-5.802288043998251,-0.8226369747207609,0.05,0.0125,2,3-4
3,False,0.9999974661993303,1.0,-4.825818291160708,-0.6841950157401999,0.05,0.0125,3,4-5
