{
  "data": {
    "name": "normal-3-60",
    "n_dimension": 3,
    "distance": "euclidean",
    "subject": null,
    "n_objects": 60,
    "n_train_triplets": 2947,
    "n_test_triplets": 10000,
    "frac_train_ndlogn": 3.998740695467169,
    "frac_train_triplets": 0.028706409507110852,
    "max_train_score": 0.6895147607736681,
    "max_test_score": 0.6669,
    "noise_sd": 2.0,
    "distance_sd": 1.0342877946305642,
    "distance_mean": 2.2580205088787237,
    "difference_sd": 0.9130629267349546,
    "difference_mean": -0.10268310819536325
  },
  "n_repeats": 10,
  "n_splits": 10,
  "embedding_method": "soe",
  "embedding_dimension": [
    1,
    2,
    3,
    4,
    5
  ],
  "random_state": 77502463,
  "alpha": 0.05
}