{
  "data": {
    "name": "normal-3-60",
    "n_dimension": 3,
    "distance": "euclidean",
    "subject": null,
    "n_objects": 60,
    "n_train_triplets": 1473,
    "n_test_triplets": 10000,
    "frac_train_ndlogn": 1.9986919051317067,
    "frac_train_triplets": 0.01434833430742256,
    "max_train_score": 0.7936184657162254,
    "max_test_score": 0.7836,
    "noise_sd": 1.0,
    "distance_sd": 1.0360578868571764,
    "distance_mean": 2.3054010678300276,
    "difference_sd": 0.9460116852744961,
    "difference_mean": -0.10505754104857468
  },
  "n_repeats": 10,
  "n_splits": 10,
  "embedding_method": "soe",
  "embedding_dimension": [
    1,
    2,
    3,
    4,
    5
  ],
  "random_state": 3637283516,
  "alpha": 0.05
}