,reject,pvals,pvals_corrected,tstats,effectsize,alpha,alpha_corrected,step,dimension_step
0,True,7.946473826882526e-14,2.3839421480647577e-13,8.547496109641271,1.2118471692121475,0.05,0.0125,0,1-2
1,True,1.9396465309906998e-14,7.758586123962799e-14,8.830001198430926,1.251900184474899,0.05,0.0125,1,2-3
2,False,0.9999999999999868,1.0,-8.907699933265837,-1.26291615811832,0.05,0.0125,2,3-4
3,False,0.9999984686543689,1.0,-4.949001791658645,-0.7016597299041158,0.05,0.0125,3,4-5
