,reject,pvals,pvals_corrected,tstats,effectsize,alpha,alpha_corrected,step,dimension_step
0,True,7.928721081916893e-46,3.171488432766757e-45,25.65238734451372,3.636944970576552,0.05,0.0125,0,1-2
1,True,2.0536300226239083e-32,6.160890067871725e-32,17.527161593361622,2.4849664613805347,0.05,0.0125,1,2-3
2,False,0.999999999852318,1.0,-7.009834741741056,-0.9938405679813035,0.05,0.0125,2,3-4
3,False,0.9999999999999792,1.0,-8.816372540765514,-1.2499679402246369,0.05,0.0125,3,4-5
