,reject,pvals,pvals_corrected,tstats,effectsize,alpha,alpha_corrected,step,dimension_step
0,True,6.316877915430175e-33,2.52675116617207e-32,17.803410144177242,2.5241324370078595,0.05,0.0125,0,1-2
1,True,2.5302379773956997e-23,7.590713932187099e-23,12.946512265976901,1.835531018609953,0.05,0.0125,1,2-3
2,False,0.9999999999999745,1.0,-8.77508178616698,-1.2441138183352538,0.05,0.0125,2,3-4
3,False,0.9999998311066747,1.0,-5.4706700287595185,-0.7756208254447743,0.05,0.0125,3,4-5
