,reject,pvals,pvals_corrected,tstats,effectsize,alpha,alpha_corrected,step,dimension_step
0,True,7.615375709830934e-15,3.0461502839323736e-14,9.016798637814054,1.2783839576441178,0.05,0.0125,0,1-2
1,True,1.4898372377135933e-13,4.46951171314078e-13,8.42122638495973,1.1939448962599641,0.05,0.0125,1,2-3
2,False,0.9999999935122446,1.0,-6.201737132081833,-0.8792700799517125,0.05,0.0125,2,3-4
3,False,0.9999840933468566,1.0,-4.360498999071178,-0.6182229626774974,0.05,0.0125,3,4-5
