,reject,pvals,pvals_corrected,tstats,effectsize,alpha,alpha_corrected,step,dimension_step
0,True,1.8684263935199731e-57,7.473705574079893e-57,34.64769976261843,4.912282654294617,0.05,0.0125,0,1-2
1,True,6.31296477472767e-23,1.8938894324183011e-22,12.757786308188688,1.8087738238983315,0.05,0.0125,1,2-3
2,False,0.9999999981029909,1.0,-6.468310158978126,-0.9170642788479484,0.05,0.0125,2,3-4
3,False,0.9997675043172978,1.0,-3.6208898611745135,-0.5133626353270675,0.05,0.0125,3,4-5
