,reject,pvals,pvals_corrected,tstats,effectsize,alpha,alpha_corrected,step,dimension_step
0,True,2.2536315751299735e-15,9.014526300519894e-15,9.25965566729154,1.3128157491208752,0.05,0.0125,0,1-2
1,True,1.6445299294883058e-08,4.9335897884649174e-08,5.997074655054656,0.8502534369198925,0.05,0.0125,1,2-3
2,False,0.9999999999999917,1.0,-9.000491584797947,-1.2760719757745418,0.05,0.0125,2,3-4
3,False,0.9999952481054177,1.0,-4.669523684700252,-0.6620358741655593,0.05,0.0125,3,4-5
