,reject,pvals,pvals_corrected,tstats,effectsize,alpha,alpha_corrected,step,dimension_step
0,True,1.4128111657395137e-16,5.651244662958055e-16,9.81110925085095,1.39099975243789,0.05,0.0125,0,1-2
1,True,0.004984111694295643,0.014952335082886929,2.6275656183043323,0.3725310799345785,0.05,0.0125,1,2-3
2,False,0.9999999999928652,1.0,-7.636854106128648,-1.0827381389222506,0.05,0.0125,2,3-4
3,False,0.9310750157284108,1.0,-1.4959417947307294,-0.21209168228877465,0.05,0.0125,3,4-5
