,reject,pvals,pvals_corrected,tstats,effectsize,alpha,alpha_corrected,step,dimension_step
0,True,5.6207535330935635e-09,2.2483014132374254e-08,6.233059483318009,0.8837109012392252,0.05,0.0125,0,1-2
1,False,0.06728122456848856,0.2018436737054657,1.5086916362316158,0.21389932971353623,0.05,0.0125,1,2-3
2,False,0.99999864038334,1.0,-4.977856529746122,-0.7057506978579033,0.05,0.0125,2,3-4
3,False,0.917035372076946,1.0,-1.3956935169522013,-0.1978786788447285,0.05,0.0125,3,4-5
