,reject,pvals,pvals_corrected,tstats,effectsize,alpha,alpha_corrected,step,dimension_step
0,True,1.4145935398424746e-09,5.6583741593698986e-09,6.531318868417578,0.9259975296140742,0.05,0.0125,0,1-2
1,False,0.21915918774470977,0.6574775632341293,0.7781806907589056,0.11032892617149274,0.05,0.0125,1,2-3
2,False,0.9892994124436721,1.0,-2.337963098906472,-0.3314718049343665,0.05,0.0125,2,3-4
3,False,0.9606271939127339,1.0,-1.7763597574066705,-0.2518487889204779,0.05,0.0125,3,4-5
