,reject,pvals,pvals_corrected,tstats,effectsize,alpha,alpha_corrected,step,dimension_step
0,True,1.2753646630423113e-24,5.101458652169245e-24,13.568557954680674,1.923723431605146,0.05,0.0125,0,1-2
1,True,2.999375948849166e-09,8.998127846547498e-09,6.369487135503739,0.9030533451529523,0.05,0.0125,1,2-3
2,False,0.999971172732503,1.0,-4.2036023020141124,-0.5959784578835291,0.05,0.0125,2,3-4
3,False,0.999920869195848,1.0,-3.928568179163902,-0.5569846614620456,0.05,0.0125,3,4-5
