,reject,pvals,pvals_corrected,tstats,effectsize,alpha,alpha_corrected,step,dimension_step
0,True,1.9880584546697538e-14,7.952233818679015e-14,8.825070860616453,1.2512011708869324,0.05,0.0125,0,1-2
1,True,1.8403659646307415e-08,5.521097893892225e-08,5.972124031669675,0.8467159866617915,0.05,0.0125,1,2-3
2,False,0.9999966391531202,1.0,-4.7559630257551175,-0.6742910737494172,0.05,0.0125,2,3-4
3,False,0.9537428143118041,1.0,-1.6987108747224615,-0.24083988321682923,0.05,0.0125,3,4-5
