,reject,pvals,pvals_corrected,tstats,effectsize,alpha,alpha_corrected,step,dimension_step
0,True,1.2777814679256845e-44,5.111125871702738e-44,24.83474147675356,3.521020749313029,0.05,0.0125,0,1-2
1,True,3.2382670544129353e-38,9.714801163238806e-38,20.800782087712815,2.949093929619986,0.05,0.0125,1,2-3
2,False,0.9999766019110982,1.0,-4.25906032361871,-0.6038411869950207,0.05,0.0125,2,3-4
3,False,0.9999999653995808,1.0,-5.831285652962182,-0.8267481986261129,0.05,0.0125,3,4-5
