,reject,pvals,pvals_corrected,tstats,effectsize,alpha,alpha_corrected,step,dimension_step
0,True,9.99284698256865e-44,3.99713879302746e-43,24.242106371485622,3.436998110930707,0.05,0.0125,0,1-2
1,True,1.1005367863246795e-22,3.3016103589740383e-22,12.643413044853336,1.792558207812802,0.05,0.0125,1,2-3
2,False,0.9997479917908609,1.0,-3.5972069912466433,-0.5100049246580288,0.05,0.0125,2,3-4
3,False,0.898019861005271,1.0,-1.278790829855241,-0.18130444603847454,0.05,0.0125,3,4-5
