,reject,pvals,pvals_corrected,tstats,effectsize,alpha,alpha_corrected,step,dimension_step
0,True,3.6325764365140087e-35,1.4530305746056035e-34,19.03970765849737,2.699412264435092,0.05,0.0125,0,1-2
1,True,1.3505383797922601e-33,4.0516151393767804e-33,18.168358924258094,2.575874156498033,0.05,0.0125,1,2-3
2,False,0.9733140703116776,1.0,-1.9552605322406496,-0.2772129885377055,0.05,0.0125,2,3-4
3,False,0.9999453475968917,1.0,-4.030724870477406,-0.5714682360195945,0.05,0.0125,3,4-5
