,reject,pvals,pvals_corrected,tstats,effectsize,alpha,alpha_corrected,step,dimension_step
0,True,8.257627006878991e-25,3.3030508027515966e-24,13.659784747636664,1.9366573866935044,0.05,0.0125,0,1-2
1,True,3.0802030208534015e-06,9.240609062560204e-06,4.7775870618562095,0.6773568870121446,0.05,0.0125,1,2-3
2,False,0.9973102973236423,1.0,-2.8461560842712776,-0.4035224058153837,0.05,0.0125,2,3-4
3,False,0.999713832779809,1.0,-3.559642821282702,-0.5046791506008451,0.05,0.0125,3,4-5
