,reject,pvals,pvals_corrected,tstats,effectsize,alpha,alpha_corrected,step,dimension_step
0,True,1.1375053961902914e-39,4.5500215847611654e-39,21.67493517031409,3.073029632546312,0.05,0.0125,0,1-2
1,True,8.008938009240001e-33,2.4026814027720004e-32,17.747617205382316,2.5162222239965435,0.05,0.0125,1,2-3
2,False,0.9999968022397173,1.0,-4.7683052517590445,-0.6760409302515763,0.05,0.0125,2,3-4
3,False,0.9999372172812635,1.0,-3.992636929984597,-0.5660682028080827,0.05,0.0125,3,4-5
