,reject,pvals,pvals_corrected,tstats,effectsize,alpha,alpha_corrected,step,dimension_step
0,True,8.435624342166171e-51,3.3742497368664683e-50,29.236950191818966,4.1451572334016955,0.05,0.0125,0,1-2
1,True,1.7157235280849047e-32,5.147170584254714e-32,17.569139090927532,2.4909179483357,0.05,0.0125,1,2-3
2,False,0.9999118185409763,1.0,-3.898360088223327,-0.5527018178053698,0.05,0.0125,2,3-4
3,False,0.9980178170415547,1.0,-2.9501384538186683,-0.41826482143834504,0.05,0.0125,3,4-5
