,reject,pvals,pvals_corrected,tstats,effectsize,alpha,alpha_corrected,step,dimension_step
0,True,6.634633318558638e-51,2.653853327423455e-50,29.31608382923225,4.156376644707491,0.05,0.0125,0,1-2
1,True,1.670495065001874e-42,5.011485195005622e-42,23.447035925691022,3.3242745885445864,0.05,0.0125,1,2-3
2,False,0.9988568619695506,0.9988568619695506,-3.1315816587312266,-0.44398948178630876,0.05,0.0125,2,3-4
3,False,0.3950870197417123,0.7901740394834246,0.2668052904636244,0.03782712876750729,0.05,0.0125,3,4-5
