,reject,pvals,pvals_corrected,tstats,effectsize,alpha,alpha_corrected,step,dimension_step
0,True,2.879931011293337e-36,1.1519724045173347e-35,19.664538789467436,2.787999591950527,0.05,0.0125,0,1-2
1,True,4.2745371832533757e-35,1.2823611549760127e-34,18.99999436958826,2.6937817925252747,0.05,0.0125,1,2-3
2,False,0.9999999995923942,1.0,-6.796198013069727,-0.9635515732208298,0.05,0.0125,2,3-4
3,False,0.9999374725243502,1.0,-3.9937589583304964,-0.5662272817777965,0.05,0.0125,3,4-5
