,reject,pvals,pvals_corrected,tstats,effectsize,alpha,alpha_corrected,step,dimension_step
0,True,1.0270570108329394e-60,4.1082280433317576e-60,37.5907652258642,5.329544681055587,0.05,0.0125,0,1-2
1,True,2.626552089891883e-46,7.87965626967565e-46,25.982813301723546,3.68379211221225,0.05,0.0125,1,2-3
2,False,0.9999857632048591,1.0,-4.389391356580549,-0.622319264238852,0.05,0.0125,2,3-4
3,False,0.9999999962362853,1.0,-6.320307814749024,-0.896080797885788,0.05,0.0125,3,4-5
