,reject,pvals,pvals_corrected,tstats,effectsize,alpha,alpha_corrected,step,dimension_step
0,True,5.129381067757706e-35,1.5388143203273117e-34,18.955560511804542,2.6874820476547696,0.05,0.0125,0,1-2
1,True,1.7361269436607685e-41,6.944507774643074e-41,22.80016756822599,3.232562866445913,0.05,0.0125,1,2-3
2,False,0.9999550625377268,1.0,-4.084098576948733,-0.5790354550353108,0.05,0.0125,2,3-4
3,False,0.999996857236287,1.0,-4.772605545398447,-0.6766506174168986,0.05,0.0125,3,4-5
