,reject,pvals,pvals_corrected,tstats,effectsize,alpha,alpha_corrected,step,dimension_step
0,True,2.0870493826472317e-40,8.348197530588927e-40,22.126552638508176,3.137059067994716,0.05,0.0125,0,1-2
1,True,1.2332353687598194e-35,3.699706106279458e-35,19.30456075689421,2.736962615255053,0.05,0.0125,1,2-3
2,False,0.9996503428693152,1.0,-3.49989294870073,-0.49620793130803065,0.05,0.0125,2,3-4
3,False,0.9999999996503296,1.0,-6.828593456406114,-0.9681445353934937,0.05,0.0125,3,4-5
