,reject,pvals,pvals_corrected,tstats,effectsize,alpha,alpha_corrected,step,dimension_step
0,True,7.294928780224342e-46,2.9179715120897366e-45,25.677194619333534,3.640462097157324,0.05,0.0125,0,1-2
1,True,3.7032240735784584e-31,1.1109672220735376e-30,16.85887041701931,2.390217454200948,0.05,0.0125,1,2-3
2,False,0.9999999999981221,1.0,-7.909105579107945,-1.1213374167238108,0.05,0.0125,2,3-4
3,False,0.9999999999995041,1.0,-8.178869260502303,-1.159583980332685,0.05,0.0125,3,4-5
