,reject,pvals,pvals_corrected,tstats,effectsize,alpha,alpha_corrected,step,dimension_step
0,True,1.154127265395268e-07,4.616509061581072e-07,5.558256679785447,0.7880386883773844,0.05,0.0125,0,1-2
1,False,0.9964384384075324,1.0,-2.7481453732193684,-0.3896266401762799,0.05,0.0125,1,2-3
2,False,0.8967198319286184,1.0,-1.271414076828556,-0.1802585845184813,0.05,0.0125,2,3-4
3,False,0.7887176201875084,1.0,-0.8053204519594772,-0.1141767480788825,0.05,0.0125,3,4-5
