,reject,pvals,pvals_corrected,tstats,effectsize,alpha,alpha_corrected,step,dimension_step
0,True,1.93441772189276e-54,7.73767088757104e-54,32.10224067600348,4.551392476762952,0.05,0.0125,0,1-2
1,True,4.831100927898945e-48,1.4493302783696835e-47,27.204636374520167,3.8570197818190883,0.05,0.0125,1,2-3
2,False,0.9994333636537591,1.0,-3.353075317245022,-0.4753924165902943,0.05,0.0125,2,3-4
3,False,0.9808293086126828,1.0,-2.0992173608701314,-0.29762290426339016,0.05,0.0125,3,4-5
