,reject,pvals,pvals_corrected,tstats,effectsize,alpha,alpha_corrected,step,dimension_step
0,True,3.0774523097075947e-22,9.232356929122785e-22,12.432465500340678,1.7626504802875949,0.05,0.0125,0,1-2
1,True,3.1658277364019643e-27,1.2663310945607857e-26,14.845637332559887,2.1047852313521465,0.05,0.0125,1,2-3
2,False,0.999999999978059,1.0,-7.406015416743174,-1.050010284040762,0.05,0.0125,2,3-4
3,False,0.9968406186932118,1.0,-2.790263099175732,-0.39559800843654747,0.05,0.0125,3,4-5
