,reject,pvals,pvals_corrected,tstats,effectsize,alpha,alpha_corrected,step,dimension_step
0,True,1.2281515831397819e-20,4.9126063325591277e-20,11.682622807291645,1.656339259636566,0.05,0.0125,0,1-2
1,True,5.940319008108252e-08,1.7820957024324757e-07,5.70951964482136,0.8094844537376802,0.05,0.0125,1,2-3
2,False,0.9991205473655607,1.0,-3.215545980647144,-0.4558937780297255,0.05,0.0125,2,3-4
3,False,0.9999999987733671,1.0,-6.561853956761817,-0.9303267343188146,0.05,0.0125,3,4-5
