,reject,pvals,pvals_corrected,tstats,effectsize,alpha,alpha_corrected,step,dimension_step
0,True,1.1717666047824192e-05,4.687066419129677e-05,4.439850951346742,0.6294733262346252,0.05,0.0125,0,1-2
1,False,0.9334064525622198,1.0,-1.5140981892268826,-0.21466586015221278,0.05,0.0125,1,2-3
2,False,0.22479528090570355,0.6743858427171107,0.759109751330229,0.10762508592817405,0.05,0.0125,2,3-4
3,False,0.8775085273850753,1.0,-1.1695681238641953,-0.16581906583225942,0.05,0.0125,3,4-5
