,reject,pvals,pvals_corrected,tstats,effectsize,alpha,alpha_corrected,step,dimension_step
0,True,1.2257881545910348e-60,4.903152618364139e-60,37.51900440556269,5.319370573243519,0.05,0.0125,0,1-2
1,True,1.1691578217476833e-53,3.50747346524305e-53,31.468650261313222,4.46156327524787,0.05,0.0125,1,2-3
2,False,0.9999999999430709,1.0,-7.208659291585667,-1.0220295211915067,0.05,0.0125,2,3-4
3,False,0.999999927846105,1.0,-5.665425583170634,-0.8032328844938843,0.05,0.0125,3,4-5
