,reject,pvals,pvals_corrected,tstats,effectsize,alpha,alpha_corrected,step,dimension_step
0,True,1.0213070697876888e-44,4.0852282791507554e-44,24.899924006224087,3.530262200003114,0.05,0.0125,0,1-2
1,True,3.7869455056362616e-30,1.1360836516908784e-29,16.33091703537896,2.315365263242339,0.05,0.0125,1,2-3
2,False,0.9999979069364562,1.0,-4.872761625561301,-0.6908505492645229,0.05,0.0125,2,3-4
3,False,0.9996526842486426,1.0,-3.501907270888909,-0.49649351794186053,0.05,0.0125,3,4-5
