,reject,pvals,pvals_corrected,tstats,effectsize,alpha,alpha_corrected,step,dimension_step
0,True,1.9801041286208326e-25,7.9204165144833305e-25,13.960856957246236,1.9793428117891958,0.05,0.0125,0,1-2
1,True,1.5982769744495534e-22,4.79483092334866e-22,12.566770679038795,1.781692004089198,0.05,0.0125,1,2-3
2,False,0.9999999999999595,1.0,-8.682570431691813,-1.2309977406438868,0.05,0.0125,2,3-4
3,False,0.999859300988175,1.0,-3.7662803078181244,-0.5339758065921368,0.05,0.0125,3,4-5
