{
  "data": {
    "name": "normal-3-60",
    "n_dimension": 3,
    "distance": "euclidean",
    "subject": null,
    "n_objects": 60,
    "n_train_triplets": 2947,
    "n_test_triplets": 10000,
    "frac_train_ndlogn": 3.998740695467169,
    "frac_train_triplets": 0.028706409507110852,
    "max_train_score": 0.7668815744825246,
    "max_test_score": 0.7691,
    "noise_sd": 1.0,
    "distance_sd": 1.0293769230953829,
    "distance_mean": 2.121491803333462,
    "difference_sd": 0.9009861318351498,
    "difference_mean": -0.1343679883120698
  },
  "n_repeats": 10,
  "n_splits": 10,
  "embedding_method": "soe",
  "embedding_dimension": [
    1,
    2,
    3,
    4,
    5
  ],
  "random_state": 1032735173,
  "alpha": 0.05
}