,reject,pvals,pvals_corrected,tstats,effectsize,alpha,alpha_corrected,step,dimension_step
0,True,0.0022570346866471105,0.009028138746588442,2.906214274518327,0.41203733777970436,0.05,0.0125,0,1-2
1,True,0.004010056560964662,0.012030169682893988,2.706012361408974,0.3836531047177243,0.05,0.0125,1,2-3
2,False,0.9912604807414948,1.0,-2.4170132391429795,-0.3426793781748363,0.05,0.0125,2,3-4
3,False,0.5182785457966442,1.0,-0.045949692257543966,-0.006514656897669063,0.05,0.0125,3,4-5
