,reject,pvals,pvals_corrected,tstats,effectsize,alpha,alpha_corrected,step,dimension_step
0,True,7.352942071964212e-58,2.941176828785685e-57,35.00224239755486,4.962549011014931,0.05,0.0125,0,1-2
1,True,1.5404957252487778e-39,4.621487175746333e-39,21.594810723435746,3.0616697462253706,0.05,0.0125,1,2-3
2,False,0.9999915979939409,1.0,-4.525275169704316,-0.6415846037211418,0.05,0.0125,2,3-4
3,False,0.9999999991733787,1.0,-6.646127560951572,-0.9422748799940686,0.05,0.0125,3,4-5
