,reject,pvals,pvals_corrected,tstats,effectsize,alpha,alpha_corrected,step,dimension_step
0,True,8.975262170996632e-11,3.590104868398653e-10,7.113905518599402,1.0085955178187465,0.05,0.0125,0,1-2
1,False,0.9999999999832717,1.0,-7.461913796220687,-1.0579354462244523,0.05,0.0125,1,2-3
2,False,0.9725213490550876,1.0,-1.942178704663476,-0.27535827278069713,0.05,0.0125,2,3-4
3,False,0.9017779135129437,1.0,-1.300513900883371,-0.18438430027816702,0.05,0.0125,3,4-5
