,reject,pvals,pvals_corrected,tstats,effectsize,alpha,alpha_corrected,step,dimension_step
0,True,3.3117903187081456e-57,1.3247161274832582e-56,34.43160612512277,4.881645323838451,0.05,0.0125,0,1-2
1,True,4.448130364622358e-54,1.3344391093867072e-53,31.807696758580185,4.509632620079839,0.05,0.0125,1,2-3
2,False,0.9999956856850023,1.0,-4.693723176641624,-0.6654668304864924,0.05,0.0125,2,3-4
3,False,0.9999999756577435,1.0,-5.909912505493128,-0.8378957589691016,0.05,0.0125,3,4-5
