{
  "data": {
    "name": "normal-3-60",
    "n_dimension": 3,
    "distance": "euclidean",
    "subject": null,
    "n_objects": 60,
    "n_train_triplets": 1473,
    "n_test_triplets": 10000,
    "frac_train_ndlogn": 1.9986919051317067,
    "frac_train_triplets": 0.01434833430742256,
    "max_train_score": 0.7990495587236931,
    "max_test_score": 0.7716,
    "noise_sd": 1.0,
    "distance_sd": 1.0332229699885542,
    "distance_mean": 2.229072894801669,
    "difference_sd": 0.9068518697481344,
    "difference_mean": -0.12390175822528696
  },
  "n_repeats": 10,
  "n_splits": 10,
  "embedding_method": "soe",
  "embedding_dimension": [
    1,
    2,
    3,
    4,
    5
  ],
  "random_state": 3995422362,
  "alpha": 0.05
}