{
  "data": {
    "name": "normal-3-60",
    "n_dimension": 3,
    "distance": "euclidean",
    "subject": null,
    "n_objects": 60,
    "n_train_triplets": 2947,
    "n_test_triplets": 10000,
    "frac_train_ndlogn": 3.998740695467169,
    "frac_train_triplets": 0.028706409507110852,
    "max_train_score": 0.6779776043434,
    "max_test_score": 0.6758,
    "noise_sd": 2.0,
    "distance_sd": 1.0403761481021987,
    "distance_mean": 2.4174165086288832,
    "difference_sd": 0.9389075237778034,
    "difference_mean": -0.09457875918859793
  },
  "n_repeats": 10,
  "n_splits": 10,
  "embedding_method": "soe",
  "embedding_dimension": [
    1,
    2,
    3,
    4,
    5
  ],
  "random_state": 307985446,
  "alpha": 0.05
}