,reject,pvals,pvals_corrected,tstats,effectsize,alpha,alpha_corrected,step,dimension_step
0,True,1.4891564071051265e-62,5.956625628420506e-62,39.3444863554946,5.578183809903266,0.05,0.0125,0,1-2
1,True,3.576881747269765e-51,1.0730645241809294e-50,29.520438814172223,4.18534969211661,0.05,0.0125,1,2-3
2,False,0.9999999115591311,1.0,-5.619104052868637,-0.7966655091303866,0.05,0.0125,2,3-4
3,False,0.9999999382091584,1.0,-5.700596212562322,-0.8082193070813894,0.05,0.0125,3,4-5
