{
  "data": {
    "name": "normal-3-60",
    "n_dimension": 3,
    "distance": "euclidean",
    "subject": null,
    "n_objects": 60,
    "n_train_triplets": 2947,
    "n_test_triplets": 10000,
    "frac_train_ndlogn": 3.998740695467169,
    "frac_train_triplets": 0.028706409507110852,
    "max_train_score": 0.6932473702069901,
    "max_test_score": 0.6806,
    "noise_sd": 2.0,
    "distance_sd": 1.039629199421017,
    "distance_mean": 2.398382121008169,
    "difference_sd": 0.9464654763376105,
    "difference_mean": -0.07874955949370269
  },
  "n_repeats": 10,
  "n_splits": 10,
  "embedding_method": "soe",
  "embedding_dimension": [
    1,
    2,
    3,
    4,
    5
  ],
  "random_state": 2601343728,
  "alpha": 0.05
}