,reject,pvals,pvals_corrected,tstats,effectsize,alpha,alpha_corrected,step,dimension_step
0,True,4.46677897545511e-28,1.340033692636533e-27,15.271739030878768,2.1651970911857856,0.05,0.0125,0,1-2
1,True,1.3217451986549688e-32,5.286980794619875e-32,17.630148391795696,2.4995677268912355,0.05,0.0125,1,2-3
2,False,0.9999947269879172,1.0,-4.643377652814937,-0.6583289412439275,0.05,0.0125,2,3-4
3,False,0.9999997515500829,1.0,-5.381191412699562,-0.7629347234347402,0.05,0.0125,3,4-5
