,reject,pvals,pvals_corrected,tstats,effectsize,alpha,alpha_corrected,step,dimension_step
0,True,5.624987262707595e-26,2.249994905083038e-25,14.228016824659345,2.0172202117784725,0.05,0.0125,0,1-2
1,True,2.1788569710168176e-07,6.536570913050452e-07,5.411703646946139,0.7672606879305115,0.05,0.0125,1,2-3
2,False,0.9998891358105471,1.0,-3.83401294788901,-0.5435788069422139,0.05,0.0125,2,3-4
3,False,0.9973883901103513,1.0,-2.856306504198277,-0.4049615123674152,0.05,0.0125,3,4-5
