,reject,pvals,pvals_corrected,tstats,effectsize,alpha,alpha_corrected,step,dimension_step
0,True,5.81071755687771e-53,2.324287022751084e-52,30.912641919658462,4.382733507295985,0.05,0.0125,0,1-2
1,True,8.072209408828886e-46,2.4216628226486658e-45,25.64704915985076,3.6361881332654193,0.05,0.0125,1,2-3
2,False,0.9999999999999801,1.0,-8.825062366570833,-1.2511999666178686,0.05,0.0125,2,3-4
3,False,0.9999999803580137,1.0,-5.957662720000338,-0.84466569036627,0.05,0.0125,3,4-5
