,reject,pvals,pvals_corrected,tstats,effectsize,alpha,alpha_corrected,step,dimension_step
0,True,1.176991172023553e-17,4.707964688094212e-17,10.306022358047004,1.4611675583389678,0.05,0.0125,0,1-2
1,True,1.2189442176185556e-11,3.656832652855667e-11,7.52701049398569,1.067164727864323,0.05,0.0125,1,2-3
2,False,0.9999999440363335,1.0,-5.723013841615865,-0.8113976343904057,0.05,0.0125,2,3-4
3,False,0.826715689810232,1.0,-0.9457698910200745,-0.1340893930172096,0.05,0.0125,3,4-5
