,reject,pvals,pvals_corrected,tstats,effectsize,alpha,alpha_corrected,step,dimension_step
0,True,1.9228118954362595e-20,7.691247581745038e-20,11.592053929091772,1.643498582406958,0.05,0.0125,0,1-2
1,False,0.951485210109777,1.0,-1.6753087136571232,-0.23752197089763108,0.05,0.0125,1,2-3
2,False,0.9738586264571062,1.0,-1.9644392578499972,-0.2785143301825547,0.05,0.0125,2,3-4
3,False,0.9851734946129763,1.0,-2.2066029488255277,-0.3128478214916228,0.05,0.0125,3,4-5
