,reject,pvals,pvals_corrected,tstats,effectsize,alpha,alpha_corrected,step,dimension_step
0,True,1.1835424272820662e-36,3.5506272818461983e-36,19.886583230716127,2.819480615646227,0.05,0.0125,0,1-2
1,True,3.967770990826036e-42,1.5871083963304144e-41,23.206548100589945,3.2901786981995764,0.05,0.0125,1,2-3
2,False,0.9999793152156435,1.0,-4.29161427226344,-0.6084566217382193,0.05,0.0125,2,3-4
3,False,0.9999999022382714,1.0,-5.596235260317703,-0.7934232167490085,0.05,0.0125,3,4-5
