{
  "data": {
    "name": "normal-3-60",
    "n_dimension": 3,
    "distance": "euclidean",
    "subject": null,
    "n_objects": 60,
    "n_train_triplets": 5895,
    "n_test_triplets": 10000,
    "frac_train_ndlogn": 7.998838276138094,
    "frac_train_triplets": 0.05742255990648743,
    "max_train_score": 0.8837998303647159,
    "max_test_score": 0.8706,
    "noise_sd": 0.5,
    "distance_sd": 1.0356625434799942,
    "distance_mean": 2.2948966572403506,
    "difference_sd": 0.8924992713013505,
    "difference_mean": -0.16006617713067967
  },
  "n_repeats": 10,
  "n_splits": 10,
  "embedding_method": "soe",
  "embedding_dimension": [
    1,
    2,
    3,
    4,
    5
  ],
  "random_state": 2270810318,
  "alpha": 0.05
}