,reject,pvals,pvals_corrected,tstats,effectsize,alpha,alpha_corrected,step,dimension_step
0,True,3.4970342959667286e-06,1.3988137183866914e-05,4.746094217949355,0.6728918936094669,0.05,0.0125,0,1-2
1,True,0.00038886640818918544,0.0011665992245675563,3.467925895970622,0.49167570551206446,0.05,0.0125,1,2-3
2,False,0.48481317817994135,0.9696263563598827,0.03817333000264238,0.005412139568092157,0.05,0.0125,2,3-4
3,False,0.9997225815161127,0.9997225815161127,-3.568842229090992,-0.5059834245271391,0.05,0.0125,3,4-5
