,reject,pvals,pvals_corrected,tstats,effectsize,alpha,alpha_corrected,step,dimension_step
0,True,8.25619036826002e-32,3.302476147304008e-31,17.204026742267907,2.439153038414479,0.05,0.0125,0,1-2
1,True,5.162157772703933e-15,1.5486473318111798e-14,9.094393310240081,1.2893851775240963,0.05,0.0125,1,2-3
2,False,0.9999998576389151,1.0,-5.510064864428871,-0.7812061476812633,0.05,0.0125,2,3-4
3,False,0.9999808911569114,1.0,-4.312466621490641,-0.6114130267553451,0.05,0.0125,3,4-5
