,reject,pvals,pvals_corrected,tstats,effectsize,alpha,alpha_corrected,step,dimension_step
0,True,2.3642865914658308e-20,9.457146365863323e-20,11.550335058218565,1.637583763035072,0.05,0.0125,0,1-2
1,True,0.00026123026921672166,0.0007836908076501649,3.5866122157162157,0.5085028182434375,0.05,0.0125,1,2-3
2,False,0.9999999992739231,1.0,-6.673739025125895,-0.9461895790203381,0.05,0.0125,2,3-4
3,False,0.9997459482114156,1.0,-3.5948279449450506,-0.5096676281575065,0.05,0.0125,3,4-5
