,reject,pvals,pvals_corrected,tstats,effectsize,alpha,alpha_corrected,step,dimension_step
0,True,1.0217933185879686e-42,4.087173274351874e-42,23.584458320306215,3.3437580650814085,0.05,0.0125,0,1-2
1,True,3.617870801452162e-34,1.0853612404356486e-33,18.48314737628485,2.6205042434376464,0.05,0.0125,1,2-3
2,False,0.9953865798151028,1.0,-2.655630076085739,-0.37651000350255875,0.05,0.0125,2,3-4
3,False,0.9999999999985686,1.0,-7.964259639383539,-1.1291570507965474,0.05,0.0125,3,4-5
