,reject,pvals,pvals_corrected,tstats,effectsize,alpha,alpha_corrected,step,dimension_step
0,True,3.1179175256757396e-53,1.2471670102702958e-52,31.127554578021314,4.413203400855937,0.05,0.0125,0,1-2
1,True,2.979850212428978e-37,8.939550637286934e-37,20.233964312846183,2.868731621510075,0.05,0.0125,1,2-3
2,False,0.9999997829705,1.0,-5.412617531844285,-0.7673902567320177,0.05,0.0125,2,3-4
3,False,0.9948898893331346,1.0,-2.6184555758881585,-0.3712394760576267,0.05,0.0125,3,4-5
