,reject,pvals,pvals_corrected,tstats,effectsize,alpha,alpha_corrected,step,dimension_step
0,True,5.817169948620699e-52,2.3268679794482797e-51,30.12781460344798,4.271462235654545,0.05,0.0125,0,1-2
1,True,1.2309641790832292e-34,3.692892537249688e-34,18.743029009163497,2.6573497496647835,0.05,0.0125,1,2-3
2,False,0.9999989758262685,1.0,-5.046231718192252,-0.7154447974515057,0.05,0.0125,2,3-4
3,False,0.9999844309543723,1.0,-4.366096461929874,-0.6190165599407274,0.05,0.0125,3,4-5
