,reject,pvals,pvals_corrected,tstats,effectsize,alpha,alpha_corrected,step,dimension_step
0,False,0.8480714439582737,1.0,-1.0335664722819804,-0.1465370194453438,0.05,0.0125,0,1-2
1,False,0.9998493141042407,1.0,-3.7466453851856967,-0.53119200592062,0.05,0.0125,1,2-3
2,False,0.9996567114679759,1.0,-3.505402105461015,-0.49698900870649443,0.05,0.0125,2,3-4
3,False,0.7501389573531627,1.0,-0.677415956781199,-0.09604270058438058,0.05,0.0125,3,4-5
