,reject,pvals,pvals_corrected,tstats,effectsize,alpha,alpha_corrected,step,dimension_step
0,True,6.145734321545822e-31,2.458293728618329e-30,16.74315341112961,2.3738113249417654,0.05,0.0125,0,1-2
1,True,5.5724276586160975e-18,1.6717282975848293e-17,10.45512168831891,1.4823065678224152,0.05,0.0125,1,2-3
2,False,0.9999999999999601,1.0,-8.685847781457129,-1.2314623968408211,0.05,0.0125,2,3-4
3,False,0.9922229377734064,1.0,-2.4617740420985674,-0.34902547668808476,0.05,0.0125,3,4-5
