{
  "data": {
    "name": "normal-3-60",
    "n_dimension": 3,
    "distance": "euclidean",
    "subject": null,
    "n_objects": 60,
    "n_train_triplets": 5895,
    "n_test_triplets": 10000,
    "frac_train_ndlogn": 7.998838276138094,
    "frac_train_triplets": 0.05742255990648743,
    "max_train_score": 0.8831212892281595,
    "max_test_score": 0.8768,
    "noise_sd": 0.5,
    "distance_sd": 1.0368094643960384,
    "distance_mean": 2.3252508242217895,
    "difference_sd": 0.9283475338723426,
    "difference_mean": -0.13603131162526844
  },
  "n_repeats": 10,
  "n_splits": 10,
  "embedding_method": "soe",
  "embedding_dimension": [
    1,
    2,
    3,
    4,
    5
  ],
  "random_state": 3547263922,
  "alpha": 0.05
}