,reject,pvals,pvals_corrected,tstats,effectsize,alpha,alpha_corrected,step,dimension_step
0,True,1.108323938035155e-50,4.43329575214062e-50,29.147211778219198,4.1324342978079835,0.05,0.0125,0,1-2
1,True,5.893088069360516e-35,1.7679264208081547e-34,18.921772237203545,2.6826916126077625,0.05,0.0125,1,2-3
2,False,0.9999999999418068,1.0,-7.204096047948425,-1.0213825534932144,0.05,0.0125,2,3-4
3,False,0.9999999639559835,1.0,-5.822116398107753,-0.825448199726249,0.05,0.0125,3,4-5
