,reject,pvals,pvals_corrected,tstats,effectsize,alpha,alpha_corrected,step,dimension_step
0,True,5.453008941381064e-38,2.1812035765524258e-37,20.66681074420339,2.9300997363141454,0.05,0.0125,0,1-2
1,True,8.41901821614581e-23,2.525705464843743e-22,12.698509710858904,1.8003697046389382,0.05,0.0125,1,2-3
2,False,0.9999507310067871,1.0,-4.059057894317358,-0.5754852363545742,0.05,0.0125,2,3-4
3,False,0.9999017292023794,1.0,-3.867992961421376,-0.5483964263573945,0.05,0.0125,3,4-5
