,reject,pvals,pvals_corrected,tstats,effectsize,alpha,alpha_corrected,step,dimension_step
0,True,4.1382288472235106e-06,1.6552915388894042e-05,4.704140032815299,0.6669437118449897,0.05,0.0125,0,1-2
1,False,0.17602996067399646,0.5280898820219894,0.9350067155708693,0.1325634111936975,0.05,0.0125,1,2-3
2,False,0.9504842773181914,1.0,-1.6652153406140884,-0.23609095234048813,0.05,0.0125,2,3-4
3,False,0.9840446511915355,1.0,-2.1763068683642466,-0.30855250285394425,0.05,0.0125,3,4-5
