,reject,pvals,pvals_corrected,tstats,effectsize,alpha,alpha_corrected,step,dimension_step
0,False,0.06905458581004442,0.20716375743013327,1.4949467062330977,0.21195060060081572,0.05,0.0125,0,1-2
1,False,0.01570450436251854,0.06281801745007416,2.1828737985674898,0.3094835492884946,0.05,0.0125,1,2-3
2,False,0.6787183626768125,1.0,-0.46554565902450734,-0.06600414692104849,0.05,0.0125,2,3-4
3,False,0.8585519243150282,1.0,-1.0797069000390316,-0.15307871844659282,0.05,0.0125,3,4-5
