,reject,pvals,pvals_corrected,tstats,effectsize,alpha,alpha_corrected,step,dimension_step
0,True,1.5316001491040562e-46,6.126400596416225e-46,26.145271654814238,3.7068251376482904,0.05,0.0125,0,1-2
1,True,7.851472030688767e-33,2.35544160920663e-32,17.75228172860059,2.5168835509144247,0.05,0.0125,1,2-3
2,False,0.9945639841030325,1.0,-2.5958007267722376,-0.3680275161552303,0.05,0.0125,2,3-4
3,False,0.999648778763332,1.0,-3.498554403208985,-0.49601815496368074,0.05,0.0125,3,4-5
