,reject,pvals,pvals_corrected,tstats,effectsize,alpha,alpha_corrected,step,dimension_step
0,True,4.711910163658498e-40,1.8847640654633992e-39,21.9088950556134,3.106200004439124,0.05,0.0125,0,1-2
1,True,1.6465447564141421e-28,4.939634269242426e-28,15.490776248611832,2.196251756652379,0.05,0.0125,1,2-3
2,False,0.9999999880529093,1.0,-6.067705212388485,-0.8602672982737842,0.05,0.0125,2,3-4
3,False,0.9998886418824768,1.0,-3.832756548344068,-0.5434006770884642,0.05,0.0125,3,4-5
