,reject,pvals,pvals_corrected,tstats,effectsize,alpha,alpha_corrected,step,dimension_step
0,True,3.021343405542033e-20,1.2085373622168132e-19,11.500869228976446,1.6305705951586718,0.05,0.0125,0,1-2
1,True,0.0012597232678346862,0.0037791698035040586,3.1000967379260413,0.4395256117053859,0.05,0.0125,1,2-3
2,False,0.9999784630939467,1.0,-4.2809683845198805,-0.6069472687346852,0.05,0.0125,2,3-4
3,False,0.9999891107952795,1.0,-4.458764131594502,-0.6321547996918864,0.05,0.0125,3,4-5
