,reject,pvals,pvals_corrected,tstats,effectsize,alpha,alpha_corrected,step,dimension_step
0,True,1.0359076931793545e-16,3.1077230795380633e-16,9.872873110874085,1.3997565109047616,0.05,0.0125,0,1-2
1,True,1.3101103507335205e-22,5.240441402934082e-22,12.607594056279503,1.7874798621370103,0.05,0.0125,1,2-3
2,False,0.9999999999996203,1.0,-8.232792845826932,-1.1672291600895628,0.05,0.0125,2,3-4
3,False,0.9998967893088405,1.0,-3.8541946139043453,-0.5464401238140734,0.05,0.0125,3,4-5
