,reject,pvals,pvals_corrected,tstats,effectsize,alpha,alpha_corrected,step,dimension_step
0,True,1.1611408400186912e-51,3.483422520056074e-51,29.8955091801142,4.238526430121726,0.05,0.0125,0,1-2
1,True,4.273868788496535e-52,1.709547515398614e-51,30.231900647764114,4.286219350082093,0.05,0.0125,1,2-3
2,False,0.9995872346147653,1.0,-3.449900929629287,-0.4891201612736468,0.05,0.0125,2,3-4
3,False,0.9617808431384168,1.0,-1.7904494327351317,-0.25384639534730674,0.05,0.0125,3,4-5
