,reject,pvals,pvals_corrected,tstats,effectsize,alpha,alpha_corrected,step,dimension_step
0,True,9.200758401024768e-41,3.680303360409907e-40,22.34691995596263,3.168302312380967,0.05,0.0125,0,1-2
1,True,3.334450268900754e-14,1.0003350806702261e-13,8.721582225833869,1.2365287560068081,0.05,0.0125,1,2-3
2,False,0.6361469240627831,1.0,-0.34916614565773596,-0.049504088656181,0.05,0.0125,2,3-4
3,False,0.9999999999990283,1.0,-8.0428022316339,-1.1402926648828553,0.05,0.0125,3,4-5
