,reject,pvals,pvals_corrected,tstats,effectsize,alpha,alpha_corrected,step,dimension_step
0,True,2.07262727652409e-59,8.29050910609636e-59,36.387821214685914,5.158993647633907,0.05,0.0125,0,1-2
1,True,1.2723592629774594e-49,3.8170777889323784e-49,28.354503492628417,4.02004567784469,0.05,0.0125,1,2-3
2,False,0.8182442771089065,1.0,-0.9129028725214376,-0.129429571846529,0.05,0.0125,2,3-4
3,False,0.9999634861834459,1.0,-4.140239168703863,-0.5869949575988286,0.05,0.0125,3,4-5
