,reject,pvals,pvals_corrected,tstats,effectsize,alpha,alpha_corrected,step,dimension_step
0,True,1.9874346475847534e-25,7.949738590339014e-25,13.960075072894911,1.9792319577653215,0.05,0.0125,0,1-2
1,True,2.595067611287195e-13,7.785202833861586e-13,8.309519589942438,1.1781073268025446,0.05,0.0125,1,2-3
2,False,0.9999999986339859,1.0,-6.538808005902888,-0.927059324781337,0.05,0.0125,2,3-4
3,False,0.9917995233445469,1.0,-2.4415064177203525,-0.34615197280878024,0.05,0.0125,3,4-5
