,reject,pvals,pvals_corrected,tstats,effectsize,alpha,alpha_corrected,step,dimension_step
0,True,1.5938694810598058e-27,6.375477924239223e-27,14.994406016603037,2.125877362464292,0.05,0.0125,0,1-2
1,True,1.971485276650107e-27,6.375477924239223e-27,14.948250243943322,2.119333487892956,0.05,0.0125,1,2-3
2,False,0.9999945230371537,1.0,-4.633821712330271,-0.6569741188167562,0.05,0.0125,2,3-4
3,False,0.9999978396297953,1.0,-4.865003419717203,-0.6897506061151214,0.05,0.0125,3,4-5
