,reject,pvals,pvals_corrected,tstats,effectsize,alpha,alpha_corrected,step,dimension_step
0,True,0.003489779593003855,0.01395911837201542,2.755333354401341,0.3906457379958037,0.05,0.0125,0,1-2
1,False,0.050360905073868714,0.15108271522160616,1.6568204994194167,0.23490074828455723,0.05,0.0125,1,2-3
2,False,0.8862143209948922,1.0,-1.2141696245910032,-0.17214257878916256,0.05,0.0125,2,3-4
3,False,0.9854334203306694,1.0,-2.2138630389297282,-0.31387714277216444,0.05,0.0125,3,4-5
