,reject,pvals,pvals_corrected,tstats,effectsize,alpha,alpha_corrected,step,dimension_step
0,True,0.0005606042747423348,0.0022424170989693393,3.356376320204181,0.47586042629048075,0.05,0.0125,0,1-2
1,False,0.05621061649496991,0.16863184948490972,1.6016408814347676,0.22707749069015148,0.05,0.0125,1,2-3
2,False,0.7220714721943113,1.0,-0.591015414090234,-0.08379300175616625,0.05,0.0125,2,3-4
3,False,0.9996416939976988,1.0,-3.492560900152353,-0.4951684079009531,0.05,0.0125,3,4-5
