{
  "data": {
    "name": "normal-3-60",
    "n_dimension": 3,
    "distance": "euclidean",
    "subject": null,
    "n_objects": 60,
    "n_train_triplets": 1473,
    "n_test_triplets": 10000,
    "frac_train_ndlogn": 1.9986919051317067,
    "frac_train_triplets": 0.01434833430742256,
    "max_train_score": 0.7881873727087576,
    "max_test_score": 0.7856,
    "noise_sd": 1.0,
    "distance_sd": 1.0394392636957892,
    "distance_mean": 2.393520069932058,
    "difference_sd": 0.9368800679163003,
    "difference_mean": -0.12719933389504082
  },
  "n_repeats": 10,
  "n_splits": 10,
  "embedding_method": "soe",
  "embedding_dimension": [
    1,
    2,
    3,
    4,
    5
  ],
  "random_state": 1199966430,
  "alpha": 0.05
}