,reject,pvals,pvals_corrected,tstats,effectsize,alpha,alpha_corrected,step,dimension_step
0,True,1.3417439808358536e-24,5.3669759233434144e-24,13.557921957910768,1.9222154809243819,0.05,0.0125,0,1-2
1,True,5.83319864826182e-17,1.7499595944785458e-16,9.987196629361103,1.4159650742636372,0.05,0.0125,1,2-3
2,False,0.9999993252947292,1.0,-5.146083282127363,-0.7296015555879242,0.05,0.0125,2,3-4
3,False,0.999367238219169,1.0,-3.318903564140849,-0.47054761271614004,0.05,0.0125,3,4-5
