,reject,pvals,pvals_corrected,tstats,effectsize,alpha,alpha_corrected,step,dimension_step
0,True,1.0735430463830027e-24,4.294172185532011e-24,13.604689032734647,1.928846024712957,0.05,0.0125,0,1-2
1,True,1.3446340493260473e-22,4.0339021479781418e-22,12.602251388347929,1.7867223891968804,0.05,0.0125,1,2-3
2,False,1.0,1.0,-11.479930174303785,-1.6276018972142035,0.05,0.0125,2,3-4
3,False,0.9947795540200868,1.0,-2.6106432648614755,-0.3701318619819664,0.05,0.0125,3,4-5
