,reject,pvals,pvals_corrected,tstats,effectsize,alpha,alpha_corrected,step,dimension_step
0,True,9.157575972366069e-12,2.747272791709821e-11,7.585710123806771,1.075487045806327,0.05,0.0125,0,1-2
1,True,3.334626553067874e-23,1.3338506212271496e-22,12.889454493087577,1.827441479911072,0.05,0.0125,1,2-3
2,False,0.9999999997234282,1.0,-6.8780543394944225,-0.9751570020139453,0.05,0.0125,2,3-4
3,False,0.9999311223947824,1.0,-3.967064725598287,-0.5624426260194476,0.05,0.0125,3,4-5
