,reject,pvals,pvals_corrected,tstats,effectsize,alpha,alpha_corrected,step,dimension_step
0,True,1.6976915617901786e-28,6.790766247160714e-28,15.484042852402695,2.195297108995269,0.05,0.0125,0,1-2
1,True,9.676930229654088e-25,2.9030790688962265e-24,13.626475358182365,1.9319348470397166,0.05,0.0125,1,2-3
2,False,1.0,1.0,-10.472876278081172,-1.484823778601798,0.05,0.0125,2,3-4
3,False,0.9973226807397021,1.0,-2.847747492536055,-0.4037480325458312,0.05,0.0125,3,4-5
