,reject,pvals,pvals_corrected,tstats,effectsize,alpha,alpha_corrected,step,dimension_step
0,True,1.32005368425455e-19,5.2802147370182e-19,11.204109334449587,1.5884965616048663,0.05,0.0125,0,1-2
1,True,1.0468334741621797e-07,3.140500422486539e-07,5.580597547624456,0.7912061326325398,0.05,0.0125,1,2-3
2,False,0.9999999725023921,1.0,-5.882711396015269,-0.8340392392237471,0.05,0.0125,2,3-4
3,False,0.9999999598779359,1.0,-5.798041917434451,-0.8220349672567676,0.05,0.0125,3,4-5
