,reject,pvals,pvals_corrected,tstats,effectsize,alpha,alpha_corrected,step,dimension_step
0,True,3.3294717316462815e-33,1.3317886926585126e-32,17.954424286397536,2.5455429247592654,0.05,0.0125,0,1-2
1,True,5.468424012850619e-12,1.6405272038551857e-11,7.6912715768037225,1.090453340771701,0.05,0.0125,1,2-3
2,False,0.9981739161298064,1.0,-2.977654537898115,-0.42216599766255747,0.05,0.0125,2,3-4
3,False,0.9999739094797782,1.0,-4.2301679536004295,-0.5997448836601774,0.05,0.0125,3,4-5
