{
  "data": {
    "name": "normal-3-60",
    "n_dimension": 3,
    "distance": "euclidean",
    "subject": null,
    "n_objects": 60,
    "n_train_triplets": 2947,
    "n_test_triplets": 10000,
    "frac_train_ndlogn": 3.998740695467169,
    "frac_train_triplets": 0.028706409507110852,
    "max_train_score": 0.8795385137427892,
    "max_test_score": 0.8734,
    "noise_sd": 0.5,
    "distance_sd": 1.0344895577498678,
    "distance_mean": 2.2634671179080272,
    "difference_sd": 0.9015243374551001,
    "difference_mean": -0.14222411520604342
  },
  "n_repeats": 10,
  "n_splits": 10,
  "embedding_method": "soe",
  "embedding_dimension": [
    1,
    2,
    3,
    4,
    5
  ],
  "random_state": 1688572118,
  "alpha": 0.05
}