,reject,pvals,pvals_corrected,tstats,effectsize,alpha,alpha_corrected,step,dimension_step
0,True,4.1827921148071747e-22,1.6731168459228699e-21,12.369674435379087,1.7537480867270188,0.05,0.0125,0,1-2
1,True,1.3622931703796297e-09,4.086879511138889e-09,6.539392438961247,0.9271421845496577,0.05,0.0125,1,2-3
2,False,0.9999999999995416,1.0,-8.194757205534781,-1.1618365418975263,0.05,0.0125,2,3-4
3,False,0.9999999999830804,1.0,-7.459573270019037,-1.0576036110278575,0.05,0.0125,3,4-5
