,reject,pvals,pvals_corrected,tstats,effectsize,alpha,alpha_corrected,step,dimension_step
0,True,1.3278163344137184e-37,5.3112653376548735e-37,20.439276435349832,2.8978403699984585,0.05,0.0125,0,1-2
1,True,4.2789074602241366e-19,1.283672238067241e-18,10.968185711018824,1.5550477747861915,0.05,0.0125,1,2-3
2,False,0.9999999996271096,1.0,-6.815013883700154,-0.9662192503121392,0.05,0.0125,2,3-4
3,False,0.9999982598472581,1.0,-4.917891545655309,-0.6972489804788998,0.05,0.0125,3,4-5
