,reject,pvals,pvals_corrected,tstats,effectsize,alpha,alpha_corrected,step,dimension_step
0,True,7.199882026640593e-46,2.879952810656237e-45,25.681101327021626,3.641015982481403,0.05,0.0125,0,1-2
1,True,3.040138283526753e-40,9.12041485058026e-40,22.025836902458103,3.122779789237311,0.05,0.0125,1,2-3
2,False,0.9999999986011064,1.0,-6.533711045571625,-0.9263366877810042,0.05,0.0125,2,3-4
3,False,0.9999643746707398,1.0,-4.146870330218267,-0.5879351106222099,0.05,0.0125,3,4-5
