,reject,pvals,pvals_corrected,tstats,effectsize,alpha,alpha_corrected,step,dimension_step
0,True,4.52259808420264e-19,1.3567794252607921e-18,10.957088899558855,1.553474490705971,0.05,0.0125,0,1-2
1,True,1.242876627151603e-25,4.971506508606412e-25,14.059518053305073,1.9933307877340352,0.05,0.0125,1,2-3
2,False,0.9998105449475069,1.0,-3.6806014356986276,-0.521828424796644,0.05,0.0125,2,3-4
3,False,0.9969633634689443,1.0,-2.8040953789850205,-0.3975591218334555,0.05,0.0125,3,4-5
