,reject,pvals,pvals_corrected,tstats,effectsize,alpha,alpha_corrected,step,dimension_step
0,True,8.037334813192465e-20,2.4112004439577395e-19,11.30383822134096,1.602635926831563,0.05,0.0125,0,1-2
1,True,5.394035570809509e-25,2.1576142283238035e-24,13.749344629768244,1.949355010447168,0.05,0.0125,1,2-3
2,False,1.0,1.0,-10.701354116548972,-1.5172169166884713,0.05,0.0125,2,3-4
3,False,0.998781930856497,1.0,-3.1110226158215095,-0.4410746611613834,0.05,0.0125,3,4-5
