,reject,pvals,pvals_corrected,tstats,effectsize,alpha,alpha_corrected,step,dimension_step
0,True,5.282942946344425e-10,2.11317717853777e-09,6.741279831501151,0.9557653815667514,0.05,0.0125,0,1-2
1,False,0.9999927339583813,1.0,-4.562287611163031,-0.6468321547971558,0.05,0.0125,1,2-3
2,False,0.9846033174854429,1.0,-2.191058361677982,-0.3106439405316682,0.05,0.0125,2,3-4
3,False,0.9960231579904272,1.0,-2.7089816702119833,-0.3840740874735263,0.05,0.0125,3,4-5
