,reject,pvals,pvals_corrected,tstats,effectsize,alpha,alpha_corrected,step,dimension_step
0,True,1.8457121173727045e-36,7.382848469490818e-36,19.77544214965359,2.8037232519994753,0.05,0.0125,0,1-2
1,True,4.964987434048266e-19,1.4894962302144798e-18,10.938394848271066,1.5508240849212103,0.05,0.0125,1,2-3
2,False,0.9999999999999998,1.0,-9.784492783384835,-1.3872261220858555,0.05,0.0125,2,3-4
3,False,0.859671258341394,1.0,-1.0847714323695838,-0.15379675786883254,0.05,0.0125,3,4-5
