,reject,pvals,pvals_corrected,tstats,effectsize,alpha,alpha_corrected,step,dimension_step
0,True,8.06469173533785e-32,3.22587669413514e-31,17.209451595026838,2.4399221633576174,0.05,0.0125,0,1-2
1,True,9.155449278251083e-12,2.746634783475325e-11,7.585757752030866,1.0754937984421638,0.05,0.0125,1,2-3
2,False,0.9999999993076392,1.0,-6.683852505093772,-0.9476234482976966,0.05,0.0125,2,3-4
3,False,0.9999996882331867,1.0,-5.328223751251818,-0.7554250726830032,0.05,0.0125,3,4-5
