,reject,pvals,pvals_corrected,tstats,effectsize,alpha,alpha_corrected,step,dimension_step
0,True,1.6093805369492074e-19,6.43752214779683e-19,11.1643088634613,1.5828537291915163,0.05,0.0125,0,1-2
1,True,0.0004720865552850846,0.0014162596658552538,3.409088044482482,0.48333379077425015,0.05,0.0125,1,2-3
2,False,0.9999999169627013,1.0,-5.633470850637405,-0.7987024054311743,0.05,0.0125,2,3-4
3,False,0.9424314642495489,1.0,-1.5894957230375975,-0.22535557404527085,0.05,0.0125,3,4-5
