{
  "data": {
    "name": "normal-3-60",
    "n_dimension": 3,
    "distance": "euclidean",
    "subject": null,
    "n_objects": 60,
    "n_train_triplets": 5895,
    "n_test_triplets": 10000,
    "frac_train_ndlogn": 7.998838276138094,
    "frac_train_triplets": 0.05742255990648743,
    "max_train_score": 0.6758269720101782,
    "max_test_score": 0.6746,
    "noise_sd": 2.0,
    "distance_sd": 1.0458918187917214,
    "distance_mean": 2.5539822696418986,
    "difference_sd": 0.9655527907978366,
    "difference_mean": -0.05729494783991121
  },
  "n_repeats": 10,
  "n_splits": 10,
  "embedding_method": "soe",
  "embedding_dimension": [
    1,
    2,
    3,
    4,
    5
  ],
  "random_state": 2435389948,
  "alpha": 0.05
}