,reject,pvals,pvals_corrected,tstats,effectsize,alpha,alpha_corrected,step,dimension_step
0,True,4.779186359845737e-16,1.9116745439382947e-15,9.568534888079519,1.3566080368901732,0.05,0.0125,0,1-2
1,True,1.1904901693772267e-10,3.57147050813168e-10,7.05492983929687,1.0002340621247776,0.05,0.0125,1,2-3
2,False,0.9999999999801139,1.0,-7.426292543505147,-1.0528851351493262,0.05,0.0125,2,3-4
3,False,0.9754511911926775,1.0,-1.9922475655551968,-0.28245693729706567,0.05,0.0125,3,4-5
