,reject,pvals,pvals_corrected,tstats,effectsize,alpha,alpha_corrected,step,dimension_step
0,True,6.313502233976562e-49,2.5254008935906247e-48,27.84349601466916,3.947596043745102,0.05,0.0125,0,1-2
1,True,1.083476625298846e-26,3.250429875896538e-26,14.580354837514284,2.067174001520766,0.05,0.0125,1,2-3
2,False,0.9998809127298878,1.0,-3.813758374578108,-0.5407071534175367,0.05,0.0125,2,3-4
3,False,0.9999999967050394,1.0,-6.349141967766641,-0.9001688473289009,0.05,0.0125,3,4-5
