,reject,pvals,pvals_corrected,tstats,effectsize,alpha,alpha_corrected,step,dimension_step
0,True,2.121239182530391e-52,8.484956730121564e-52,30.469488487678753,4.319904086237167,0.05,0.0125,0,1-2
1,True,3.508886269078694e-39,1.0526658807236082e-38,21.378294200542193,3.0309724599101133,0.05,0.0125,1,2-3
2,False,0.999999892183048,1.0,-5.573848765553427,-0.790249303598224,0.05,0.0125,2,3-4
3,False,0.9999998091008205,1.0,-5.442353552008124,-0.7716061711234308,0.05,0.0125,3,4-5
