,reject,pvals,pvals_corrected,tstats,effectsize,alpha,alpha_corrected,step,dimension_step
0,True,4.8689510975706967e-42,1.9475804390282787e-41,23.149901650810744,3.2821474760813927,0.05,0.0125,0,1-2
1,True,3.1559131978349185e-30,9.467739593504755e-30,16.372021964190495,2.3211930391175146,0.05,0.0125,1,2-3
2,False,0.9914823717011438,1.0,-2.4269279844608658,-0.3440850712448088,0.05,0.0125,2,3-4
3,False,0.9999998028427248,1.0,-5.434884217229829,-0.770547183544979,0.05,0.0125,3,4-5
