,reject,pvals,pvals_corrected,tstats,effectsize,alpha,alpha_corrected,step,dimension_step
0,True,1.7983417075692885e-15,5.395025122707865e-15,9.30462729503242,1.3191917379570883,0.05,0.0125,0,1-2
1,True,5.38867050582198e-23,2.155468202328792e-22,12.790411869551168,1.813399411751654,0.05,0.0125,1,2-3
2,False,0.9994141887194061,1.0,-3.3427967238946903,-0.4739351378626641,0.05,0.0125,2,3-4
3,False,0.9999998131223321,1.0,-5.4472810776595875,-0.7723047860084624,0.05,0.0125,3,4-5
