,reject,pvals,pvals_corrected,tstats,effectsize,alpha,alpha_corrected,step,dimension_step
0,True,1.1269470172380463e-32,3.380841051714139e-32,17.667489313887934,2.504861849304723,0.05,0.0125,0,1-2
1,True,1.1657333324188257e-36,4.662933329675303e-36,19.89038207321068,2.8200192080555424,0.05,0.0125,1,2-3
2,False,0.7921005554961505,1.0,-0.8171605142299107,-0.11585540879561987,0.05,0.0125,2,3-4
3,False,0.999999354828288,1.0,-5.156731978887143,-0.7311113068482472,0.05,0.0125,3,4-5
