,reject,pvals,pvals_corrected,tstats,effectsize,alpha,alpha_corrected,step,dimension_step
0,True,2.0197373195103742e-51,8.078949278041497e-51,29.710493848468733,4.212295320678751,0.05,0.0125,0,1-2
1,True,1.3046439235993856e-23,3.913931770798157e-23,13.08370156018405,1.8549814466298755,0.05,0.0125,1,2-3
2,False,0.9999999798555834,1.0,-5.952049687446569,-0.8438698856623278,0.05,0.0125,2,3-4
3,False,0.9997887510032177,1.0,-3.6489214738478437,-0.5173369021802936,0.05,0.0125,3,4-5
