,reject,pvals,pvals_corrected,tstats,effectsize,alpha,alpha_corrected,step,dimension_step
0,True,1.3021695242035615e-21,5.208678096814246e-21,12.137925524409283,1.7208911824214441,0.05,0.0125,0,1-2
1,False,0.9444911959285066,1.0,-1.608010123121635,-0.22798050923608007,0.05,0.0125,1,2-3
2,False,0.9816874016480396,1.0,-2.1186239253150636,-0.3003743287606996,0.05,0.0125,2,3-4
3,False,0.9997670460376759,1.0,-3.6203123859282376,-0.5132807620236447,0.05,0.0125,3,4-5
