,reject,pvals,pvals_corrected,tstats,effectsize,alpha,alpha_corrected,step,dimension_step
0,True,0.008242970577538892,0.03297188231015557,2.439524248461946,0.34587094475402747,0.05,0.0125,0,1-2
1,False,0.9834448816092303,1.0,-2.1609622051617188,-0.3063769667172829,0.05,0.0125,1,2-3
2,False,0.9891058386637714,1.0,-2.3308740168386737,-0.33046672883652733,0.05,0.0125,2,3-4
3,False,0.46796517311737784,1.0,0.08059046149015144,0.011425956955064286,0.05,0.0125,3,4-5
