,reject,pvals,pvals_corrected,tstats,effectsize,alpha,alpha_corrected,step,dimension_step
0,True,5.224763436025338e-16,2.0899053744101353e-15,9.55078944797384,1.354092123331086,0.05,0.0125,0,1-2
1,True,0.0014022160527341605,0.004206648158202482,3.0651000038069753,0.4345638436472498,0.05,0.0125,1,2-3
2,False,0.9999997264854157,1.0,-5.358797300734153,-0.7597597303321766,0.05,0.0125,2,3-4
3,False,0.9999940902754632,1.0,-4.614638129471905,-0.6542543082097604,0.05,0.0125,3,4-5
