,reject,pvals,pvals_corrected,tstats,effectsize,alpha,alpha_corrected,step,dimension_step
0,True,8.062852052451947e-22,2.418855615735584e-21,12.235629781370047,1.7347434996028843,0.05,0.0125,0,1-2
1,True,6.737698437121306e-24,2.6950793748485225e-23,13.220962335855054,1.8744420091510032,0.05,0.0125,1,2-3
2,False,1.0,1.0,-10.439644731645785,-1.4801122753779659,0.05,0.0125,2,3-4
3,False,0.9999999998680839,1.0,-7.033466696360561,-0.9971910599781696,0.05,0.0125,3,4-5
