,reject,pvals,pvals_corrected,tstats,effectsize,alpha,alpha_corrected,step,dimension_step
0,True,2.4986199692055704e-24,9.994479876822282e-24,13.427792162683382,1.903765934770323,0.05,0.0125,0,1-2
1,True,5.825334588307326e-07,1.7476003764921978e-06,5.180987526517914,0.7345502106344549,0.05,0.0125,1,2-3
2,False,0.999999980817099,1.0,-5.962916465269523,-0.8454105560264068,0.05,0.0125,2,3-4
3,False,0.9999691596582085,1.0,-4.185566945260555,-0.5934214405129242,0.05,0.0125,3,4-5
