,reject,pvals,pvals_corrected,tstats,effectsize,alpha,alpha_corrected,step,dimension_step
0,True,1.370211995006109e-08,4.110635985018327e-08,6.037452173747701,0.8559780820206704,0.05,0.0125,0,1-2
1,True,8.790882108407367e-10,3.5163528433629466e-09,6.633012123462219,0.9404153990898861,0.05,0.0125,1,2-3
2,False,0.9999820391995429,1.0,-4.328728131509722,-0.6137185516284726,0.05,0.0125,2,3-4
3,False,0.9999999249955901,1.0,-5.656620988866275,-0.8019845864488272,0.05,0.0125,3,4-5
