{
  "data": {
    "name": "normal-3-60",
    "n_dimension": 3,
    "distance": "euclidean",
    "subject": null,
    "n_objects": 60,
    "n_train_triplets": 2947,
    "n_test_triplets": 10000,
    "frac_train_ndlogn": 3.998740695467169,
    "frac_train_triplets": 0.028706409507110852,
    "max_train_score": 0.7774007465218866,
    "max_test_score": 0.7906,
    "noise_sd": 1.0,
    "distance_sd": 1.0367560930185857,
    "distance_mean": 2.323846363594615,
    "difference_sd": 0.9019068240640193,
    "difference_mean": -0.13320840546735024
  },
  "n_repeats": 10,
  "n_splits": 10,
  "embedding_method": "soe",
  "embedding_dimension": [
    1,
    2,
    3,
    4,
    5
  ],
  "random_state": 1625081708,
  "alpha": 0.05
}