,reject,pvals,pvals_corrected,tstats,effectsize,alpha,alpha_corrected,step,dimension_step
0,True,6.044396160375856e-39,1.813318848112757e-38,21.23603091030332,3.010802650723032,0.05,0.0125,0,1-2
1,True,4.574333559846097e-48,1.8297334239384387e-47,27.221632938232887,3.8594295211576486,0.05,0.0125,1,2-3
2,False,0.9999999999757592,1.0,-7.385447901073919,-1.0470942621646713,0.05,0.0125,2,3-4
3,False,0.9999999994917539,1.0,-6.749481298723465,-0.9569281694416164,0.05,0.0125,3,4-5
