,reject,pvals,pvals_corrected,tstats,effectsize,alpha,alpha_corrected,step,dimension_step
0,True,1.2253808168851326e-47,4.9015232675405305e-47,26.916214641785782,3.8161279164271664,0.05,0.0125,0,1-2
1,True,3.4033531351283404e-32,1.0210059405385021e-31,17.409486154314777,2.468282669324301,0.05,0.0125,1,2-3
2,False,0.99999999985812,1.0,-7.01822720845246,-0.9950304353876719,0.05,0.0125,2,3-4
3,False,0.99999999654031,1.0,-6.338572268108955,-0.8986702961221747,0.05,0.0125,3,4-5
