,reject,pvals,pvals_corrected,tstats,effectsize,alpha,alpha_corrected,step,dimension_step
0,True,9.315878420671813e-24,3.726351368268725e-23,13.153609965338966,1.8648929226696904,0.05,0.0125,0,1-2
1,True,1.3931615548448217e-10,4.1794846645344647e-10,7.022044698793072,0.9955716716518858,0.05,0.0125,1,2-3
2,False,0.9999999986507538,1.0,-6.5414542405278695,-0.9274345027162808,0.05,0.0125,2,3-4
3,False,0.9873147362818541,1.0,-2.2700788147682296,-0.32184730478699236,0.05,0.0125,3,4-5
