,reject,pvals,pvals_corrected,tstats,effectsize,alpha,alpha_corrected,step,dimension_step
0,True,1.3946633646813893e-25,5.578653458725557e-25,14.035086231930405,1.9898668922034841,0.05,0.0125,0,1-2
1,True,3.02957707263716e-15,9.08873121791148e-15,9.200677876866362,1.304453994116094,0.05,0.0125,1,2-3
2,False,0.9999999999966652,1.0,-7.792229897348807,-1.1047670126811822,0.05,0.0125,2,3-4
3,False,0.9999999999998996,1.0,-8.500676815622604,-1.2052092218889503,0.05,0.0125,3,4-5
