,reject,pvals,pvals_corrected,tstats,effectsize,alpha,alpha_corrected,step,dimension_step
0,True,2.5921312805253397e-58,1.0368525122101359e-57,35.4022747738516,5.019264813700306,0.05,0.0125,0,1-2
1,True,2.1332178107195714e-50,6.399653432158715e-50,28.932843543235727,4.102041591522841,0.05,0.0125,1,2-3
2,False,0.9999987584994898,1.0,-4.999843749517777,-0.708868002586369,0.05,0.0125,2,3-4
3,False,0.9999999641047668,1.0,-5.823044571529836,-0.8255797943265462,0.05,0.0125,3,4-5
