,reject,pvals,pvals_corrected,tstats,effectsize,alpha,alpha_corrected,step,dimension_step
0,True,2.0315119706977956e-13,8.126047882791182e-13,8.358829459937125,1.185098383083913,0.05,0.0125,0,1-2
1,True,0.00016120236945896182,0.0004836071083768854,3.727263779999885,0.5284441200979262,0.05,0.0125,1,2-3
2,False,0.9799838131292186,1.0,-2.080815586380055,-0.29501393690754363,0.05,0.0125,2,3-4
3,False,0.9999999994813689,1.0,-6.745193733482925,-0.9563202868836238,0.05,0.0125,3,4-5
