,reject,pvals,pvals_corrected,tstats,effectsize,alpha,alpha_corrected,step,dimension_step
0,True,4.115463780203624e-61,1.6461855120814495e-60,37.963690045865604,5.382417227781627,0.05,0.0125,0,1-2
1,True,3.1255029157151927e-49,9.376508747145578e-49,28.066903763234432,3.979270354467923,0.05,0.0125,1,2-3
2,False,0.9999992544187145,1.0,-5.122277895346876,-0.7262264747207456,0.05,0.0125,2,3-4
3,False,0.9941584896795574,1.0,-2.5692654194665003,-0.36426539253093754,0.05,0.0125,3,4-5
