,reject,pvals,pvals_corrected,tstats,effectsize,alpha,alpha_corrected,step,dimension_step
0,True,8.246267876695803e-29,2.473880363008741e-28,15.643319085165423,2.217878979676505,0.05,0.0125,0,1-2
1,True,2.4708202086297738e-34,9.883280834519095e-34,18.574838830253352,2.6335040772494853,0.05,0.0125,1,2-3
2,False,0.9999981783157074,1.0,-4.9067217512585435,-0.6956653490215969,0.05,0.0125,2,3-4
3,False,0.999870934107719,1.0,-3.790897349800864,-0.5374659623358183,0.05,0.0125,3,4-5
