,reject,pvals,pvals_corrected,tstats,effectsize,alpha,alpha_corrected,step,dimension_step
0,True,6.298414166109882e-34,1.8895242498329647e-33,18.350289612409515,2.601667931259794,0.05,0.0125,0,1-2
1,True,1.7594564181006453e-42,7.037825672402581e-42,23.432563561462516,3.3222227252389875,0.05,0.0125,1,2-3
2,False,0.9999999999959808,1.0,-7.75415552740893,-1.099368903475946,0.05,0.0125,2,3-4
3,False,0.9999992166235946,1.0,-5.110471988456298,-0.7245526564865155,0.05,0.0125,3,4-5
