,reject,pvals,pvals_corrected,tstats,effectsize,alpha,alpha_corrected,step,dimension_step
0,True,2.9400435538881757e-09,1.1760174215552703e-08,6.373808847230318,0.9036660689325045,0.05,0.0125,0,1-2
1,True,5.353512624079988e-05,0.00016060537872239963,4.036378256497,0.5722697619584692,0.05,0.0125,1,2-3
2,False,0.9558451590811017,1.0,-1.7213563821149502,-0.2440505186680704,0.05,0.0125,2,3-4
3,False,0.9562744270191227,1.0,-1.7260882764615706,-0.24472139733188103,0.05,0.0125,3,4-5
