,reject,pvals,pvals_corrected,tstats,effectsize,alpha,alpha_corrected,step,dimension_step
0,True,3.781300197139601e-05,0.00015125200788558405,4.13081649605024,0.5856590296223508,0.05,0.0125,0,1-2
1,False,0.8929189942543547,1.0,-1.2502318592609583,-0.1772554114175337,0.05,0.0125,1,2-3
2,False,0.8243569853051378,1.0,-0.936516998189852,-0.132777536089813,0.05,0.0125,2,3-4
3,False,0.8077829581913939,1.0,-0.8736298771169704,-0.12386152388290347,0.05,0.0125,3,4-5
