,reject,pvals,pvals_corrected,tstats,effectsize,alpha,alpha_corrected,step,dimension_step
0,True,4.297737686817032e-43,1.7190950747268128e-42,23.8279499012381,3.3782798220139987,0.05,0.0125,0,1-2
1,True,7.269123794175587e-31,2.180737138252676e-30,16.704889037189805,2.368386277343519,0.05,0.0125,1,2-3
2,False,0.9999999985548345,1.0,-6.526735047777613,-0.9253476445488502,0.05,0.0125,2,3-4
3,False,0.9997699102920578,1.0,-3.6239394155799305,-0.5137949951463828,0.05,0.0125,3,4-5
