,reject,pvals,pvals_corrected,tstats,effectsize,alpha,alpha_corrected,step,dimension_step
0,True,5.457610852479217e-29,1.6372832557437653e-28,15.734676664046354,2.2308314773357965,0.05,0.0125,0,1-2
1,True,1.6475976351141042e-29,6.590390540456417e-29,16.00109497061214,2.268603740288203,0.05,0.0125,1,2-3
2,False,0.999931289895214,1.0,-3.9677380693426416,-0.562538091369772,0.05,0.0125,2,3-4
3,False,0.9999966159359138,1.0,-4.754253448397235,-0.674048693237613,0.05,0.0125,3,4-5
