,reject,pvals,pvals_corrected,tstats,effectsize,alpha,alpha_corrected,step,dimension_step
0,True,2.156432723103663e-62,8.625730892414652e-62,39.18830601014629,5.556040868044136,0.05,0.0125,0,1-2
1,True,8.862246373355778e-53,2.6586739120067332e-52,30.767614734936544,4.362171838590944,0.05,0.0125,1,2-3
2,False,0.9999982292701147,1.0,-4.913643939826149,-0.6966467632875764,0.05,0.0125,2,3-4
3,False,0.9997906251107972,1.0,-3.6515208575184146,-0.5177054376791661,0.05,0.0125,3,4-5
