,reject,pvals,pvals_corrected,tstats,effectsize,alpha,alpha_corrected,step,dimension_step
0,True,2.0505792288882498e-58,8.202316915552999e-58,35.4927289320508,5.032089226154091,0.05,0.0125,0,1-2
1,True,6.053095383113412e-16,1.8159286149340238e-15,9.521491928272635,1.3499383786718993,0.05,0.0125,1,2-3
2,False,0.9999453066517185,1.0,-4.030519798237701,-0.571439161281217,0.05,0.0125,2,3-4
3,False,0.9986233673451902,1.0,-3.0711327657875023,-0.4354191567629102,0.05,0.0125,3,4-5
