{
  "data": {
    "name": "normal-3-60",
    "n_dimension": 3,
    "distance": "euclidean",
    "subject": null,
    "n_objects": 60,
    "n_train_triplets": 1473,
    "n_test_triplets": 10000,
    "frac_train_ndlogn": 1.9986919051317067,
    "frac_train_triplets": 0.01434833430742256,
    "max_train_score": 0.670061099796334,
    "max_test_score": 0.6736,
    "noise_sd": 2.0,
    "distance_sd": 1.03346712343967,
    "distance_mean": 2.235740761345698,
    "difference_sd": 0.8907788540691123,
    "difference_mean": -0.09742088989747143
  },
  "n_repeats": 10,
  "n_splits": 10,
  "embedding_method": "soe",
  "embedding_dimension": [
    1,
    2,
    3,
    4,
    5
  ],
  "random_state": 1497075415,
  "alpha": 0.05
}