,reject,pvals,pvals_corrected,tstats,effectsize,alpha,alpha_corrected,step,dimension_step
0,True,2.8626548329662837e-24,1.1450619331865135e-23,13.39937735762822,1.8997373396556705,0.05,0.0125,0,1-2
1,True,5.685679329646271e-06,1.7057037988938814e-05,4.624393074162127,0.6556373450613748,0.05,0.0125,1,2-3
2,False,0.6989175732404573,1.0,-0.5229682456993647,-0.0741454082001584,0.05,0.0125,2,3-4
3,False,0.9999878531101173,1.0,-4.430554354725232,-0.6281552730697485,0.05,0.0125,3,4-5
