{
  "data": {
    "name": "normal-3-60",
    "n_dimension": 3,
    "distance": "euclidean",
    "subject": null,
    "n_objects": 60,
    "n_train_triplets": 2947,
    "n_test_triplets": 10000,
    "frac_train_ndlogn": 3.998740695467169,
    "frac_train_triplets": 0.028706409507110852,
    "max_train_score": 0.8693586698337292,
    "max_test_score": 0.8752,
    "noise_sd": 0.5,
    "distance_sd": 1.0354665561326746,
    "distance_mean": 2.289672831786178,
    "difference_sd": 0.9133488328937354,
    "difference_mean": -0.15274073263287097
  },
  "n_repeats": 10,
  "n_splits": 10,
  "embedding_method": "soe",
  "embedding_dimension": [
    1,
    2,
    3,
    4,
    5
  ],
  "random_state": 3725291727,
  "alpha": 0.05
}