,reject,pvals,pvals_corrected,tstats,effectsize,alpha,alpha_corrected,step,dimension_step
0,True,0.0054177576798185205,0.021671030719274082,2.597037061546706,0.36820280126532806,0.05,0.0125,0,1-2
1,False,0.8122483113690069,1.0,-0.8902249454308147,-0.1262143399943177,0.05,0.0125,1,2-3
2,False,0.278539915691032,0.8356197470730959,0.5891841634669951,0.08353337064836301,0.05,0.0125,2,3-4
3,False,0.6852024719286758,1.0,-0.4838016838651839,-0.06859245017857042,0.05,0.0125,3,4-5
