,reject,pvals,pvals_corrected,tstats,effectsize,alpha,alpha_corrected,step,dimension_step
0,True,7.067323501023775e-22,2.82692940040951e-21,12.262520646013003,1.7385560334463892,0.05,0.0125,0,1-2
1,True,0.008525414446389105,0.025576243339167314,2.426576203135035,0.3440351963810567,0.05,0.0125,1,2-3
2,False,0.9999999999116944,1.0,-7.117294674206095,-1.009076025627736,0.05,0.0125,2,3-4
3,False,0.995980124407826,1.0,-2.7051388425089824,-0.38352925892795975,0.05,0.0125,3,4-5
