,reject,pvals,pvals_corrected,tstats,effectsize,alpha,alpha_corrected,step,dimension_step
0,True,3.916960658381197e-30,1.1750881975143592e-29,16.323310220314443,2.314286783979592,0.05,0.0125,0,1-2
1,True,3.975947358402656e-35,1.5903789433610624e-34,19.0176599864728,2.696286388905233,0.05,0.0125,1,2-3
2,False,1.0,1.0,-10.639628991988443,-1.5084656500592217,0.05,0.0125,2,3-4
3,False,0.851463146253982,1.0,-1.048254629171382,-0.14861947740952908,0.05,0.0125,3,4-5
