,reject,pvals,pvals_corrected,tstats,effectsize,alpha,alpha_corrected,step,dimension_step
0,True,2.0280463494907883e-64,8.112185397963153e-64,41.19745532411021,5.840894101952644,0.05,0.0125,0,1-2
1,True,5.753008985662588e-49,1.7259026956987763e-48,27.872956773650532,3.951772932148028,0.05,0.0125,1,2-3
2,False,0.9997288043337111,1.0,-3.57555408094715,-0.5069350176683026,0.05,0.0125,2,3-4
3,False,0.9996889045429895,1.0,-3.534818076568856,-0.5011595471728945,0.05,0.0125,3,4-5
