,reject,pvals,pvals_corrected,tstats,effectsize,alpha,alpha_corrected,step,dimension_step
0,True,3.621060565024689e-29,1.4484242260098755e-28,15.825709684762122,2.2437379597774556,0.05,0.0125,0,1-2
1,True,1.9823824504495072e-19,5.947147351348522e-19,11.122465073867971,1.576921199089445,0.05,0.0125,1,2-3
2,False,0.9999997109012474,1.0,-5.345865296321879,-0.7579262562085,0.05,0.0125,2,3-4
3,False,0.9999995518936237,1.0,-5.243033041157959,-0.7433469015383606,0.05,0.0125,3,4-5
