{
  "data": {
    "name": "normal-3-60",
    "n_dimension": 3,
    "distance": "euclidean",
    "subject": null,
    "n_objects": 60,
    "n_train_triplets": 2947,
    "n_test_triplets": 10000,
    "frac_train_ndlogn": 3.998740695467169,
    "frac_train_triplets": 0.028706409507110852,
    "max_train_score": 0.6749236511706821,
    "max_test_score": 0.6799,
    "noise_sd": 2.0,
    "distance_sd": 1.0391213513996225,
    "distance_mean": 2.385361843929222,
    "difference_sd": 0.9304203562119339,
    "difference_mean": -0.07139257900782404
  },
  "n_repeats": 10,
  "n_splits": 10,
  "embedding_method": "soe",
  "embedding_dimension": [
    1,
    2,
    3,
    4,
    5
  ],
  "random_state": 3670919673,
  "alpha": 0.05
}