{
  "data": {
    "name": "normal-3-60",
    "n_dimension": 3,
    "distance": "euclidean",
    "subject": null,
    "n_objects": 60,
    "n_train_triplets": 5895,
    "n_test_triplets": 10000,
    "frac_train_ndlogn": 7.998838276138094,
    "frac_train_triplets": 0.05742255990648743,
    "max_train_score": 0.788125530110263,
    "max_test_score": 0.7819,
    "noise_sd": 1.0,
    "distance_sd": 1.037499770828879,
    "distance_mean": 2.3433467577509584,
    "difference_sd": 0.9019209921192937,
    "difference_mean": -0.1353816857237701
  },
  "n_repeats": 10,
  "n_splits": 10,
  "embedding_method": "soe",
  "embedding_dimension": [
    1,
    2,
    3,
    4,
    5
  ],
  "random_state": 3330887545,
  "alpha": 0.05
}