,reject,pvals,pvals_corrected,tstats,effectsize,alpha,alpha_corrected,step,dimension_step
0,True,5.896071903932399e-37,1.76882157117972e-36,20.06162829740304,2.8442981605538886,0.05,0.0125,0,1-2
1,True,1.7003849164909407e-47,6.801539665963763e-47,26.81525539487398,3.801814113179236,0.05,0.0125,1,2-3
2,False,0.9999990222090802,1.0,-5.057370160952169,-0.7170239839354645,0.05,0.0125,2,3-4
3,False,0.9999999999999951,1.0,-9.105976307993975,-1.2910273921398145,0.05,0.0125,3,4-5
