,reject,pvals,pvals_corrected,tstats,effectsize,alpha,alpha_corrected,step,dimension_step
0,True,2.8997279990960477e-18,1.1598911996384191e-17,10.58549189563075,1.5007901991284591,0.05,0.0125,0,1-2
1,True,1.2182883636087107e-05,3.654865090826132e-05,4.4297892418932,0.6280467968788579,0.05,0.0125,1,2-3
2,False,0.9999400355657774,1.0,-4.005275383333611,-0.5678600578399846,0.05,0.0125,2,3-4
3,False,0.9347851772235153,1.0,-1.5250713708906019,-0.2162216162433363,0.05,0.0125,3,4-5
