,reject,pvals,pvals_corrected,tstats,effectsize,alpha,alpha_corrected,step,dimension_step
0,True,3.619377928209772e-34,1.0858133784629317e-33,18.48304736986318,2.6204900647240854,0.05,0.0125,0,1-2
1,True,1.7976894760965195e-38,7.190757904386078e-38,20.952740993549455,2.9706383640967666,0.05,0.0125,1,2-3
2,False,0.9991368213218268,1.0,-3.221469780986481,-0.4567336427784332,0.05,0.0125,2,3-4
3,False,0.9999999927297231,1.0,-6.176827534832294,-0.8757384462983179,0.05,0.0125,3,4-5
