,reject,pvals,pvals_corrected,tstats,effectsize,alpha,alpha_corrected,step,dimension_step
0,True,3.832522309176445e-29,1.533008923670578e-28,15.813101756362634,2.241950432512797,0.05,0.0125,0,1-2
1,True,2.581588816893981e-22,7.7447664506819435e-22,12.46844843221831,1.7677520695222102,0.05,0.0125,1,2-3
2,False,1.0,1.0,-10.63353399324346,-1.5076015131376352,0.05,0.0125,2,3-4
3,False,0.9999863016253826,1.0,-4.399408290715693,-0.6237394454381352,0.05,0.0125,3,4-5
