,reject,pvals,pvals_corrected,tstats,effectsize,alpha,alpha_corrected,step,dimension_step
0,True,6.1711809151698194e-18,2.4684723660679278e-17,10.434762638378979,1.4794201018069788,0.05,0.0125,0,1-2
1,False,0.08808434925611604,0.2642530477683481,1.3623824254185528,0.19315589787348186,0.05,0.0125,1,2-3
2,False,0.9999738843502812,1.0,-4.229912047763624,-0.5997086018344896,0.05,0.0125,2,3-4
3,False,0.999204150860622,1.0,-3.24714149241915,-0.46037332748018106,0.05,0.0125,3,4-5
