,reject,pvals,pvals_corrected,tstats,effectsize,alpha,alpha_corrected,step,dimension_step
0,True,6.916973971024271e-20,2.7667895884097084e-19,11.334036683663602,1.606917405361746,0.05,0.0125,0,1-2
1,False,0.99994939303701,1.0,-4.051748824448092,-0.5744489708193781,0.05,0.0125,1,2-3
2,False,0.9999999851675638,1.0,-6.019927671249665,-0.8534934925605897,0.05,0.0125,2,3-4
3,False,0.9559044123740953,1.0,-1.7220072947364482,-0.24414280377796088,0.05,0.0125,3,4-5
