,reject,pvals,pvals_corrected,tstats,effectsize,alpha,alpha_corrected,step,dimension_step
0,True,6.279627224592289e-27,2.5118508898369156e-26,14.697737759524966,2.08381632108755,0.05,0.0125,0,1-2
1,True,4.749789189701126e-18,1.4249367569103377e-17,10.486990449224715,1.486824857997059,0.05,0.0125,1,2-3
2,False,0.9967016740748482,1.0,-2.775185677290217,-0.3934603612476392,0.05,0.0125,2,3-4
3,False,0.9999376637266942,1.0,-3.994602343463563,-0.5663468552614169,0.05,0.0125,3,4-5
