,reject,pvals,pvals_corrected,tstats,effectsize,alpha,alpha_corrected,step,dimension_step
0,True,6.586053218501795e-20,2.634421287400718e-19,11.3439010433019,1.6083159548492714,0.05,0.0125,0,1-2
1,True,0.0010069444435125464,0.0030208333305376395,3.172387983238217,0.4497749221311098,0.05,0.0125,1,2-3
2,False,0.5660926256988599,1.0,-0.16686738740672322,-0.023658129640394904,0.05,0.0125,2,3-4
3,False,0.9859364436537856,1.0,-2.228240734513792,-0.31591558414374793,0.05,0.0125,3,4-5
