,reject,pvals,pvals_corrected,tstats,effectsize,alpha,alpha_corrected,step,dimension_step
0,True,1.1370659315983165e-30,4.548263726393266e-30,16.603119092452403,2.3539575349540622,0.05,0.0125,0,1-2
1,True,6.066728503744622e-18,1.8200185511233866e-17,10.438167763864222,1.479902873793906,0.05,0.0125,1,2-3
2,False,1.0,1.0,-10.223414998254468,-1.4494556495136737,0.05,0.0125,2,3-4
3,False,0.9993488145764395,1.0,-3.309979422552027,-0.46928236549246904,0.05,0.0125,3,4-5
