,reject,pvals,pvals_corrected,tstats,effectsize,alpha,alpha_corrected,step,dimension_step
0,True,1.6619288334082448e-30,6.647715333632979e-30,16.517021583886997,2.341750799707524,0.05,0.0125,0,1-2
1,True,2.4758920118111265e-24,7.42767603543338e-24,13.429701847537917,1.9040366861290101,0.05,0.0125,1,2-3
2,False,0.9999999999999999,1.0,-9.836153681945701,-1.3945505025683838,0.05,0.0125,2,3-4
3,False,0.9999521384053918,1.0,-4.066954447234969,-0.5766047940796659,0.05,0.0125,3,4-5
