,reject,pvals,pvals_corrected,tstats,effectsize,alpha,alpha_corrected,step,dimension_step
0,True,3.257239796323015e-10,9.771719388969044e-10,6.843567018699713,0.9702674575739497,0.05,0.0125,0,1-2
1,True,9.491969453296001e-15,3.7967877813184004e-14,8.972816638491247,1.2721482763765342,0.05,0.0125,1,2-3
2,False,0.9999999954957547,1.0,-6.281291597535536,-0.8905491554285074,0.05,0.0125,2,3-4
3,False,0.9999998354138326,1.0,-5.476633553759229,-0.7764663222776157,0.05,0.0125,3,4-5
