,reject,pvals,pvals_corrected,tstats,effectsize,alpha,alpha_corrected,step,dimension_step
0,True,8.195071231243476e-42,3.2780284924973905e-41,23.006234025691537,3.26177856305998,0.05,0.0125,0,1-2
1,True,3.4377885655694785e-24,1.0313365696708435e-23,13.361157785661128,1.8943186439929047,0.05,0.0125,1,2-3
2,False,0.9996714944731483,1.0,-3.5185713579972817,-0.4988561194020715,0.05,0.0125,2,3-4
3,False,0.9999998696043834,1.0,-5.530250481090746,-0.7840680246680106,0.05,0.0125,3,4-5
