,reject,pvals,pvals_corrected,tstats,effectsize,alpha,alpha_corrected,step,dimension_step
0,True,1.8243810044495164e-43,7.297524017798066e-43,24.070595156902492,3.4126815886164983,0.05,0.0125,0,1-2
1,True,9.86067008623457e-41,2.958201025870371e-40,22.32822643849647,3.1656519822803855,0.05,0.0125,1,2-3
2,False,0.999999999893618,1.0,-7.078434481589147,-1.0035665040305553,0.05,0.0125,2,3-4
3,False,0.9999999995873626,1.0,-6.793603445044232,-0.9631837204746346,0.05,0.0125,3,4-5
