,reject,pvals,pvals_corrected,tstats,effectsize,alpha,alpha_corrected,step,dimension_step
0,True,9.186196092254595e-17,3.674478436901838e-16,9.896791468446317,1.4031476085483647,0.05,0.0125,0,1-2
1,True,4.784730843401834e-08,1.4354192530205504e-07,5.75839514364336,0.8164139257294208,0.05,0.0125,1,2-3
2,False,0.9999999966920234,1.0,-6.348288035581822,-0.9000477785050491,0.05,0.0125,2,3-4
3,False,0.9998305825284145,1.0,-3.7129420552348797,-0.5264136141588676,0.05,0.0125,3,4-5
