,reject,pvals,pvals_corrected,tstats,effectsize,alpha,alpha_corrected,step,dimension_step
0,True,1.5755825294400904e-18,6.302330117760362e-18,10.707349457311185,1.518066924297478,0.05,0.0125,0,1-2
1,True,0.0006891943090582068,0.0020675829271746206,3.2922923737094085,0.4667747305316918,0.05,0.0125,1,2-3
2,False,0.8283368722848196,1.0,-0.9521768643033953,-0.13499776107459338,0.05,0.0125,2,3-4
3,False,0.9999999999998099,1.0,-8.372214172618156,-1.1869960412945941,0.05,0.0125,3,4-5
