,reject,pvals,pvals_corrected,tstats,effectsize,alpha,alpha_corrected,step,dimension_step
0,True,9.095708409634726e-25,2.7287125228904175e-24,13.639480838825476,1.9337787384787335,0.05,0.0125,0,1-2
1,True,1.693876756279582e-26,6.775507025118327e-26,14.484454544428194,2.0535774467856425,0.05,0.0125,1,2-3
2,False,1.0,1.0,-11.826630556101051,-1.6767563947251034,0.05,0.0125,2,3-4
3,False,0.9893286513201811,1.0,-2.3390437259823864,-0.33162501411353695,0.05,0.0125,3,4-5
