,reject,pvals,pvals_corrected,tstats,effectsize,alpha,alpha_corrected,step,dimension_step
0,True,5.847438920482817e-43,1.754231676144845e-42,23.741177779641415,3.365977441460135,0.05,0.0125,0,1-2
1,True,7.978090859590783e-45,3.1912363438363133e-44,24.97192109839498,3.5404698059756265,0.05,0.0125,1,2-3
2,False,0.9999999472757399,1.0,-5.736489597404148,-0.8133082005135777,0.05,0.0125,2,3-4
3,False,0.999770609533652,1.0,-3.62483136419085,-0.5139214538642763,0.05,0.0125,3,4-5
