{
  "data": {
    "name": "normal-3-60",
    "n_dimension": 3,
    "distance": "euclidean",
    "subject": null,
    "n_objects": 60,
    "n_train_triplets": 5895,
    "n_test_triplets": 10000,
    "frac_train_ndlogn": 7.998838276138094,
    "frac_train_triplets": 0.05742255990648743,
    "max_train_score": 0.6844783715012722,
    "max_test_score": 0.6772,
    "noise_sd": 2.0,
    "distance_sd": 1.032078929172213,
    "distance_mean": 2.1975808016470677,
    "difference_sd": 0.8889959652711079,
    "difference_mean": -0.09405073370422509
  },
  "n_repeats": 10,
  "n_splits": 10,
  "embedding_method": "soe",
  "embedding_dimension": [
    1,
    2,
    3,
    4,
    5
  ],
  "random_state": 2199606301,
  "alpha": 0.05
}