,reject,pvals,pvals_corrected,tstats,effectsize,alpha,alpha_corrected,step,dimension_step
0,True,5.435429340168399e-09,2.1741717360673597e-08,6.240371216380641,0.8847475443567332,0.05,0.0125,0,1-2
1,False,0.7466050595655764,1.0,-0.6662673433199232,-0.09446207211840817,0.05,0.0125,1,2-3
2,False,0.9958329189702002,1.0,-2.6922704160284296,-0.3817047987582637,0.05,0.0125,2,3-4
3,False,0.9047271426805703,1.0,-1.3179985269885452,-0.1868632361417807,0.05,0.0125,3,4-5
