,reject,pvals,pvals_corrected,tstats,effectsize,alpha,alpha_corrected,step,dimension_step
0,True,1.799430855937808e-49,7.197723423751233e-49,28.243317523689566,4.0042819500832145,0.05,0.0125,0,1-2
1,True,1.1886096104883533e-29,3.56582883146506e-29,16.07407656158299,2.2789509265621883,0.05,0.0125,1,2-3
2,False,0.9999991532875452,1.0,-5.091881141461348,-0.7219168828031939,0.05,0.0125,2,3-4
3,False,0.9999999999526755,1.0,-7.247019001286315,-1.0274680853062181,0.05,0.0125,3,4-5
