,reject,pvals,pvals_corrected,tstats,effectsize,alpha,alpha_corrected,step,dimension_step
0,True,4.199016350235998e-09,1.6796065400943993e-08,6.296545154041075,0.8927117746370502,0.05,0.0125,0,1-2
1,True,0.0003234799291268806,0.0009704397873806417,3.5231760266851344,0.4995089602624773,0.05,0.0125,1,2-3
2,False,0.9994039270857645,1.0,-3.3374249963937452,-0.4731735449140044,0.05,0.0125,2,3-4
3,False,0.9999997613479586,1.0,-5.390552405882815,-0.76426190661735,0.05,0.0125,3,4-5
