{
  "data": {
    "name": "normal-3-60",
    "n_dimension": 3,
    "distance": "euclidean",
    "subject": null,
    "n_objects": 60,
    "n_train_triplets": 5895,
    "n_test_triplets": 10000,
    "frac_train_ndlogn": 7.998838276138094,
    "frac_train_triplets": 0.05742255990648743,
    "max_train_score": 0.8744698897370653,
    "max_test_score": 0.8805,
    "noise_sd": 0.5,
    "distance_sd": 1.037903322886258,
    "distance_mean": 2.353866709305173,
    "difference_sd": 0.9156358770330548,
    "difference_mean": -0.15048211248133495
  },
  "n_repeats": 10,
  "n_splits": 10,
  "embedding_method": "soe",
  "embedding_dimension": [
    1,
    2,
    3,
    4,
    5
  ],
  "random_state": 2612207589,
  "alpha": 0.05
}