,reject,pvals,pvals_corrected,tstats,effectsize,alpha,alpha_corrected,step,dimension_step
0,True,3.450992595581213e-21,1.380397038232485e-20,11.939770501842323,1.6927971534704302,0.05,0.0125,0,1-2
1,True,2.0973324597522326e-09,6.291997379256698e-09,6.4467031773005905,0.9140008835278143,0.05,0.0125,1,2-3
2,False,0.9999932733320689,1.0,-4.581870943418964,-0.6496086410866697,0.05,0.0125,2,3-4
3,False,0.998310231738395,1.0,-3.0035209897660065,-0.42583329227978567,0.05,0.0125,3,4-5
