,reject,pvals,pvals_corrected,tstats,effectsize,alpha,alpha_corrected,step,dimension_step
0,True,1.322872020288205e-34,5.29148808115282e-34,18.725607435727923,2.654879753284521,0.05,0.0125,0,1-2
1,True,2.4594482761411257e-20,7.378344828423377e-20,11.542372901155854,1.6364549040834564,0.05,0.0125,1,2-3
2,False,1.0,1.0,-9.988048210758139,-1.4160858097974256,0.05,0.0125,2,3-4
3,False,0.9952390660637017,1.0,-2.644225729933441,-0.3748931177591667,0.05,0.0125,3,4-5
