{
  "data": {
    "name": "normal-3-60",
    "n_dimension": 3,
    "distance": "euclidean",
    "subject": null,
    "n_objects": 60,
    "n_train_triplets": 5895,
    "n_test_triplets": 10000,
    "frac_train_ndlogn": 7.998838276138094,
    "frac_train_triplets": 0.05742255990648743,
    "max_train_score": 0.7874469889737066,
    "max_test_score": 0.7883,
    "noise_sd": 1.0,
    "distance_sd": 1.0414903692807382,
    "distance_mean": 2.445559752347205,
    "difference_sd": 0.9299977148719085,
    "difference_mean": -0.11308883827832578
  },
  "n_repeats": 10,
  "n_splits": 10,
  "embedding_method": "soe",
  "embedding_dimension": [
    1,
    2,
    3,
    4,
    5
  ],
  "random_state": 695057264,
  "alpha": 0.05
}