,reject,pvals,pvals_corrected,tstats,effectsize,alpha,alpha_corrected,step,dimension_step
0,True,2.999746146383597e-44,1.1998984585534388e-43,24.587586881411205,3.485979657409452,0.05,0.0125,0,1-2
1,True,6.305282163504618e-32,1.8915846490513855e-31,17.266394445121787,2.447995408528984,0.05,0.0125,1,2-3
2,False,0.999998131788706,1.0,-4.900563668160243,-0.694792268124604,0.05,0.0125,2,3-4
3,False,0.9995574691049738,1.0,-3.428778200704874,-0.4861254223554024,0.05,0.0125,3,4-5
