,reject,pvals,pvals_corrected,tstats,effectsize,alpha,alpha_corrected,step,dimension_step
0,True,1.0421316190635544e-41,4.1685264762542177e-41,22.940128544539302,3.2524062580976674,0.05,0.0125,0,1-2
1,True,1.4696621933462205e-27,4.4089865800386616e-27,15.012032926846624,2.128376471092906,0.05,0.0125,1,2-3
2,False,0.9999998955907848,1.0,-5.581197335520607,-0.7912911693795304,0.05,0.0125,2,3-4
3,False,0.9999972403228986,1.0,-4.804759724069347,-0.6812093735603171,0.05,0.0125,3,4-5
