,reject,pvals,pvals_corrected,tstats,effectsize,alpha,alpha_corrected,step,dimension_step
0,True,9.889765525581625e-05,0.000395590621023265,3.866205810998416,0.5481430476891577,0.05,0.0125,0,1-2
1,False,0.018217136637539988,0.054651409912619964,2.1208311982080286,0.30068727156555225,0.05,0.0125,1,2-3
2,False,0.9993615683244362,1.0,-3.316131494735954,-0.47015459417385697,0.05,0.0125,2,3-4
3,False,0.9954254644699843,1.0,-2.6586912520378925,-0.3769440110018887,0.05,0.0125,3,4-5
