,reject,pvals,pvals_corrected,tstats,effectsize,alpha,alpha_corrected,step,dimension_step
0,True,3.6016656674891296e-41,1.4406662669956518e-40,22.601070322187923,3.2043352509063148,0.05,0.0125,0,1-2
1,True,4.6177926182709187e-32,1.3853377854812757e-31,17.338597631870975,2.4582322341850267,0.05,0.0125,1,2-3
2,False,0.9999933949515382,1.0,-4.5864963931656275,-0.650264428244678,0.05,0.0125,2,3-4
3,False,0.9999999999974757,1.0,-7.848942380026445,-1.1128075968136941,0.05,0.0125,3,4-5
