,reject,pvals,pvals_corrected,tstats,effectsize,alpha,alpha_corrected,step,dimension_step
0,True,3.371221328038132e-25,1.0113663984114397e-24,13.84841424286226,1.9634009051329235,0.05,0.0125,0,1-2
1,True,3.146955066772161e-28,1.2587820267088645e-27,15.3484592005088,2.1760743257811614,0.05,0.0125,1,2-3
2,False,0.9999999998936137,1.0,-7.078425830650702,-1.0035652775175354,0.05,0.0125,2,3-4
3,False,0.9999999992392581,1.0,-6.663814127940131,-0.944782446638526,0.05,0.0125,3,4-5
