{
  "data": {
    "name": "normal-3-60",
    "n_dimension": 3,
    "distance": "euclidean",
    "subject": null,
    "n_objects": 60,
    "n_train_triplets": 5895,
    "n_test_triplets": 10000,
    "frac_train_ndlogn": 7.998838276138094,
    "frac_train_triplets": 0.05742255990648743,
    "max_train_score": 0.675657336726039,
    "max_test_score": 0.6791,
    "noise_sd": 2.0,
    "distance_sd": 1.0375509493468111,
    "distance_mean": 2.344683285706412,
    "difference_sd": 0.9199334060015644,
    "difference_mean": -0.08330329927591686
  },
  "n_repeats": 10,
  "n_splits": 10,
  "embedding_method": "soe",
  "embedding_dimension": [
    1,
    2,
    3,
    4,
    5
  ],
  "random_state": 888939027,
  "alpha": 0.05
}