,reject,pvals,pvals_corrected,tstats,effectsize,alpha,alpha_corrected,step,dimension_step
0,True,6.728302100619832e-14,2.0184906301859497e-13,8.580886413040142,1.2165811806856848,0.05,0.0125,0,1-2
1,True,1.191064242633081e-15,4.764256970532324e-15,9.386706742909746,1.3308288004704527,0.05,0.0125,1,2-3
2,False,0.999292414174273,1.0,-3.2840596325592513,-0.4656075087009125,0.05,0.0125,2,3-4
3,False,0.9999939760466519,1.0,-4.609801681179282,-0.6535686060933422,0.05,0.0125,3,4-5
