{
  "data": {
    "name": "normal-3-60",
    "n_dimension": 3,
    "distance": "euclidean",
    "subject": null,
    "n_objects": 60,
    "n_train_triplets": 5895,
    "n_test_triplets": 10000,
    "frac_train_ndlogn": 7.998838276138094,
    "frac_train_triplets": 0.05742255990648743,
    "max_train_score": 0.7820186598812553,
    "max_test_score": 0.7793,
    "noise_sd": 1.0,
    "distance_sd": 1.0349816484146765,
    "distance_mean": 2.276700918892916,
    "difference_sd": 0.903133018641927,
    "difference_mean": -0.1365498374423938
  },
  "n_repeats": 10,
  "n_splits": 10,
  "embedding_method": "soe",
  "embedding_dimension": [
    1,
    2,
    3,
    4,
    5
  ],
  "random_state": 1524797445,
  "alpha": 0.05
}