,reject,pvals,pvals_corrected,tstats,effectsize,alpha,alpha_corrected,step,dimension_step
0,True,1.4708957650691235e-23,5.883583060276494e-23,13.058830506572445,1.8514552776175783,0.05,0.0125,0,1-2
1,True,9.386371789632343e-19,2.8159115368897028e-18,10.81091729540254,1.5327505684667757,0.05,0.0125,1,2-3
2,False,0.9891323551365416,1.0,-2.3318384947470614,-0.33060347061541256,0.05,0.0125,2,3-4
3,False,0.9998849634249245,1.0,-3.823563341623005,-0.5420972823401079,0.05,0.0125,3,4-5
