,reject,pvals,pvals_corrected,tstats,effectsize,alpha,alpha_corrected,step,dimension_step
0,True,1.3908493098380079e-09,4.172547929514024e-09,6.5349470354951915,0.92651192399882,0.05,0.0125,0,1-2
1,True,3.102369445326419e-11,1.2409477781305676e-10,7.334477559253608,1.039867787457178,0.05,0.0125,1,2-3
2,False,0.9999999605599134,1.0,-5.801895441449185,-0.8225813123043516,0.05,0.0125,2,3-4
3,False,0.9928872325756869,1.0,-2.4956520862688434,-0.35382863908787626,0.05,0.0125,3,4-5
