,reject,pvals,pvals_corrected,tstats,effectsize,alpha,alpha_corrected,step,dimension_step
0,True,1.1764438083713144e-06,4.705775233485258e-06,5.012841438816314,0.7107107893838925,0.05,0.0125,0,1-2
1,False,0.31425049586622184,0.9427514875986656,0.48534922670530034,0.0688118577554764,0.05,0.0125,1,2-3
2,False,0.9937296838484839,1.0,-2.5429517815397897,-0.3605346967547571,0.05,0.0125,2,3-4
3,False,0.8342903046664831,1.0,-0.9760485704943098,-0.1383822445772057,0.05,0.0125,3,4-5
