,reject,pvals,pvals_corrected,tstats,effectsize,alpha,alpha_corrected,step,dimension_step
0,True,3.1503498559297427e-19,1.260139942371897e-18,11.029550861599638,1.5637480050133519,0.05,0.0125,0,1-2
1,False,0.9998727255984518,1.0,-3.7948748231055225,-0.5380298806696834,0.05,0.0125,1,2-3
2,False,0.9843468101498016,1.0,-2.1842284183486984,-0.3096756046139559,0.05,0.0125,2,3-4
3,False,0.9995124475363837,1.0,-3.3992421783360105,-0.4819378632575842,0.05,0.0125,3,4-5
