,reject,pvals,pvals_corrected,tstats,effectsize,alpha,alpha_corrected,step,dimension_step
0,True,1.6518279907818318e-20,6.607311963127327e-20,11.622731255139279,1.6478479532932147,0.05,0.0125,0,1-2
1,False,0.03895020163010595,0.11685060489031784,1.7814809712263167,0.2525748645326409,0.05,0.0125,1,2-3
2,False,0.3184663365646928,0.6369326731293856,0.4734525852105276,0.06712517534771134,0.05,0.0125,2,3-4
3,False,0.9999999499360746,0.9999999499360746,-5.748179284317335,-0.8149655413082396,0.05,0.0125,3,4-5
