{
  "data": {
    "name": "normal-3-60",
    "n_dimension": 3,
    "distance": "euclidean",
    "subject": null,
    "n_objects": 60,
    "n_train_triplets": 1473,
    "n_test_triplets": 10000,
    "frac_train_ndlogn": 1.9986919051317067,
    "frac_train_triplets": 0.01434833430742256,
    "max_train_score": 0.8845892735913102,
    "max_test_score": 0.877,
    "noise_sd": 0.5,
    "distance_sd": 1.0399748343995436,
    "distance_mean": 2.4072068976742416,
    "difference_sd": 0.9328107141652907,
    "difference_mean": -0.11601830310828141
  },
  "n_repeats": 10,
  "n_splits": 10,
  "embedding_method": "soe",
  "embedding_dimension": [
    1,
    2,
    3,
    4,
    5
  ],
  "random_state": 325926360,
  "alpha": 0.05
}