,reject,pvals,pvals_corrected,tstats,effectsize,alpha,alpha_corrected,step,dimension_step
0,True,9.270521835173573e-25,3.708208734069429e-24,13.635483379111426,1.9332119865110962,0.05,0.0125,0,1-2
1,True,2.053071912036592e-14,6.159215736109776e-14,8.818635011688515,1.2502887088975083,0.05,0.0125,1,2-3
2,False,0.9976405269170291,1.0,-2.891095326230312,-0.40989380305921125,0.05,0.0125,2,3-4
3,False,0.9999999999994227,1.0,-8.14813268957356,-1.155226209823814,0.05,0.0125,3,4-5
