,reject,pvals,pvals_corrected,tstats,effectsize,alpha,alpha_corrected,step,dimension_step
0,True,1.4394922754145551e-58,5.7579691016582206e-58,35.62967060121284,5.051504546382668,0.05,0.0125,0,1-2
1,True,3.877229935943661e-40,1.1631689807830984e-39,21.96087722127396,3.1135699335385025,0.05,0.0125,1,2-3
2,False,0.9954241369485873,1.0,-2.6585863554951246,-0.3769291389765864,0.05,0.0125,2,3-4
3,False,0.9999999853915249,1.0,-6.0232930262544455,-0.8539706259671013,0.05,0.0125,3,4-5
