,reject,pvals,pvals_corrected,tstats,effectsize,alpha,alpha_corrected,step,dimension_step
0,True,1.383524006586562e-47,4.150572019759686e-47,26.878773911065664,3.8108196433429318,0.05,0.0125,0,1-2
1,True,1.4603362170703688e-60,5.841344868281475e-60,37.44809280675853,5.309316866383308,0.05,0.0125,1,2-3
2,False,0.9999994810316641,1.0,-5.208359105972,-0.7384308992773997,0.05,0.0125,2,3-4
3,False,0.9999999581642625,1.0,-5.788635928727889,-0.8207014046974549,0.05,0.0125,3,4-5
