,reject,pvals,pvals_corrected,tstats,effectsize,alpha,alpha_corrected,step,dimension_step
0,True,1.6369340490102215e-16,4.910802147030665e-16,9.781802260456896,1.386844665042518,0.05,0.0125,0,1-2
1,True,2.624734936688519e-33,1.0498939746754076e-32,18.010681136909543,2.553518910260431,0.05,0.0125,1,2-3
2,False,0.9999999999999959,1.0,-9.137237031258012,-1.2954594759347773,0.05,0.0125,2,3-4
3,False,0.9999999999999184,1.0,-8.542073224369387,-1.2110783232154487,0.05,0.0125,3,4-5
