,reject,pvals,pvals_corrected,tstats,effectsize,alpha,alpha_corrected,step,dimension_step
0,True,1.4538394798631645e-26,5.815357919452658e-26,14.517224114698816,2.0582234519384213,0.05,0.0125,0,1-2
1,True,6.263499691835869e-05,0.0001879049907550761,3.9932857701234177,0.5661601940854597,0.05,0.0125,1,2-3
2,False,0.9999999942444663,1.0,-6.227889743568255,-0.8829779457162347,0.05,0.0125,2,3-4
3,False,0.9999937477946735,1.0,-4.600398024823225,-0.6522353742100919,0.05,0.0125,3,4-5
