,reject,pvals,pvals_corrected,tstats,effectsize,alpha,alpha_corrected,step,dimension_step
0,True,4.623693981300795e-21,1.849477592520318e-20,11.880420777287336,1.684382666377028,0.05,0.0125,0,1-2
1,True,1.395217316225911e-12,4.185651948677733e-12,7.969448698374971,1.1298927453635854,0.05,0.0125,1,2-3
2,False,0.6573118198174079,1.0,-0.4063310790175528,-0.05760882035557951,0.05,0.0125,2,3-4
3,False,0.9998768160853664,1.0,-3.8041600889354448,-0.5393463273772381,0.05,0.0125,3,4-5
