,reject,pvals,pvals_corrected,tstats,effectsize,alpha,alpha_corrected,step,dimension_step
0,True,0.0013407470765620854,0.005362988306248342,3.079772461158071,0.43664407576180503,0.05,0.0125,0,1-2
1,False,0.9999223423495537,1.0,-3.933795198941409,-0.5577257380345921,0.05,0.0125,1,2-3
2,False,0.9900968566489935,1.0,-2.368418435666858,-0.3357897026165715,0.05,0.0125,2,3-4
3,False,0.9826810746416833,1.0,-2.1421051381678793,-0.30370344888668077,0.05,0.0125,3,4-5
