{
  "data": {
    "name": "normal-3-60",
    "n_dimension": 3,
    "distance": "euclidean",
    "subject": null,
    "n_objects": 60,
    "n_train_triplets": 2947,
    "n_test_triplets": 10000,
    "frac_train_ndlogn": 3.998740695467169,
    "frac_train_triplets": 0.028706409507110852,
    "max_train_score": 0.666440447913132,
    "max_test_score": 0.6787,
    "noise_sd": 2.0,
    "distance_sd": 1.042410851020542,
    "distance_mean": 2.468589858710879,
    "difference_sd": 0.9441846859916815,
    "difference_mean": -0.07832766137944223
  },
  "n_repeats": 10,
  "n_splits": 10,
  "embedding_method": "soe",
  "embedding_dimension": [
    1,
    2,
    3,
    4,
    5
  ],
  "random_state": 3536085789,
  "alpha": 0.05
}