,reject,pvals,pvals_corrected,tstats,effectsize,alpha,alpha_corrected,step,dimension_step
0,True,1.1026120043075409e-07,4.4104480172301635e-07,5.568716881336258,0.7895217151581093,0.05,0.0125,0,1-2
1,False,0.08399553495311571,0.2519866048593471,1.3888626686321306,0.19691021461920427,0.05,0.0125,1,2-3
2,False,0.9564432805815775,1.0,-1.7279600082956954,-0.24498676778606,0.05,0.0125,2,3-4
3,False,0.9925382420035611,1.0,-2.4775173447797947,-0.3512575311451527,0.05,0.0125,3,4-5
