,reject,pvals,pvals_corrected,tstats,effectsize,alpha,alpha_corrected,step,dimension_step
0,True,5.89692960391962e-57,2.358771841567848e-56,34.21495149930755,4.850928457562872,0.05,0.0125,0,1-2
1,True,4.7353971308898206e-52,1.4206191392669463e-51,30.19724700344553,4.281306224620358,0.05,0.0125,1,2-3
2,False,0.9999999997189719,1.0,-6.874686845981713,-0.97467956541399,0.05,0.0125,2,3-4
3,False,0.9990510040340137,1.0,-3.191332300382059,-0.452460810116192,0.05,0.0125,3,4-5
