,reject,pvals,pvals_corrected,tstats,effectsize,alpha,alpha_corrected,step,dimension_step
0,True,4.826228334042244e-14,1.9304913336168977e-13,8.647509153570821,1.2260268216642387,0.05,0.0125,0,1-2
1,False,0.4893472086196606,1.0,0.02677333344045553,0.003795870501022158,0.05,0.0125,1,2-3
2,False,0.9999703920586652,1.0,-4.196468581376623,-0.5949670530171681,0.05,0.0125,2,3-4
3,False,0.9999985957701104,1.0,-4.970033031152895,-0.7046414976310859,0.05,0.0125,3,4-5
