,reject,pvals,pvals_corrected,tstats,effectsize,alpha,alpha_corrected,step,dimension_step
0,True,4.7711568573793904e-51,1.9084627429517562e-50,29.425003440975818,4.171819052808062,0.05,0.0125,0,1-2
1,True,2.223637494617867e-38,6.6709124838536e-38,20.897756217769828,2.9628427308465635,0.05,0.0125,1,2-3
2,False,1.0,1.0,-10.114259492587816,-1.4339797968371402,0.05,0.0125,2,3-4
3,False,0.9999999962163915,1.0,-6.319163985050209,-0.8959186279631827,0.05,0.0125,3,4-5
