,reject,pvals,pvals_corrected,tstats,effectsize,alpha,alpha_corrected,step,dimension_step
0,True,4.066250673894384e-37,1.6265002695577537e-36,20.15535095878919,2.857585974954146,0.05,0.0125,0,1-2
1,True,1.7384108424705098e-30,5.2152325274115294e-30,16.506828955432333,2.3403057089135446,0.05,0.0125,1,2-3
2,False,0.9999999791232065,1.0,-5.944109782587983,-0.8427441815844006,0.05,0.0125,2,3-4
3,False,0.9999997735391586,1.0,-5.402739933922776,-0.7659898303467638,0.05,0.0125,3,4-5
