,reject,pvals,pvals_corrected,tstats,effectsize,alpha,alpha_corrected,step,dimension_step
0,True,1.8668211393824635e-43,7.467284557529854e-43,24.06406017952979,3.4117550723913497,0.05,0.0125,0,1-2
1,True,8.506742627267992e-32,2.5520227881803976e-31,17.197117220688877,2.4381734200492,0.05,0.0125,1,2-3
2,False,0.9996924548329483,1.0,-3.5382362972352337,-0.5016441757688197,0.05,0.0125,2,3-4
3,False,0.9350667059556144,1.0,-1.5273344545761203,-0.216542471792471,0.05,0.0125,3,4-5
