,reject,pvals,pvals_corrected,tstats,effectsize,alpha,alpha_corrected,step,dimension_step
0,True,3.81088952225071e-27,1.524355808900284e-26,14.80553452146234,2.099099533753385,0.05,0.0125,0,1-2
1,True,1.3439829362605934e-19,4.03194880878178e-19,11.200500571113322,1.5879849182443648,0.05,0.0125,1,2-3
2,False,0.9999991666083904,1.0,-5.095675802354313,-0.7224548823532694,0.05,0.0125,2,3-4
3,False,0.8607832107183038,1.0,-1.0898302172714092,-0.1545139824319435,0.05,0.0125,3,4-5
