,reject,pvals,pvals_corrected,tstats,effectsize,alpha,alpha_corrected,step,dimension_step
0,True,4.727289969467564e-19,1.8909159877870257e-18,10.948221503135532,1.5522172887001386,0.05,0.0125,0,1-2
1,True,1.1551190985316837e-10,3.465357295595051e-10,7.061233839219972,1.0011278308218945,0.05,0.0125,1,2-3
2,False,0.999141625535107,1.0,-3.223238474675892,-0.45698440468732704,0.05,0.0125,2,3-4
3,False,0.9998789572268532,1.0,-3.809138122090383,-0.540052103116668,0.05,0.0125,3,4-5
