,reject,pvals,pvals_corrected,tstats,effectsize,alpha,alpha_corrected,step,dimension_step
0,True,1.934156436341691e-17,7.736625745366764e-17,10.207039853301469,1.4471340137033517,0.05,0.0125,0,1-2
1,True,7.446280965835821e-07,2.2338842897507465e-06,5.122583131837034,0.7262697505493384,0.05,0.0125,1,2-3
2,False,0.9999959254387742,1.0,-4.708012631073571,-0.6674927612012672,0.05,0.0125,2,3-4
3,False,0.9996951231660528,1.0,-3.5408299922985886,-0.5020119047481615,0.05,0.0125,3,4-5
