,reject,pvals,pvals_corrected,tstats,effectsize,alpha,alpha_corrected,step,dimension_step
0,True,7.492987522101609e-33,2.9971950088406434e-32,17.763262163576538,2.5184403353658746,0.05,0.0125,0,1-2
1,True,1.0531435701257688e-20,3.1594307103773064e-20,11.713709902432338,1.6607467267780585,0.05,0.0125,1,2-3
2,False,0.9999996907155858,1.0,-5.330093387216683,-0.7556901459889652,0.05,0.0125,2,3-4
3,False,0.9999737634788511,1.0,-4.228684455683286,-0.5995345562463521,0.05,0.0125,3,4-5
