,reject,pvals,pvals_corrected,tstats,effectsize,alpha,alpha_corrected,step,dimension_step
0,True,1.0594835495395726e-07,4.23793419815829e-07,5.577849582792985,0.7908165315892172,0.05,0.0125,0,1-2
1,False,0.998245355289403,1.0,-2.9909790200486785,-0.42405511650721706,0.05,0.0125,1,2-3
2,False,0.33946082934983324,1.0,0.415162041467611,0.05886085682441751,0.05,0.0125,2,3-4
3,False,0.9725357003520041,1.0,-1.9424126782025375,-0.27539144508839347,0.05,0.0125,3,4-5
