,reject,pvals,pvals_corrected,tstats,effectsize,alpha,alpha_corrected,step,dimension_step
0,True,1.1551100283306598e-66,4.620440113322639e-66,43.52920518118714,6.171485005693705,0.05,0.0125,0,1-2
1,True,1.0903145681752473e-49,3.2709437045257416e-49,28.404146200574388,4.027083923235465,0.05,0.0125,1,2-3
2,False,0.9999998950351555,1.0,-5.579983247188053,-0.791119038326166,0.05,0.0125,2,3-4
3,False,0.9999999367449119,1.0,-5.69528986391195,-0.807466983417439,0.05,0.0125,3,4-5
