,reject,pvals,pvals_corrected,tstats,effectsize,alpha,alpha_corrected,step,dimension_step
0,True,3.564725509425678e-20,1.4258902037702713e-19,11.46752738259104,1.6258434538250963,0.05,0.0125,0,1-2
1,True,9.791932023585327e-20,2.937579607075598e-19,11.264133637973064,1.5970066891762387,0.05,0.0125,1,2-3
2,False,0.9999999373855837,1.0,-5.697596621205888,-0.8077940309247863,0.05,0.0125,2,3-4
3,False,0.9999911324736279,1.0,-4.511490238951903,-0.6396302033802918,0.05,0.0125,3,4-5
