{
  "data": {
    "name": "normal-3-60",
    "n_dimension": 3,
    "distance": "euclidean",
    "subject": null,
    "n_objects": 60,
    "n_train_triplets": 1473,
    "n_test_triplets": 10000,
    "frac_train_ndlogn": 1.9986919051317067,
    "frac_train_triplets": 0.01434833430742256,
    "max_train_score": 0.8778004073319755,
    "max_test_score": 0.8855,
    "noise_sd": 0.5,
    "distance_sd": 1.0412618107523155,
    "distance_mean": 2.439810789113286,
    "difference_sd": 0.9476904555224969,
    "difference_mean": -0.1276354733683439
  },
  "n_repeats": 10,
  "n_splits": 10,
  "embedding_method": "soe",
  "embedding_dimension": [
    1,
    2,
    3,
    4,
    5
  ],
  "random_state": 3640528766,
  "alpha": 0.05
}