,reject,pvals,pvals_corrected,tstats,effectsize,alpha,alpha_corrected,step,dimension_step
0,True,8.940899036295539e-63,3.5763596145182154e-62,39.5605845877895,5.608821791801022,0.05,0.0125,0,1-2
1,True,2.580050899522834e-51,7.740152698568502e-51,29.62895461212362,4.200734848292798,0.05,0.0125,1,2-3
2,False,0.9992024005481264,1.0,-3.24644884527043,-0.4602751253311924,0.05,0.0125,2,3-4
3,False,0.9999999913326723,1.0,-6.13830172322048,-0.8702763325816804,0.05,0.0125,3,4-5
