,reject,pvals,pvals_corrected,tstats,effectsize,alpha,alpha_corrected,step,dimension_step
0,True,3.0738168970027914e-05,9.221450691008374e-05,4.1864546868350665,0.5935473027654792,0.05,0.0125,0,1-2
1,True,4.870672702225775e-06,1.94826908089031e-05,4.663327835767519,0.661157438902918,0.05,0.0125,1,2-3
2,False,0.999971386581713,1.0,-4.205588847829072,-0.596260106437853,0.05,0.0125,2,3-4
3,False,0.9991561550110281,1.0,-3.2286443769301187,-0.45775084286522016,0.05,0.0125,3,4-5
