,reject,pvals,pvals_corrected,tstats,effectsize,alpha,alpha_corrected,step,dimension_step
0,True,8.367640917160565e-32,3.347056366864226e-31,17.200927545062616,2.4387136403367395,0.05,0.0125,0,1-2
1,True,4.088904485015621e-11,1.2266713455046863e-10,7.27732345430661,1.031764590988829,0.05,0.0125,1,2-3
2,False,0.9999999999788952,1.0,-7.414029322841118,-1.0511464798687038,0.05,0.0125,2,3-4
3,False,0.9764802435613965,1.0,-2.0110448864286616,-0.2851219844403556,0.05,0.0125,3,4-5
