,reject,pvals,pvals_corrected,tstats,effectsize,alpha,alpha_corrected,step,dimension_step
0,True,1.725043733485595e-58,6.90017493394238e-58,35.55957743945076,5.041566875914858,0.05,0.0125,0,1-2
1,True,7.357054430197648e-57,2.2071163290592948e-56,34.13218213852832,4.839193580556649,0.05,0.0125,1,2-3
2,False,0.9999996027290564,1.0,-5.271385735946648,-0.7473666907817218,0.05,0.0125,2,3-4
3,False,0.9598754632047558,1.0,-1.767361253821623,-0.2505729987993938,0.05,0.0125,3,4-5
