,reject,pvals,pvals_corrected,tstats,effectsize,alpha,alpha_corrected,step,dimension_step
0,True,3.142271397069827e-24,1.2569085588279308e-23,13.379917587808919,1.8969783718051394,0.05,0.0125,0,1-2
1,True,1.4334120351254206e-21,4.300236105376262e-21,12.118372776304625,1.7181190322926805,0.05,0.0125,1,2-3
2,False,0.999999999028443,1.0,-6.611677356978071,-0.9373905979039044,0.05,0.0125,2,3-4
3,False,0.998518474767081,1.0,-3.047026039319622,-0.4320013525481624,0.05,0.0125,3,4-5
