,reject,pvals,pvals_corrected,tstats,effectsize,alpha,alpha_corrected,step,dimension_step
0,True,4.785642929696434e-09,1.4356928789089304e-08,6.2681068715281025,0.8886798509346541,0.05,0.0125,0,1-2
1,True,2.5451565142843854e-11,1.0180626057137542e-10,7.375385547839006,1.0456676415348487,0.05,0.0125,1,2-3
2,False,0.9999903915951492,1.0,-4.490932562259314,-0.6367155764549408,0.05,0.0125,2,3-4
3,False,0.9772417178619481,1.0,-2.0254119764744427,-0.28715892217960265,0.05,0.0125,3,4-5
