,reject,pvals,pvals_corrected,tstats,effectsize,alpha,alpha_corrected,step,dimension_step
0,True,3.659082772064236e-36,1.0977248316192707e-35,19.60500481266887,2.7795589819368054,0.05,0.0125,0,1-2
1,True,4.254687844254601e-51,1.7018751377018405e-50,29.462925613346442,4.177195583741592,0.05,0.0125,1,2-3
2,False,0.999999823714064,1.0,-5.460773602947928,-0.774217729678335,0.05,0.0125,2,3-4
3,False,0.999999322508393,1.0,-5.145102239078475,-0.729462465236034,0.05,0.0125,3,4-5
