,reject,pvals,pvals_corrected,tstats,effectsize,alpha,alpha_corrected,step,dimension_step
0,True,4.699297627040843e-54,1.8797190508163372e-53,31.78834521901247,4.506888996901282,0.05,0.0125,0,1-2
1,True,5.6314085364925415e-39,1.6894225609477625e-38,21.254509713316192,3.0134225390311786,0.05,0.0125,1,2-3
2,False,0.9999999999970475,1.0,-7.8170360732534165,-1.1082839834599196,0.05,0.0125,2,3-4
3,False,0.9999999786592969,1.0,-5.939221004654241,-0.8420510602744968,0.05,0.0125,3,4-5
