,reject,pvals,pvals_corrected,tstats,effectsize,alpha,alpha_corrected,step,dimension_step
0,True,0.002226284469494993,0.008905137877979972,2.9108759333059067,0.4126982585842414,0.05,0.0125,0,1-2
1,False,0.08008111996603713,0.16016223993207426,1.415150693604775,0.20063727904118672,0.05,0.0125,1,2-3
2,False,0.051990648041355426,0.1559719441240663,1.6409494986371669,0.23265058904215188,0.05,0.0125,2,3-4
3,False,0.8997260424234031,0.8997260424234031,-1.2885784076668862,-0.182692109549793,0.05,0.0125,3,4-5
