,reject,pvals,pvals_corrected,tstats,effectsize,alpha,alpha_corrected,step,dimension_step
0,True,4.385560720585933e-37,1.7542242882343733e-36,20.1362611187338,2.854879455017185,0.05,0.0125,0,1-2
1,True,4.8576374652901565e-29,1.457291239587047e-28,15.760495447736785,2.2344920136526785,0.05,0.0125,1,2-3
2,False,0.8632691145413918,1.0,-1.1012416424350242,-0.15613187182362215,0.05,0.0125,2,3-4
3,False,0.9999999985137884,1.0,-6.520729230851819,-0.9244961516499974,0.05,0.0125,3,4-5
