,reject,pvals,pvals_corrected,tstats,effectsize,alpha,alpha_corrected,step,dimension_step
0,True,2.0663581728065608e-30,8.265432691226243e-30,16.467706752936945,2.3347590400716713,0.05,0.0125,0,1-2
1,True,2.0161994218784714e-22,6.048598265635414e-22,12.51911459573297,1.7749354184284267,0.05,0.0125,1,2-3
2,False,0.9997427273284174,1.0,-3.5911148484619413,-0.5091411926488677,0.05,0.0125,2,3-4
3,False,0.9999954948904778,1.0,-4.682891845291532,-0.6639311856535449,0.05,0.0125,3,4-5
