,reject,pvals,pvals_corrected,tstats,effectsize,alpha,alpha_corrected,step,dimension_step
0,True,2.899913304029199e-35,1.1599653216116796e-34,19.094759000295944,2.7072173352844,0.05,0.0125,0,1-2
1,True,1.0267056815744791e-13,3.080117044723437e-13,8.49605330784448,1.2045537100594181,0.05,0.0125,1,2-3
2,False,0.9999988354113163,1.0,-5.015285227978016,-0.7110572649996485,0.05,0.0125,2,3-4
3,False,0.9722591463932437,1.0,-1.9379220353753126,-0.27475477059000125,0.05,0.0125,3,4-5
