,reject,pvals,pvals_corrected,tstats,effectsize,alpha,alpha_corrected,step,dimension_step
0,True,3.0863390988264474e-41,1.234535639530579e-40,22.643099558837996,3.2102940733269634,0.05,0.0125,0,1-2
1,True,3.121106544826954e-29,9.363319634480862e-29,15.85873638580292,2.248420420424564,0.05,0.0125,1,2-3
2,False,0.999999999975035,1.0,-7.379371217999663,-1.0462327220028185,0.05,0.0125,2,3-4
3,False,0.9999997630697767,1.0,-5.392236233199465,-0.7645006363390077,0.05,0.0125,3,4-5
