,reject,pvals,pvals_corrected,tstats,effectsize,alpha,alpha_corrected,step,dimension_step
0,True,2.4721017581280234e-19,9.888407032512093e-19,11.07816998073097,1.570641127997337,0.05,0.0125,0,1-2
1,True,7.371501477803516e-08,2.211450443341055e-07,5.660562211999056,0.8025433653046966,0.05,0.0125,1,2-3
2,False,0.9999997702619469,1.0,-5.39940173321973,-0.765516546823688,0.05,0.0125,2,3-4
3,False,0.9999864925827657,1.0,-4.403052426536957,-0.6242561038399147,0.05,0.0125,3,4-5
