,reject,pvals,pvals_corrected,tstats,effectsize,alpha,alpha_corrected,step,dimension_step
0,True,1.4754048351457678e-20,5.901619340583071e-20,11.645550273738376,1.6510831888217017,0.05,0.0125,0,1-2
1,True,9.75679352259237e-07,2.927038056777711e-06,5.0578894171981155,0.7170976030636483,0.05,0.0125,1,2-3
2,False,0.999999972433842,1.0,-5.88215517266354,-0.8339603789720903,0.05,0.0125,2,3-4
3,False,0.9999994229127465,1.0,-5.183215453300176,-0.7348660817070666,0.05,0.0125,3,4-5
