{
  "data": {
    "name": "normal-3-60",
    "n_dimension": 3,
    "distance": "euclidean",
    "subject": null,
    "n_objects": 60,
    "n_train_triplets": 5895,
    "n_test_triplets": 10000,
    "frac_train_ndlogn": 7.998838276138094,
    "frac_train_triplets": 0.05742255990648743,
    "max_train_score": 0.8809160305343512,
    "max_test_score": 0.8866,
    "noise_sd": 0.5,
    "distance_sd": 1.035882600973345,
    "distance_mean": 2.300749084600966,
    "difference_sd": 0.9099179806216087,
    "difference_mean": -0.16044403138001295
  },
  "n_repeats": 10,
  "n_splits": 10,
  "embedding_method": "soe",
  "embedding_dimension": [
    1,
    2,
    3,
    4,
    5
  ],
  "random_state": 2821524443,
  "alpha": 0.05
}