,reject,pvals,pvals_corrected,tstats,effectsize,alpha,alpha_corrected,step,dimension_step
0,True,9.529931812127017e-38,2.858979543638105e-37,20.52389399199031,2.909837280574966,0.05,0.0125,0,1-2
1,True,2.788789917156355e-39,1.115515966862542e-38,21.43856472981346,3.039517496883212,0.05,0.0125,1,2-3
2,False,0.999999998995936,1.0,-6.604651642117221,-0.9363945058839024,0.05,0.0125,2,3-4
3,False,0.9999999987899044,1.0,-6.564758494165286,-0.9307385339131186,0.05,0.0125,3,4-5
