,reject,pvals,pvals_corrected,tstats,effectsize,alpha,alpha_corrected,step,dimension_step
0,True,1.1514321663044052e-16,4.605728665217621e-16,9.851828168792022,1.3967728004518705,0.05,0.0125,0,1-2
1,False,0.9889175389406996,1.0,-2.324084064753566,-0.32950406279867533,0.05,0.0125,1,2-3
2,False,0.6654967960290812,1.0,-0.42879169415459323,-0.06079324214687862,0.05,0.0125,2,3-4
3,False,0.999627006213439,1.0,-3.48048351970644,-0.49345610068055334,0.05,0.0125,3,4-5
