{
  "data": {
    "name": "normal-3-60",
    "n_dimension": 3,
    "distance": "euclidean",
    "subject": null,
    "n_objects": 60,
    "n_train_triplets": 1473,
    "n_test_triplets": 10000,
    "frac_train_ndlogn": 1.9986919051317067,
    "frac_train_triplets": 0.01434833430742256,
    "max_train_score": 0.7956551255940258,
    "max_test_score": 0.7991,
    "noise_sd": 1.0,
    "distance_sd": 1.045219599477195,
    "distance_mean": 2.5376938330062875,
    "difference_sd": 0.959237814085626,
    "difference_mean": -0.07665844522166232
  },
  "n_repeats": 10,
  "n_splits": 10,
  "embedding_method": "soe",
  "embedding_dimension": [
    1,
    2,
    3,
    4,
    5
  ],
  "random_state": 8541485,
  "alpha": 0.05
}