,reject,pvals,pvals_corrected,tstats,effectsize,alpha,alpha_corrected,step,dimension_step
0,True,1.7177686567497993e-34,6.871074626999197e-34,18.66248401832029,2.6459302394485156,0.05,0.0125,0,1-2
1,True,4.664185015475451e-18,1.3992555046426353e-17,10.490619488170575,1.487339375993568,0.05,0.0125,1,2-3
2,False,0.9999999999962114,1.0,-7.7662113785616755,-1.1010781583155496,0.05,0.0125,2,3-4
3,False,0.999879415706279,1.0,-3.8102149545463164,-0.5402047743020888,0.05,0.0125,3,4-5
