,reject,pvals,pvals_corrected,tstats,effectsize,alpha,alpha_corrected,step,dimension_step
0,True,5.6915713190772805e-40,2.2766285276309122e-39,21.858611503041555,3.099070901359055,0.05,0.0125,0,1-2
1,True,2.320816121305141e-35,6.962448363915424e-35,19.14928992375912,2.7149486222467694,0.05,0.0125,1,2-3
2,False,0.9999999974874773,1.0,-6.407760090654362,-0.9084796093783727,0.05,0.0125,2,3-4
3,False,0.999998745002038,1.0,-4.997230388914055,-0.7084974854654336,0.05,0.0125,3,4-5
