,reject,pvals,pvals_corrected,tstats,effectsize,alpha,alpha_corrected,step,dimension_step
0,True,4.1314811967628645e-61,1.6525924787051458e-60,37.96209925760774,5.3821916889545385,0.05,0.0125,0,1-2
1,True,9.239512048204991e-36,2.771853614461497e-35,19.37571086693978,2.7470501377694645,0.05,0.0125,1,2-3
2,False,0.9999998711300153,1.0,-5.532953776481567,-0.7844512925659879,0.05,0.0125,2,3-4
3,False,0.99999980616259,1.0,-5.438817227856585,-0.7711047980479139,0.05,0.0125,3,4-5
