,reject,pvals,pvals_corrected,tstats,effectsize,alpha,alpha_corrected,step,dimension_step
0,True,4.5440315275635597e-10,1.8176126110254239e-09,6.773201849838815,0.9602912224752252,0.05,0.0125,0,1-2
1,False,0.9995057343054793,1.0,-3.395059511813481,-0.4813448530332955,0.05,0.0125,1,2-3
2,False,0.9807328987309879,1.0,-2.0970840959993273,-0.29732045417020464,0.05,0.0125,2,3-4
3,False,0.330239592038308,0.990718776114924,0.440577829648809,0.062464257231460575,0.05,0.0125,3,4-5
