,reject,pvals,pvals_corrected,tstats,effectsize,alpha,alpha_corrected,step,dimension_step
0,True,1.5325459350978771e-41,6.130183740391509e-41,22.834316412258623,3.2374044223170104,0.05,0.0125,0,1-2
1,True,1.8068602008111853e-35,5.420580602433557e-35,19.210676620675216,2.723651907270923,0.05,0.0125,1,2-3
2,False,0.9997370241123372,1.0,-3.5846466700155166,-0.5082241470439662,0.05,0.0125,2,3-4
3,False,0.9999999930680568,1.0,-6.18725623968306,-0.8772170075389242,0.05,0.0125,3,4-5
