,reject,pvals,pvals_corrected,tstats,effectsize,alpha,alpha_corrected,step,dimension_step
0,True,8.288545846356542e-42,3.3154183385426166e-41,23.00311131276054,3.2613358309689504,0.05,0.0125,0,1-2
1,True,3.5521603151081973e-31,1.0656480945324592e-30,16.868401750519276,2.3915687878982776,0.05,0.0125,1,2-3
2,False,0.9931583056899077,1.0,-2.510296421107225,-0.3559048840479494,0.05,0.0125,2,3-4
3,False,0.999999943239652,1.0,-5.719817153528923,-0.810944414247416,0.05,0.0125,3,4-5
