,reject,pvals,pvals_corrected,tstats,effectsize,alpha,alpha_corrected,step,dimension_step
0,True,5.411229336687208e-28,2.164491734674883e-27,15.229789630211105,2.1592495877535334,0.05,0.0125,0,1-2
1,True,1.5219198559967944e-20,4.5657595679903835e-20,11.63927855196454,1.6501939964570354,0.05,0.0125,1,2-3
2,False,0.9976845262688068,1.0,-2.897513794750278,-0.41080380088861357,0.05,0.0125,2,3-4
3,False,0.9997914346815385,1.0,-3.6526505589054246,-0.517865604517541,0.05,0.0125,3,4-5
