,reject,pvals,pvals_corrected,tstats,effectsize,alpha,alpha_corrected,step,dimension_step
0,True,3.907041537318302e-25,1.5628166149273208e-24,13.81729837322518,1.9589893583999878,0.05,0.0125,0,1-2
1,False,0.6844150737529167,1.0,-0.48157619756686887,-0.0682769251129677,0.05,0.0125,1,2-3
2,False,0.9999999511537626,1.0,-5.753734977258934,-0.8157532165148645,0.05,0.0125,2,3-4
3,False,0.9936656050676456,1.0,-2.5391594788862624,-0.3599970315512258,0.05,0.0125,3,4-5
