,reject,pvals,pvals_corrected,tstats,effectsize,alpha,alpha_corrected,step,dimension_step
0,True,2.157757559363048e-42,8.631030237452192e-42,23.375703827357075,3.3141612640889657,0.05,0.0125,0,1-2
1,True,1.9147401408785587e-24,5.7442204226356765e-24,13.48344906244585,1.9116568604354653,0.05,0.0125,1,2-3
2,False,0.9999999996643983,1.0,-6.837262623810304,-0.9693736328792876,0.05,0.0125,2,3-4
3,False,0.999999948113991,1.0,-5.740109181232551,-0.8138213779821499,0.05,0.0125,3,4-5
