,reject,pvals,pvals_corrected,tstats,effectsize,alpha,alpha_corrected,step,dimension_step
0,True,5.666774222857434e-27,2.2667096891429736e-26,14.719877021789825,2.086955182101345,0.05,0.0125,0,1-2
1,True,1.040713635435454e-18,3.122140906306362e-18,10.790267609548318,1.529822896663646,0.05,0.0125,1,2-3
2,False,0.999999975687101,1.0,-5.910181548234069,-0.8379339033191926,0.05,0.0125,2,3-4
3,False,0.9999166896302288,1.0,-3.914229093161287,-0.5549516940809013,0.05,0.0125,3,4-5
