,reject,pvals,pvals_corrected,tstats,effectsize,alpha,alpha_corrected,step,dimension_step
0,True,1.019503710264449e-20,4.078014841057796e-20,11.720276473556938,1.6616777223031456,0.05,0.0125,0,1-2
1,True,8.410457024236637e-13,2.523137107270991e-12,8.072043586503789,1.1444384466028414,0.05,0.0125,1,2-3
2,False,0.9999999999998563,1.0,-8.428502791996145,-1.1949765309230287,0.05,0.0125,2,3-4
3,False,0.7889598619426748,1.0,-0.8061645080050912,-0.114296416683163,0.05,0.0125,3,4-5
