,reject,pvals,pvals_corrected,tstats,effectsize,alpha,alpha_corrected,step,dimension_step
0,True,3.52485410086253e-29,1.409941640345012e-28,15.831693051527134,2.2445862697367147,0.05,0.0125,0,1-2
1,True,8.01353800997951e-18,2.4040614029938526e-17,10.382661003589618,1.4720332346097427,0.05,0.0125,1,2-3
2,False,0.9999990664266537,1.0,-5.068479145022353,-0.7185989938243945,0.05,0.0125,2,3-4
3,False,0.9938160987039025,1.0,-2.5481215236821346,-0.3612676526169646,0.05,0.0125,3,4-5
