,reject,pvals,pvals_corrected,tstats,effectsize,alpha,alpha_corrected,step,dimension_step
0,True,3.1051559439309004e-17,1.2420623775723602e-16,10.112742899818988,1.4337647773004036,0.05,0.0125,0,1-2
1,True,0.0008511109802006799,0.00255333294060204,3.225930188573186,0.4573660305839548,0.05,0.0125,1,2-3
2,False,0.9999942925415848,1.0,-4.623428617487706,-0.6555006062929997,0.05,0.0125,2,3-4
3,False,0.9999984116606448,1.0,-4.940118913027216,-0.7004003328613011,0.05,0.0125,3,4-5
