,reject,pvals,pvals_corrected,tstats,effectsize,alpha,alpha_corrected,step,dimension_step
0,True,2.0136056196096768e-19,8.054422478438707e-19,11.119328835988492,1.5764765494578488,0.05,0.0125,0,1-2
1,True,2.4706360558370098e-14,7.411908167511029e-14,8.78159773623089,1.2450376369060245,0.05,0.0125,1,2-3
2,False,0.9804691279957372,1.0,-2.0912943414059826,-0.29649959416344035,0.05,0.0125,2,3-4
3,False,0.8943622545263273,1.0,-1.2582091611477826,-0.17838641757249343,0.05,0.0125,3,4-5
