,reject,pvals,pvals_corrected,tstats,effectsize,alpha,alpha_corrected,step,dimension_step
0,True,2.391433300762223e-63,9.565733203048892e-63,40.12405448554591,5.688709444485899,0.05,0.0125,0,1-2
1,True,1.3841188608849814e-46,4.152356582654944e-46,26.17585321302739,3.711160930759551,0.05,0.0125,1,2-3
2,False,0.9992454445511938,1.0,-3.263909810637218,-0.4627507066219035,0.05,0.0125,2,3-4
3,False,0.9999996054013404,1.0,-5.272972691448115,-0.7475916862081542,0.05,0.0125,3,4-5
