,reject,pvals,pvals_corrected,tstats,effectsize,alpha,alpha_corrected,step,dimension_step
0,True,9.7753311851262e-46,3.91013247405048e-45,25.590123186570352,3.6281172808555895,0.05,0.0125,0,1-2
1,True,3.629575869342203e-27,1.0888727608026609e-26,14.816071862897871,2.100593497275084,0.05,0.0125,1,2-3
2,False,0.9992471925471287,1.0,-3.2646384041880263,-0.46285400518100517,0.05,0.0125,2,3-4
3,False,0.9999996676234598,1.0,-5.313241093380794,-0.7533008609494882,0.05,0.0125,3,4-5
