,reject,pvals,pvals_corrected,tstats,effectsize,alpha,alpha_corrected,step,dimension_step
0,True,6.266975631975496e-34,2.5067902527901984e-33,18.351486386477227,2.601837607530779,0.05,0.0125,0,1-2
1,True,2.0012736803452801e-28,6.00382104103584e-28,15.44785208077917,2.1901660526506976,0.05,0.0125,1,2-3
2,False,0.9999999998746995,1.0,-7.044229187904878,-0.9987169448389932,0.05,0.0125,2,3-4
3,False,0.999970051070611,1.0,-4.19340923805071,-0.5945333053439783,0.05,0.0125,3,4-5
