{
  "data": {
    "name": "normal-3-60",
    "n_dimension": 3,
    "distance": "euclidean",
    "subject": null,
    "n_objects": 60,
    "n_train_triplets": 2947,
    "n_test_triplets": 10000,
    "frac_train_ndlogn": 3.998740695467169,
    "frac_train_triplets": 0.028706409507110852,
    "max_train_score": 0.8761452324397693,
    "max_test_score": 0.8778,
    "noise_sd": 0.5,
    "distance_sd": 1.0401077351771437,
    "distance_mean": 2.4105923087651364,
    "difference_sd": 0.9340123455292028,
    "difference_mean": -0.1316824903038976
  },
  "n_repeats": 10,
  "n_splits": 10,
  "embedding_method": "soe",
  "embedding_dimension": [
    1,
    2,
    3,
    4,
    5
  ],
  "random_state": 1396360610,
  "alpha": 0.05
}