,reject,pvals,pvals_corrected,tstats,effectsize,alpha,alpha_corrected,step,dimension_step
0,True,3.3763365565661833e-28,1.012900966969855e-27,15.333034577389268,2.173887453084901,0.05,0.0125,0,1-2
1,True,5.206088267232048e-32,2.0824353068928193e-31,17.310782236593695,2.4542886222085007,0.05,0.0125,1,2-3
2,False,0.9999549736900574,1.0,-4.083562101893624,-0.5789593946582662,0.05,0.0125,2,3-4
3,False,0.9999357735721597,1.0,-3.9863715027313575,-0.5651799028681531,0.05,0.0125,3,4-5
