,reject,pvals,pvals_corrected,tstats,effectsize,alpha,alpha_corrected,step,dimension_step
0,True,1.2536658701191433e-21,5.014663480476573e-21,12.145656691714176,1.7219872920999935,0.05,0.0125,0,1-2
1,False,0.055738938212247895,0.16721681463674368,1.605914487081758,0.2276833940844558,0.05,0.0125,1,2-3
2,False,0.9999993995455492,1.0,-5.1737974020612505,-0.7335308089456654,0.05,0.0125,2,3-4
3,False,0.9885337782381708,1.0,-2.3105554902035066,-0.3275860081354538,0.05,0.0125,3,4-5
