,reject,pvals,pvals_corrected,tstats,effectsize,alpha,alpha_corrected,step,dimension_step
0,True,1.1549744876130994e-25,4.619897950452398e-25,14.075078576116853,1.995536928021089,0.05,0.0125,0,1-2
1,False,0.14915265605329506,0.44745796815988514,1.0455710768050894,0.14823900863869735,0.05,0.0125,1,2-3
2,False,0.9999999743239341,1.0,-5.8980140447813225,-0.8362088186363276,0.05,0.0125,2,3-4
3,False,0.999857597576613,1.0,-3.7628393711615544,-0.5334879573678477,0.05,0.0125,3,4-5
