{
  "data": {
    "name": "normal-3-60",
    "n_dimension": 3,
    "distance": "euclidean",
    "subject": null,
    "n_objects": 60,
    "n_train_triplets": 5895,
    "n_test_triplets": 10000,
    "frac_train_ndlogn": 7.998838276138094,
    "frac_train_triplets": 0.05742255990648743,
    "max_train_score": 0.8746395250212045,
    "max_test_score": 0.8812,
    "noise_sd": 0.5,
    "distance_sd": 1.0359777707360625,
    "distance_mean": 2.3032759017168942,
    "difference_sd": 0.9113551227099084,
    "difference_mean": -0.1445703600720467
  },
  "n_repeats": 10,
  "n_splits": 10,
  "embedding_method": "soe",
  "embedding_dimension": [
    1,
    2,
    3,
    4,
    5
  ],
  "random_state": 4044602030,
  "alpha": 0.05
}