,reject,pvals,pvals_corrected,tstats,effectsize,alpha,alpha_corrected,step,dimension_step
0,True,1.5159936393899358e-27,6.063974557559743e-27,15.005288470282004,2.1274202553203723,0.05,0.0125,0,1-2
1,True,1.0710233837894373e-19,3.213070151368312e-19,11.24611546975073,1.594452108761748,0.05,0.0125,1,2-3
2,False,0.9999999999999999,1.0,-9.914266374399011,-1.4056251663078978,0.05,0.0125,2,3-4
3,False,0.9999996382618991,1.0,-5.293395459272272,-0.7504871860197617,0.05,0.0125,3,4-5
