{
  "data": {
    "name": "normal-3-60",
    "n_dimension": 3,
    "distance": "euclidean",
    "subject": null,
    "n_objects": 60,
    "n_train_triplets": 5895,
    "n_test_triplets": 10000,
    "frac_train_ndlogn": 7.998838276138094,
    "frac_train_triplets": 0.05742255990648743,
    "max_train_score": 0.6710771840542833,
    "max_test_score": 0.6697,
    "noise_sd": 2.0,
    "distance_sd": 1.04058830107615,
    "distance_mean": 2.4227979819187753,
    "difference_sd": 0.9286455676431307,
    "difference_mean": -0.07577881515378845
  },
  "n_repeats": 10,
  "n_splits": 10,
  "embedding_method": "soe",
  "embedding_dimension": [
    1,
    2,
    3,
    4,
    5
  ],
  "random_state": 3091285690,
  "alpha": 0.05
}