,reject,pvals,pvals_corrected,tstats,effectsize,alpha,alpha_corrected,step,dimension_step
0,True,2.3130449046398632e-54,9.252179618559453e-54,32.038819247031064,4.5424007114340474,0.05,0.0125,0,1-2
1,True,3.7315814459116425e-50,1.1194744337734928e-49,28.750756743788717,4.07622568360896,0.05,0.0125,1,2-3
2,False,0.9998778449770587,1.0,-3.806541832427842,-0.5396840062801621,0.05,0.0125,2,3-4
3,False,0.999999974265075,1.0,-5.897503096468151,-0.8361363773904952,0.05,0.0125,3,4-5
