,reject,pvals,pvals_corrected,tstats,effectsize,alpha,alpha_corrected,step,dimension_step
0,True,1.4686800330980226e-39,5.8747201323920905e-39,21.607411021951886,3.0634561917401912,0.05,0.0125,0,1-2
1,True,1.0554589422875687e-25,3.166376826862706e-25,14.094201008940294,1.9982480688965316,0.05,0.0125,1,2-3
2,False,0.9999999551435389,1.0,-5.7729421540823145,-0.8184763722277658,0.05,0.0125,2,3-4
3,False,0.9995762303046526,1.0,-3.4419296096679735,-0.48799000322430813,0.05,0.0125,3,4-5
