,reject,pvals,pvals_corrected,tstats,effectsize,alpha,alpha_corrected,step,dimension_step
0,False,0.01944456662872602,0.05833369988617806,2.09318127750659,0.2967671202485855,0.05,0.0125,0,1-2
1,True,0.0013474727126985707,0.005389890850794283,3.0781370152696885,0.43641220546378867,0.05,0.0125,1,2-3
2,False,0.9999997034110789,1.0,-5.339890702654323,-0.7570791900817246,0.05,0.0125,2,3-4
3,False,0.9737384940348881,1.0,-1.9624005214763844,-0.27822528215358333,0.05,0.0125,3,4-5
