{
  "data": {
    "name": "normal-3-60",
    "n_dimension": 3,
    "distance": "euclidean",
    "subject": null,
    "n_objects": 60,
    "n_train_triplets": 2947,
    "n_test_triplets": 10000,
    "frac_train_ndlogn": 3.998740695467169,
    "frac_train_triplets": 0.028706409507110852,
    "max_train_score": 0.7723108245673567,
    "max_test_score": 0.7786,
    "noise_sd": 1.0,
    "distance_sd": 1.0332095381336497,
    "distance_mean": 2.2287055357457994,
    "difference_sd": 0.8943946012830548,
    "difference_mean": -0.1319639369347016
  },
  "n_repeats": 10,
  "n_splits": 10,
  "embedding_method": "soe",
  "embedding_dimension": [
    1,
    2,
    3,
    4,
    5
  ],
  "random_state": 3067728959,
  "alpha": 0.05
}