{
  "data": {
    "name": "normal-3-60",
    "n_dimension": 3,
    "distance": "euclidean",
    "subject": null,
    "n_objects": 60,
    "n_train_triplets": 1473,
    "n_test_triplets": 10000,
    "frac_train_ndlogn": 1.9986919051317067,
    "frac_train_triplets": 0.01434833430742256,
    "max_train_score": 0.6822810590631364,
    "max_test_score": 0.6781,
    "noise_sd": 2.0,
    "distance_sd": 1.0440625376901949,
    "distance_mean": 2.5094345393356314,
    "difference_sd": 0.9512743380314075,
    "difference_mean": -0.07056330241971684
  },
  "n_repeats": 10,
  "n_splits": 10,
  "embedding_method": "soe",
  "embedding_dimension": [
    1,
    2,
    3,
    4,
    5
  ],
  "random_state": 1283474938,
  "alpha": 0.05
}