,reject,pvals,pvals_corrected,tstats,effectsize,alpha,alpha_corrected,step,dimension_step
0,True,1.692840496212261e-42,6.771361984849044e-42,23.4433289201835,3.3237490166024735,0.05,0.0125,0,1-2
1,True,1.496110297645269e-34,4.488330892935807e-34,18.695854474074917,2.6506614369621304,0.05,0.0125,1,2-3
2,False,0.9999999999984225,1.0,-7.944520559079812,-1.1263584828554702,0.05,0.0125,2,3-4
3,False,0.9999999175987477,1.0,-5.635221954543519,-0.798950673495225,0.05,0.0125,3,4-5
