,reject,pvals,pvals_corrected,tstats,effectsize,alpha,alpha_corrected,step,dimension_step
0,True,1.8370636723978842e-38,7.348254689591537e-38,20.947134354335496,2.969843465827955,0.05,0.0125,0,1-2
1,True,2.7286572667159752e-33,8.185971800147926e-33,18.001489947500144,2.5522158015225505,0.05,0.0125,1,2-3
2,False,1.0,1.0,-10.102329102964157,-1.4322883296861084,0.05,0.0125,2,3-4
3,False,0.9999999999999318,1.0,-8.578067965931648,-1.2161815868038988,0.05,0.0125,3,4-5
