,reject,pvals,pvals_corrected,tstats,effectsize,alpha,alpha_corrected,step,dimension_step
0,True,8.132496963954732e-17,3.2529987855818926e-16,9.921043597928241,1.406586027716159,0.05,0.0125,0,1-2
1,True,9.09920279753578e-06,2.7297608392607343e-05,4.504888678161779,0.6386942470893179,0.05,0.0125,1,2-3
2,False,0.9999999999974792,1.0,-7.849236114715997,-1.112849241939643,0.05,0.0125,2,3-4
3,False,0.9999991651517204,1.0,-5.095257975651239,-0.7223956437059689,0.05,0.0125,3,4-5
