,reject,pvals,pvals_corrected,tstats,effectsize,alpha,alpha_corrected,step,dimension_step
0,True,9.418324370673309e-05,0.00037673297482693235,3.8799202302078877,0.5500874510422801,0.05,0.0125,0,1-2
1,True,0.0007567899525808053,0.0022703698577424157,3.2629807276386416,0.46261898306364196,0.05,0.0125,1,2-3
2,False,0.6822729177079434,1.0,-0.4755337555829304,-0.06742023958548266,0.05,0.0125,2,3-4
3,False,0.998732510464059,1.0,-3.0980968302836374,-0.4392420687374752,0.05,0.0125,3,4-5
