,reject,pvals,pvals_corrected,tstats,effectsize,alpha,alpha_corrected,step,dimension_step
0,True,3.426204450861432e-43,1.3704817803445728e-42,23.891960010056906,3.3873550492124687,0.05,0.0125,0,1-2
1,True,5.606023146647847e-37,1.681806943994354e-36,20.074336706996842,2.8460999338444393,0.05,0.0125,1,2-3
2,False,0.9999433667005048,1.0,-4.020968345079096,-0.5700849750582995,0.05,0.0125,2,3-4
3,False,0.9999949574347698,1.0,-4.654615982807682,-0.6599222895430883,0.05,0.0125,3,4-5
