,reject,pvals,pvals_corrected,tstats,effectsize,alpha,alpha_corrected,step,dimension_step
0,True,8.055759498190053e-30,3.222303799276021e-29,16.161212104631936,2.291304832294011,0.05,0.0125,0,1-2
1,True,0.00022141766840639939,0.0006642530052191982,3.6351876424371166,0.515389746603498,0.05,0.0125,1,2-3
2,False,0.9999108448425699,1.0,-3.8952886066008037,-0.5522663491883857,0.05,0.0125,2,3-4
3,False,0.9997705474975916,1.0,-3.624752127313298,-0.513910219815787,0.05,0.0125,3,4-5
