,reject,pvals,pvals_corrected,tstats,effectsize,alpha,alpha_corrected,step,dimension_step
0,True,5.1311376970552905e-27,2.0524550788221162e-26,14.741295802384323,2.089991894642476,0.05,0.0125,0,1-2
1,True,2.77965038506137e-12,8.33895115518411e-12,7.82932992468254,1.110026981510108,0.05,0.0125,1,2-3
2,False,0.9999998384784462,1.0,-5.480970552907222,-0.7770812134776763,0.05,0.0125,2,3-4
3,False,0.9996354622803488,1.0,-3.487380737141003,-0.4944339745884557,0.05,0.0125,3,4-5
