,reject,pvals,pvals_corrected,tstats,effectsize,alpha,alpha_corrected,step,dimension_step
0,True,1.2791567997053293e-11,5.116627198821317e-11,7.51710335241241,1.0657601128382896,0.05,0.0125,0,1-2
1,True,3.4678314965723386e-05,0.00010403494489717017,4.154115472838499,0.5889623126779048,0.05,0.0125,1,2-3
2,False,0.9999827356024142,1.0,-4.339087859253971,-0.6151873334307265,0.05,0.0125,2,3-4
3,False,0.9997922646793672,1.0,-3.6538130889321363,-0.5180304257358164,0.05,0.0125,3,4-5
