,reject,pvals,pvals_corrected,tstats,effectsize,alpha,alpha_corrected,step,dimension_step
0,True,1.7059198113933372e-36,6.823679245573349e-36,19.79511433592902,2.8065123358369286,0.05,0.0125,0,1-2
1,True,3.612374338402494e-05,0.00010837123015207482,4.143131157727232,0.5874049781085086,0.05,0.0125,1,2-3
2,False,0.9999991814364797,1.0,-5.099970055435723,-0.7230637131001728,0.05,0.0125,2,3-4
3,False,0.9999592721212702,1.0,-4.110758773568969,-0.5828152852207178,0.05,0.0125,3,4-5
