{
  "data": {
    "name": "normal-3-60",
    "n_dimension": 3,
    "distance": "euclidean",
    "subject": null,
    "n_objects": 60,
    "n_train_triplets": 2947,
    "n_test_triplets": 10000,
    "frac_train_ndlogn": 3.998740695467169,
    "frac_train_triplets": 0.028706409507110852,
    "max_train_score": 0.8808958262639973,
    "max_test_score": 0.88,
    "noise_sd": 0.5,
    "distance_sd": 1.0371072550006721,
    "distance_mean": 2.33307294730792,
    "difference_sd": 0.908107599467626,
    "difference_mean": -0.14350270877757917
  },
  "n_repeats": 10,
  "n_splits": 10,
  "embedding_method": "soe",
  "embedding_dimension": [
    1,
    2,
    3,
    4,
    5
  ],
  "random_state": 4217983069,
  "alpha": 0.05
}