,reject,pvals,pvals_corrected,tstats,effectsize,alpha,alpha_corrected,step,dimension_step
0,True,5.6363719480989375e-14,2.254548779239575e-13,8.616401701866591,1.2216164684092483,0.05,0.0125,0,1-2
1,True,9.774289697034662e-05,0.00029322869091103984,3.8695064431414097,0.5486110048157583,0.05,0.0125,1,2-3
2,False,0.9999633114372278,1.0,-4.138953214546681,-0.5868126375503457,0.05,0.0125,2,3-4
3,False,0.9999998222678975,1.0,-5.458885268789908,-0.7739500053793626,0.05,0.0125,3,4-5
