,reject,pvals,pvals_corrected,tstats,effectsize,alpha,alpha_corrected,step,dimension_step
0,True,6.557622933378668e-18,2.6230491733514673e-17,10.422647713644167,1.4777024716312201,0.05,0.0125,0,1-2
1,False,0.13347469870918244,0.4004240961275473,1.1164090714980859,0.1582822800529473,0.05,0.0125,1,2-3
2,False,0.9999973395116002,1.0,-4.813792713360266,-0.6824900529968805,0.05,0.0125,2,3-4
3,False,0.9987425926489022,1.0,-3.100695330618741,-0.4396104789987843,0.05,0.0125,3,4-5
