,reject,pvals,pvals_corrected,tstats,effectsize,alpha,alpha_corrected,step,dimension_step
0,True,0.009158411355860367,0.03663364542344147,2.398891451341477,0.34011010678042836,0.05,0.0125,0,1-2
1,False,0.9084368297041571,1.0,-1.3405759504647905,-0.19006421878942767,0.05,0.0125,1,2-3
2,False,0.9270836612330368,1.0,-1.4659437891648435,-0.20783862412288392,0.05,0.0125,2,3-4
3,False,0.8966286580596992,1.0,-1.2708993047404493,-0.1801856011453672,0.05,0.0125,3,4-5
