,reject,pvals,pvals_corrected,tstats,effectsize,alpha,alpha_corrected,step,dimension_step
0,True,5.233099800120898e-31,2.093239920048359e-30,16.779834003013715,2.3790118270384712,0.05,0.0125,0,1-2
1,True,3.2406667505447404e-11,9.72200025163422e-11,7.325457680829081,1.0385889668534376,0.05,0.0125,1,2-3
2,False,0.9999999999996648,1.0,-8.257959366464354,-1.1707972198350336,0.05,0.0125,2,3-4
3,False,0.9890345073895371,1.0,-2.3282897555187296,-0.3301003373547522,0.05,0.0125,3,4-5
