,reject,pvals,pvals_corrected,tstats,effectsize,alpha,alpha_corrected,step,dimension_step
0,True,2.036245996055964e-39,8.144983984223856e-39,21.52126797453779,3.051243000085347,0.05,0.0125,0,1-2
1,True,5.690427748490138e-27,1.7071283245470414e-26,14.718978751179394,2.086827827062808,0.05,0.0125,1,2-3
2,False,0.9999999988178878,1.0,-6.5697639108513295,-0.9314481920356731,0.05,0.0125,2,3-4
3,False,0.9999910377081532,1.0,-4.508769990221981,-0.6392445318712763,0.05,0.0125,3,4-5
