,reject,pvals,pvals_corrected,tstats,effectsize,alpha,alpha_corrected,step,dimension_step
0,True,1.284169265323306e-29,5.136677061293224e-29,16.056779943575993,2.276498646116564,0.05,0.0125,0,1-2
1,False,0.38612053187373085,1.0,0.2902382294437945,0.04114940471887148,0.05,0.0125,1,2-3
2,False,0.9999990094284998,1.0,-5.05425043165203,-0.7165816748577434,0.05,0.0125,2,3-4
3,False,0.9999991026052056,1.0,-5.077957020290699,-0.7199427483188992,0.05,0.0125,3,4-5
