,reject,pvals,pvals_corrected,tstats,effectsize,alpha,alpha_corrected,step,dimension_step
0,True,4.9371125018832954e-23,1.9748450007533181e-22,12.80845773343603,1.815957918802648,0.05,0.0125,0,1-2
1,True,1.939178496729206e-16,5.817535490187617e-16,9.748077716264202,1.382063265567321,0.05,0.0125,1,2-3
2,False,0.999920035908074,1.0,-3.9256525380392273,-0.5565712876040113,0.05,0.0125,2,3-4
3,False,0.9999999442590064,1.0,-5.723915311986973,-0.8115254430847113,0.05,0.0125,3,4-5
