,reject,pvals,pvals_corrected,tstats,effectsize,alpha,alpha_corrected,step,dimension_step
0,True,8.298153624861501e-59,3.3192614499446004e-58,35.8437614547413,5.081857926071257,0.05,0.0125,0,1-2
1,True,1.5724650212259819e-52,4.717395063677946e-52,30.5714774608853,4.334363882051733,0.05,0.0125,1,2-3
2,False,0.9999999999870687,1.0,-7.514869651812121,-1.0654434231651262,0.05,0.0125,2,3-4
3,False,0.9997370574332756,1.0,-3.584684073298148,-0.5082294500077342,0.05,0.0125,3,4-5
