,reject,pvals,pvals_corrected,tstats,effectsize,alpha,alpha_corrected,step,dimension_step
0,True,9.266821464733616e-36,3.7067285858934464e-35,19.374982820223032,2.7469469167394194,0.05,0.0125,0,1-2
1,True,8.587850893780532e-31,2.5763552681341597e-30,16.666932013013206,2.3630048051895574,0.05,0.0125,1,2-3
2,False,0.9999982999022775,1.0,-4.923567031749345,-0.698053639722816,0.05,0.0125,2,3-4
3,False,0.9999994513706684,1.0,-5.195201685122586,-0.7365654660550891,0.05,0.0125,3,4-5
