,reject,pvals,pvals_corrected,tstats,effectsize,alpha,alpha_corrected,step,dimension_step
0,True,6.512448188438392e-15,2.604979275375357e-14,9.0480274286865,1.2828115141274727,0.05,0.0125,0,1-2
1,True,0.0028459455750562655,0.008537836725168797,2.82663377517264,0.40075457126896213,0.05,0.0125,1,2-3
2,False,0.9999999999999999,1.0,-9.942586521040056,-1.4096403409389704,0.05,0.0125,2,3-4
3,False,0.9999969956203656,1.0,-4.783758086286275,-0.6782318027056748,0.05,0.0125,3,4-5
