,reject,pvals,pvals_corrected,tstats,effectsize,alpha,alpha_corrected,step,dimension_step
0,True,7.8792925006261e-31,3.15171700025044e-30,16.686532358948828,2.3657837036450795,0.05,0.0125,0,1-2
1,True,2.2917142391531345e-24,6.875142717459404e-24,13.445859936936621,1.906327548230206,0.05,0.0125,1,2-3
2,False,0.9999999940031289,1.0,-6.218924235240669,-0.8817068335977889,0.05,0.0125,2,3-4
3,False,0.9999963985017533,1.0,-4.7387739431148574,-0.6718540394563618,0.05,0.0125,3,4-5
