,reject,pvals,pvals_corrected,tstats,effectsize,alpha,alpha_corrected,step,dimension_step
0,True,4.432323495823029e-33,1.7729293983292115e-32,17.88687313863918,2.5359656560319177,0.05,0.0125,0,1-2
1,True,2.1020641689877857e-22,6.306192506963357e-22,12.51056289561241,1.7737229752228236,0.05,0.0125,1,2-3
2,False,0.9999999999999827,1.0,-8.852560688516931,-1.2550986245617866,0.05,0.0125,2,3-4
3,False,0.9419435600585783,1.0,-1.5851878058041735,-0.22474480602179828,0.05,0.0125,3,4-5
