,reject,pvals,pvals_corrected,tstats,effectsize,alpha,alpha_corrected,step,dimension_step
0,True,7.997988188779377e-34,3.199195275511751e-33,18.293205318085988,2.59357463240419,0.05,0.0125,0,1-2
1,True,8.143930920212287e-16,2.4431792760636864e-15,9.462415825529854,1.3415626851402962,0.05,0.0125,1,2-3
2,False,1.0,1.0,-10.100031981881989,-1.4319626483818932,0.05,0.0125,2,3-4
3,False,0.9953829363327428,1.0,-2.655344443741327,-0.3764695071111512,0.05,0.0125,3,4-5
