,reject,pvals,pvals_corrected,tstats,effectsize,alpha,alpha_corrected,step,dimension_step
0,True,5.673531164593003e-12,2.269412465837201e-11,7.683743720034636,1.089386056060619,0.05,0.0125,0,1-2
1,True,1.9884963619100243e-10,5.965489085730072e-10,6.947446590186727,0.9849952986903106,0.05,0.0125,1,2-3
2,False,0.9946103415619306,1.0,-2.5989471355893174,-0.368473607802334,0.05,0.0125,2,3-4
3,False,0.9999798817544109,1.0,-4.298928631481385,-0.6094936371868568,0.05,0.0125,3,4-5
