,reject,pvals,pvals_corrected,tstats,effectsize,alpha,alpha_corrected,step,dimension_step
0,True,9.434851474723346e-17,3.7739405898893385e-16,9.891475016533125,1.4023938524637043,0.05,0.0125,0,1-2
1,True,0.002508793342309181,0.007526380026927543,2.87010369707688,0.4069176512083735,0.05,0.0125,1,2-3
2,False,0.9999628241731665,0.9999628241731665,-4.135398264013495,-0.5863086236631125,0.05,0.0125,2,3-4
3,False,0.39471810678442104,0.7894362135688421,0.26776640460284595,0.03796339363782313,0.05,0.0125,3,4-5
