,reject,pvals,pvals_corrected,tstats,effectsize,alpha,alpha_corrected,step,dimension_step
0,True,1.0272798050787531e-54,4.1091192203150126e-54,32.327618738526056,4.583346134719276,0.05,0.0125,0,1-2
1,True,7.474621160447138e-54,2.2423863481341413e-53,31.6252292172866,4.483762731336594,0.05,0.0125,1,2-3
2,False,0.9999999940886117,1.0,-6.222058486203843,-0.8821512015283034,0.05,0.0125,2,3-4
3,False,0.9989358275250594,1.0,-3.1546509176663675,-0.4472601958969404,0.05,0.0125,3,4-5
