{
  "data": {
    "name": "normal-3-60",
    "n_dimension": 3,
    "distance": "euclidean",
    "subject": null,
    "n_objects": 60,
    "n_train_triplets": 1473,
    "n_test_triplets": 10000,
    "frac_train_ndlogn": 1.9986919051317067,
    "frac_train_triplets": 0.01434833430742256,
    "max_train_score": 0.8126272912423625,
    "max_test_score": 0.7918,
    "noise_sd": 1.0,
    "distance_sd": 1.0433714443983737,
    "distance_mean": 2.4924180270380596,
    "difference_sd": 0.9683675155911533,
    "difference_mean": -0.11253229012436691
  },
  "n_repeats": 10,
  "n_splits": 10,
  "embedding_method": "soe",
  "embedding_dimension": [
    1,
    2,
    3,
    4,
    5
  ],
  "random_state": 1822321292,
  "alpha": 0.05
}