,reject,pvals,pvals_corrected,tstats,effectsize,alpha,alpha_corrected,step,dimension_step
0,True,6.375820736410641e-36,1.912746220923192e-35,19.467352212997298,2.7600428673803417,0.05,0.0125,0,1-2
1,True,4.5755035392661e-37,1.83020141570644e-36,20.125559132650302,2.8533621485014673,0.05,0.0125,1,2-3
2,False,0.9999994135115107,1.0,-5.179382321270676,-0.7343226277949991,0.05,0.0125,2,3-4
3,False,0.9999997883335128,1.0,-5.418423479493735,-0.7682134125583939,0.05,0.0125,3,4-5
