,reject,pvals,pvals_corrected,tstats,effectsize,alpha,alpha_corrected,step,dimension_step
0,True,2.5084873036816387e-49,1.0033949214726555e-48,28.137067295240655,3.9892180018903955,0.05,0.0125,0,1-2
1,True,2.7067462268148153e-35,8.120238680444445e-35,19.111623949215023,2.7096084145366546,0.05,0.0125,1,2-3
2,False,0.9999999999955399,1.0,-7.732913675154603,-1.096357275486529,0.05,0.0125,2,3-4
3,False,0.9999999985009453,1.0,-6.51888368015126,-0.9242344931053874,0.05,0.0125,3,4-5
