,reject,pvals,pvals_corrected,tstats,effectsize,alpha,alpha_corrected,step,dimension_step
0,True,3.4112054353354756e-33,1.3644821741341902e-32,17.948693042255062,2.5447303602490243,0.05,0.0125,0,1-2
1,True,1.1541665285967313e-23,3.462499585790194e-23,13.109127474117656,1.8585862826461583,0.05,0.0125,1,2-3
2,False,1.0,1.0,-11.062616661421899,-1.5684360090087142,0.05,0.0125,2,3-4
3,False,0.7248539799651039,1.0,-0.5993750653885916,-0.0849782166578833,0.05,0.0125,3,4-5
