,reject,pvals,pvals_corrected,tstats,effectsize,alpha,alpha_corrected,step,dimension_step
0,True,1.5704100618191195e-12,6.281640247276478e-12,7.945437391526795,1.126488469554647,0.05,0.0125,0,1-2
1,True,0.00014482545401504576,0.0004344763620451373,3.758011633447557,0.5328034902201169,0.05,0.0125,1,2-3
2,False,0.9990668663715732,1.0,-3.1967059772256943,-0.4532226794388203,0.05,0.0125,2,3-4
3,False,0.9999870465579755,1.0,-4.4139126925240415,-0.6257958509687253,0.05,0.0125,3,4-5
