,reject,pvals,pvals_corrected,tstats,effectsize,alpha,alpha_corrected,step,dimension_step
0,True,2.7503146211401388e-50,1.1001258484560555e-49,28.849996296128996,4.090295671946456,0.05,0.0125,0,1-2
1,True,7.112136325885158e-40,2.1336408977655476e-39,21.799395613006737,3.090675389060415,0.05,0.0125,1,2-3
2,False,0.999996860563715,1.0,-4.772868063143484,-0.6766878366659174,0.05,0.0125,2,3-4
3,False,0.9999999051219421,1.0,-5.603073272475245,-0.7943926966493046,0.05,0.0125,3,4-5
