,reject,pvals,pvals_corrected,tstats,effectsize,alpha,alpha_corrected,step,dimension_step
0,True,2.212069909670979e-32,8.848279638683916e-32,17.50982306823556,2.48250823942608,0.05,0.0125,0,1-2
1,True,7.002177215190396e-17,2.1006531645571188e-16,9.950833463944075,1.4108095762664505,0.05,0.0125,1,2-3
2,False,0.9999999999893595,1.0,-7.554917873522938,-1.0711213811881186,0.05,0.0125,2,3-4
3,False,0.999999962091895,1.0,-5.81079633576217,-0.8238432635750262,0.05,0.0125,3,4-5
