,reject,pvals,pvals_corrected,tstats,effectsize,alpha,alpha_corrected,step,dimension_step
0,True,1.6526807873377924e-35,6.61072314935117e-35,19.232576321643155,2.726756803755714,0.05,0.0125,0,1-2
1,True,1.9553281811120408e-30,5.865984543336122e-30,16.480204885066314,2.3365310006373314,0.05,0.0125,1,2-3
2,False,0.9999999503815513,1.0,-5.75019621282676,-0.815251497461164,0.05,0.0125,2,3-4
3,False,0.99999449383638,1.0,-4.6324818428745225,-0.6567841547633965,0.05,0.0125,3,4-5
