,reject,pvals,pvals_corrected,tstats,effectsize,alpha,alpha_corrected,step,dimension_step
0,True,4.165330261443756e-54,1.6661321045775025e-53,31.8308514679946,4.512915449191178,0.05,0.0125,0,1-2
1,True,3.160506270754391e-47,9.481518812263172e-47,26.62501218851479,3.774841805952541,0.05,0.0125,1,2-3
2,False,0.9999999999269006,1.0,-7.156666377229524,-1.014658068163232,0.05,0.0125,2,3-4
3,False,0.9999999996829688,1.0,-6.849273808700059,-0.9710765550240681,0.05,0.0125,3,4-5
