,reject,pvals,pvals_corrected,tstats,effectsize,alpha,alpha_corrected,step,dimension_step
0,True,2.0788683575508237e-45,8.315473430203295e-45,25.366656803447455,3.5964346570406343,0.05,0.0125,0,1-2
1,True,3.722772179808143e-40,1.1168316539424427e-39,21.971725959597944,3.1151080462979355,0.05,0.0125,1,2-3
2,False,0.999999999999968,1.0,-8.729800840357765,-1.2376939749923301,0.05,0.0125,2,3-4
3,False,0.9999801342150545,1.0,-4.302252177341903,-0.6099648429752131,0.05,0.0125,3,4-5
