,reject,pvals,pvals_corrected,tstats,effectsize,alpha,alpha_corrected,step,dimension_step
0,True,0.003778245641304113,0.015112982565216452,2.7272211034384064,0.3866600384046467,0.05,0.0125,0,1-2
1,False,0.44758778359086737,1.0,0.13209713082668262,0.01872847112182897,0.05,0.0125,1,2-3
2,False,0.9977087163370212,1.0,-2.901090474827274,-0.41131089554778466,0.05,0.0125,2,3-4
3,False,0.9494655191784354,1.0,-1.6551105757582336,-0.23465831867455295,0.05,0.0125,3,4-5
