{
  "data": {
    "name": "normal-3-60",
    "n_dimension": 3,
    "distance": "euclidean",
    "subject": null,
    "n_objects": 60,
    "n_train_triplets": 5895,
    "n_test_triplets": 10000,
    "frac_train_ndlogn": 7.998838276138094,
    "frac_train_triplets": 0.05742255990648743,
    "max_train_score": 0.7854113655640373,
    "max_test_score": 0.7812,
    "noise_sd": 1.0,
    "distance_sd": 1.038286919998035,
    "distance_mean": 2.3638268336396115,
    "difference_sd": 0.9226182733759563,
    "difference_mean": -0.11999166642557298
  },
  "n_repeats": 10,
  "n_splits": 10,
  "embedding_method": "soe",
  "embedding_dimension": [
    1,
    2,
    3,
    4,
    5
  ],
  "random_state": 3283393209,
  "alpha": 0.05
}