{
  "data": {
    "name": "normal-3-60",
    "n_dimension": 3,
    "distance": "euclidean",
    "subject": null,
    "n_objects": 60,
    "n_train_triplets": 2947,
    "n_test_triplets": 10000,
    "frac_train_ndlogn": 3.998740695467169,
    "frac_train_triplets": 0.028706409507110852,
    "max_train_score": 0.8775025449609772,
    "max_test_score": 0.8821,
    "noise_sd": 0.5,
    "distance_sd": 1.0379745314602637,
    "distance_mean": 2.3557185491867303,
    "difference_sd": 0.9148826667576342,
    "difference_mean": -0.15879816256945578
  },
  "n_repeats": 10,
  "n_splits": 10,
  "embedding_method": "soe",
  "embedding_dimension": [
    1,
    2,
    3,
    4,
    5
  ],
  "random_state": 4049967849,
  "alpha": 0.05
}