,reject,pvals,pvals_corrected,tstats,effectsize,alpha,alpha_corrected,step,dimension_step
0,True,7.437280318361596e-39,2.9749121273446384e-38,21.181944539889084,3.003134391616658,0.05,0.0125,0,1-2
1,True,1.574374772044055e-26,4.7231243161321646e-26,14.50014019719462,2.055801327751297,0.05,0.0125,1,2-3
2,False,0.999999662340928,1.0,-5.309547216442595,-0.7527771503500852,0.05,0.0125,2,3-4
3,False,0.9996443724238347,1.0,-3.494813517794643,-0.4954877795950855,0.05,0.0125,3,4-5
