,reject,pvals,pvals_corrected,tstats,effectsize,alpha,alpha_corrected,step,dimension_step
0,True,3.520254702098479e-30,1.4081018808393915e-29,16.347378849549607,2.3176991868436954,0.05,0.0125,0,1-2
1,True,1.9510536432601614e-09,5.853160929780484e-09,6.4622666285760735,0.9162074390066862,0.05,0.0125,1,2-3
2,False,0.9999999999880829,1.0,-7.531651871381305,-1.0678227732130394,0.05,0.0125,2,3-4
3,False,0.9910477285840715,1.0,-2.407715052722917,-0.34136109961145095,0.05,0.0125,3,4-5
