,reject,pvals,pvals_corrected,tstats,effectsize,alpha,alpha_corrected,step,dimension_step
0,True,2.4398857433186163e-27,9.759542973274465e-27,14.90203329860428,2.1127809403795883,0.05,0.0125,0,1-2
1,True,5.102232251581649e-18,1.5306696754744946e-17,10.472708713402312,1.4848000216115482,0.05,0.0125,1,2-3
2,False,1.0,1.0,-10.813635426432139,-1.5331359397324091,0.05,0.0125,2,3-4
3,False,0.9999970366613079,1.0,-4.7871616817579445,-0.6787143577702901,0.05,0.0125,3,4-5
