,reject,pvals,pvals_corrected,tstats,effectsize,alpha,alpha_corrected,step,dimension_step
0,True,1.4501741720625728e-15,5.800696688250291e-15,9.347497994938673,1.3252698613814364,0.05,0.0125,0,1-2
1,True,1.8554465642262395e-06,5.566339692678719e-06,4.902238157603984,0.695029673941026,0.05,0.0125,1,2-3
2,False,0.9731025924716398,1.0,-1.9517387676815112,-0.27671367969253274,0.05,0.0125,2,3-4
3,False,0.9722631970986235,1.0,-1.937987536242289,-0.27476405717395613,0.05,0.0125,3,4-5
