,reject,pvals,pvals_corrected,tstats,effectsize,alpha,alpha_corrected,step,dimension_step
0,True,1.0937159718521455e-32,4.374863887408582e-32,17.674503792499692,2.5058563482714518,0.05,0.0125,0,1-2
1,True,4.400586407290232e-16,1.3201759221870696e-15,9.584964545972143,1.3589374014377444,0.05,0.0125,1,2-3
2,False,0.9972875651619368,1.0,-2.8432521459933793,-0.4031106911639235,0.05,0.0125,2,3-4
3,False,0.999999999859468,1.0,-7.020225632583989,-0.9953137680263316,0.05,0.0125,3,4-5
