{
  "data": {
    "name": "normal-3-60",
    "n_dimension": 3,
    "distance": "euclidean",
    "subject": null,
    "n_objects": 60,
    "n_train_triplets": 1473,
    "n_test_triplets": 10000,
    "frac_train_ndlogn": 1.9986919051317067,
    "frac_train_triplets": 0.01434833430742256,
    "max_train_score": 0.8859470468431772,
    "max_test_score": 0.8791,
    "noise_sd": 0.5,
    "distance_sd": 1.0431014519867559,
    "distance_mean": 2.4857415477899454,
    "difference_sd": 0.9535996981080639,
    "difference_mean": -0.10049782655716095
  },
  "n_repeats": 10,
  "n_splits": 10,
  "embedding_method": "soe",
  "embedding_dimension": [
    1,
    2,
    3,
    4,
    5
  ],
  "random_state": 1152123324,
  "alpha": 0.05
}