,reject,pvals,pvals_corrected,tstats,effectsize,alpha,alpha_corrected,step,dimension_step
0,False,0.9999927571876264,1.0,-4.56310156183313,-0.6469475551205703,0.05,0.025,0,1-2
1,False,0.7506589284350416,1.0,-0.6790634773322068,-0.09627628280429007,0.05,0.025,1,2-3
