{
  "data": {
    "name": "normal-1-20",
    "n_dimension": 1,
    "distance": "euclidean",
    "subject": null,
    "n_objects": 20,
    "n_train_triplets": 479,
    "n_test_triplets": 10000,
    "frac_train_ndlogn": 7.994706406653251,
    "frac_train_triplets": 0.14005847953216374,
    "max_train_score": 0.8768267223382046,
    "max_test_score": 0.8678,
    "noise_sd": 0.5,
    "distance_sd": 1.0184449526968251,
    "distance_mean": 1.2873897280152289,
    "difference_sd": 0.9021172167789485,
    "difference_mean": -0.16470489719613135
  },
  "n_repeats": 10,
  "n_splits": 10,
  "embedding_method": "soe",
  "embedding_dimension": [
    1,
    2,
    3
  ],
  "random_state": 564507284,
  "alpha": 0.05
}