,reject,pvals,pvals_corrected,tstats,effectsize,alpha,alpha_corrected,step,dimension_step
0,False,0.9964464714847989,0.9964464714847989,-2.748943179872041,-0.38973975163268987,0.05,0.025,0,1-2
1,False,0.4548220768106459,0.9096441536212918,0.11377805547428492,0.016131228686895722,0.05,0.025,1,2-3
