,reject,pvals,pvals_corrected,tstats,effectsize,alpha,alpha_corrected,step,dimension_step
0,False,0.5137407858181208,1.0,-0.034537062149803816,-0.004896596671384775,0.05,0.025,0,1-2
1,False,0.9999995625556051,1.0,-5.248709413668992,-0.7441516864567332,0.05,0.025,1,2-3
