{
  "data": {
    "name": "normal-1-20",
    "n_dimension": 1,
    "distance": "euclidean",
    "subject": null,
    "n_objects": 20,
    "n_train_triplets": 239,
    "n_test_triplets": 10000,
    "frac_train_ndlogn": 3.9890079983092424,
    "frac_train_triplets": 0.06988304093567252,
    "max_train_score": 0.7071129707112971,
    "max_test_score": 0.761,
    "noise_sd": 1.0,
    "distance_sd": 1.0097487514471568,
    "distance_mean": 1.1498948995159297,
    "difference_sd": 0.7972427488537671,
    "difference_mean": -0.14682982415747575
  },
  "n_repeats": 10,
  "n_splits": 10,
  "embedding_method": "soe",
  "embedding_dimension": [
    1,
    2,
    3
  ],
  "random_state": 407851088,
  "alpha": 0.05
}