,reject,pvals,pvals_corrected,tstats,effectsize,alpha,alpha_corrected,step,dimension_step
0,False,0.9594818158315814,1.0,-1.762704502509328,-0.24991277376704027,0.05,0.025,0,1-2
1,False,0.999811752648931,1.0,-3.682456530456991,-0.5220914364789784,0.05,0.025,1,2-3
