,reject,pvals,pvals_corrected,tstats,effectsize,alpha,alpha_corrected,step,dimension_step
0,False,0.9999999454570181,1.0,-5.72882689196389,-0.8122217972234015,0.05,0.025,0,1-2
1,False,0.9753297627162977,1.0,-1.9900740157027834,-0.28214877567850494,0.05,0.025,1,2-3
