,reject,pvals,pvals_corrected,tstats,effectsize,alpha,alpha_corrected,step,dimension_step
0,False,0.8731377931917196,1.0,-1.1480258633001066,-0.16276484654415999,0.05,0.025,0,1-2
1,False,0.999719620319987,1.0,-3.5656981641448167,-0.5055376651894373,0.05,0.025,1,2-3
