,reject,pvals,pvals_corrected,tstats,effectsize,alpha,alpha_corrected,step,dimension_step
0,False,0.999922704781676,1.0,-3.935095691566335,-0.557910119318407,0.05,0.025,0,1-2
1,False,0.9999160071980335,1.0,-3.9119533133868374,-0.5546290385052753,0.05,0.025,1,2-3
