,reject,pvals,pvals_corrected,tstats,effectsize,alpha,alpha_corrected,step,dimension_step
0,False,0.9999905350244466,1.0,-4.494789896275903,-0.6372624616770863,0.05,0.025,0,1-2
1,False,0.9406742858154444,1.0,-1.5741145538972996,-0.2231748621686292,0.05,0.025,1,2-3
