,reject,pvals,pvals_corrected,tstats,effectsize,alpha,alpha_corrected,step,dimension_step
0,False,0.3317037164125668,0.6634074328251336,0.43652359411780245,0.06188945570028143,0.05,0.025,0,1-2
1,False,0.8403671171875643,0.8403671171875643,-1.00100299716108,-0.14192023405711046,0.05,0.025,1,2-3
