,reject,pvals,pvals_corrected,tstats,effectsize,alpha,alpha_corrected,step,dimension_step
0,False,0.8170010257032567,0.8170010257032567,-0.9081622314872158,-0.12875745309457162,0.05,0.025,0,1-2
1,False,0.3098157849447949,0.6196315698895898,0.49793868796602153,0.07059676678556091,0.05,0.025,1,2-3
