,reject,pvals,pvals_corrected,tstats,effectsize,alpha,alpha_corrected,step,dimension_step
0,False,0.3807143511080915,0.6344279303155373,0.3044439793433241,0.04316346796984653,0.05,0.025,0,1-2
1,False,0.3172139651577687,0.6344279303155373,0.47697951886041307,0.06762521705639277,0.05,0.025,1,2-3
