,reject,pvals,pvals_corrected,tstats,effectsize,alpha,alpha_corrected,step,dimension_step
0,False,0.9986761374183837,1.0,-3.083911977387154,-0.4372309682224478,0.05,0.025,0,1-2
1,False,0.9157014638615436,1.0,-1.3868671280470097,-0.19662729080407684,0.05,0.025,1,2-3
