,reject,pvals,pvals_corrected,tstats,effectsize,alpha,alpha_corrected,step,dimension_step
0,False,0.5429661033140589,1.0,-0.10818513851068677,-0.0153382759317222,0.05,0.025,0,1-2
1,False,0.9842854259173647,1.0,-2.182608426862961,-0.3094459254107183,0.05,0.025,1,2-3
