{
  "data": {
    "name": "normal-1-20",
    "n_dimension": 1,
    "distance": "euclidean",
    "subject": null,
    "n_objects": 20,
    "n_train_triplets": 479,
    "n_test_triplets": 10000,
    "frac_train_ndlogn": 7.994706406653251,
    "frac_train_triplets": 0.14005847953216374,
    "max_train_score": 0.8663883089770354,
    "max_test_score": 0.8826,
    "noise_sd": 0.5,
    "distance_sd": 1.0247809368126384,
    "distance_mean": 1.3796171210293044,
    "difference_sd": 0.9282639574117775,
    "difference_mean": -0.0906431818443444
  },
  "n_repeats": 10,
  "n_splits": 10,
  "embedding_method": "soe",
  "embedding_dimension": [
    1,
    2,
    3
  ],
  "random_state": 2175665318,
  "alpha": 0.05
}