,reject,pvals,pvals_corrected,tstats,effectsize,alpha,alpha_corrected,step,dimension_step
0,False,0.9999915183711184,1.0,-4.5228658203368814,-0.6412430109116083,0.05,0.025,0,1-2
1,False,0.9615179660251808,1.0,-1.7872082416956854,-0.2533868656633332,0.05,0.025,1,2-3
