,reject,pvals,pvals_corrected,tstats,effectsize,alpha,alpha_corrected,step,dimension_step
0,False,0.18564584306989146,0.3712916861397829,0.8981369192553352,0.1273360840652288,0.05,0.025,0,1-2
1,False,0.9922612371287965,0.9922612371287965,-2.4636555840650205,-0.34929223800351,0.05,0.025,1,2-3
