,reject,pvals,pvals_corrected,tstats,effectsize,alpha,alpha_corrected,step,dimension_step
0,False,0.3909843571935269,0.7819687143870538,0.27750802294194377,0.03934454110561371,0.05,0.025,0,1-2
1,False,0.9414825136025555,0.9414825136025555,-1.5811434878793231,-0.22417141058929313,0.05,0.025,1,2-3
