{
  "data": {
    "name": "normal-1-20",
    "n_dimension": 1,
    "distance": "euclidean",
    "subject": null,
    "n_objects": 20,
    "n_train_triplets": 479,
    "n_test_triplets": 10000,
    "frac_train_ndlogn": 7.994706406653251,
    "frac_train_triplets": 0.14005847953216374,
    "max_train_score": 0.7995824634655533,
    "max_test_score": 0.7955,
    "noise_sd": 1.0,
    "distance_sd": 1.0226827980794457,
    "distance_mean": 1.3497118226734472,
    "difference_sd": 0.9971029100727022,
    "difference_mean": -0.04179381220653383
  },
  "n_repeats": 10,
  "n_splits": 10,
  "embedding_method": "soe",
  "embedding_dimension": [
    1,
    2,
    3
  ],
  "random_state": 2239801860,
  "alpha": 0.05
}