,reject,pvals,pvals_corrected,tstats,effectsize,alpha,alpha_corrected,step,dimension_step
0,False,0.9989153929750416,1.0,-3.1485321192443143,-0.44639268470399807,0.05,0.025,0,1-2
1,False,0.9657902732273196,1.0,-1.8423328663169065,-0.26120232640694885,0.05,0.025,1,2-3
