,reject,pvals,pvals_corrected,tstats,effectsize,alpha,alpha_corrected,step,dimension_step
0,False,0.9999659807193655,1.0,-4.159270425888476,-0.5896931717717147,0.05,0.025,0,1-2
1,False,0.9996417884293147,1.0,-3.4926400488024334,-0.49517962944072524,0.05,0.025,1,2-3
