,reject,pvals,pvals_corrected,tstats,effectsize,alpha,alpha_corrected,step,dimension_step
0,False,0.9954558472921542,1.0,-2.6610995786126757,-0.37728545880189385,0.05,0.025,0,1-2
1,False,0.9197753040333768,1.0,-1.4141692871098122,-0.20049813716062762,0.05,0.025,1,2-3
