,reject,pvals,pvals_corrected,tstats,effectsize,alpha,alpha_corrected,step,dimension_step
0,False,0.9145411738076865,1.0,-1.3792756919259388,-0.19555099193765235,0.05,0.025,0,1-2
1,False,0.9510238730898116,1.0,-1.6706358280491311,-0.23685945837660052,0.05,0.025,1,2-3
