{
  "data": {
    "name": "normal-1-20",
    "n_dimension": 1,
    "distance": "euclidean",
    "subject": null,
    "n_objects": 20,
    "n_train_triplets": 119,
    "n_test_triplets": 10000,
    "frac_train_ndlogn": 1.9861587941372378,
    "frac_train_triplets": 0.0347953216374269,
    "max_train_score": 0.773109243697479,
    "max_test_score": 0.768,
    "noise_sd": 1.0,
    "distance_sd": 1.0136926884657897,
    "distance_mean": 1.2140364353391615,
    "difference_sd": 0.9997085615638966,
    "difference_mean": -0.147452477914938
  },
  "n_repeats": 10,
  "n_splits": 10,
  "embedding_method": "soe",
  "embedding_dimension": [
    1,
    2,
    3
  ],
  "random_state": 4188165315,
  "alpha": 0.05
}