,reject,pvals,pvals_corrected,tstats,effectsize,alpha,alpha_corrected,step,dimension_step
0,False,0.9901558375592219,1.0,-2.3707563271908683,-0.33612116427375804,0.05,0.025,0,1-2
1,False,0.7394982864737241,1.0,-0.6440948161260005,-0.09131849486846633,0.05,0.025,1,2-3
