,reject,pvals,pvals_corrected,tstats,effectsize,alpha,alpha_corrected,step,dimension_step
0,False,0.9999970857977177,1.0,-4.791297401070811,-0.6793007119116274,0.05,0.025,0,1-2
1,False,0.516145187367361,1.0,-0.04058355750627402,-0.005753856878046669,0.05,0.025,1,2-3
