,reject,pvals,pvals_corrected,tstats,effectsize,alpha,alpha_corrected,step,dimension_step
0,False,0.9999999129995445,1.0,-5.622847730477911,-0.7971962803708819,0.05,0.025,0,1-2
1,False,0.9889698440446507,1.0,-2.3259598659861296,-0.32977001020415264,0.05,0.025,1,2-3
