,reject,pvals,pvals_corrected,tstats,effectsize,alpha,alpha_corrected,step,dimension_step
0,False,0.9962195883970417,1.0,-2.727017518532656,-0.38663117453754886,0.05,0.025,0,1-2
1,False,0.977302090553597,1.0,-2.0265685603759693,-0.28732290036795655,0.05,0.025,1,2-3
