,reject,pvals,pvals_corrected,tstats,effectsize,alpha,alpha_corrected,step,dimension_step
0,False,0.802414746889733,1.0,-0.8539931249209426,-0.12107746381946163,0.05,0.025,0,1-2
1,False,0.9357410710366872,1.0,-1.5327869951387887,-0.2173155222579086,0.05,0.025,1,2-3
