,reject,pvals,pvals_corrected,tstats,effectsize,alpha,alpha_corrected,step,dimension_step
0,False,0.9892311508389157,1.0,-2.3354503724062186,-0.3311155555184818,0.05,0.025,0,1-2
1,False,0.9874918399714997,1.0,-2.2757409008029805,-0.3226500641968866,0.05,0.025,1,2-3
