,reject,pvals,pvals_corrected,tstats,effectsize,alpha,alpha_corrected,step,dimension_step
0,False,0.09912737260457015,0.1982547452091403,1.2952253601303867,0.1836345013828463,0.05,0.025,0,1-2
1,False,0.9982579086561548,0.9982579086561548,-2.9933720337739,-0.4243943932815609,0.05,0.025,1,2-3
