,reject,pvals,pvals_corrected,tstats,effectsize,alpha,alpha_corrected,step,dimension_step
0,False,0.9129479582543188,1.0,-1.368978382003144,-0.19409105961122947,0.05,0.025,0,1-2
1,False,0.9998116257531073,1.0,-3.682261081497695,-0.5220637261103499,0.05,0.025,1,2-3
