,reject,pvals,pvals_corrected,tstats,effectsize,alpha,alpha_corrected,step,dimension_step
0,False,0.9956543748274267,1.0,-2.677205255363441,-0.37956888994106047,0.05,0.025,0,1-2
1,False,0.8860143985290322,1.0,-1.213118286972253,-0.17199352221156067,0.05,0.025,1,2-3
