,reject,pvals,pvals_corrected,tstats,effectsize,alpha,alpha_corrected,step,dimension_step
0,False,0.4764195923685349,0.5780723207175449,0.059291835616663624,0.008406279713704529,0.05,0.025,0,1-2
1,False,0.28903616035877244,0.5780723207175449,0.5580466973835716,0.07911876201378597,0.05,0.025,1,2-3
