,reject,pvals,pvals_corrected,tstats,effectsize,alpha,alpha_corrected,step,dimension_step
0,False,0.9995127789208715,1.0,-3.3994500461816792,-0.481967334351471,0.05,0.025,0,1-2
1,False,0.7540951701033176,1.0,-0.6899982098030824,-0.09782658764455501,0.05,0.025,1,2-3
