{
  "data": {
    "name": "normal-1-20",
    "n_dimension": 1,
    "distance": "euclidean",
    "subject": null,
    "n_objects": 20,
    "n_train_triplets": 119,
    "n_test_triplets": 10000,
    "frac_train_ndlogn": 1.9861587941372378,
    "frac_train_triplets": 0.0347953216374269,
    "max_train_score": 0.8151260504201681,
    "max_test_score": 0.8414,
    "noise_sd": 0.5,
    "distance_sd": 1.0095499918848045,
    "distance_mean": 1.1465742610827991,
    "difference_sd": 0.8273054196333188,
    "difference_mean": -0.1761263575416938
  },
  "n_repeats": 10,
  "n_splits": 10,
  "embedding_method": "soe",
  "embedding_dimension": [
    1,
    2,
    3
  ],
  "random_state": 3353116778,
  "alpha": 0.05
}