,reject,pvals,pvals_corrected,tstats,effectsize,alpha,alpha_corrected,step,dimension_step
0,False,0.3406428659839727,0.6812857319679454,0.4119238948948585,0.058401758778937524,0.05,0.025,0,1-2
1,False,0.3595962247031204,0.6812857319679454,0.36056552271447767,0.05112026989098874,0.05,0.025,1,2-3
