{
  "data": {
    "name": "normal-1-20",
    "n_dimension": 1,
    "distance": "euclidean",
    "subject": null,
    "n_objects": 20,
    "n_train_triplets": 239,
    "n_test_triplets": 10000,
    "frac_train_ndlogn": 3.9890079983092424,
    "frac_train_triplets": 0.06988304093567252,
    "max_train_score": 0.7405857740585774,
    "max_test_score": 0.6911,
    "noise_sd": 2.0,
    "distance_sd": 1.0241888031307125,
    "distance_mean": 1.3712371730332082,
    "difference_sd": 1.0259696854230367,
    "difference_mean": -0.04718327349719285
  },
  "n_repeats": 10,
  "n_splits": 10,
  "embedding_method": "soe",
  "embedding_dimension": [
    1,
    2,
    3
  ],
  "random_state": 3816875894,
  "alpha": 0.05
}