,reject,pvals,pvals_corrected,tstats,effectsize,alpha,alpha_corrected,step,dimension_step
0,False,0.9992343107495711,1.0,-3.2593057673994634,-0.462097954436581,0.05,0.025,0,1-2
1,False,0.7177887566873693,1.0,-0.5782290928214012,-0.08198018230173044,0.05,0.025,1,2-3
