,reject,pvals,pvals_corrected,tstats,effectsize,alpha,alpha_corrected,step,dimension_step
0,False,0.9999856277815575,1.0,-4.386929463251594,-0.6219702218499084,0.05,0.025,0,1-2
1,False,0.9511442653112523,1.0,-1.6718518261465352,-0.23703186019266503,0.05,0.025,1,2-3
