,reject,pvals,pvals_corrected,tstats,effectsize,alpha,alpha_corrected,step,dimension_step
0,False,0.999999999997447,0.999999999997447,-7.846653838649702,-1.1124831319232213,0.05,0.025,0,1-2
1,False,0.43595200093617603,0.8719040018723521,0.1616588158127793,0.02291966861499121,0.05,0.025,1,2-3
