,reject,pvals,pvals_corrected,tstats,effectsize,alpha,alpha_corrected,step,dimension_step
0,False,0.9957101789415992,1.0,-2.681852563398846,-0.3802277761242095,0.05,0.025,0,1-2
1,False,0.9923724542192037,1.0,-2.46916692296953,-0.3500736247820855,0.05,0.025,1,2-3
