,reject,pvals,pvals_corrected,tstats,effectsize,alpha,alpha_corrected,step,dimension_step
0,False,0.9956211013944876,1.0,-2.6744599817079178,-0.379179670447365,0.05,0.025,0,1-2
1,False,0.9780463250920503,1.0,-2.0410468828580357,-0.289375608423014,0.05,0.025,1,2-3
