{
  "data": {
    "name": "normal-1-20",
    "n_dimension": 1,
    "distance": "euclidean",
    "subject": null,
    "n_objects": 20,
    "n_train_triplets": 479,
    "n_test_triplets": 10000,
    "frac_train_ndlogn": 7.994706406653251,
    "frac_train_triplets": 0.14005847953216374,
    "max_train_score": 0.7118997912317327,
    "max_test_score": 0.6861,
    "noise_sd": 2.0,
    "distance_sd": 1.0227067048669791,
    "distance_mean": 1.350055954180278,
    "difference_sd": 0.9542443901327595,
    "difference_mean": -0.0982627940074246
  },
  "n_repeats": 10,
  "n_splits": 10,
  "embedding_method": "soe",
  "embedding_dimension": [
    1,
    2,
    3
  ],
  "random_state": 2358731689,
  "alpha": 0.05
}