{
  "data": {
    "name": "normal-1-20",
    "n_dimension": 1,
    "distance": "euclidean",
    "subject": null,
    "n_objects": 20,
    "n_train_triplets": 239,
    "n_test_triplets": 10000,
    "frac_train_ndlogn": 3.9890079983092424,
    "frac_train_triplets": 0.06988304093567252,
    "max_train_score": 0.8284518828451883,
    "max_test_score": 0.7948,
    "noise_sd": 1.0,
    "distance_sd": 1.0232774960335174,
    "distance_mean": 1.3582488151601213,
    "difference_sd": 0.9316004124874868,
    "difference_mean": -0.14550608355873873
  },
  "n_repeats": 10,
  "n_splits": 10,
  "embedding_method": "soe",
  "embedding_dimension": [
    1,
    2,
    3
  ],
  "random_state": 2304248273,
  "alpha": 0.05
}