{
  "data": {
    "name": "normal-1-20",
    "n_dimension": 1,
    "distance": "euclidean",
    "subject": null,
    "n_objects": 20,
    "n_train_triplets": 239,
    "n_test_triplets": 10000,
    "frac_train_ndlogn": 3.9890079983092424,
    "frac_train_triplets": 0.06988304093567252,
    "max_train_score": 0.7238493723849372,
    "max_test_score": 0.6848,
    "noise_sd": 2.0,
    "distance_sd": 1.022586605536135,
    "distance_mean": 1.348326351673207,
    "difference_sd": 0.8825799932408824,
    "difference_mean": -0.0909409395602804
  },
  "n_repeats": 10,
  "n_splits": 10,
  "embedding_method": "soe",
  "embedding_dimension": [
    1,
    2,
    3
  ],
  "random_state": 4090937977,
  "alpha": 0.05
}