,reject,pvals,pvals_corrected,tstats,effectsize,alpha,alpha_corrected,step,dimension_step
0,False,0.8945415682366914,1.0,-1.2592058506720134,-0.1785277262508513,0.05,0.025,0,1-2
1,False,0.5532083458461102,1.0,-0.1341157581907107,-0.01901466813501419,0.05,0.025,1,2-3
