,reject,pvals,pvals_corrected,tstats,effectsize,alpha,alpha_corrected,step,dimension_step
0,False,0.9999833296433726,1.0,-4.348248342857415,-0.6164860887598955,0.05,0.025,0,1-2
1,False,0.9935775896626468,1.0,-2.534006368385113,-0.3592664336903609,0.05,0.025,1,2-3
