,reject,pvals,pvals_corrected,tstats,effectsize,alpha,alpha_corrected,step,dimension_step
0,False,0.9999999949831594,1.0,-6.257834502768916,-0.8872234547173008,0.05,0.025,0,1-2
1,False,0.9131232465983536,1.0,-1.3701042715922576,-0.19425068602040368,0.05,0.025,1,2-3
