,reject,pvals,pvals_corrected,tstats,effectsize,alpha,alpha_corrected,step,dimension_step
0,False,0.996216557213119,1.0,-2.7267327870947855,-0.3865908058748969,0.05,0.025,0,1-2
1,False,0.9534507808145265,1.0,-1.6956320187289255,-0.24040336907604243,0.05,0.025,1,2-3
