,reject,pvals,pvals_corrected,tstats,effectsize,alpha,alpha_corrected,step,dimension_step
0,False,0.999605475501281,0.999605475501281,-3.4635660444003653,-0.49105757434056957,0.05,0.025,0,1-2
1,False,0.12779523978668533,0.25559047957337067,1.1434954859802935,0.16212253856764205,0.05,0.025,1,2-3
