,reject,pvals,pvals_corrected,tstats,effectsize,alpha,alpha_corrected,step,dimension_step
0,False,0.9998902840700458,1.0,-3.8369545021402756,-0.5439958547123158,0.05,0.025,0,1-2
1,False,0.9999999971044443,1.0,-6.377106162287745,-0.9041335557692444,0.05,0.025,1,2-3
