,reject,pvals,pvals_corrected,tstats,effectsize,alpha,alpha_corrected,step,dimension_step
0,False,0.7283996045698693,1.0,-0.6100889246345994,-0.08649720652720502,0.05,0.025,0,1-2
1,False,0.5127545113334092,1.0,-0.03205719902741734,-0.0045450065605091615,0.05,0.025,1,2-3
