,reject,pvals,pvals_corrected,tstats,effectsize,alpha,alpha_corrected,step,dimension_step
0,True,0.002520713648207757,0.005041427296415514,2.8684777656440414,0.4066871298511311,0.05,0.025,0,1-2
1,False,0.9999999194745144,0.9999999194745144,-5.640464465141151,-0.7996939463257489,0.05,0.025,1,2-3
