,reject,pvals,pvals_corrected,tstats,effectsize,alpha,alpha_corrected,step,dimension_step
0,False,0.12132413102720824,0.24264826205441647,1.17541394112659,0.16664787429385952,0.05,0.025,0,1-2
1,False,0.9951809327408854,0.9951809327408854,-2.639819128360073,-0.3742683584642771,0.05,0.025,1,2-3
