,reject,pvals,pvals_corrected,tstats,effectsize,alpha,alpha_corrected,step,dimension_step
0,False,0.7802405006673903,1.0,-0.7761359550190858,-0.1100390275641927,0.05,0.025,0,1-2
1,False,0.8006160739347881,1.0,-0.8474871666551499,-0.12015506186615509,0.05,0.025,1,2-3
