,reject,pvals,pvals_corrected,tstats,effectsize,alpha,alpha_corrected,step,dimension_step
0,True,0.0004330465639018255,0.000866093127803651,3.4353595910403367,0.4870585189190282,0.05,0.025,0,1-2
1,False,0.7961654338517972,0.7961654338517972,-0.8315412123081235,-0.11789427585491219,0.05,0.025,1,2-3
