,reject,pvals,pvals_corrected,tstats,effectsize,alpha,alpha_corrected,step,dimension_step
0,False,0.9992524686386094,1.0,-3.2668472006338174,-0.4631671639921777,0.05,0.025,0,1-2
1,False,0.9380101717529731,1.0,-1.5514719878517675,-0.2199646437357683,0.05,0.025,1,2-3
