,reject,pvals,pvals_corrected,tstats,effectsize,alpha,alpha_corrected,step,dimension_step
0,False,0.9459438391304436,1.0,-1.6214013636985705,-0.22987909295898964,0.05,0.025,0,1-2
1,False,0.9999804270614756,1.0,-4.306158743122232,-0.6105187081798891,0.05,0.025,1,2-3
