,reject,pvals,pvals_corrected,tstats,effectsize,alpha,alpha_corrected,step,dimension_step
0,False,0.9997288701112873,0.9997288701112873,-3.5756258027004746,-0.5069451862372756,0.05,0.025,0,1-2
1,False,0.3916972924540382,0.7833945849080765,0.27564589843713966,0.03908053275966991,0.05,0.025,1,2-3
