,reject,pvals,pvals_corrected,tstats,effectsize,alpha,alpha_corrected,step,dimension_step
0,False,0.9855235718199767,0.9855235718199767,-2.2164075418914004,-0.3142378973921842,0.05,0.025,0,1-2
1,True,0.005441875112061651,0.010883750224123303,2.595404770632511,0.36797137827334014,0.05,0.025,1,2-3
