{
  "data": {
    "name": "normal-1-20",
    "n_dimension": 1,
    "distance": "euclidean",
    "subject": null,
    "n_objects": 20,
    "n_train_triplets": 239,
    "n_test_triplets": 10000,
    "frac_train_ndlogn": 3.9890079983092424,
    "frac_train_triplets": 0.06988304093567252,
    "max_train_score": 0.8493723849372385,
    "max_test_score": 0.8957,
    "noise_sd": 0.5,
    "distance_sd": 1.0280402269644529,
    "distance_mean": 1.4249447206419468,
    "difference_sd": 0.9877288654338073,
    "difference_mean": -0.10409759885775717
  },
  "n_repeats": 10,
  "n_splits": 10,
  "embedding_method": "soe",
  "embedding_dimension": [
    1,
    2,
    3
  ],
  "random_state": 519237306,
  "alpha": 0.05
}