,reject,pvals,pvals_corrected,tstats,effectsize,alpha,alpha_corrected,step,dimension_step
0,False,0.9999986349613135,1.0,-4.976892468453986,-0.70561401514605,0.05,0.025,0,1-2
1,False,0.999959981968936,1.0,-4.115513331804215,-0.5834893771260349,0.05,0.025,1,2-3
