,reject,pvals,pvals_corrected,tstats,effectsize,alpha,alpha_corrected,step,dimension_step
0,False,0.9983290196853059,0.9983290196853059,-3.007236219717534,-0.4263600302673763,0.05,0.025,0,1-2
1,False,0.2321227386731501,0.4642454773463002,0.7347222327751449,0.10416747156415561,0.05,0.025,1,2-3
