,reject,pvals,pvals_corrected,tstats,effectsize,alpha,alpha_corrected,step,dimension_step
0,False,0.9999999993119424,1.0,-6.685178236189053,-0.9478114078421462,0.05,0.025,0,1-2
1,False,0.9999985373776844,1.0,-4.960151196779199,-0.703240470609982,0.05,0.025,1,2-3
