{
  "data": {
    "name": "normal-1-20",
    "n_dimension": 1,
    "distance": "euclidean",
    "subject": null,
    "n_objects": 20,
    "n_train_triplets": 479,
    "n_test_triplets": 10000,
    "frac_train_ndlogn": 7.994706406653251,
    "frac_train_triplets": 0.14005847953216374,
    "max_train_score": 0.8893528183716075,
    "max_test_score": 0.8806,
    "noise_sd": 0.5,
    "distance_sd": 1.0215819426251982,
    "distance_mean": 1.3337779592044574,
    "difference_sd": 0.9292352829227196,
    "difference_mean": -0.10632329744766343
  },
  "n_repeats": 10,
  "n_splits": 10,
  "embedding_method": "soe",
  "embedding_dimension": [
    1,
    2,
    3
  ],
  "random_state": 3846422839,
  "alpha": 0.05
}