,reject,pvals,pvals_corrected,tstats,effectsize,alpha,alpha_corrected,step,dimension_step
0,False,0.9999998484882004,0.9999998484882004,-5.495720216153719,-0.7791723916920703,0.05,0.025,0,1-2
1,False,0.23559102591358,0.47118205182716,0.7233311214784666,0.10255246223253515,0.05,0.025,1,2-3
