,reject,pvals,pvals_corrected,tstats,effectsize,alpha,alpha_corrected,step,dimension_step
0,False,0.9043014921826424,1.0,-1.3154503306933756,-0.18650195788820945,0.05,0.025,0,1-2
1,False,0.9997358052217167,1.0,-3.5832815183691813,-0.5080305985314035,0.05,0.025,1,2-3
