,reject,pvals,pvals_corrected,tstats,effectsize,alpha,alpha_corrected,step,dimension_step
0,False,0.9999999998107866,1.0,-6.957875807355221,-0.9864739325663159,0.05,0.025,0,1-2
1,False,0.5262765476122861,1.0,-0.06608061647796565,-0.009368779697751404,0.05,0.025,1,2-3
