{
  "data": {
    "name": "normal-1-20",
    "n_dimension": 1,
    "distance": "euclidean",
    "subject": null,
    "n_objects": 20,
    "n_train_triplets": 239,
    "n_test_triplets": 10000,
    "frac_train_ndlogn": 3.9890079983092424,
    "frac_train_triplets": 0.06988304093567252,
    "max_train_score": 0.8744769874476988,
    "max_test_score": 0.8521,
    "noise_sd": 0.5,
    "distance_sd": 1.0111278213861805,
    "distance_mean": 1.172693460560822,
    "difference_sd": 0.8677004823354558,
    "difference_mean": -0.1414929093191839
  },
  "n_repeats": 10,
  "n_splits": 10,
  "embedding_method": "soe",
  "embedding_dimension": [
    1,
    2,
    3
  ],
  "random_state": 3281009983,
  "alpha": 0.05
}