{
  "data": {
    "name": "normal-1-20",
    "n_dimension": 1,
    "distance": "euclidean",
    "subject": null,
    "n_objects": 20,
    "n_train_triplets": 479,
    "n_test_triplets": 10000,
    "frac_train_ndlogn": 7.994706406653251,
    "frac_train_triplets": 0.14005847953216374,
    "max_train_score": 0.8496868475991649,
    "max_test_score": 0.8645,
    "noise_sd": 0.5,
    "distance_sd": 1.01572860514529,
    "distance_mean": 1.2459483885368317,
    "difference_sd": 0.9122607145903977,
    "difference_mean": -0.12122106306009386
  },
  "n_repeats": 10,
  "n_splits": 10,
  "embedding_method": "soe",
  "embedding_dimension": [
    1,
    2,
    3
  ],
  "random_state": 1948558599,
  "alpha": 0.05
}