,reject,pvals,pvals_corrected,tstats,effectsize,alpha,alpha_corrected,step,dimension_step
0,False,0.9999935784747525,1.0,-4.593634707389945,-0.6512764843807349,0.05,0.025,0,1-2
1,False,0.9632094074210438,1.0,-1.8083931992671876,-0.2563904272366396,0.05,0.025,1,2-3
