,reject,pvals,pvals_corrected,tstats,effectsize,alpha,alpha_corrected,step,dimension_step
0,False,0.9643750422090287,1.0,-1.8234680595253256,-0.2585277112430619,0.05,0.025,0,1-2
1,False,0.9988201064193638,1.0,-3.1213453105746902,-0.44253819249907805,0.05,0.025,1,2-3
