,reject,pvals,pvals_corrected,tstats,effectsize,alpha,alpha_corrected,step,dimension_step
0,False,0.3001460946656739,0.6002921893313478,0.5256711598163212,0.0745286220418778,0.05,0.025,0,1-2
1,False,0.9335494184184361,0.9335494184184361,-1.515227696289677,-0.21482599943968303,0.05,0.025,1,2-3
