,reject,pvals,pvals_corrected,tstats,effectsize,alpha,alpha_corrected,step,dimension_step
0,False,0.7506216079160368,0.7506216079160368,-0.6789451661303147,-0.09625950887502939,0.05,0.025,0,1-2
1,False,0.2714209686610255,0.542841937322051,0.6106329683149708,0.08657433996903745,0.05,0.025,1,2-3
