,reject,pvals,pvals_corrected,tstats,effectsize,alpha,alpha_corrected,step,dimension_step
0,False,0.7399178494928852,1.0,-0.6453949017607992,-0.09150281845002223,0.05,0.025,0,1-2
1,False,0.9423250865405411,1.0,-1.588553990871005,-0.22522205711287308,0.05,0.025,1,2-3
