,reject,pvals,pvals_corrected,tstats,effectsize,alpha,alpha_corrected,step,dimension_step
0,False,0.7161186407047033,0.7161186407047033,-0.5732686481285734,-0.08127690021982854,0.05,0.025,0,1-2
1,False,0.20094634456791982,0.40189268913583964,0.8418648208949777,0.11935793675414583,0.05,0.025,1,2-3
