{
  "data": {
    "name": "normal-1-20",
    "n_dimension": 1,
    "distance": "euclidean",
    "subject": null,
    "n_objects": 20,
    "n_train_triplets": 239,
    "n_test_triplets": 10000,
    "frac_train_ndlogn": 3.9890079983092424,
    "frac_train_triplets": 0.06988304093567252,
    "max_train_score": 0.7698744769874477,
    "max_test_score": 0.7755,
    "noise_sd": 1.0,
    "distance_sd": 1.0151772411742506,
    "distance_mean": 1.2373810201248003,
    "difference_sd": 0.8803510057697802,
    "difference_mean": -0.13196356288609234
  },
  "n_repeats": 10,
  "n_splits": 10,
  "embedding_method": "soe",
  "embedding_dimension": [
    1,
    2,
    3
  ],
  "random_state": 1714360383,
  "alpha": 0.05
}