,reject,pvals,pvals_corrected,tstats,effectsize,alpha,alpha_corrected,step,dimension_step
0,False,0.9999999999963326,1.0,-7.772848593778793,-1.1020191696209825,0.05,0.025,0,1-2
1,False,0.9318978666939514,1.0,-1.5022941006107886,-0.21299229970935896,0.05,0.025,1,2-3
