,reject,pvals,pvals_corrected,tstats,effectsize,alpha,alpha_corrected,step,dimension_step
0,False,0.9052504640078876,1.0,-1.3211431287484217,-0.18730907158787202,0.05,0.025,0,1-2
1,False,0.9990400638102159,1.0,-3.1876746683834485,-0.45194223825296104,0.05,0.025,1,2-3
