,reject,pvals,pvals_corrected,tstats,effectsize,alpha,alpha_corrected,step,dimension_step
0,False,0.9462658380061314,1.0,-1.6244087805447474,-0.2303054785981208,0.05,0.025,0,1-2
1,False,0.9877493095673998,1.0,-2.2840993263763236,-0.3238351053177244,0.05,0.025,1,2-3
