,reject,pvals,pvals_corrected,tstats,effectsize,alpha,alpha_corrected,step,dimension_step
0,False,0.9632253669714422,0.9632253669714422,-1.8085969031340756,-0.25641930796981327,0.05,0.025,0,1-2
1,False,0.401526561961251,0.803053123922502,0.25006777163244076,0.03545411630221631,0.05,0.025,1,2-3
