,reject,pvals,pvals_corrected,tstats,effectsize,alpha,alpha_corrected,step,dimension_step
0,False,0.9999981758923118,1.0,-4.906397243923128,-0.695619341010506,0.05,0.025,0,1-2
1,False,0.9539188461392736,1.0,-1.7005744080473006,-0.24110409130250374,0.05,0.025,1,2-3
