,reject,pvals,pvals_corrected,tstats,effectsize,alpha,alpha_corrected,step,dimension_step
0,False,0.9999999999943464,1.0,-7.684463707168909,-1.0894881344189296,0.05,0.025,0,1-2
1,False,0.9699841268941469,1.0,-1.9023499350471422,-0.26971142824358013,0.05,0.025,1,2-3
