,reject,pvals,pvals_corrected,tstats,effectsize,alpha,alpha_corrected,step,dimension_step
0,False,0.9999988887538568,1.0,-5.026589940276814,-0.712660024851461,0.05,0.025,0,1-2
1,False,0.9615968518630488,1.0,-1.7881789495933955,-0.25352449071783834,0.05,0.025,1,2-3
