{
  "data": {
    "name": "normal-1-20",
    "n_dimension": 1,
    "distance": "euclidean",
    "subject": null,
    "n_objects": 20,
    "n_train_triplets": 119,
    "n_test_triplets": 10000,
    "frac_train_ndlogn": 1.9861587941372378,
    "frac_train_triplets": 0.0347953216374269,
    "max_train_score": 0.8235294117647058,
    "max_test_score": 0.7894,
    "noise_sd": 1.0,
    "distance_sd": 1.0233719508731312,
    "distance_mean": 1.35960025259033,
    "difference_sd": 1.0005044230854307,
    "difference_mean": -0.09383254492854502
  },
  "n_repeats": 10,
  "n_splits": 10,
  "embedding_method": "soe",
  "embedding_dimension": [
    1,
    2,
    3
  ],
  "random_state": 394476372,
  "alpha": 0.05
}