,reject,pvals,pvals_corrected,tstats,effectsize,alpha,alpha_corrected,step,dimension_step
0,False,0.9587978716197534,1.0,-1.7547015322526491,-0.24877812840114114,0.05,0.025,0,1-2
1,False,0.9567317683254428,1.0,-1.7311716798812176,-0.24544211225997722,0.05,0.025,1,2-3
