{
  "data": {
    "name": "normal-1-20",
    "n_dimension": 1,
    "distance": "euclidean",
    "subject": null,
    "n_objects": 20,
    "n_train_triplets": 119,
    "n_test_triplets": 10000,
    "frac_train_ndlogn": 1.9861587941372378,
    "frac_train_triplets": 0.0347953216374269,
    "max_train_score": 0.8487394957983193,
    "max_test_score": 0.886,
    "noise_sd": 0.5,
    "distance_sd": 1.0264066084309622,
    "distance_mean": 1.4023908124286395,
    "difference_sd": 0.9800264905590845,
    "difference_mean": -0.0714714282603527
  },
  "n_repeats": 10,
  "n_splits": 10,
  "embedding_method": "soe",
  "embedding_dimension": [
    1,
    2,
    3
  ],
  "random_state": 4252297010,
  "alpha": 0.05
}