,reject,pvals,pvals_corrected,tstats,effectsize,alpha,alpha_corrected,step,dimension_step
0,False,0.9998571530615062,1.0,-3.761947880156607,-0.5333615635284279,0.05,0.025,0,1-2
1,False,0.5983944090029376,1.0,-0.24986280934279653,-0.03542505715234195,0.05,0.025,1,2-3
