{
  "data": {
    "name": "normal-1-20",
    "n_dimension": 1,
    "distance": "euclidean",
    "subject": null,
    "n_objects": 20,
    "n_train_triplets": 479,
    "n_test_triplets": 10000,
    "frac_train_ndlogn": 7.994706406653251,
    "frac_train_triplets": 0.14005847953216374,
    "max_train_score": 0.791231732776618,
    "max_test_score": 0.7825,
    "noise_sd": 1.0,
    "distance_sd": 1.0179082186893458,
    "distance_mean": 1.279298906366695,
    "difference_sd": 0.9288525658283081,
    "difference_mean": -0.11341926262832758
  },
  "n_repeats": 10,
  "n_splits": 10,
  "embedding_method": "soe",
  "embedding_dimension": [
    1,
    2,
    3
  ],
  "random_state": 4280830258,
  "alpha": 0.05
}