,reject,pvals,pvals_corrected,tstats,effectsize,alpha,alpha_corrected,step,dimension_step
0,False,0.37746327846024397,0.7549265569204879,0.3130165438622359,0.04437886928876772,0.05,0.025,0,1-2
1,False,0.6984463735438056,0.7549265569204879,-0.5216094869697339,-0.07395276606273898,0.05,0.025,1,2-3
