,reject,pvals,pvals_corrected,tstats,effectsize,alpha,alpha_corrected,step,dimension_step
0,False,0.37404336674059935,0.7480867334811987,0.3220594453131495,0.04566095405185912,0.05,0.025,0,1-2
1,False,0.48294288956511483,0.7480867334811987,0.04287720608452761,0.006079045857493976,0.05,0.025,1,2-3
