{
  "data": {
    "name": "normal-1-20",
    "n_dimension": 1,
    "distance": "euclidean",
    "subject": null,
    "n_objects": 20,
    "n_train_triplets": 479,
    "n_test_triplets": 10000,
    "frac_train_ndlogn": 7.994706406653251,
    "frac_train_triplets": 0.14005847953216374,
    "max_train_score": 0.8872651356993737,
    "max_test_score": 0.8741,
    "noise_sd": 0.5,
    "distance_sd": 1.020101240847334,
    "distance_mean": 1.312068706275378,
    "difference_sd": 0.9317334325000561,
    "difference_mean": -0.17314965682598377
  },
  "n_repeats": 10,
  "n_splits": 10,
  "embedding_method": "soe",
  "embedding_dimension": [
    1,
    2,
    3
  ],
  "random_state": 4281740372,
  "alpha": 0.05
}