,reject,pvals,pvals_corrected,tstats,effectsize,alpha,alpha_corrected,step,dimension_step
0,False,0.07469983333920996,0.14939966667841992,1.452951286696456,0.20599657270392654,0.05,0.025,0,1-2
1,False,0.9999595738195882,0.9999595738195882,-4.11276975578157,-0.5831003983193863,0.05,0.025,1,2-3
