{
  "data": {
    "name": "normal-1-20",
    "n_dimension": 1,
    "distance": "euclidean",
    "subject": null,
    "n_objects": 20,
    "n_train_triplets": 239,
    "n_test_triplets": 10000,
    "frac_train_ndlogn": 3.9890079983092424,
    "frac_train_triplets": 0.06988304093567252,
    "max_train_score": 0.8075313807531381,
    "max_test_score": 0.7713,
    "noise_sd": 1.0,
    "distance_sd": 1.015056597399823,
    "distance_mean": 1.2354990985724024,
    "difference_sd": 0.9194634769391123,
    "difference_mean": -0.18297837268411998
  },
  "n_repeats": 10,
  "n_splits": 10,
  "embedding_method": "soe",
  "embedding_dimension": [
    1,
    2,
    3
  ],
  "random_state": 3950544818,
  "alpha": 0.05
}