,reject,pvals,pvals_corrected,tstats,effectsize,alpha,alpha_corrected,step,dimension_step
0,False,0.9999975269841485,1.0,-4.831797194170326,-0.685042692837008,0.05,0.025,0,1-2
1,False,0.9996828098319495,1.0,-3.5290350916503344,-0.5003396469572977,0.05,0.025,1,2-3
