,reject,pvals,pvals_corrected,tstats,effectsize,alpha,alpha_corrected,step,dimension_step
0,False,0.12680928978455902,0.25361857956911804,1.1482835082660077,0.16280137494014682,0.05,0.025,0,1-2
1,False,0.988825572511483,0.988825572511483,-2.3208047738747473,-0.3290391313944905,0.05,0.025,1,2-3
