,reject,pvals,pvals_corrected,tstats,effectsize,alpha,alpha_corrected,step,dimension_step
0,False,0.09124022925615892,0.18248045851231784,1.3425736885253583,0.19034745415829735,0.05,0.025,0,1-2
1,False,0.9920458217983142,0.9920458217983142,-2.4531790234344673,-0.3478068918646689,0.05,0.025,1,2-3
