{
  "data": {
    "name": "normal-1-20",
    "n_dimension": 1,
    "distance": "euclidean",
    "subject": null,
    "n_objects": 20,
    "n_train_triplets": 239,
    "n_test_triplets": 10000,
    "frac_train_ndlogn": 3.9890079983092424,
    "frac_train_triplets": 0.06988304093567252,
    "max_train_score": 0.899581589958159,
    "max_test_score": 0.8977,
    "noise_sd": 0.5,
    "distance_sd": 1.0287073471999157,
    "distance_mean": 1.434063219484649,
    "difference_sd": 1.0029226911297253,
    "difference_mean": -0.05812269381040794
  },
  "n_repeats": 10,
  "n_splits": 10,
  "embedding_method": "soe",
  "embedding_dimension": [
    1,
    2,
    3
  ],
  "random_state": 1642269171,
  "alpha": 0.05
}