,reject,pvals,pvals_corrected,tstats,effectsize,alpha,alpha_corrected,step,dimension_step
0,False,0.9999998679690055,1.0,-5.527386944710152,-0.7836620381180027,0.05,0.025,0,1-2
1,False,0.5804754665692733,1.0,-0.20364483311204581,-0.028872363481177443,0.05,0.025,1,2-3
