,reject,pvals,pvals_corrected,tstats,effectsize,alpha,alpha_corrected,step,dimension_step
0,False,0.9546673876227194,1.0,-1.7085641700009775,-0.24223686402120914,0.05,0.025,0,1-2
1,False,0.6281427925902059,1.0,-0.3278539766626724,-0.046482491297709365,0.05,0.025,1,2-3
