,reject,pvals,pvals_corrected,tstats,effectsize,alpha,alpha_corrected,step,dimension_step
0,False,0.45930162516179196,0.9186032503235839,0.10245439315200269,0.01452578213806449,0.05,0.025,0,1-2
1,False,0.8446164634779957,0.9186032503235839,-1.0188299193076367,-0.14444769997952273,0.05,0.025,1,2-3
