,reject,pvals,pvals_corrected,tstats,effectsize,alpha,alpha_corrected,step,dimension_step
0,False,0.9993966178437873,1.0,-3.333651413897042,-0.4726385338174494,0.05,0.025,0,1-2
1,False,0.7715242843541525,1.0,-0.7468046227281161,-0.10588048902260286,0.05,0.025,1,2-3
