{
  "data": {
    "name": "normal-1-20",
    "n_dimension": 1,
    "distance": "euclidean",
    "subject": null,
    "n_objects": 20,
    "n_train_triplets": 239,
    "n_test_triplets": 10000,
    "frac_train_ndlogn": 3.9890079983092424,
    "frac_train_triplets": 0.06988304093567252,
    "max_train_score": 0.7907949790794979,
    "max_test_score": 0.8034,
    "noise_sd": 1.0,
    "distance_sd": 1.0272249769120403,
    "distance_mean": 1.413729786998523,
    "difference_sd": 0.9764236588901677,
    "difference_mean": -0.06476265262216217
  },
  "n_repeats": 10,
  "n_splits": 10,
  "embedding_method": "soe",
  "embedding_dimension": [
    1,
    2,
    3
  ],
  "random_state": 3630652320,
  "alpha": 0.05
}