,reject,pvals,pvals_corrected,tstats,effectsize,alpha,alpha_corrected,step,dimension_step
0,False,0.9997651692065064,1.0,-3.617958573980562,-0.5129470432001367,0.05,0.025,0,1-2
1,False,0.8030746703481118,1.0,-0.8563892296630444,-0.12141717883209284,0.05,0.025,1,2-3
