,reject,pvals,pvals_corrected,tstats,effectsize,alpha,alpha_corrected,step,dimension_step
0,False,0.14327215622717332,0.28654431245434664,1.071512404613804,0.1519169190193918,0.05,0.025,0,1-2
1,False,0.16011567427656034,0.28654431245434664,0.9989976636378792,0.1416359218185034,0.05,0.025,1,2-3
