,reject,pvals,pvals_corrected,tstats,effectsize,alpha,alpha_corrected,step,dimension_step
0,False,0.9905680808514452,0.9905680808514452,-2.387452770437673,-0.33848835312356973,0.05,0.025,0,1-2
1,False,0.3399473996696976,0.6798947993393952,0.41382857003423207,0.05867179987007239,0.05,0.025,1,2-3
