,reject,pvals,pvals_corrected,tstats,effectsize,alpha,alpha_corrected,step,dimension_step
0,False,0.9924995681992296,1.0,-2.4755546898016574,-0.3509792697866347,0.05,0.025,0,1-2
1,False,0.9787756207447736,1.0,-2.055648629775076,-0.291445815351451,0.05,0.025,1,2-3
