,reject,pvals,pvals_corrected,tstats,effectsize,alpha,alpha_corrected,step,dimension_step
0,False,0.9848545360299071,1.0,-2.197844301213497,-0.31160603767813927,0.05,0.025,0,1-2
1,False,0.8544250826383772,1.0,-1.061268977077607,-0.15046462603165145,0.05,0.025,1,2-3
