,reject,pvals,pvals_corrected,tstats,effectsize,alpha,alpha_corrected,step,dimension_step
0,False,0.999999653460762,1.0,-5.303463186353282,-0.7519145685429033,0.05,0.025,0,1-2
1,False,0.9998238636963198,1.0,-3.7017109768926,-0.524821293984432,0.05,0.025,1,2-3
