,reject,pvals,pvals_corrected,tstats,effectsize,alpha,alpha_corrected,step,dimension_step
0,False,0.9993854697401083,1.0,-3.327977669922621,-0.4718341215678222,0.05,0.025,0,1-2
1,False,0.9986581150209428,1.0,-3.0794952278690118,-0.43660477017192834,0.05,0.025,1,2-3
