{
  "data": {
    "name": "normal-1-20",
    "n_dimension": 1,
    "distance": "euclidean",
    "subject": null,
    "n_objects": 20,
    "n_train_triplets": 479,
    "n_test_triplets": 10000,
    "frac_train_ndlogn": 7.994706406653251,
    "frac_train_triplets": 0.14005847953216374,
    "max_train_score": 0.7160751565762005,
    "max_test_score": 0.6819,
    "noise_sd": 2.0,
    "distance_sd": 1.0212385865178486,
    "distance_mean": 1.3287726522119894,
    "difference_sd": 0.9334383402158515,
    "difference_mean": -0.08676620860199358
  },
  "n_repeats": 10,
  "n_splits": 10,
  "embedding_method": "soe",
  "embedding_dimension": [
    1,
    2,
    3
  ],
  "random_state": 3244243005,
  "alpha": 0.05
}