,reject,pvals,pvals_corrected,tstats,effectsize,alpha,alpha_corrected,step,dimension_step
0,False,0.7560627151585457,1.0,-0.69629674768907,-0.09871958194480394,0.05,0.025,0,1-2
1,False,0.9977032764707994,1.0,-2.9002831352069345,-0.4111964325259884,0.05,0.025,1,2-3
