,reject,pvals,pvals_corrected,tstats,effectsize,alpha,alpha_corrected,step,dimension_step
0,False,0.4764485662385679,0.9528971324771358,0.05921889603612799,0.008395938483587334,0.05,0.025,0,1-2
1,False,0.9752343440527051,0.9752343440527051,-1.9883724217117265,-0.2819075270327308,0.05,0.025,1,2-3
