,reject,pvals,pvals_corrected,tstats,effectsize,alpha,alpha_corrected,step,dimension_step
0,True,0.012598367319817304,0.025196734639634608,2.2728481920928494,0.3222399416514345,0.05,0.025,0,1-2
1,False,0.5012518955062871,0.5012518955062871,-0.003145976128582925,-0.00044603030138053054,0.05,0.025,1,2-3
