,reject,pvals,pvals_corrected,tstats,effectsize,alpha,alpha_corrected,step,dimension_step
0,False,0.9999110456249816,1.0,-3.89591933499647,-0.5523557726184786,0.05,0.025,0,1-2
1,False,0.9979846332013276,1.0,-2.9445475818509084,-0.417472158618655,0.05,0.025,1,2-3
