,reject,pvals,pvals_corrected,tstats,effectsize,alpha,alpha_corrected,step,dimension_step
0,False,0.9999590333966484,1.0,-4.109177648497752,-0.5825911164212068,0.05,0.025,0,1-2
1,False,0.5319282460069281,1.0,-0.08032175033838684,-0.011387859617033987,0.05,0.025,1,2-3
