,reject,pvals,pvals_corrected,tstats,effectsize,alpha,alpha_corrected,step,dimension_step
0,False,0.9956950105821052,1.0,-2.680583954213346,-0.38004791521166104,0.05,0.025,0,1-2
1,False,0.6807936490406821,1.0,-0.471371342738671,-0.06683010088782143,0.05,0.025,1,2-3
