,reject,pvals,pvals_corrected,tstats,effectsize,alpha,alpha_corrected,step,dimension_step
0,False,0.9999971450426712,1.0,-4.796374981343789,-0.680020601245454,0.05,0.025,0,1-2
1,False,0.9370531173702732,1.0,-1.543526215860868,-0.2188381078273734,0.05,0.025,1,2-3
