,reject,pvals,pvals_corrected,tstats,effectsize,alpha,alpha_corrected,step,dimension_step
0,False,0.9997768483848172,1.0,-3.632905604705984,-0.5150662037870949,0.05,0.025,0,1-2
1,False,0.6312142006242107,1.0,-0.33601376225826335,-0.04763936963360485,0.05,0.025,1,2-3
