,reject,pvals,pvals_corrected,tstats,effectsize,alpha,alpha_corrected,step,dimension_step
0,False,0.3344455344337731,0.6688910688675462,0.4289507095198835,0.060815787032283235,0.05,0.025,0,1-2
1,False,0.9534814097555487,0.9534814097555487,-1.6959541939971725,-0.24044904645124182,0.05,0.025,1,2-3
