,reject,pvals,pvals_corrected,tstats,effectsize,alpha,alpha_corrected,step,dimension_step
0,False,0.99989496786717,1.0,-3.8492653152492573,-0.5457412575560786,0.05,0.025,0,1-2
1,False,0.9978027971540132,1.0,-2.915339457796605,-0.41333108829827436,0.05,0.025,1,2-3
