,reject,pvals,pvals_corrected,tstats,effectsize,alpha,alpha_corrected,step,dimension_step
0,False,0.9634739117959493,1.0,-1.8117787812631667,-0.2568704283861382,0.05,0.025,0,1-2
1,False,0.9858755904006697,1.0,-2.226477703876035,-0.3156656251311676,0.05,0.025,1,2-3
