,reject,pvals,pvals_corrected,tstats,effectsize,alpha,alpha_corrected,step,dimension_step
0,False,0.9154099611636558,1.0,-1.3849524665447508,-0.19635583386607428,0.05,0.025,0,1-2
1,False,0.9959688480410598,1.0,-2.7041380655852305,-0.3833873707461455,0.05,0.025,1,2-3
