,reject,pvals,pvals_corrected,tstats,effectsize,alpha,alpha_corrected,step,dimension_step
0,False,0.9999999993562529,1.0,-6.699327156518014,-0.949817413908498,0.05,0.025,0,1-2
1,False,0.6565923466308317,1.0,-0.40436676559284584,-0.05733032386577223,0.05,0.025,1,2-3
