,reject,pvals,pvals_corrected,tstats,effectsize,alpha,alpha_corrected,step,dimension_step
0,False,0.9935456377919653,0.9935456377919653,-2.532151341787807,-0.35900343167176707,0.05,0.025,0,1-2
1,False,0.20151968717542057,0.40303937435084114,0.8398083387926637,0.11906637277069883,0.05,0.025,1,2-3
