,reject,pvals,pvals_corrected,tstats,effectsize,alpha,alpha_corrected,step,dimension_step
0,False,0.9999999590900749,0.9999999590900749,-5.793669448399503,-0.8214150472059714,0.05,0.025,0,1-2
1,False,0.4856289298476401,0.9712578596952802,0.036121944215375595,0.005121298130158398,0.05,0.025,1,2-3
