{
  "data": {
    "name": "normal-1-20",
    "n_dimension": 1,
    "distance": "euclidean",
    "subject": null,
    "n_objects": 20,
    "n_train_triplets": 239,
    "n_test_triplets": 10000,
    "frac_train_ndlogn": 3.9890079983092424,
    "frac_train_triplets": 0.06988304093567252,
    "max_train_score": 0.7740585774058577,
    "max_test_score": 0.7796,
    "noise_sd": 1.0,
    "distance_sd": 1.0197187310851101,
    "distance_mean": 1.3064071034676419,
    "difference_sd": 0.9442658520469085,
    "difference_mean": -0.13389053568328374
  },
  "n_repeats": 10,
  "n_splits": 10,
  "embedding_method": "soe",
  "embedding_dimension": [
    1,
    2,
    3
  ],
  "random_state": 3283951438,
  "alpha": 0.05
}