,reject,pvals,pvals_corrected,tstats,effectsize,alpha,alpha_corrected,step,dimension_step
0,False,0.999982037663786,0.999982037663786,-4.3287057162707825,-0.6137153736400293,0.05,0.025,0,1-2
1,False,0.4676009255011988,0.9352018510023976,0.08150884518241538,0.01155616358674269,0.05,0.025,1,2-3
