,reject,pvals,pvals_corrected,tstats,effectsize,alpha,alpha_corrected,step,dimension_step
0,False,0.6192759193145373,0.9772654586283935,-0.3044183581583432,-0.04315983544868563,0.05,0.025,0,1-2
1,False,0.48863272931419677,0.9772654586283935,0.02856949038560721,0.00405052609624233,0.05,0.025,1,2-3
