,reject,pvals,pvals_corrected,tstats,effectsize,alpha,alpha_corrected,step,dimension_step
0,False,0.9928707301751856,1.0,-2.4947768069593588,-0.35370454371071985,0.05,0.025,0,1-2
1,False,0.8855370270886618,1.0,-1.2106133036645528,-0.17163837061027054,0.05,0.025,1,2-3
