,reject,pvals,pvals_corrected,tstats,effectsize,alpha,alpha_corrected,step,dimension_step
0,False,0.999960157871494,1.0,-4.1167040357754505,-0.5836581927906929,0.05,0.025,0,1-2
1,False,0.9814512795389526,1.0,-2.1132067392673886,-0.2996062907887881,0.05,0.025,1,2-3
