,reject,pvals,pvals_corrected,tstats,effectsize,alpha,alpha_corrected,step,dimension_step
0,False,0.9999169604700663,1.0,-3.9151372297937446,-0.5550804479046159,0.05,0.025,0,1-2
1,False,0.5969335681371506,1.0,-0.24607600744500685,-0.03488817183512872,0.05,0.025,1,2-3
