{
  "data": {
    "name": "normal-1-20",
    "n_dimension": 1,
    "distance": "euclidean",
    "subject": null,
    "n_objects": 20,
    "n_train_triplets": 119,
    "n_test_triplets": 10000,
    "frac_train_ndlogn": 1.9861587941372378,
    "frac_train_triplets": 0.0347953216374269,
    "max_train_score": 0.6974789915966386,
    "max_test_score": 0.6823,
    "noise_sd": 2.0,
    "distance_sd": 1.0197785464063642,
    "distance_mean": 1.3072939189420516,
    "difference_sd": 0.9089627871499997,
    "difference_mean": -0.09008590822443953
  },
  "n_repeats": 10,
  "n_splits": 10,
  "embedding_method": "soe",
  "embedding_dimension": [
    1,
    2,
    3
  ],
  "random_state": 1336436519,
  "alpha": 0.05
}