,reject,pvals,pvals_corrected,tstats,effectsize,alpha,alpha_corrected,step,dimension_step
0,False,0.9999856869092646,1.0,-4.388001595279094,-0.6221222266178404,0.05,0.025,0,1-2
1,False,0.9999992897645685,1.0,-5.133859666236956,-0.7278685153941279,0.05,0.025,1,2-3
