,reject,pvals,pvals_corrected,tstats,effectsize,alpha,alpha_corrected,step,dimension_step
0,False,0.7868140767726495,1.0,-0.7987077482999342,-0.11323921197382163,0.05,0.025,0,1-2
1,False,0.9952664608706802,1.0,-2.6463192105658426,-0.37518992732136297,0.05,0.025,1,2-3
