{
  "data": {
    "name": "normal-1-20",
    "n_dimension": 1,
    "distance": "euclidean",
    "subject": null,
    "n_objects": 20,
    "n_train_triplets": 479,
    "n_test_triplets": 10000,
    "frac_train_ndlogn": 7.994706406653251,
    "frac_train_triplets": 0.14005847953216374,
    "max_train_score": 0.6993736951983298,
    "max_test_score": 0.7016,
    "noise_sd": 2.0,
    "distance_sd": 1.0261704275609598,
    "distance_mean": 1.3991029917816007,
    "difference_sd": 1.0048382249203176,
    "difference_mean": -0.05135500068020859
  },
  "n_repeats": 10,
  "n_splits": 10,
  "embedding_method": "soe",
  "embedding_dimension": [
    1,
    2,
    3
  ],
  "random_state": 2247540670,
  "alpha": 0.05
}