{
  "data": {
    "name": "normal-1-20",
    "n_dimension": 1,
    "distance": "euclidean",
    "subject": null,
    "n_objects": 20,
    "n_train_triplets": 239,
    "n_test_triplets": 10000,
    "frac_train_ndlogn": 3.9890079983092424,
    "frac_train_triplets": 0.06988304093567252,
    "max_train_score": 0.7112970711297071,
    "max_test_score": 0.7423,
    "noise_sd": 1.0,
    "distance_sd": 1.004485629125753,
    "distance_mean": 1.0586955196292422,
    "difference_sd": 0.9045207023431419,
    "difference_mean": -0.2391330490022278
  },
  "n_repeats": 10,
  "n_splits": 10,
  "embedding_method": "soe",
  "embedding_dimension": [
    1,
    2,
    3
  ],
  "random_state": 3967355993,
  "alpha": 0.05
}