,reject,pvals,pvals_corrected,tstats,effectsize,alpha,alpha_corrected,step,dimension_step
0,False,0.7694901357384384,1.0,-0.7400522098311538,-0.104923145216935,0.05,0.025,0,1-2
1,False,0.9999992878621731,1.0,-5.133222128211274,-0.7277781265080989,0.05,0.025,1,2-3
