{
  "data": {
    "name": "normal-1-20",
    "n_dimension": 1,
    "distance": "euclidean",
    "subject": null,
    "n_objects": 20,
    "n_train_triplets": 119,
    "n_test_triplets": 10000,
    "frac_train_ndlogn": 1.9861587941372378,
    "frac_train_triplets": 0.0347953216374269,
    "max_train_score": 0.7563025210084033,
    "max_test_score": 0.7529,
    "noise_sd": 1.0,
    "distance_sd": 1.0087383490076431,
    "distance_mean": 1.1329201553572266,
    "difference_sd": 0.8173069552090377,
    "difference_mean": -0.15952327528089474
  },
  "n_repeats": 10,
  "n_splits": 10,
  "embedding_method": "soe",
  "embedding_dimension": [
    1,
    2,
    3
  ],
  "random_state": 1609834982,
  "alpha": 0.05
}