,reject,pvals,pvals_corrected,tstats,effectsize,alpha,alpha_corrected,step,dimension_step
0,False,0.9998649366851255,1.0,-3.7779539667489526,-0.5356308749710175,0.05,0.025,0,1-2
1,False,0.7536423448098708,1.0,-0.688552513999631,-0.09762161973998021,0.05,0.025,1,2-3
