{
  "data": {
    "name": "normal-1-20",
    "n_dimension": 1,
    "distance": "euclidean",
    "subject": null,
    "n_objects": 20,
    "n_train_triplets": 239,
    "n_test_triplets": 10000,
    "frac_train_ndlogn": 3.9890079983092424,
    "frac_train_triplets": 0.06988304093567252,
    "max_train_score": 0.7364016736401674,
    "max_test_score": 0.6938,
    "noise_sd": 2.0,
    "distance_sd": 1.0257766203753804,
    "distance_mean": 1.3936053326770852,
    "difference_sd": 1.0127067985834302,
    "difference_mean": -0.07101732404212413
  },
  "n_repeats": 10,
  "n_splits": 10,
  "embedding_method": "soe",
  "embedding_dimension": [
    1,
    2,
    3
  ],
  "random_state": 4080772239,
  "alpha": 0.05
}