,reject,pvals,pvals_corrected,tstats,effectsize,alpha,alpha_corrected,step,dimension_step
0,False,0.5124111199207302,0.5124111199207302,-0.031193832036426453,-0.00442260008841456,0.05,0.025,0,1-2
1,False,0.15084079231571842,0.30168158463143685,1.038252782003926,0.14720143521081988,0.05,0.025,1,2-3
