,reject,pvals,pvals_corrected,tstats,effectsize,alpha,alpha_corrected,step,dimension_step
0,False,0.9999956015506984,1.0,-4.688890777195759,-0.6647817024075958,0.05,0.025,0,1-2
1,False,0.864873741007661,1.0,-1.108684245549002,-0.15718706943933913,0.05,0.025,1,2-3
