,reject,pvals,pvals_corrected,tstats,effectsize,alpha,alpha_corrected,step,dimension_step
0,False,0.9999999988795605,1.0,-6.581222094875788,-0.9330727108065782,0.05,0.025,0,1-2
1,False,0.9986625377873316,1.0,-3.0805739964901693,-0.4367577158630425,0.05,0.025,1,2-3
