{
  "data": {
    "name": "normal-1-20",
    "n_dimension": 1,
    "distance": "euclidean",
    "subject": null,
    "n_objects": 20,
    "n_train_triplets": 119,
    "n_test_triplets": 10000,
    "frac_train_ndlogn": 1.9861587941372378,
    "frac_train_triplets": 0.0347953216374269,
    "max_train_score": 0.8571428571428571,
    "max_test_score": 0.8724,
    "noise_sd": 0.5,
    "distance_sd": 1.0172385707759881,
    "distance_mean": 1.2691382460603444,
    "difference_sd": 0.8526198394112211,
    "difference_mean": -0.09707733978400467
  },
  "n_repeats": 10,
  "n_splits": 10,
  "embedding_method": "soe",
  "embedding_dimension": [
    1,
    2,
    3
  ],
  "random_state": 3386762580,
  "alpha": 0.05
}