,reject,pvals,pvals_corrected,tstats,effectsize,alpha,alpha_corrected,step,dimension_step
0,False,0.7584097292972607,1.0,-0.7038465668790203,-0.09978998044467395,0.05,0.025,0,1-2
1,False,0.8115553184678387,1.0,-0.8876334569104958,-0.1258469238543031,0.05,0.025,1,2-3
