,reject,pvals,pvals_corrected,tstats,effectsize,alpha,alpha_corrected,step,dimension_step
0,False,0.9922886151526749,1.0,-2.4650056968480825,-0.349483654335648,0.05,0.025,0,1-2
1,False,0.8718700632830142,1.0,-1.1418760420586702,-0.1618929369969665,0.05,0.025,1,2-3
