,reject,pvals,pvals_corrected,tstats,effectsize,alpha,alpha_corrected,step,dimension_step
0,False,0.9999999999526114,1.0,-7.246737719095876,-1.0274282056710757,0.05,0.025,0,1-2
1,False,0.9999451108372267,1.0,-4.029541097699539,-0.5713004030458854,0.05,0.025,1,2-3
