,reject,pvals,pvals_corrected,tstats,effectsize,alpha,alpha_corrected,step,dimension_step
0,False,0.9553401640521894,1.0,-1.7158376915254108,-0.2432680895820662,0.05,0.025,0,1-2
1,False,0.8478198777693932,1.0,-1.032485899052585,-0.14638381790042676,0.05,0.025,1,2-3
