,reject,pvals,pvals_corrected,tstats,effectsize,alpha,alpha_corrected,step,dimension_step
0,False,0.12164806475017197,0.24329612950034393,1.1737877375270755,0.1664173143493617,0.05,0.025,0,1-2
1,False,0.12636911546945048,0.24329612950034393,1.1504296016741664,0.16310564383810028,0.05,0.025,1,2-3
