{
  "data": {
    "name": "normal-1-20",
    "n_dimension": 1,
    "distance": "euclidean",
    "subject": null,
    "n_objects": 20,
    "n_train_triplets": 239,
    "n_test_triplets": 10000,
    "frac_train_ndlogn": 3.9890079983092424,
    "frac_train_triplets": 0.06988304093567252,
    "max_train_score": 0.7405857740585774,
    "max_test_score": 0.689,
    "noise_sd": 2.0,
    "distance_sd": 1.0237905155656377,
    "distance_mean": 1.3655743756679568,
    "difference_sd": 1.0482877272505742,
    "difference_mean": -0.06368720337512537
  },
  "n_repeats": 10,
  "n_splits": 10,
  "embedding_method": "soe",
  "embedding_dimension": [
    1,
    2,
    3
  ],
  "random_state": 62530074,
  "alpha": 0.05
}