,reject,pvals,pvals_corrected,tstats,effectsize,alpha,alpha_corrected,step,dimension_step
0,False,0.7226210309145382,0.7226210309145382,-0.5926631758867499,-0.08402661817938888,0.05,0.025,0,1-2
1,False,0.29532928354698484,0.5906585670939697,0.539637777693145,0.076508781625502,0.05,0.025,1,2-3
