,reject,pvals,pvals_corrected,tstats,effectsize,alpha,alpha_corrected,step,dimension_step
0,False,0.9999999917408983,1.0,-6.14888599054631,-0.8717769491637134,0.05,0.025,0,1-2
1,False,0.8041936483063894,1.0,-0.8604634155715356,-0.12199480888851134,0.05,0.025,1,2-3
