,reject,pvals,pvals_corrected,tstats,effectsize,alpha,alpha_corrected,step,dimension_step
0,False,0.9988825821660368,1.0,-3.1389283216276587,-0.44503107718687934,0.05,0.025,0,1-2
1,False,0.9797744860110316,1.0,-2.0763632971495842,-0.29438270010658457,0.05,0.025,1,2-3
