,reject,pvals,pvals_corrected,tstats,effectsize,alpha,alpha_corrected,step,dimension_step
0,False,0.9999201965495318,1.0,-3.9262123508009394,-0.5566506567551484,0.05,0.025,0,1-2
1,False,0.9718697152869755,1.0,-1.9316622895632136,-0.27386727615361034,0.05,0.025,1,2-3
