,reject,pvals,pvals_corrected,tstats,effectsize,alpha,alpha_corrected,step,dimension_step
0,False,0.941517299519734,1.0,-1.581447743446044,-0.22421454734449237,0.05,0.025,0,1-2
1,False,0.996672318781245,1.0,-2.7720745805314673,-0.3930192760746395,0.05,0.025,1,2-3
