,reject,pvals,pvals_corrected,tstats,effectsize,alpha,alpha_corrected,step,dimension_step
0,False,0.9985799740946517,1.0,-3.060960256913085,-0.4339769184834048,0.05,0.025,0,1-2
1,False,0.9338972019888938,1.0,-1.517983370266397,-0.2152166934704405,0.05,0.025,1,2-3
