,reject,pvals,pvals_corrected,tstats,effectsize,alpha,alpha_corrected,step,dimension_step
0,False,0.9712640073944905,1.0,-1.9220701163185512,-0.2725073167170655,0.05,0.025,0,1-2
1,False,0.9046856236804808,1.0,-1.317749595631589,-0.18682794314411377,0.05,0.025,1,2-3
