,reject,pvals,pvals_corrected,tstats,effectsize,alpha,alpha_corrected,step,dimension_step
0,False,0.9999819422678,1.0,-4.3273169664835995,-0.6135184794295196,0.05,0.025,0,1-2
1,False,0.6940493592023953,1.0,-0.5089764002782813,-0.07216167190497973,0.05,0.025,1,2-3
