,reject,pvals,pvals_corrected,tstats,effectsize,alpha,alpha_corrected,step,dimension_step
0,False,0.23442058399547677,0.23442058399547677,0.7271646702692585,0.10309597523219803,0.05,0.025,0,1-2
1,True,0.023042733844149402,0.046085467688298805,2.019997680313078,0.2863912939300823,0.05,0.025,1,2-3
