,reject,pvals,pvals_corrected,tstats,effectsize,alpha,alpha_corrected,step,dimension_step
0,False,0.9999990868411377,1.0,-5.07378224240371,-0.7193508565298252,0.05,0.025,0,1-2
1,False,0.9634073950694604,1.0,-1.810925474349417,-0.25674944821198753,0.05,0.025,1,2-3
