,reject,pvals,pvals_corrected,tstats,effectsize,alpha,alpha_corrected,step,dimension_step
0,False,0.9999655472377565,0.9999655472377565,-4.155869070617573,-0.5892109343183534,0.05,0.025,0,1-2
1,False,0.17634925118144767,0.35269850236289535,0.9337621040663213,0.13238695262510522,0.05,0.025,1,2-3
