{
  "data": {
    "name": "normal-1-20",
    "n_dimension": 1,
    "distance": "euclidean",
    "subject": null,
    "n_objects": 20,
    "n_train_triplets": 479,
    "n_test_triplets": 10000,
    "frac_train_ndlogn": 7.994706406653251,
    "frac_train_triplets": 0.14005847953216374,
    "max_train_score": 0.6597077244258872,
    "max_test_score": 0.6657,
    "noise_sd": 2.0,
    "distance_sd": 1.0154213496051812,
    "distance_mean": 1.2411808198027163,
    "difference_sd": 0.8683866591669392,
    "difference_mean": -0.0906920806889534
  },
  "n_repeats": 10,
  "n_splits": 10,
  "embedding_method": "soe",
  "embedding_dimension": [
    1,
    2,
    3
  ],
  "random_state": 143043221,
  "alpha": 0.05
}