,reject,pvals,pvals_corrected,tstats,effectsize,alpha,alpha_corrected,step,dimension_step
0,False,0.999999999828307,1.0,-6.9782626738518525,-0.989364342358393,0.05,0.025,0,1-2
1,False,0.9869127181627801,1.0,-2.257479447397402,-0.32006099128812115,0.05,0.025,1,2-3
