,reject,pvals,pvals_corrected,tstats,effectsize,alpha,alpha_corrected,step,dimension_step
0,False,0.24308594886826246,0.4861718977365249,0.6990306738306317,0.09910719261031212,0.05,0.025,0,1-2
1,False,0.9999921596280005,0.9999921596280005,-4.54292522842508,-0.6440869942952725,0.05,0.025,1,2-3
