,reject,pvals,pvals_corrected,tstats,effectsize,alpha,alpha_corrected,step,dimension_step
0,False,0.9999999999491705,1.0,-7.232192814523862,-1.0253660577383994,0.05,0.025,0,1-2
1,False,0.8722475302586885,1.0,-1.1437026459993993,-0.16215190930727238,0.05,0.025,1,2-3
