,reject,pvals,pvals_corrected,tstats,effectsize,alpha,alpha_corrected,step,dimension_step
0,True,0.024394156993042374,0.04878831398608475,1.99502910925555,0.28285129908630485,0.05,0.025,0,1-2
1,False,0.7538462810959287,0.7538462810959287,-0.689203424355415,-0.09771390452864223,0.05,0.025,1,2-3
