,reject,pvals,pvals_corrected,tstats,effectsize,alpha,alpha_corrected,step,dimension_step
0,False,0.9999988132270838,1.0,-5.010731704930606,-0.7104116754674437,0.05,0.025,0,1-2
1,False,0.7976591800328341,1.0,-0.8368692637198877,-0.11864967649364196,0.05,0.025,1,2-3
