{
  "data": {
    "name": "normal-1-20",
    "n_dimension": 1,
    "distance": "euclidean",
    "subject": null,
    "n_objects": 20,
    "n_train_triplets": 479,
    "n_test_triplets": 10000,
    "frac_train_ndlogn": 7.994706406653251,
    "frac_train_triplets": 0.14005847953216374,
    "max_train_score": 0.8058455114822547,
    "max_test_score": 0.782,
    "noise_sd": 1.0,
    "distance_sd": 1.020256958067423,
    "distance_mean": 1.314367128779036,
    "difference_sd": 0.9321581983148352,
    "difference_mean": -0.12860789062460515
  },
  "n_repeats": 10,
  "n_splits": 10,
  "embedding_method": "soe",
  "embedding_dimension": [
    1,
    2,
    3
  ],
  "random_state": 3724637579,
  "alpha": 0.05
}