,reject,pvals,pvals_corrected,tstats,effectsize,alpha,alpha_corrected,step,dimension_step
0,False,0.3476904328998862,0.6953808657997724,0.3927060648193059,0.055677092668918564,0.05,0.025,0,1-2
1,False,0.8503742890942938,0.8503742890942938,-1.043514689349113,-0.14794745807402176,0.05,0.025,1,2-3
