,reject,pvals,pvals_corrected,tstats,effectsize,alpha,alpha_corrected,step,dimension_step
0,False,0.9990622922266768,1.0,-3.1951477102001626,-0.453001751408021,0.05,0.025,0,1-2
1,False,0.7666583329071324,1.0,-0.7307079816937928,-0.10359833894952288,0.05,0.025,1,2-3
