,reject,pvals,pvals_corrected,tstats,effectsize,alpha,alpha_corrected,step,dimension_step
0,False,0.08895673825247591,0.17791347650495182,1.3568537391516615,0.19237205162002324,0.05,0.025,0,1-2
1,False,0.9997969885803779,0.9997969885803779,-3.660514641005072,-0.518980558593994,0.05,0.025,1,2-3
