,reject,pvals,pvals_corrected,tstats,effectsize,alpha,alpha_corrected,step,dimension_step
0,False,0.9945093159741117,1.0,-2.592121210011023,-0.3675058415134464,0.05,0.025,0,1-2
1,False,0.5112321287065978,1.0,-0.02822974481621348,-0.0040023576383406345,0.05,0.025,1,2-3
