,reject,pvals,pvals_corrected,tstats,effectsize,alpha,alpha_corrected,step,dimension_step
0,False,0.9795954282510592,1.0,-2.072586187796227,-0.29384718897923723,0.05,0.025,0,1-2
1,False,0.9998932675131234,1.0,-3.844736714132114,-0.545099201406078,0.05,0.025,1,2-3
