,reject,pvals,pvals_corrected,tstats,effectsize,alpha,alpha_corrected,step,dimension_step
0,False,0.9995405332433697,1.0,-3.4173494042749706,-0.48450507009979177,0.05,0.025,0,1-2
1,False,0.9999612746853288,1.0,-4.124383672692609,-0.5847469965923277,0.05,0.025,1,2-3
