,reject,pvals,pvals_corrected,tstats,effectsize,alpha,alpha_corrected,step,dimension_step
0,False,0.9999999941773429,1.0,-6.225359476225602,-0.8826192093942508,0.05,0.025,0,1-2
1,False,0.9871017177033218,1.0,-2.2633597897212283,-0.32089469464495446,0.05,0.025,1,2-3
