{
  "data": {
    "name": "normal-1-20",
    "n_dimension": 1,
    "distance": "euclidean",
    "subject": null,
    "n_objects": 20,
    "n_train_triplets": 119,
    "n_test_triplets": 10000,
    "frac_train_ndlogn": 1.9861587941372378,
    "frac_train_triplets": 0.0347953216374269,
    "max_train_score": 0.6890756302521008,
    "max_test_score": 0.6897,
    "noise_sd": 2.0,
    "distance_sd": 1.0224809679763527,
    "distance_mean": 1.3468033514969153,
    "difference_sd": 0.9456298041249631,
    "difference_mean": -0.06042108641723224
  },
  "n_repeats": 10,
  "n_splits": 10,
  "embedding_method": "soe",
  "embedding_dimension": [
    1,
    2,
    3
  ],
  "random_state": 2409610199,
  "alpha": 0.05
}