,reject,pvals,pvals_corrected,tstats,effectsize,alpha,alpha_corrected,step,dimension_step
0,False,0.9643047279922722,1.0,-1.82254716701056,-0.25839714891546883,0.05,0.025,0,1-2
1,False,0.959325773969727,1.0,-1.760868882410941,-0.24965252316365363,0.05,0.025,1,2-3
