,reject,pvals,pvals_corrected,tstats,effectsize,alpha,alpha_corrected,step,dimension_step
0,False,0.9999952096685834,1.0,-4.667502416798134,-0.6617493027820827,0.05,0.025,0,1-2
1,False,0.9963080465175166,1.0,-2.735419651231506,-0.38782241236858583,0.05,0.025,1,2-3
