,reject,pvals,pvals_corrected,tstats,effectsize,alpha,alpha_corrected,step,dimension_step
0,False,0.16275041131702134,0.3255008226340427,0.9881239854139923,0.14009427312916645,0.05,0.025,0,1-2
1,False,0.36170690034945846,0.36170690034945846,0.3549075517850166,0.050318093912620286,0.05,0.025,1,2-3
