,reject,pvals,pvals_corrected,tstats,effectsize,alpha,alpha_corrected,step,dimension_step
0,False,0.2673158353199593,0.5346316706399186,0.6231304978817271,0.08834621510455644,0.05,0.025,0,1-2
1,False,0.5025317889641736,0.5346316706399186,-0.006362343032303612,-0.000902040468267303,0.05,0.025,1,2-3
