,reject,pvals,pvals_corrected,tstats,effectsize,alpha,alpha_corrected,step,dimension_step
0,False,0.9792371152342438,1.0,-2.0651126407517397,-0.29278760419397837,0.05,0.025,0,1-2
1,False,0.6761020893802581,1.0,-0.45822392844917353,-0.06496608637587385,0.05,0.025,1,2-3
