,reject,pvals,pvals_corrected,tstats,effectsize,alpha,alpha_corrected,step,dimension_step
0,False,0.9854932553067819,1.0,-2.215550324629668,-0.31411636281659566,0.05,0.025,0,1-2
1,False,0.8862914217643119,1.0,-1.2145754335629955,-0.17220011358621207,0.05,0.025,1,2-3
