,reject,pvals,pvals_corrected,tstats,effectsize,alpha,alpha_corrected,step,dimension_step
0,False,0.999998443675727,1.0,-4.945069732825534,-0.7011022503446098,0.05,0.025,0,1-2
1,False,0.9996820232598511,1.0,-3.528296409306287,-0.5002349180289545,0.05,0.025,1,2-3
