,reject,pvals,pvals_corrected,tstats,effectsize,alpha,alpha_corrected,step,dimension_step
0,False,0.9949214410161441,1.0,-2.620717623019346,-0.3715601846461293,0.05,0.025,0,1-2
1,False,0.9985111182621129,1.0,-3.0453952795738486,-0.43177014664221863,0.05,0.025,1,2-3
