,reject,pvals,pvals_corrected,tstats,effectsize,alpha,alpha_corrected,step,dimension_step
0,False,0.9999882169908633,1.0,-4.4384146640538304,-0.6292696922501502,0.05,0.025,0,1-2
1,False,0.665700907028367,1.0,-0.42935454972163484,-0.06087304270096431,0.05,0.025,1,2-3
