,reject,pvals,pvals_corrected,tstats,effectsize,alpha,alpha_corrected,step,dimension_step
0,False,0.5622418219939821,1.0,-0.15706136701824508,-0.02226785137684474,0.05,0.025,0,1-2
1,False,0.5361531861432799,1.0,-0.09097834007802792,-0.01289872992850129,0.05,0.025,1,2-3
