,reject,pvals,pvals_corrected,tstats,effectsize,alpha,alpha_corrected,step,dimension_step
0,False,0.9986275965948355,1.0,-3.072140055276669,-0.43556196828342636,0.05,0.025,0,1-2
1,False,0.5126124666822984,1.0,-0.03170006238720411,-0.004494372430828054,0.05,0.025,1,2-3
