,reject,pvals,pvals_corrected,tstats,effectsize,alpha,alpha_corrected,step,dimension_step
0,False,0.9999997200261971,1.0,-5.353351986893191,-0.7589877044571137,0.05,0.025,0,1-2
1,False,0.9999853453837617,1.0,-4.381866891427093,-0.6212524603843564,0.05,0.025,1,2-3
