,reject,pvals,pvals_corrected,tstats,effectsize,alpha,alpha_corrected,step,dimension_step
0,False,0.9999999993089338,1.0,-6.684250493978988,-0.94767987437824,0.05,0.025,0,1-2
1,False,0.8408718653596647,1.0,-1.0031038436937132,-0.14221808794213872,0.05,0.025,1,2-3
