,reject,pvals,pvals_corrected,tstats,effectsize,alpha,alpha_corrected,step,dimension_step
0,False,0.9382976531319112,1.0,-1.5538777169808988,-0.22030572327504302,0.05,0.025,0,1-2
1,False,0.9846665555383246,1.0,-2.1927574106877943,-0.3108848283550123,0.05,0.025,1,2-3
