,reject,pvals,pvals_corrected,tstats,effectsize,alpha,alpha_corrected,step,dimension_step
0,False,0.5377580070629872,1.0,-0.09502885870948263,-0.0134730044849802,0.05,0.025,0,1-2
1,False,0.6910714685100372,1.0,-0.5004669738134734,-0.07095522217505652,0.05,0.025,1,2-3
