,reject,pvals,pvals_corrected,tstats,effectsize,alpha,alpha_corrected,step,dimension_step
0,False,0.882297589532421,1.0,-1.1938106421136532,-0.1692561223384381,0.05,0.025,0,1-2
1,False,0.5084786608239943,1.0,-0.021308215310913342,-0.0030210368129172517,0.05,0.025,1,2-3
