,reject,pvals,pvals_corrected,tstats,effectsize,alpha,alpha_corrected,step,dimension_step
0,False,0.9999963949901979,1.0,-4.738531468750719,-0.6718196619184235,0.05,0.025,0,1-2
1,False,0.6762003618811231,1.0,-0.45849849787371444,-0.065005014288284,0.05,0.025,1,2-3
