,reject,pvals,pvals_corrected,tstats,effectsize,alpha,alpha_corrected,step,dimension_step
0,False,0.9999555267443028,1.0,-4.086918169120047,-0.5794352112618488,0.05,0.025,0,1-2
1,False,0.9961059938717667,1.0,-2.7164864291752555,-0.38513809742317723,0.05,0.025,1,2-3
