,reject,pvals,pvals_corrected,tstats,effectsize,alpha,alpha_corrected,step,dimension_step
0,False,0.9948263577362655,0.9948263577362655,-2.613938816211304,-0.3705990987637156,0.05,0.025,0,1-2
1,False,0.47468349008235805,0.9493669801647161,0.06366294073799138,0.00902600639151311,0.05,0.025,1,2-3
