,reject,pvals,pvals_corrected,tstats,effectsize,alpha,alpha_corrected,step,dimension_step
0,False,0.7832205514828235,0.7832205514828235,-0.7863187546053257,-0.11148272484055886,0.05,0.025,0,1-2
1,False,0.16593451071127763,0.33186902142255525,0.9751370219082809,0.1382530070134316,0.05,0.025,1,2-3
