{
  "data": {
    "name": "normal-1-20",
    "n_dimension": 1,
    "distance": "euclidean",
    "subject": null,
    "n_objects": 20,
    "n_train_triplets": 479,
    "n_test_triplets": 10000,
    "frac_train_ndlogn": 7.994706406653251,
    "frac_train_triplets": 0.14005847953216374,
    "max_train_score": 0.6450939457202505,
    "max_test_score": 0.669,
    "noise_sd": 2.0,
    "distance_sd": 1.0137389258869838,
    "distance_mean": 1.2147697672034092,
    "difference_sd": 0.856768700204729,
    "difference_mean": -0.09667973561681856
  },
  "n_repeats": 10,
  "n_splits": 10,
  "embedding_method": "soe",
  "embedding_dimension": [
    1,
    2,
    3
  ],
  "random_state": 2896658045,
  "alpha": 0.05
}