,reject,pvals,pvals_corrected,tstats,effectsize,alpha,alpha_corrected,step,dimension_step
0,False,0.6362775518563073,1.0,-0.34951526493045265,-0.04955358609928389,0.05,0.025,0,1-2
1,False,0.9999987513031741,1.0,-4.998446981606302,-0.7086699715819842,0.05,0.025,1,2-3
