{
  "data": {
    "name": "normal-1-20",
    "n_dimension": 1,
    "distance": "euclidean",
    "subject": null,
    "n_objects": 20,
    "n_train_triplets": 239,
    "n_test_triplets": 10000,
    "frac_train_ndlogn": 3.9890079983092424,
    "frac_train_triplets": 0.06988304093567252,
    "max_train_score": 0.7907949790794979,
    "max_test_score": 0.7744,
    "noise_sd": 1.0,
    "distance_sd": 1.018112501112308,
    "distance_mean": 1.2823838089675144,
    "difference_sd": 0.9031618998101716,
    "difference_mean": -0.15513609476296872
  },
  "n_repeats": 10,
  "n_splits": 10,
  "embedding_method": "soe",
  "embedding_dimension": [
    1,
    2,
    3
  ],
  "random_state": 3934372566,
  "alpha": 0.05
}