,reject,pvals,pvals_corrected,tstats,effectsize,alpha,alpha_corrected,step,dimension_step
0,False,0.9992285349275983,1.0,-3.256941956162728,-0.46176281793355783,0.05,0.025,0,1-2
1,False,0.9968217085320015,1.0,-2.788175891349375,-0.3953020882204417,0.05,0.025,1,2-3
