{
  "data": {
    "name": "normal-1-20",
    "n_dimension": 1,
    "distance": "euclidean",
    "subject": null,
    "n_objects": 20,
    "n_train_triplets": 119,
    "n_test_triplets": 10000,
    "frac_train_ndlogn": 1.9861587941372378,
    "frac_train_triplets": 0.0347953216374269,
    "max_train_score": 0.8067226890756303,
    "max_test_score": 0.7774,
    "noise_sd": 1.0,
    "distance_sd": 1.0191043618380353,
    "distance_mean": 1.29726647456445,
    "difference_sd": 0.9466206404460311,
    "difference_mean": -0.13468071854635338
  },
  "n_repeats": 10,
  "n_splits": 10,
  "embedding_method": "soe",
  "embedding_dimension": [
    1,
    2,
    3
  ],
  "random_state": 420440736,
  "alpha": 0.05
}