,reject,pvals,pvals_corrected,tstats,effectsize,alpha,alpha_corrected,step,dimension_step
0,True,0.002476534464345429,0.004953068928690858,2.8745396388935913,0.4075465703051962,0.05,0.025,0,1-2
1,False,0.9999999850792554,0.9999999850792554,-6.01861443717779,-0.8533073048195132,0.05,0.025,1,2-3
