,reject,pvals,pvals_corrected,tstats,effectsize,alpha,alpha_corrected,step,dimension_step
0,False,0.9999879552999604,1.0,-4.432738578321758,-0.6284649479907339,0.05,0.025,0,1-2
1,False,0.7891931421957902,1.0,-0.806977884126735,-0.11441173554822887,0.05,0.025,1,2-3
