,reject,pvals,pvals_corrected,tstats,effectsize,alpha,alpha_corrected,step,dimension_step
0,False,0.9825563550422699,1.0,-2.1390948301542783,-0.30327665334352466,0.05,0.025,0,1-2
1,False,0.9997253205352183,1.0,-3.5717787753976458,-0.506399762280714,0.05,0.025,1,2-3
