,reject,pvals,pvals_corrected,tstats,effectsize,alpha,alpha_corrected,step,dimension_step
0,False,0.9995975593802062,1.0,-3.4575641127401795,-0.49020663228702516,0.05,0.025,0,1-2
1,False,0.9999772417056534,1.0,-4.2663959012153185,-0.6048812107436081,0.05,0.025,1,2-3
