,reject,pvals,pvals_corrected,tstats,effectsize,alpha,alpha_corrected,step,dimension_step
0,False,0.9999986310043613,1.0,-4.976191255616044,-0.7055145985705085,0.05,0.025,0,1-2
1,False,0.9999999820293166,1.0,-5.977407394231796,-0.847465051403407,0.05,0.025,1,2-3
