,reject,pvals,pvals_corrected,tstats,effectsize,alpha,alpha_corrected,step,dimension_step
0,False,0.9999943545379474,1.0,-4.626183486903587,-0.6558911862547054,0.05,0.025,0,1-2
1,False,0.8057435931585137,1.0,-0.8661305214138288,-0.12279827999683536,0.05,0.025,1,2-3
