,reject,pvals,pvals_corrected,tstats,effectsize,alpha,alpha_corrected,step,dimension_step
0,False,0.989027901678138,1.0,-2.3280511890079767,-0.3300665138645726,0.05,0.025,0,1-2
1,False,0.8850695556189491,1.0,-1.208167576071026,-0.17129162016746702,0.05,0.025,1,2-3
