{
  "data": {
    "name": "normal-1-20",
    "n_dimension": 1,
    "distance": "euclidean",
    "subject": null,
    "n_objects": 20,
    "n_train_triplets": 119,
    "n_test_triplets": 10000,
    "frac_train_ndlogn": 1.9861587941372378,
    "frac_train_triplets": 0.0347953216374269,
    "max_train_score": 0.865546218487395,
    "max_test_score": 0.8848,
    "noise_sd": 0.5,
    "distance_sd": 1.0246032051842564,
    "distance_mean": 1.3771066891868509,
    "difference_sd": 0.9226605769048896,
    "difference_mean": -0.1079738368252308
  },
  "n_repeats": 10,
  "n_splits": 10,
  "embedding_method": "soe",
  "embedding_dimension": [
    1,
    2,
    3
  ],
  "random_state": 3596198759,
  "alpha": 0.05
}