,reject,pvals,pvals_corrected,tstats,effectsize,alpha,alpha_corrected,step,dimension_step
0,False,0.9999996842931574,1.0,-5.325285985454977,-0.7550085620325107,0.05,0.025,0,1-2
1,False,0.6200341147098875,1.0,-0.30641554264167153,-0.04344299233246424,0.05,0.025,1,2-3
