,reject,pvals,pvals_corrected,tstats,effectsize,alpha,alpha_corrected,step,dimension_step
0,False,0.36908464285342685,0.7381692857068537,0.3352188439040719,0.04752666767446677,0.05,0.025,0,1-2
1,False,0.9913593936008407,0.9913593936008407,-2.421404938607185,-0.3433020246780298,0.05,0.025,1,2-3
