,reject,pvals,pvals_corrected,tstats,effectsize,alpha,alpha_corrected,step,dimension_step
0,False,0.9615349477221232,0.9615349477221232,-1.7874170661078363,-0.2534164723773324,0.05,0.025,0,1-2
1,False,0.053210277340828484,0.10642055468165697,1.6293328922430623,0.2310036094595969,0.05,0.025,1,2-3
