,reject,pvals,pvals_corrected,tstats,effectsize,alpha,alpha_corrected,step,dimension_step
0,False,0.9982068602474158,1.0,-2.9837381714751388,-0.42302852325300777,0.05,0.025,0,1-2
1,False,0.9534825106132041,1.0,-1.6959657767564962,-0.24045068863205338,0.05,0.025,1,2-3
