,reject,pvals,pvals_corrected,tstats,effectsize,alpha,alpha_corrected,step,dimension_step
0,False,0.9513101002982022,1.0,-1.6735307967918582,-0.23726990134502426,0.05,0.025,0,1-2
1,False,0.9414009810655753,1.0,-1.5804309268200092,-0.22407038508526905,0.05,0.025,1,2-3
