,reject,pvals,pvals_corrected,tstats,effectsize,alpha,alpha_corrected,step,dimension_step
0,False,0.1673842797902469,0.3347685595804938,0.9692780677562334,0.13742233602948184,0.05,0.025,0,1-2
1,False,0.971176957880072,0.971176957880072,-1.9207056369971187,-0.27231386352540377,0.05,0.025,1,2-3
