,reject,pvals,pvals_corrected,tstats,effectsize,alpha,alpha_corrected,step,dimension_step
0,False,0.9999999924709669,1.0,-6.1691697105547165,-0.8746527350497758,0.05,0.025,0,1-2
1,False,0.9999973132706947,1.0,-4.811371552684553,-0.6821467856033147,0.05,0.025,1,2-3
