,reject,pvals,pvals_corrected,tstats,effectsize,alpha,alpha_corrected,step,dimension_step
0,False,0.9999988243059024,1.0,-5.012995270141913,-0.7107325992863567,0.05,0.025,0,1-2
1,False,0.5972571116389942,1.0,-0.2469143902001146,-0.03500703609145141,0.05,0.025,1,2-3
