,reject,pvals,pvals_corrected,tstats,effectsize,alpha,alpha_corrected,step,dimension_step
0,False,0.99999999603497,1.0,-6.30899851439107,-0.8944773875479818,0.05,0.025,0,1-2
1,False,0.9624750539862897,1.0,-1.7990984540807906,-0.2550726365645879,0.05,0.025,1,2-3
