,reject,pvals,pvals_corrected,tstats,effectsize,alpha,alpha_corrected,step,dimension_step
0,False,0.7843467227438095,0.7843467227438095,-0.7901882217152106,-0.11203133026878297,0.05,0.025,0,1-2
1,False,0.23299326223091316,0.4659865244618263,0.7318541605854292,0.10376084193606105,0.05,0.025,1,2-3
