,reject,pvals,pvals_corrected,tstats,effectsize,alpha,alpha_corrected,step,dimension_step
0,False,0.9999999999958179,1.0,-7.746046746949088,-1.0982192565477726,0.05,0.025,0,1-2
1,False,0.6959529180960513,1.0,-0.5144353652742588,-0.07293563321392278,0.05,0.025,1,2-3
