,reject,pvals,pvals_corrected,tstats,effectsize,alpha,alpha_corrected,step,dimension_step
0,False,0.9779475511344164,1.0,-2.0391013603558745,-0.2890997760732077,0.05,0.025,0,1-2
1,False,0.9999999932773093,1.0,-6.193960413297294,-0.8781675120740654,0.05,0.025,1,2-3
