,reject,pvals,pvals_corrected,tstats,effectsize,alpha,alpha_corrected,step,dimension_step
0,False,0.9968716756824719,1.0,-2.793715909369531,-0.39608754106756705,0.05,0.025,0,1-2
1,False,0.999860680238824,1.0,-3.769095586669709,-0.5343749512846963,0.05,0.025,1,2-3
