,reject,pvals,pvals_corrected,tstats,effectsize,alpha,alpha_corrected,step,dimension_step
0,False,0.9929570211214327,1.0,-2.4993738656510116,-0.3543563056408479,0.05,0.025,0,1-2
1,False,0.9999989164403169,1.0,-5.0326677215188935,-0.7135217207093856,0.05,0.025,1,2-3
