,reject,pvals,pvals_corrected,tstats,effectsize,alpha,alpha_corrected,step,dimension_step
0,False,0.9998821471218424,1.0,-3.8167122113258807,-0.5411259425758103,0.05,0.025,0,1-2
1,False,0.9935522262237594,1.0,-2.5325331696360682,-0.3590575664723105,0.05,0.025,1,2-3
