,reject,pvals,pvals_corrected,tstats,effectsize,alpha,alpha_corrected,step,dimension_step
0,False,0.4090770858348566,0.8181541716697132,0.23053192761398061,0.032684362801511345,0.05,0.025,0,1-2
1,False,0.9401177720778207,0.9401177720778207,-1.5693188982496722,-0.22249494355310173,0.05,0.025,1,2-3
