,reject,pvals,pvals_corrected,tstats,effectsize,alpha,alpha_corrected,step,dimension_step
0,False,0.9864513024608215,1.0,-2.2434304396951497,-0.3180691506372655,0.05,0.025,0,1-2
1,False,0.8506228643981015,1.0,-1.0445947054284463,-0.14810058062729994,0.05,0.025,1,2-3
