,reject,pvals,pvals_corrected,tstats,effectsize,alpha,alpha_corrected,step,dimension_step
0,False,0.9999758511760299,0.9999758511760299,-4.2506950306692275,-0.602655172231115,0.05,0.025,0,1-2
1,True,0.00047265716227226737,0.0009453143245445347,3.4087194326368984,0.48328152971254523,0.05,0.025,1,2-3
