,reject,pvals,pvals_corrected,tstats,effectsize,alpha,alpha_corrected,step,dimension_step
0,False,0.9331045623039251,1.0,-1.5117193391320631,-0.21432859146950053,0.05,0.025,0,1-2
1,False,0.9999646719283855,1.0,-4.149124384587644,-0.58825468601268,0.05,0.025,1,2-3
