{
  "data": {
    "name": "normal-1-20",
    "n_dimension": 1,
    "distance": "euclidean",
    "subject": null,
    "n_objects": 20,
    "n_train_triplets": 119,
    "n_test_triplets": 10000,
    "frac_train_ndlogn": 1.9861587941372378,
    "frac_train_triplets": 0.0347953216374269,
    "max_train_score": 0.7226890756302521,
    "max_test_score": 0.6834,
    "noise_sd": 2.0,
    "distance_sd": 1.023532442438007,
    "distance_mean": 1.361893738049752,
    "difference_sd": 0.9398925731847497,
    "difference_mean": -0.039921482746916856
  },
  "n_repeats": 10,
  "n_splits": 10,
  "embedding_method": "soe",
  "embedding_dimension": [
    1,
    2,
    3
  ],
  "random_state": 3725708029,
  "alpha": 0.05
}