,reject,pvals,pvals_corrected,tstats,effectsize,alpha,alpha_corrected,step,dimension_step
0,False,0.5024852217191085,1.0,-0.006245318778405054,-0.000885448999959272,0.05,0.025,0,1-2
1,False,0.7760523218264579,1.0,-0.7619599779127152,-0.10802918544121191,0.05,0.025,1,2-3
