,reject,pvals,pvals_corrected,tstats,effectsize,alpha,alpha_corrected,step,dimension_step
0,False,0.9209618398368327,1.0,-1.4223206469861016,-0.20165382091463,0.05,0.025,0,1-2
1,False,0.9465409467672378,1.0,-1.6269897513085916,-0.2306714035513309,0.05,0.025,1,2-3
