,reject,pvals,pvals_corrected,tstats,effectsize,alpha,alpha_corrected,step,dimension_step
0,False,0.9581944233726782,1.0,-1.747730755888496,-0.247789825453032,0.05,0.025,0,1-2
1,False,0.9996050247497088,1.0,-3.46322125524787,-0.49100869081338605,0.05,0.025,1,2-3
