,reject,pvals,pvals_corrected,tstats,effectsize,alpha,alpha_corrected,step,dimension_step
0,False,0.9997444587643951,1.0,-3.5931053779468414,-0.5094234060000722,0.05,0.025,0,1-2
1,False,0.6728015755562269,1.0,-0.44902245974036964,-0.06366152025916273,0.05,0.025,1,2-3
