,reject,pvals,pvals_corrected,tstats,effectsize,alpha,alpha_corrected,step,dimension_step
0,False,0.994799033004101,1.0,-2.6120115669866886,-0.3703258571632214,0.05,0.025,0,1-2
1,False,0.910166752122726,1.0,-1.3513400522385732,-0.19159033194541453,0.05,0.025,1,2-3
