,reject,pvals,pvals_corrected,tstats,effectsize,alpha,alpha_corrected,step,dimension_step
0,False,0.9732074675388562,0.9829100912465858,-1.9534823187266077,-0.27696087692681914,0.05,0.025,0,1-2
1,False,0.4914550456232929,0.9829100912465858,0.021474847263177277,0.0030446615630266515,0.05,0.025,1,2-3
