,reject,pvals,pvals_corrected,tstats,effectsize,alpha,alpha_corrected,step,dimension_step
0,False,0.9983206717162404,1.0,-3.0055807050740557,-0.4261253146607759,0.05,0.025,0,1-2
1,False,0.8844971010440165,1.0,-1.2051823595088778,-0.1708683820408952,0.05,0.025,1,2-3
