,reject,pvals,pvals_corrected,tstats,effectsize,alpha,alpha_corrected,step,dimension_step
0,False,0.9999999993493981,1.0,-6.697076435030477,-0.9494983110474531,0.05,0.025,0,1-2
1,False,0.9692706813581381,1.0,-1.891662800574556,-0.2681962273600155,0.05,0.025,1,2-3
