,reject,pvals,pvals_corrected,tstats,effectsize,alpha,alpha_corrected,step,dimension_step
0,False,0.30249121932980466,0.6049824386596093,0.5189087093158099,0.07356985512454184,0.05,0.025,0,1-2
1,False,0.9565321167224949,0.9565321167224949,-1.7289471394658167,-0.2451267212997917,0.05,0.025,1,2-3
