{
  "data": {
    "name": "normal-1-20",
    "n_dimension": 1,
    "distance": "euclidean",
    "subject": null,
    "n_objects": 20,
    "n_train_triplets": 479,
    "n_test_triplets": 10000,
    "frac_train_ndlogn": 7.994706406653251,
    "frac_train_triplets": 0.14005847953216374,
    "max_train_score": 0.8663883089770354,
    "max_test_score": 0.8752,
    "noise_sd": 0.5,
    "distance_sd": 1.0201903241236365,
    "distance_mean": 1.3133840456143526,
    "difference_sd": 0.9424991160717401,
    "difference_mean": -0.15252150596297256
  },
  "n_repeats": 10,
  "n_splits": 10,
  "embedding_method": "soe",
  "embedding_dimension": [
    1,
    2,
    3
  ],
  "random_state": 3731790528,
  "alpha": 0.05
}