,reject,pvals,pvals_corrected,tstats,effectsize,alpha,alpha_corrected,step,dimension_step
0,False,0.15433315633688147,0.30866631267376293,1.0232866172922088,0.14507956184495785,0.05,0.025,0,1-2
1,False,0.3317449837968661,0.3317449837968661,0.436409427676307,0.06187326940698915,0.05,0.025,1,2-3
