,reject,pvals,pvals_corrected,tstats,effectsize,alpha,alpha_corrected,step,dimension_step
0,False,0.9997770662773201,1.0,-3.633191447021179,-0.5151067299477466,0.05,0.025,0,1-2
1,False,0.9919471212334356,1.0,-2.448463186145151,-0.347138289738828,0.05,0.025,1,2-3
