,reject,pvals,pvals_corrected,tstats,effectsize,alpha,alpha_corrected,step,dimension_step
0,False,0.7207023802736137,1.0,-0.5869174170770061,-0.08321199580819998,0.05,0.025,0,1-2
1,False,0.9998300670597002,1.0,-3.712065558215502,-0.5262893461372001,0.05,0.025,1,2-3
