,reject,pvals,pvals_corrected,tstats,effectsize,alpha,alpha_corrected,step,dimension_step
0,False,0.999999674771154,1.0,-5.318331690536873,-0.7540225957913719,0.05,0.025,0,1-2
1,False,0.9990965850621347,1.0,-3.2070071947383116,-0.4546831657756345,0.05,0.025,1,2-3
