,reject,pvals,pvals_corrected,tstats,effectsize,alpha,alpha_corrected,step,dimension_step
0,False,0.9984372041915757,1.0,-3.029412011828725,-0.42950407041086003,0.05,0.025,0,1-2
1,False,0.9999987846464272,1.0,-5.004986008379796,-0.7095970619232039,0.05,0.025,1,2-3
