,reject,pvals,pvals_corrected,tstats,effectsize,alpha,alpha_corrected,step,dimension_step
0,False,0.4678555655080404,0.9357111310160808,0.08086680975765052,0.01146513706832666,0.05,0.025,0,1-2
1,False,0.9991544939811189,0.9991544939811189,-3.228021985611383,-0.45766260144947957,0.05,0.025,1,2-3
