,reject,pvals,pvals_corrected,tstats,effectsize,alpha,alpha_corrected,step,dimension_step
0,False,0.9242846323679286,1.0,-1.4456603575886116,-0.2049628791301674,0.05,0.025,0,1-2
1,False,0.7488065070451257,1.0,-0.6732025169319916,-0.09544532737842519,0.05,0.025,1,2-3
