,reject,pvals,pvals_corrected,tstats,effectsize,alpha,alpha_corrected,step,dimension_step
0,False,0.9999999997882507,0.9999999997882507,-6.934243124773973,-0.9831233373604671,0.05,0.025,0,1-2
1,False,0.33897885052659327,0.6779577010531865,0.416483663940612,0.05904823385648973,0.05,0.025,1,2-3
