{
  "data": {
    "name": "normal-1-20",
    "n_dimension": 1,
    "distance": "euclidean",
    "subject": null,
    "n_objects": 20,
    "n_train_triplets": 119,
    "n_test_triplets": 10000,
    "frac_train_ndlogn": 1.9861587941372378,
    "frac_train_triplets": 0.0347953216374269,
    "max_train_score": 0.8739495798319328,
    "max_test_score": 0.8824,
    "noise_sd": 0.5,
    "distance_sd": 1.0240600368957735,
    "distance_mean": 1.3694087133403547,
    "difference_sd": 0.9163005628991063,
    "difference_mean": -0.16454603653125513
  },
  "n_repeats": 10,
  "n_splits": 10,
  "embedding_method": "soe",
  "embedding_dimension": [
    1,
    2,
    3
  ],
  "random_state": 502989540,
  "alpha": 0.05
}