,reject,pvals,pvals_corrected,tstats,effectsize,alpha,alpha_corrected,step,dimension_step
0,False,0.99999991536779,1.0,-5.629137126933663,-0.7980879786171505,0.05,0.025,0,1-2
1,False,0.9997643416800758,1.0,-3.616926393055011,-0.5128007026207789,0.05,0.025,1,2-3
