{
  "data": {
    "name": "normal-1-20",
    "n_dimension": 1,
    "distance": "euclidean",
    "subject": null,
    "n_objects": 20,
    "n_train_triplets": 119,
    "n_test_triplets": 10000,
    "frac_train_ndlogn": 1.9861587941372378,
    "frac_train_triplets": 0.0347953216374269,
    "max_train_score": 0.680672268907563,
    "max_test_score": 0.6738,
    "noise_sd": 2.0,
    "distance_sd": 1.0199437509711917,
    "distance_mean": 1.3097403741805105,
    "difference_sd": 0.901463951592257,
    "difference_mean": -0.11577549110370826
  },
  "n_repeats": 10,
  "n_splits": 10,
  "embedding_method": "soe",
  "embedding_dimension": [
    1,
    2,
    3
  ],
  "random_state": 812184171,
  "alpha": 0.05
}