,reject,pvals,pvals_corrected,tstats,effectsize,alpha,alpha_corrected,step,dimension_step
0,False,0.31984533032335355,0.6396906606467071,0.4695759091161828,0.06657554784386434,0.05,0.025,0,1-2
1,False,0.9992805845277898,0.9992805845277898,-3.2788694325132473,-0.46487165235740385,0.05,0.025,1,2-3
