,reject,pvals,pvals_corrected,tstats,effectsize,alpha,alpha_corrected,step,dimension_step
0,False,0.7418680059999301,0.7871706997945217,-0.6514522654238459,-0.09236161954379186,0.05,0.025,0,1-2
1,False,0.39358534989726085,0.7871706997945217,0.27071909577907477,0.03838202037921872,0.05,0.025,1,2-3
