{
  "data": {
    "name": "normal-1-20",
    "n_dimension": 1,
    "distance": "euclidean",
    "subject": null,
    "n_objects": 20,
    "n_train_triplets": 119,
    "n_test_triplets": 10000,
    "frac_train_ndlogn": 1.9861587941372378,
    "frac_train_triplets": 0.0347953216374269,
    "max_train_score": 0.7310924369747899,
    "max_test_score": 0.7956,
    "noise_sd": 1.0,
    "distance_sd": 1.0270628701949553,
    "distance_mean": 1.4114902221867824,
    "difference_sd": 0.9341909391781178,
    "difference_mean": -0.007653763525519279
  },
  "n_repeats": 10,
  "n_splits": 10,
  "embedding_method": "soe",
  "embedding_dimension": [
    1,
    2,
    3
  ],
  "random_state": 1175551837,
  "alpha": 0.05
}