,reject,pvals,pvals_corrected,tstats,effectsize,alpha,alpha_corrected,step,dimension_step
0,True,0.012167832144713647,0.024335664289427295,2.2868220885014834,0.324221133170968,0.05,0.025,0,1-2
1,False,0.7621140196960503,0.7621140196960503,-0.7158452679655148,-0.10149113266040762,0.05,0.025,1,2-3
