,reject,pvals,pvals_corrected,tstats,effectsize,alpha,alpha_corrected,step,dimension_step
0,False,0.999940507060851,0.999940507060851,-4.007445126508228,-0.5681676797552623,0.05,0.025,0,1-2
1,False,0.47227321290570545,0.9445464258114109,0.06973351849524118,0.009886680953541562,0.05,0.025,1,2-3
