{
  "data": {
    "name": "normal-1-20",
    "n_dimension": 1,
    "distance": "euclidean",
    "subject": null,
    "n_objects": 20,
    "n_train_triplets": 479,
    "n_test_triplets": 10000,
    "frac_train_ndlogn": 7.994706406653251,
    "frac_train_triplets": 0.14005847953216374,
    "max_train_score": 0.8016701461377871,
    "max_test_score": 0.8047,
    "noise_sd": 1.0,
    "distance_sd": 1.026396149638851,
    "distance_mean": 1.4022453650754991,
    "difference_sd": 0.977007165810104,
    "difference_mean": -0.06620978583084741
  },
  "n_repeats": 10,
  "n_splits": 10,
  "embedding_method": "soe",
  "embedding_dimension": [
    1,
    2,
    3
  ],
  "random_state": 3459052488,
  "alpha": 0.05
}