,reject,pvals,pvals_corrected,tstats,effectsize,alpha,alpha_corrected,step,dimension_step
0,False,0.7653978315446031,1.0,-0.7265692239220799,-0.10301155402147269,0.05,0.025,0,1-2
1,False,0.9991322345257604,1.0,-3.219789684922706,-0.4564954420664617,0.05,0.025,1,2-3
