{
  "data": {
    "name": "normal-1-20",
    "n_dimension": 1,
    "distance": "euclidean",
    "subject": null,
    "n_objects": 20,
    "n_train_triplets": 119,
    "n_test_triplets": 10000,
    "frac_train_ndlogn": 1.9861587941372378,
    "frac_train_triplets": 0.0347953216374269,
    "max_train_score": 0.7563025210084033,
    "max_test_score": 0.7875,
    "noise_sd": 1.0,
    "distance_sd": 1.0194891393933183,
    "distance_mean": 1.3029980819163358,
    "difference_sd": 0.8980693128171686,
    "difference_mean": -0.14038153526872477
  },
  "n_repeats": 10,
  "n_splits": 10,
  "embedding_method": "soe",
  "embedding_dimension": [
    1,
    2,
    3
  ],
  "random_state": 1289097311,
  "alpha": 0.05
}