{
  "data": {
    "name": "normal-1-20",
    "n_dimension": 1,
    "distance": "euclidean",
    "subject": null,
    "n_objects": 20,
    "n_train_triplets": 119,
    "n_test_triplets": 10000,
    "frac_train_ndlogn": 1.9861587941372378,
    "frac_train_triplets": 0.0347953216374269,
    "max_train_score": 0.8487394957983193,
    "max_test_score": 0.8761,
    "noise_sd": 0.5,
    "distance_sd": 1.0183895536642709,
    "distance_mean": 1.2865567912990672,
    "difference_sd": 0.8748248477072481,
    "difference_mean": -0.13114304763221465
  },
  "n_repeats": 10,
  "n_splits": 10,
  "embedding_method": "soe",
  "embedding_dimension": [
    1,
    2,
    3
  ],
  "random_state": 1111943633,
  "alpha": 0.05
}