,reject,pvals,pvals_corrected,tstats,effectsize,alpha,alpha_corrected,step,dimension_step
0,False,0.9999979152839739,1.0,-4.873740680900237,-0.6909893578028098,0.05,0.025,0,1-2
1,False,0.6200643785417548,1.0,-0.3064952870297068,-0.04345429833479071,0.05,0.025,1,2-3
