,reject,pvals,pvals_corrected,tstats,effectsize,alpha,alpha_corrected,step,dimension_step
0,False,0.9999999998414179,1.0,-6.994915900293678,-0.9917254040146845,0.05,0.025,0,1-2
1,False,0.5904809384246095,1.0,-0.22939120193228968,-0.032522632960342364,0.05,0.025,1,2-3
