{
  "data": {
    "name": "normal-1-20",
    "n_dimension": 1,
    "distance": "euclidean",
    "subject": null,
    "n_objects": 20,
    "n_train_triplets": 239,
    "n_test_triplets": 10000,
    "frac_train_ndlogn": 3.9890079983092424,
    "frac_train_triplets": 0.06988304093567252,
    "max_train_score": 0.7531380753138075,
    "max_test_score": 0.77,
    "noise_sd": 1.0,
    "distance_sd": 1.0166783373354826,
    "distance_mean": 1.260580021473286,
    "difference_sd": 0.8954478812030799,
    "difference_mean": -0.12862868296154512
  },
  "n_repeats": 10,
  "n_splits": 10,
  "embedding_method": "soe",
  "embedding_dimension": [
    1,
    2,
    3
  ],
  "random_state": 3447035176,
  "alpha": 0.05
}