{
  "data": {
    "name": "normal-1-20",
    "n_dimension": 1,
    "distance": "euclidean",
    "subject": null,
    "n_objects": 20,
    "n_train_triplets": 479,
    "n_test_triplets": 10000,
    "frac_train_ndlogn": 7.994706406653251,
    "frac_train_triplets": 0.14005847953216374,
    "max_train_score": 0.8810020876826722,
    "max_test_score": 0.8752,
    "noise_sd": 0.5,
    "distance_sd": 1.0224403345167663,
    "distance_mean": 1.346217112983039,
    "difference_sd": 0.9554340919588444,
    "difference_mean": -0.12751293868585278
  },
  "n_repeats": 10,
  "n_splits": 10,
  "embedding_method": "soe",
  "embedding_dimension": [
    1,
    2,
    3
  ],
  "random_state": 1358085913,
  "alpha": 0.05
}