,reject,pvals,pvals_corrected,tstats,effectsize,alpha,alpha_corrected,step,dimension_step
0,False,0.9999986600852855,1.0,-4.981391436495766,-0.7062518699769703,0.05,0.025,0,1-2
1,False,0.8230378367868756,1.0,-0.9313769894209812,-0.13204879576675443,0.05,0.025,1,2-3
