,reject,pvals,pvals_corrected,tstats,effectsize,alpha,alpha_corrected,step,dimension_step
0,False,0.8059018190616488,0.8059018190616488,-0.8667106158805856,-0.1228805246481809,0.05,0.025,0,1-2
1,False,0.08793371390511431,0.17586742781022863,1.363341253081896,0.19329183857174953,0.05,0.025,1,2-3
