,reject,pvals,pvals_corrected,tstats,effectsize,alpha,alpha_corrected,step,dimension_step
0,False,0.9530697481730123,1.0,-1.6916384345117437,-0.23983716656872064,0.05,0.025,0,1-2
1,False,0.8610814215385761,1.0,-1.09119165812163,-0.15470700483513933,0.05,0.025,1,2-3
