,reject,pvals,pvals_corrected,tstats,effectsize,alpha,alpha_corrected,step,dimension_step
0,False,0.9977395925483715,1.0,-2.9057065316946367,-0.4119653510018592,0.05,0.025,0,1-2
1,False,0.8200793445402366,1.0,-0.9199379664494923,-0.1304269936122129,0.05,0.025,1,2-3
