,reject,pvals,pvals_corrected,tstats,effectsize,alpha,alpha_corrected,step,dimension_step
0,False,0.9999090808578736,1.0,-3.8898048676400285,-0.5514888754754912,0.05,0.025,0,1-2
1,False,0.9998680241951379,1.0,-3.784547401891875,-0.5365656792237298,0.05,0.025,1,2-3
