,reject,pvals,pvals_corrected,tstats,effectsize,alpha,alpha_corrected,step,dimension_step
0,False,0.9999977726008167,1.0,-4.857507413868296,-0.6886878371647912,0.05,0.025,0,1-2
1,False,0.9349167292518241,1.0,-1.5261278988359392,-0.21637140869522245,0.05,0.025,1,2-3
