,reject,pvals,pvals_corrected,tstats,effectsize,alpha,alpha_corrected,step,dimension_step
0,False,0.6740181759856254,1.0,-0.45240970816666654,-0.06414175767187077,0.05,0.025,0,1-2
1,False,0.8939042167153072,1.0,-1.255668848400065,-0.178026257032758,0.05,0.025,1,2-3
