,reject,pvals,pvals_corrected,tstats,effectsize,alpha,alpha_corrected,step,dimension_step
0,False,0.999963318742371,1.0,-4.139006855072263,-0.5868202425984496,0.05,0.025,0,1-2
1,False,0.6503944349892925,1.0,-0.38750921372355995,-0.05494029335267283,0.05,0.025,1,2-3
