,reject,pvals,pvals_corrected,tstats,effectsize,alpha,alpha_corrected,step,dimension_step
0,False,0.06832627908155432,0.13665255816310865,1.50055779230641,0.21274612933659126,0.05,0.025,0,1-2
1,False,0.5922338093114448,0.5922338093114448,-0.23391709542754316,-0.03316430522904244,0.05,0.025,1,2-3
