,reject,pvals,pvals_corrected,tstats,effectsize,alpha,alpha_corrected,step,dimension_step
0,False,0.5035165030239658,1.0,-0.008836968838063886,-0.0012528880427034354,0.05,0.025,0,1-2
1,False,0.9999841976871796,1.0,-4.362216607555936,-0.6184664818266574,0.05,0.025,1,2-3
