,reject,pvals,pvals_corrected,tstats,effectsize,alpha,alpha_corrected,step,dimension_step
0,False,0.9999999963839779,1.0,-6.328991096693898,-0.8973118965033698,0.05,0.025,0,1-2
1,False,0.7928418683423266,1.0,-0.8197704298768373,-0.11622543749736367,0.05,0.025,1,2-3
