,reject,pvals,pvals_corrected,tstats,effectsize,alpha,alpha_corrected,step,dimension_step
0,False,0.5486002539034941,1.0,-0.12243908364488619,-0.01735917220817687,0.05,0.025,0,1-2
1,False,0.9999965589727732,1.0,-4.7501067968255555,-0.6734607891421457,0.05,0.025,1,2-3
