,reject,pvals,pvals_corrected,tstats,effectsize,alpha,alpha_corrected,step,dimension_step
0,False,0.9195285630522843,1.0,-1.412485844956488,-0.20025946204666797,0.05,0.025,0,1-2
1,False,0.9992859047311333,1.0,-3.281193686868601,-0.46520118056366855,0.05,0.025,1,2-3
