,reject,pvals,pvals_corrected,tstats,effectsize,alpha,alpha_corrected,step,dimension_step
0,False,0.9999982773253198,1.0,-4.920352247971298,-0.6975978540083702,0.05,0.025,0,1-2
1,False,0.9999991668113365,1.0,-5.0957340713227,-0.7224631436128812,0.05,0.025,1,2-3
