,reject,pvals,pvals_corrected,tstats,effectsize,alpha,alpha_corrected,step,dimension_step
0,False,0.9999999519029685,1.0,-5.757221245624155,-0.8162474927795524,0.05,0.025,0,1-2
1,False,0.848126129628794,1.0,-1.0338015278216626,-0.14657034515695777,0.05,0.025,1,2-3
