,reject,pvals,pvals_corrected,tstats,effectsize,alpha,alpha_corrected,step,dimension_step
0,False,0.9999942558973365,1.0,-4.621813896744989,-0.6552716743653298,0.05,0.025,0,1-2
1,False,0.9997706299718466,1.0,-3.6248574737547528,-0.5139251556268393,0.05,0.025,1,2-3
