,reject,pvals,pvals_corrected,tstats,effectsize,alpha,alpha_corrected,step,dimension_step
0,False,0.3360283881896906,0.6720567763793812,0.4245901706613524,0.060197558418409985,0.05,0.025,0,1-2
1,False,0.9994930939687485,0.9994930939687485,-3.387326875116331,-0.48024853502720505,0.05,0.025,1,2-3
