,reject,pvals,pvals_corrected,tstats,effectsize,alpha,alpha_corrected,step,dimension_step
0,False,0.9800298751607733,1.0,-2.08180068295416,-0.2951536019602581,0.05,0.025,0,1-2
1,False,0.9906848059635406,1.0,-2.3922979431126388,-0.33917529216573883,0.05,0.025,1,2-3
