{
  "data": {
    "name": "normal-1-20",
    "n_dimension": 1,
    "distance": "euclidean",
    "subject": null,
    "n_objects": 20,
    "n_train_triplets": 119,
    "n_test_triplets": 10000,
    "frac_train_ndlogn": 1.9861587941372378,
    "frac_train_triplets": 0.0347953216374269,
    "max_train_score": 0.865546218487395,
    "max_test_score": 0.8737,
    "noise_sd": 0.5,
    "distance_sd": 1.0209225106605206,
    "distance_mean": 1.324149796168938,
    "difference_sd": 0.9903229219587442,
    "difference_mean": -0.1520643441189707
  },
  "n_repeats": 10,
  "n_splits": 10,
  "embedding_method": "soe",
  "embedding_dimension": [
    1,
    2,
    3
  ],
  "random_state": 2757304214,
  "alpha": 0.05
}