,reject,pvals,pvals_corrected,tstats,effectsize,alpha,alpha_corrected,step,dimension_step
0,False,0.9999697572177474,1.0,-4.190799531690412,-0.5941633063144807,0.05,0.025,0,1-2
1,False,0.835492446971714,1.0,-0.980936677717111,-0.13907527079503285,0.05,0.025,1,2-3
