,reject,pvals,pvals_corrected,tstats,effectsize,alpha,alpha_corrected,step,dimension_step
0,False,0.9350623595300647,1.0,-1.5272994568977387,-0.2165375098905372,0.05,0.025,0,1-2
1,False,0.9999915730166152,1.0,-4.524516998451718,-0.641477111693716,0.05,0.025,1,2-3
