{
  "data": {
    "name": "normal-1-20",
    "n_dimension": 1,
    "distance": "euclidean",
    "subject": null,
    "n_objects": 20,
    "n_train_triplets": 119,
    "n_test_triplets": 10000,
    "frac_train_ndlogn": 1.9861587941372378,
    "frac_train_triplets": 0.0347953216374269,
    "max_train_score": 0.7983193277310925,
    "max_test_score": 0.7953,
    "noise_sd": 1.0,
    "distance_sd": 1.0244566700531594,
    "distance_mean": 1.3750337841346831,
    "difference_sd": 0.9316249530012101,
    "difference_mean": -0.11627190318747857
  },
  "n_repeats": 10,
  "n_splits": 10,
  "embedding_method": "soe",
  "embedding_dimension": [
    1,
    2,
    3
  ],
  "random_state": 2529540998,
  "alpha": 0.05
}