,reject,pvals,pvals_corrected,tstats,effectsize,alpha,alpha_corrected,step,dimension_step
0,False,0.9911772030522102,1.0,-2.4133499068526487,-0.34215999813546855,0.05,0.025,0,1-2
1,False,0.6303898210104819,1.0,-0.33382144496808114,-0.047328547204668565,0.05,0.025,1,2-3
