{
  "data": {
    "name": "normal-1-20",
    "n_dimension": 1,
    "distance": "euclidean",
    "subject": null,
    "n_objects": 20,
    "n_train_triplets": 479,
    "n_test_triplets": 10000,
    "frac_train_ndlogn": 7.994706406653251,
    "frac_train_triplets": 0.14005847953216374,
    "max_train_score": 0.8914405010438413,
    "max_test_score": 0.8761,
    "noise_sd": 0.5,
    "distance_sd": 1.0201379265763397,
    "distance_mean": 1.312610526984297,
    "difference_sd": 0.9176428151357906,
    "difference_mean": -0.15521495393350362
  },
  "n_repeats": 10,
  "n_splits": 10,
  "embedding_method": "soe",
  "embedding_dimension": [
    1,
    2,
    3
  ],
  "random_state": 396405319,
  "alpha": 0.05
}