{
  "data": {
    "name": "normal-1-20",
    "n_dimension": 1,
    "distance": "euclidean",
    "subject": null,
    "n_objects": 20,
    "n_train_triplets": 479,
    "n_test_triplets": 10000,
    "frac_train_ndlogn": 7.994706406653251,
    "frac_train_triplets": 0.14005847953216374,
    "max_train_score": 0.7077244258872651,
    "max_test_score": 0.6828,
    "noise_sd": 2.0,
    "distance_sd": 1.0225431946794772,
    "distance_mean": 1.3477006769757565,
    "difference_sd": 0.9519660940329203,
    "difference_mean": -0.0575106094798695
  },
  "n_repeats": 10,
  "n_splits": 10,
  "embedding_method": "soe",
  "embedding_dimension": [
    1,
    2,
    3
  ],
  "random_state": 1047272713,
  "alpha": 0.05
}