,reject,pvals,pvals_corrected,tstats,effectsize,alpha,alpha_corrected,step,dimension_step
0,False,0.9999721251555889,0.9999721251555889,-4.212561338483099,-0.5972486524346051,0.05,0.025,0,1-2
1,False,0.3260551269519593,0.6521102539039186,0.4522054709516203,0.0641128013216453,0.05,0.025,1,2-3
