,reject,pvals,pvals_corrected,tstats,effectsize,alpha,alpha_corrected,step,dimension_step
0,False,0.9549486397035293,0.9549486397035293,-1.7115940415889381,-0.24266643324941914,0.05,0.025,0,1-2
1,False,0.4692928103793127,0.9385856207586254,0.07724364234976036,0.010951451526910521,0.05,0.025,1,2-3
