,reject,pvals,pvals_corrected,tstats,effectsize,alpha,alpha_corrected,step,dimension_step
0,False,0.9999999891199048,1.0,-6.0883190106558445,-0.863189882005508,0.05,0.025,0,1-2
1,False,0.8951244906188511,1.0,-1.2624545655520019,-0.17898832265012324,0.05,0.025,1,2-3
