,reject,pvals,pvals_corrected,tstats,effectsize,alpha,alpha_corrected,step,dimension_step
0,False,0.9763630433682872,1.0,-2.00886902078874,-0.28481349449400145,0.05,0.025,0,1-2
1,False,0.7535952259338339,1.0,-0.6884021647944644,-0.09760030352569507,0.05,0.025,1,2-3
