,reject,pvals,pvals_corrected,tstats,effectsize,alpha,alpha_corrected,step,dimension_step
0,False,0.9172418751616043,1.0,-1.397069598158809,-0.19807377692882738,0.05,0.025,0,1-2
1,False,0.8513137484688815,1.0,-1.0476028888174065,-0.14852707494535766,0.05,0.025,1,2-3
