,reject,pvals,pvals_corrected,tstats,effectsize,alpha,alpha_corrected,step,dimension_step
0,False,0.5218929222076663,0.5218929222076663,-0.05504423366778158,-0.007804063072519214,0.05,0.025,0,1-2
1,False,0.20475947555159318,0.40951895110318637,0.8282539882166169,0.11742821969545224,0.05,0.025,1,2-3
