,reject,pvals,pvals_corrected,tstats,effectsize,alpha,alpha_corrected,step,dimension_step
0,False,0.847646913920477,0.9406002203612944,-1.0317436513992062,-0.14627858348954628,0.05,0.025,0,1-2
1,False,0.4703001101806472,0.9406002203612944,0.07470494165491905,0.010591519540857887,0.05,0.025,1,2-3
