,reject,pvals,pvals_corrected,tstats,effectsize,alpha,alpha_corrected,step,dimension_step
0,False,0.9999834462595882,1.0,-4.350083540366273,-0.6167462794493708,0.05,0.025,0,1-2
1,False,0.9964945050032721,1.0,-2.7537482242132763,-0.3904210013587116,0.05,0.025,1,2-3
