,reject,pvals,pvals_corrected,tstats,effectsize,alpha,alpha_corrected,step,dimension_step
0,False,0.9956171240681156,1.0,-2.6741330937465717,-0.3791333249158169,0.05,0.025,0,1-2
1,False,0.987084984041353,1.0,-2.2628361144189624,-0.3208204489916664,0.05,0.025,1,2-3
