,reject,pvals,pvals_corrected,tstats,effectsize,alpha,alpha_corrected,step,dimension_step
0,False,0.9999977315243966,1.0,-4.853021409472215,-0.6880518202940339,0.05,0.025,0,1-2
1,False,0.9585876429478735,1.0,-1.7522635841462388,-0.24843248091870393,0.05,0.025,1,2-3
