,reject,pvals,pvals_corrected,tstats,effectsize,alpha,alpha_corrected,step,dimension_step
0,False,0.9999999611864735,1.0,-5.805493999818214,-0.823091508824691,0.05,0.025,0,1-2
1,False,0.9934978002215572,1.0,-2.529389400285962,-0.35861184904363747,0.05,0.025,1,2-3
