,reject,pvals,pvals_corrected,tstats,effectsize,alpha,alpha_corrected,step,dimension_step
0,False,0.9925061950567177,1.0,-2.4758903523619917,-0.35102685936355105,0.05,0.025,0,1-2
1,False,0.9942070044341467,1.0,-2.572351148051567,-0.36470288105422,0.05,0.025,1,2-3
