,reject,pvals,pvals_corrected,tstats,effectsize,alpha,alpha_corrected,step,dimension_step
0,False,0.7368949412237737,0.7368949412237737,-0.6360522209199156,-0.0901782315552582,0.05,0.025,0,1-2
1,False,0.16076939469256968,0.32153878938513936,0.9962887411830847,0.14125185612647517,0.05,0.025,1,2-3
