,reject,pvals,pvals_corrected,tstats,effectsize,alpha,alpha_corrected,step,dimension_step
0,False,0.9999999999974891,1.0,-7.850033670519236,-1.112962317831114,0.05,0.025,0,1-2
1,False,0.9853601015621527,1.0,-2.2118037600571987,-0.31358518226814286,0.05,0.025,1,2-3
