,reject,pvals,pvals_corrected,tstats,effectsize,alpha,alpha_corrected,step,dimension_step
0,False,0.990808141885678,1.0,-2.3974764755839786,-0.33990949430348394,0.05,0.025,0,1-2
1,False,0.6088175516839605,1.0,-0.2769905290988367,-0.039271171847434505,0.05,0.025,1,2-3
