,reject,pvals,pvals_corrected,tstats,effectsize,alpha,alpha_corrected,step,dimension_step
0,False,0.3111210445292492,0.48739030947511075,0.4942250818001096,0.07007025901509782,0.05,0.025,0,1-2
1,False,0.24369515473755538,0.48739030947511075,0.6970737758063249,0.09882974746137334,0.05,0.025,1,2-3
