,reject,pvals,pvals_corrected,tstats,effectsize,alpha,alpha_corrected,step,dimension_step
0,False,0.999999724700354,1.0,-5.357279960907324,-0.7595446048790275,0.05,0.025,0,1-2
1,False,0.996790051157644,1.0,-2.7847069709065355,-0.3948102715100328,0.05,0.025,1,2-3
