,reject,pvals,pvals_corrected,tstats,effectsize,alpha,alpha_corrected,step,dimension_step
0,False,0.04676462498109807,0.09352924996219614,1.6933711044614732,0.24008282110272977,0.05,0.025,0,1-2
1,False,0.8393324307774398,0.8393324307774398,-0.9967102102072298,-0.14131161117488575,0.05,0.025,1,2-3
