,reject,pvals,pvals_corrected,tstats,effectsize,alpha,alpha_corrected,step,dimension_step
0,False,0.07450897342126003,0.14901794684252007,1.4543301038861147,0.2061920586903155,0.05,0.025,0,1-2
1,False,0.9999925535971452,0.9999925535971452,-4.556052145974675,-0.6459481028197929,0.05,0.025,1,2-3
