,reject,pvals,pvals_corrected,tstats,effectsize,alpha,alpha_corrected,step,dimension_step
0,False,0.1541541720574748,0.3083083441149496,1.0240480640028735,0.1451875182603792,0.05,0.025,0,1-2
1,False,0.9391747799834911,0.9391747799834911,-1.561273116155864,-0.22135422840922686,0.05,0.025,1,2-3
