,reject,pvals,pvals_corrected,tstats,effectsize,alpha,alpha_corrected,step,dimension_step
0,False,0.9999877961734678,1.0,-4.429345066436884,-0.627983822557201,0.05,0.025,0,1-2
1,False,0.9659429940608804,1.0,-1.8444073093920026,-0.26149643686175345,0.05,0.025,1,2-3
