,reject,pvals,pvals_corrected,tstats,effectsize,alpha,alpha_corrected,step,dimension_step
0,False,0.9911521995039156,1.0,-2.412256022471863,-0.34200490936171585,0.05,0.025,0,1-2
1,False,0.9409768807482172,1.0,-1.576737154148119,-0.2235466892685381,0.05,0.025,1,2-3
