,reject,pvals,pvals_corrected,tstats,effectsize,alpha,alpha_corrected,step,dimension_step
0,False,0.39723106183795487,0.7944621236759097,0.2612243940735687,0.03703588026558324,0.05,0.025,0,1-2
1,False,0.9999994497379763,0.9999994497379763,-5.194497761868325,-0.7364656652020585,0.05,0.025,1,2-3
