,reject,pvals,pvals_corrected,tstats,effectsize,alpha,alpha_corrected,step,dimension_step
0,False,0.9530266154743867,1.0,-1.6911880282377325,-0.23977330885399878,0.05,0.025,0,1-2
1,False,0.9921119317098599,1.0,-2.456367001957145,-0.3482588771827854,0.05,0.025,1,2-3
