,reject,pvals,pvals_corrected,tstats,effectsize,alpha,alpha_corrected,step,dimension_step
0,True,0.023527388577305845,0.04705477715461169,2.010902911399707,0.2851018555002858,0.05,0.025,0,1-2
1,False,0.9983011577485481,0.9983011577485481,-3.0017403041304256,-0.4255808301763749,0.05,0.025,1,2-3
