,reject,pvals,pvals_corrected,tstats,effectsize,alpha,alpha_corrected,step,dimension_step
0,False,0.9999956931504317,1.0,-4.694156372405914,-0.6655282481290318,0.05,0.025,0,1-2
1,False,0.9994095568112806,1.0,-3.340361188107671,-0.4735898323941205,0.05,0.025,1,2-3
