,reject,pvals,pvals_corrected,tstats,effectsize,alpha,alpha_corrected,step,dimension_step
0,False,0.9999935156931437,1.0,-4.591170771052461,-0.6509271523380645,0.05,0.025,0,1-2
1,False,0.998596167580825,1.0,-3.0647222883037686,-0.43451029188689133,0.05,0.025,1,2-3
