,reject,pvals,pvals_corrected,tstats,effectsize,alpha,alpha_corrected,step,dimension_step
0,False,0.3536353087172227,0.7072706174344454,0.37660839226031156,0.05339479634830168,0.05,0.025,0,1-2
1,False,0.37403194419793007,0.7072706174344454,0.3220896928591765,0.04566524248938026,0.05,0.025,1,2-3
