,reject,pvals,pvals_corrected,tstats,effectsize,alpha,alpha_corrected,step,dimension_step
0,False,0.9758251747331406,1.0,-1.998999861972779,-0.2834142645885164,0.05,0.025,0,1-2
1,False,0.9999977316676407,1.0,-4.853036915647843,-0.6880540187290842,0.05,0.025,1,2-3
