,reject,pvals,pvals_corrected,tstats,effectsize,alpha,alpha_corrected,step,dimension_step
0,False,0.9998856026308259,1.0,-3.825140551980033,-0.542320896119149,0.05,0.025,0,1-2
1,False,0.99980387653591,1.0,-3.6705561110994793,-0.5204042184532724,0.05,0.025,1,2-3
