,reject,pvals,pvals_corrected,tstats,effectsize,alpha,alpha_corrected,step,dimension_step
0,False,0.999974655846951,1.0,-4.237878722612275,-0.6008381013089007,0.05,0.025,0,1-2
1,False,0.9999862127004279,1.0,-4.397727992988844,-0.6235012161347702,0.05,0.025,1,2-3
