,reject,pvals,pvals_corrected,tstats,effectsize,alpha,alpha_corrected,step,dimension_step
0,False,0.10635148993570924,0.21270297987141848,1.2542541772570313,0.17782568774345256,0.05,0.025,0,1-2
1,False,0.9999982544725038,0.9999982544725038,-4.917139679021433,-0.6971423823079033,0.05,0.025,1,2-3
