,reject,pvals,pvals_corrected,tstats,effectsize,alpha,alpha_corrected,step,dimension_step
0,False,0.9999737772142456,0.9999737772142456,-4.2288236805469435,-0.5995542952734009,0.05,0.025,0,1-2
1,False,0.4417748694828355,0.883549738965671,0.14684912670370873,0.020819980051986726,0.05,0.025,1,2-3
