,reject,pvals,pvals_corrected,tstats,effectsize,alpha,alpha_corrected,step,dimension_step
0,False,0.9584151575864928,1.0,-1.7502709247047425,-0.24814996558644686,0.05,0.025,0,1-2
1,False,0.9990833460307608,1.0,-3.202379771783768,-0.45402709886009823,0.05,0.025,1,2-3
