{
  "data": {
    "name": "normal-1-20",
    "n_dimension": 1,
    "distance": "euclidean",
    "subject": null,
    "n_objects": 20,
    "n_train_triplets": 479,
    "n_test_triplets": 10000,
    "frac_train_ndlogn": 7.994706406653251,
    "frac_train_triplets": 0.14005847953216374,
    "max_train_score": 0.8079331941544885,
    "max_test_score": 0.7998,
    "noise_sd": 1.0,
    "distance_sd": 1.0262177382231192,
    "distance_mean": 1.3997621507355165,
    "difference_sd": 0.9655158092967449,
    "difference_mean": -0.09593677201812094
  },
  "n_repeats": 10,
  "n_splits": 10,
  "embedding_method": "soe",
  "embedding_dimension": [
    1,
    2,
    3
  ],
  "random_state": 3361923757,
  "alpha": 0.05
}