,reject,pvals,pvals_corrected,tstats,effectsize,alpha,alpha_corrected,step,dimension_step
0,False,0.9963662021850158,0.9963662021850158,-2.7410439782604947,-0.38861981838098697,0.05,0.025,0,1-2
1,False,0.06927890114645265,0.1385578022929053,1.4932278470106681,0.21170690412453116,0.05,0.025,1,2-3
