{
  "data": {
    "name": "normal-1-20",
    "n_dimension": 1,
    "distance": "euclidean",
    "subject": null,
    "n_objects": 20,
    "n_train_triplets": 239,
    "n_test_triplets": 10000,
    "frac_train_ndlogn": 3.9890079983092424,
    "frac_train_triplets": 0.06988304093567252,
    "max_train_score": 0.8744769874476988,
    "max_test_score": 0.8721,
    "noise_sd": 0.5,
    "distance_sd": 1.0176123877349421,
    "distance_mean": 1.2748193839758593,
    "difference_sd": 0.9583489468432459,
    "difference_mean": -0.16904167340579068
  },
  "n_repeats": 10,
  "n_splits": 10,
  "embedding_method": "soe",
  "embedding_dimension": [
    1,
    2,
    3
  ],
  "random_state": 3094802094,
  "alpha": 0.05
}