,reject,pvals,pvals_corrected,tstats,effectsize,alpha,alpha_corrected,step,dimension_step
0,False,0.7783976731422204,1.0,-0.7698792941702253,-0.10915197050781572,0.05,0.025,0,1-2
1,False,0.9454898835571702,1.0,-1.617185849981265,-0.22928142572409857,0.05,0.025,1,2-3
