,reject,pvals,pvals_corrected,tstats,effectsize,alpha,alpha_corrected,step,dimension_step
0,False,0.9602282352666924,1.0,-1.7715665846156312,-0.25116922231946903,0.05,0.025,0,1-2
1,False,0.9158507588411684,1.0,-1.3878496880107902,-0.19676659622117385,0.05,0.025,1,2-3
