{
  "data": {
    "name": "normal-1-20",
    "n_dimension": 1,
    "distance": "euclidean",
    "subject": null,
    "n_objects": 20,
    "n_train_triplets": 239,
    "n_test_triplets": 10000,
    "frac_train_ndlogn": 3.9890079983092424,
    "frac_train_triplets": 0.06988304093567252,
    "max_train_score": 0.7656903765690377,
    "max_test_score": 0.7839,
    "noise_sd": 1.0,
    "distance_sd": 1.0205506684547572,
    "distance_mean": 1.3186924094668873,
    "difference_sd": 0.921590624590831,
    "difference_mean": -0.13788598963151252
  },
  "n_repeats": 10,
  "n_splits": 10,
  "embedding_method": "soe",
  "embedding_dimension": [
    1,
    2,
    3
  ],
  "random_state": 3474134129,
  "alpha": 0.05
}