,reject,pvals,pvals_corrected,tstats,effectsize,alpha,alpha_corrected,step,dimension_step
0,False,0.9879708920943372,1.0,-2.2914173715262467,-0.32487264335054056,0.05,0.025,0,1-2
1,False,0.9717350706117074,1.0,-1.9295150396089102,-0.2735628432828216,0.05,0.025,1,2-3
