,reject,pvals,pvals_corrected,tstats,effectsize,alpha,alpha_corrected,step,dimension_step
0,False,0.9851697544835261,1.0,-2.2064992954572746,-0.31283312572115557,0.05,0.025,0,1-2
1,False,0.9820740011449806,1.0,-2.1276252705776146,-0.3016505217692252,0.05,0.025,1,2-3
