,reject,pvals,pvals_corrected,tstats,effectsize,alpha,alpha_corrected,step,dimension_step
0,False,0.9889800023592153,1.0,-2.3263250809573686,-0.3298217896637011,0.05,0.025,0,1-2
1,False,0.9975857155010041,1.0,-2.883251738766623,-0.40878175467189254,0.05,0.025,1,2-3
