,reject,pvals,pvals_corrected,tstats,effectsize,alpha,alpha_corrected,step,dimension_step
0,False,0.9813651266145613,0.9813651266145613,-2.111245029147875,-0.2993281633904654,0.05,0.025,0,1-2
1,False,0.14159616928226326,0.2831923385645265,1.0790389055482608,0.1529840115029094,0.05,0.025,1,2-3
