,reject,pvals,pvals_corrected,tstats,effectsize,alpha,alpha_corrected,step,dimension_step
0,False,0.9234077333880993,1.0,-1.4394253481723098,-0.20407889177126895,0.05,0.025,0,1-2
1,False,0.9653802905031925,1.0,-1.8368019440848624,-0.2604181631427533,0.05,0.025,1,2-3
