{
  "data": {
    "name": "normal-1-20",
    "n_dimension": 1,
    "distance": "euclidean",
    "subject": null,
    "n_objects": 20,
    "n_train_triplets": 119,
    "n_test_triplets": 10000,
    "frac_train_ndlogn": 1.9861587941372378,
    "frac_train_triplets": 0.0347953216374269,
    "max_train_score": 0.7310924369747899,
    "max_test_score": 0.6812,
    "noise_sd": 2.0,
    "distance_sd": 1.020845532596585,
    "distance_mean": 1.3230217031574738,
    "difference_sd": 0.9567622617851366,
    "difference_mean": -0.10760958679879376
  },
  "n_repeats": 10,
  "n_splits": 10,
  "embedding_method": "soe",
  "embedding_dimension": [
    1,
    2,
    3
  ],
  "random_state": 3709567349,
  "alpha": 0.05
}