{
  "data": {
    "name": "normal-1-20",
    "n_dimension": 1,
    "distance": "euclidean",
    "subject": null,
    "n_objects": 20,
    "n_train_triplets": 239,
    "n_test_triplets": 10000,
    "frac_train_ndlogn": 3.9890079983092424,
    "frac_train_triplets": 0.06988304093567252,
    "max_train_score": 0.698744769874477,
    "max_test_score": 0.6704,
    "noise_sd": 2.0,
    "distance_sd": 1.0225506178978108,
    "distance_mean": 1.3478076855029042,
    "difference_sd": 0.9757559933363373,
    "difference_mean": -0.11299097864588152
  },
  "n_repeats": 10,
  "n_splits": 10,
  "embedding_method": "soe",
  "embedding_dimension": [
    1,
    2,
    3
  ],
  "random_state": 654148072,
  "alpha": 0.05
}