,reject,pvals,pvals_corrected,tstats,effectsize,alpha,alpha_corrected,step,dimension_step
0,True,0.011312328431949474,0.02262465686389895,2.3159319376634575,0.32834827027060826,0.05,0.025,0,1-2
1,False,0.9978184496896118,0.9978184496896118,-2.9177644013322586,-0.41367489201827445,0.05,0.025,1,2-3
