,reject,pvals,pvals_corrected,tstats,effectsize,alpha,alpha_corrected,step,dimension_step
0,False,0.9730229319065297,1.0,-1.950418254664594,-0.2765264599569597,0.05,0.025,0,1-2
1,False,0.8324489914602693,1.0,-0.9686063999063037,-0.13732710828416939,0.05,0.025,1,2-3
