,reject,pvals,pvals_corrected,tstats,effectsize,alpha,alpha_corrected,step,dimension_step
0,False,0.972213520989229,1.0,-1.937184820008563,-0.27465024964681095,0.05,0.025,0,1-2
1,False,0.9931208547497432,1.0,-2.5082425542504545,-0.35561369084886646,0.05,0.025,1,2-3
