,reject,pvals,pvals_corrected,tstats,effectsize,alpha,alpha_corrected,step,dimension_step
0,False,0.9626407142510303,0.9626407142510303,-1.8011819579675672,-0.25536803164343264,0.05,0.025,0,1-2
1,False,0.29216700480596364,0.5843340096119273,0.5488648010374727,0.07781697082812303,0.05,0.025,1,2-3
