,reject,pvals,pvals_corrected,tstats,effectsize,alpha,alpha_corrected,step,dimension_step
0,False,0.9999244112113645,0.9999244112113645,-3.9412981447670834,-0.5587894909211644,0.05,0.025,0,1-2
1,False,0.3037756165645209,0.6075512331290418,0.5152151208352417,0.07304618542209385,0.05,0.025,1,2-3
