{
  "data": {
    "name": "normal-1-20",
    "n_dimension": 1,
    "distance": "euclidean",
    "subject": null,
    "n_objects": 20,
    "n_train_triplets": 479,
    "n_test_triplets": 10000,
    "frac_train_ndlogn": 7.994706406653251,
    "frac_train_triplets": 0.14005847953216374,
    "max_train_score": 0.8747390396659708,
    "max_test_score": 0.8549,
    "noise_sd": 0.5,
    "distance_sd": 1.0125702790319353,
    "distance_mean": 1.1961073654139154,
    "difference_sd": 0.856479682212665,
    "difference_mean": -0.1986509589202647
  },
  "n_repeats": 10,
  "n_splits": 10,
  "embedding_method": "soe",
  "embedding_dimension": [
    1,
    2,
    3
  ],
  "random_state": 2674585102,
  "alpha": 0.05
}