,reject,pvals,pvals_corrected,tstats,effectsize,alpha,alpha_corrected,step,dimension_step
0,False,0.10138967252925671,0.20277934505851342,1.282164262142547,0.18178272462619913,0.05,0.025,0,1-2
1,False,0.9959202154490148,0.9959202154490148,-2.6998508652056006,-0.38277953991741426,0.05,0.025,1,2-3
