,reject,pvals,pvals_corrected,tstats,effectsize,alpha,alpha_corrected,step,dimension_step
0,False,0.999995805613106,1.0,-4.700771890017597,-0.6664661831906866,0.05,0.025,0,1-2
1,False,0.9938798423943209,1.0,-2.5519767677280925,-0.36181424152718894,0.05,0.025,1,2-3
