,reject,pvals,pvals_corrected,tstats,effectsize,alpha,alpha_corrected,step,dimension_step
0,False,0.48522855498718653,0.9704571099743731,0.03712875454506907,0.005264041716387862,0.05,0.025,0,1-2
1,False,0.966533946605238,0.9704571099743731,-1.8525082605164074,-0.26264497376216367,0.05,0.025,1,2-3
