,reject,pvals,pvals_corrected,tstats,effectsize,alpha,alpha_corrected,step,dimension_step
0,False,0.9999950278294412,1.0,-4.65814837965179,-0.6604231058126899,0.05,0.025,0,1-2
1,False,0.987263129548316,1.0,-2.2684419927521895,-0.32161523938430625,0.05,0.025,1,2-3
