{
  "data": {
    "name": "normal-1-20",
    "n_dimension": 1,
    "distance": "euclidean",
    "subject": null,
    "n_objects": 20,
    "n_train_triplets": 119,
    "n_test_triplets": 10000,
    "frac_train_ndlogn": 1.9861587941372378,
    "frac_train_triplets": 0.0347953216374269,
    "max_train_score": 0.8571428571428571,
    "max_test_score": 0.7977,
    "noise_sd": 1.0,
    "distance_sd": 1.0266181220305621,
    "distance_mean": 1.405329356823375,
    "difference_sd": 0.9323716139120776,
    "difference_mean": -0.11835269626991361
  },
  "n_repeats": 10,
  "n_splits": 10,
  "embedding_method": "soe",
  "embedding_dimension": [
    1,
    2,
    3
  ],
  "random_state": 2149001209,
  "alpha": 0.05
}