,reject,pvals,pvals_corrected,tstats,effectsize,alpha,alpha_corrected,step,dimension_step
0,False,0.9999999999443033,1.0,-7.213205643644769,-1.0226740940351082,0.05,0.025,0,1-2
1,False,0.9999999339534168,1.0,-5.685499638232462,-0.8060789444966312,0.05,0.025,1,2-3
