{
  "data": {
    "name": "normal-1-20",
    "n_dimension": 1,
    "distance": "euclidean",
    "subject": null,
    "n_objects": 20,
    "n_train_triplets": 119,
    "n_test_triplets": 10000,
    "frac_train_ndlogn": 1.9861587941372378,
    "frac_train_triplets": 0.0347953216374269,
    "max_train_score": 0.8739495798319328,
    "max_test_score": 0.8918,
    "noise_sd": 0.5,
    "distance_sd": 1.02739881635043,
    "distance_mean": 1.4161278999183013,
    "difference_sd": 0.9257049375549143,
    "difference_mean": -0.07922816688196105
  },
  "n_repeats": 10,
  "n_splits": 10,
  "embedding_method": "soe",
  "embedding_dimension": [
    1,
    2,
    3
  ],
  "random_state": 1211303446,
  "alpha": 0.05
}