,reject,pvals,pvals_corrected,tstats,effectsize,alpha,alpha_corrected,step,dimension_step
0,False,0.9999996811223223,1.0,-5.3229476770502835,-0.7546770412708017,0.05,0.025,0,1-2
1,False,0.9774970667877481,1.0,-2.030321864605997,-0.2878550364517882,0.05,0.025,1,2-3
