,reject,pvals,pvals_corrected,tstats,effectsize,alpha,alpha_corrected,step,dimension_step
0,False,0.999999982321863,0.999999982321863,-5.981048589483759,-0.8479812928970606,0.05,0.025,0,1-2
1,False,0.45896155564414526,0.9179231112882905,0.10331355692948349,0.014647592686823361,0.05,0.025,1,2-3
