,reject,pvals,pvals_corrected,tstats,effectsize,alpha,alpha_corrected,step,dimension_step
0,False,0.9984688310966282,0.9984688310966282,-3.0361635008622843,-0.43046128323299365,0.05,0.025,0,1-2
1,False,0.3238435967044845,0.647687193408969,0.4583756750437268,0.0649876007092749,0.05,0.025,1,2-3
