,reject,pvals,pvals_corrected,tstats,effectsize,alpha,alpha_corrected,step,dimension_step
0,False,0.4488829193141216,0.8977658386282432,0.12881440457453738,0.01826305265717786,0.05,0.025,0,1-2
1,False,0.9997024967293333,0.9997024967293333,-3.548110419467793,-0.5030441093777376,0.05,0.025,1,2-3
