,reject,pvals,pvals_corrected,tstats,effectsize,alpha,alpha_corrected,step,dimension_step
0,False,0.9999990344498648,1.0,-5.060395631856731,-0.7174529292434468,0.05,0.025,0,1-2
1,False,0.9988990852366909,1.0,-3.1437255205278927,-0.4457112146017228,0.05,0.025,1,2-3
