{
  "data": {
    "name": "normal-1-20",
    "n_dimension": 1,
    "distance": "euclidean",
    "subject": null,
    "n_objects": 20,
    "n_train_triplets": 479,
    "n_test_triplets": 10000,
    "frac_train_ndlogn": 7.994706406653251,
    "frac_train_triplets": 0.14005847953216374,
    "max_train_score": 0.7014613778705637,
    "max_test_score": 0.6725,
    "noise_sd": 2.0,
    "distance_sd": 1.02133226684143,
    "distance_mean": 1.3301399875718416,
    "difference_sd": 0.9218892641230065,
    "difference_mean": -0.11106481338069438
  },
  "n_repeats": 10,
  "n_splits": 10,
  "embedding_method": "soe",
  "embedding_dimension": [
    1,
    2,
    3
  ],
  "random_state": 1135080183,
  "alpha": 0.05
}