,reject,pvals,pvals_corrected,tstats,effectsize,alpha,alpha_corrected,step,dimension_step
0,False,0.4088642581897418,0.8177285163794836,0.23108133712145484,0.032762256999745595,0.05,0.025,0,1-2
1,False,0.8984318846576865,0.8984318846576865,-1.2811432611275146,-0.18163796911254243,0.05,0.025,1,2-3
