,reject,pvals,pvals_corrected,tstats,effectsize,alpha,alpha_corrected,step,dimension_step
0,False,0.9999999996758197,1.0,-6.844569310019365,-0.970409560463833,0.05,0.025,0,1-2
1,False,0.9999993857846027,1.0,-5.16841718337251,-0.7327680121331183,0.05,0.025,1,2-3
