,reject,pvals,pvals_corrected,tstats,effectsize,alpha,alpha_corrected,step,dimension_step
0,False,0.9999935165519837,1.0,-4.591204321077512,-0.6509319089945594,0.05,0.025,0,1-2
1,False,0.9226276388890797,1.0,-1.433924809090283,-0.2032990361702613,0.05,0.025,1,2-3
