{
  "data": {
    "name": "normal-1-20",
    "n_dimension": 1,
    "distance": "euclidean",
    "subject": null,
    "n_objects": 20,
    "n_train_triplets": 479,
    "n_test_triplets": 10000,
    "frac_train_ndlogn": 7.994706406653251,
    "frac_train_triplets": 0.14005847953216374,
    "max_train_score": 0.7098121085594989,
    "max_test_score": 0.6911,
    "noise_sd": 2.0,
    "distance_sd": 1.0241750487379566,
    "distance_mean": 1.37104196824551,
    "difference_sd": 0.974169557188795,
    "difference_mean": -0.07091829615027842
  },
  "n_repeats": 10,
  "n_splits": 10,
  "embedding_method": "soe",
  "embedding_dimension": [
    1,
    2,
    3
  ],
  "random_state": 4138037359,
  "alpha": 0.05
}