,reject,pvals,pvals_corrected,tstats,effectsize,alpha,alpha_corrected,step,dimension_step
0,False,0.8706154151540415,1.0,-1.1358317808841019,-0.16103599354821574,0.05,0.025,0,1-2
1,False,0.9988131997236792,1.0,-3.1194549550191657,-0.44227018161034737,0.05,0.025,1,2-3
