,reject,pvals,pvals_corrected,tstats,effectsize,alpha,alpha_corrected,step,dimension_step
0,False,0.9905264080228735,1.0,-2.3857358532539914,-0.33824493198571515,0.05,0.025,0,1-2
1,False,0.9567928635944336,1.0,-1.731854091477283,-0.24553886323246338,0.05,0.025,1,2-3
