,reject,pvals,pvals_corrected,tstats,effectsize,alpha,alpha_corrected,step,dimension_step
0,False,0.9999873435305815,1.0,-4.4199206837487965,-0.6266476521354035,0.05,0.025,0,1-2
1,False,0.9999973974507234,1.0,-4.819221810057954,-0.6832597796372999,0.05,0.025,1,2-3
