,reject,pvals,pvals_corrected,tstats,effectsize,alpha,alpha_corrected,step,dimension_step
0,False,0.999998473182337,1.0,-4.949721250930032,-0.7017617334230657,0.05,0.025,0,1-2
1,False,0.9658024514412735,1.0,-1.8424980019636048,-0.26122573901380125,0.05,0.025,1,2-3
