,reject,pvals,pvals_corrected,tstats,effectsize,alpha,alpha_corrected,step,dimension_step
0,False,0.7794290025431427,1.0,-0.7733770587303109,-0.10964787668037651,0.05,0.025,0,1-2
1,False,0.998651621188233,1.0,-3.0779172618799135,-0.4363810492608601,0.05,0.025,1,2-3
