,reject,pvals,pvals_corrected,tstats,effectsize,alpha,alpha_corrected,step,dimension_step
0,False,0.999597377920665,1.0,-3.457427839882239,-0.49018731178953473,0.05,0.025,0,1-2
1,False,0.96419823949703,1.0,-1.821155376097518,-0.25819982354012266,0.05,0.025,1,2-3
