,reject,pvals,pvals_corrected,tstats,effectsize,alpha,alpha_corrected,step,dimension_step
0,False,0.9988805972545554,1.0,-3.1383557841800345,-0.44494990395482736,0.05,0.025,0,1-2
1,False,0.996260776485336,1.0,-2.7309072204445717,-0.38718264881616443,0.05,0.025,1,2-3
