,reject,pvals,pvals_corrected,tstats,effectsize,alpha,alpha_corrected,step,dimension_step
0,False,0.9991910220274822,1.0,-3.2419803768569935,-0.45964159467752774,0.05,0.025,0,1-2
1,False,0.9766297457910761,1.0,-2.0138339312196765,-0.28551740971945977,0.05,0.025,1,2-3
