{
  "data": {
    "name": "normal-1-20",
    "n_dimension": 1,
    "distance": "euclidean",
    "subject": null,
    "n_objects": 20,
    "n_train_triplets": 239,
    "n_test_triplets": 10000,
    "frac_train_ndlogn": 3.9890079983092424,
    "frac_train_triplets": 0.06988304093567252,
    "max_train_score": 0.7531380753138075,
    "max_test_score": 0.7846,
    "noise_sd": 1.0,
    "distance_sd": 1.0230675906262485,
    "distance_mean": 1.3552411611245239,
    "difference_sd": 0.9464699504763772,
    "difference_mean": -0.10462574524796595
  },
  "n_repeats": 10,
  "n_splits": 10,
  "embedding_method": "soe",
  "embedding_dimension": [
    1,
    2,
    3
  ],
  "random_state": 3348889566,
  "alpha": 0.05
}