{
  "data": {
    "name": "normal-1-20",
    "n_dimension": 1,
    "distance": "euclidean",
    "subject": null,
    "n_objects": 20,
    "n_train_triplets": 119,
    "n_test_triplets": 10000,
    "frac_train_ndlogn": 1.9861587941372378,
    "frac_train_triplets": 0.0347953216374269,
    "max_train_score": 0.7142857142857143,
    "max_test_score": 0.6725,
    "noise_sd": 2.0,
    "distance_sd": 1.0165238729446409,
    "distance_mean": 1.25821099226683,
    "difference_sd": 0.8707879598296648,
    "difference_mean": -0.08941002402409594
  },
  "n_repeats": 10,
  "n_splits": 10,
  "embedding_method": "soe",
  "embedding_dimension": [
    1,
    2,
    3
  ],
  "random_state": 1299486821,
  "alpha": 0.05
}