,reject,pvals,pvals_corrected,tstats,effectsize,alpha,alpha_corrected,step,dimension_step
0,False,0.9369360588864077,1.0,-1.5425609326443286,-0.21870125187348394,0.05,0.025,0,1-2
1,False,0.9993833607662483,1.0,-3.326915189301663,-0.47168348515730674,0.05,0.025,1,2-3
