,reject,pvals,pvals_corrected,tstats,effectsize,alpha,alpha_corrected,step,dimension_step
0,False,0.9995959606776565,1.0,-3.456365501925668,-0.4900366956056953,0.05,0.025,0,1-2
1,False,0.6146651249099907,1.0,-0.2922989536583822,-0.04144157014064431,0.05,0.025,1,2-3
