,reject,pvals,pvals_corrected,tstats,effectsize,alpha,alpha_corrected,step,dimension_step
0,False,0.9999328151939147,1.0,-3.973942958613601,-0.5634178083537674,0.05,0.025,0,1-2
1,False,0.9984921196749879,1.0,-3.0412180230687924,-0.4311779034395554,0.05,0.025,1,2-3
