,reject,pvals,pvals_corrected,tstats,effectsize,alpha,alpha_corrected,step,dimension_step
0,False,0.8745152539078479,1.0,-1.1547574330074766,-0.16371923524344573,0.05,0.025,0,1-2
1,False,0.9675493164989133,1.0,-1.8667108481138512,-0.26465858866817527,0.05,0.025,1,2-3
