,reject,pvals,pvals_corrected,tstats,effectsize,alpha,alpha_corrected,step,dimension_step
0,False,0.7609414281501066,1.0,-0.7120359514178412,-0.10095105526046305,0.05,0.025,0,1-2
1,False,0.9987282046352373,1.0,-3.096992924950729,-0.4390855592128608,0.05,0.025,1,2-3
