,reject,pvals,pvals_corrected,tstats,effectsize,alpha,alpha_corrected,step,dimension_step
0,False,0.9999999841255697,1.0,-6.004900596722184,-0.8513629835209743,0.05,0.025,0,1-2
1,False,0.9092523106384698,1.0,-1.3456308534670511,-0.19078089298446146,0.05,0.025,1,2-3
