{
  "data": {
    "name": "normal-1-20",
    "n_dimension": 1,
    "distance": "euclidean",
    "subject": null,
    "n_objects": 20,
    "n_train_triplets": 119,
    "n_test_triplets": 10000,
    "frac_train_ndlogn": 1.9861587941372378,
    "frac_train_triplets": 0.0347953216374269,
    "max_train_score": 0.7478991596638656,
    "max_test_score": 0.7973,
    "noise_sd": 1.0,
    "distance_sd": 1.0256313038650706,
    "distance_mean": 1.3915717221513706,
    "difference_sd": 0.9549271834470054,
    "difference_mean": -0.127108650395057
  },
  "n_repeats": 10,
  "n_splits": 10,
  "embedding_method": "soe",
  "embedding_dimension": [
    1,
    2,
    3
  ],
  "random_state": 2393392255,
  "alpha": 0.05
}