{
  "data": {
    "name": "normal-1-20",
    "n_dimension": 1,
    "distance": "euclidean",
    "subject": null,
    "n_objects": 20,
    "n_train_triplets": 239,
    "n_test_triplets": 10000,
    "frac_train_ndlogn": 3.9890079983092424,
    "frac_train_triplets": 0.06988304093567252,
    "max_train_score": 0.891213389121339,
    "max_test_score": 0.8694,
    "noise_sd": 0.5,
    "distance_sd": 1.0205488283479538,
    "distance_mean": 1.3186653517118117,
    "difference_sd": 0.9733743195559046,
    "difference_mean": -0.13688004198057308
  },
  "n_repeats": 10,
  "n_splits": 10,
  "embedding_method": "soe",
  "embedding_dimension": [
    1,
    2,
    3
  ],
  "random_state": 807907339,
  "alpha": 0.05
}