,reject,pvals,pvals_corrected,tstats,effectsize,alpha,alpha_corrected,step,dimension_step
0,False,0.5569284735621192,1.0,-0.1435557914853252,-0.0203530574689904,0.05,0.025,0,1-2
1,False,0.9420491793559796,1.0,-1.5861179071627687,-0.22487667396113817,0.05,0.025,1,2-3
