{
  "data": {
    "name": "normal-1-20",
    "n_dimension": 1,
    "distance": "euclidean",
    "subject": null,
    "n_objects": 20,
    "n_train_triplets": 239,
    "n_test_triplets": 10000,
    "frac_train_ndlogn": 3.9890079983092424,
    "frac_train_triplets": 0.06988304093567252,
    "max_train_score": 0.8786610878661087,
    "max_test_score": 0.8796,
    "noise_sd": 0.5,
    "distance_sd": 1.0236617923929012,
    "distance_mean": 1.3637396521682223,
    "difference_sd": 1.0197890116153823,
    "difference_mean": -0.12662283206477615
  },
  "n_repeats": 10,
  "n_splits": 10,
  "embedding_method": "soe",
  "embedding_dimension": [
    1,
    2,
    3
  ],
  "random_state": 2659689468,
  "alpha": 0.05
}