,reject,pvals,pvals_corrected,tstats,effectsize,alpha,alpha_corrected,step,dimension_step
0,False,0.9758569488330471,1.0,-1.9995776408663846,-0.2834961809424597,0.05,0.025,0,1-2
1,False,0.7479645960482666,1.0,-0.6705464345481075,-0.09506875324761352,0.05,0.025,1,2-3
