,reject,pvals,pvals_corrected,tstats,effectsize,alpha,alpha_corrected,step,dimension_step
0,False,0.9999997430195421,1.0,-5.373330963061401,-0.7618202843615248,0.05,0.025,0,1-2
1,False,0.9659436761850585,1.0,-1.8444165922481925,-0.261497752966827,0.05,0.025,1,2-3
