,reject,pvals,pvals_corrected,tstats,effectsize,alpha,alpha_corrected,step,dimension_step
0,False,0.999993796902994,0.999993796902994,-4.602392814719472,-0.652518191594029,0.05,0.025,0,1-2
1,False,0.49511213334831017,0.9902242666966203,0.012283354879691594,0.0017415098700767008,0.05,0.025,1,2-3
