{
  "data": {
    "name": "normal-1-20",
    "n_dimension": 1,
    "distance": "euclidean",
    "subject": null,
    "n_objects": 20,
    "n_train_triplets": 239,
    "n_test_triplets": 10000,
    "frac_train_ndlogn": 3.9890079983092424,
    "frac_train_triplets": 0.06988304093567252,
    "max_train_score": 0.6652719665271967,
    "max_test_score": 0.6968,
    "noise_sd": 2.0,
    "distance_sd": 1.0253049692861114,
    "distance_mean": 1.3869950687774903,
    "difference_sd": 0.96863773280965,
    "difference_mean": -0.05826970004589876
  },
  "n_repeats": 10,
  "n_splits": 10,
  "embedding_method": "soe",
  "embedding_dimension": [
    1,
    2,
    3
  ],
  "random_state": 1437939250,
  "alpha": 0.05
}