{
  "data": {
    "name": "normal-1-20",
    "n_dimension": 1,
    "distance": "euclidean",
    "subject": null,
    "n_objects": 20,
    "n_train_triplets": 239,
    "n_test_triplets": 10000,
    "frac_train_ndlogn": 3.9890079983092424,
    "frac_train_triplets": 0.06988304093567252,
    "max_train_score": 0.6234309623430963,
    "max_test_score": 0.6578,
    "noise_sd": 2.0,
    "distance_sd": 1.007454543837774,
    "distance_mean": 1.1110033753720856,
    "difference_sd": 0.8765598132302144,
    "difference_mean": -0.12736569585210317
  },
  "n_repeats": 10,
  "n_splits": 10,
  "embedding_method": "soe",
  "embedding_dimension": [
    1,
    2,
    3
  ],
  "random_state": 3622846567,
  "alpha": 0.05
}