,reject,pvals,pvals_corrected,tstats,effectsize,alpha,alpha_corrected,step,dimension_step
0,False,0.9964701728407727,1.0,-2.7513067013591215,-0.3900748470555775,0.05,0.025,0,1-2
1,False,0.6254104395102765,1.0,-0.3206134394408128,-0.04545594218632825,0.05,0.025,1,2-3
