,reject,pvals,pvals_corrected,tstats,effectsize,alpha,alpha_corrected,step,dimension_step
0,False,0.9790271643408974,1.0,-2.06078493761521,-0.29217403096412,0.05,0.025,0,1-2
1,False,0.7889630106569383,1.0,-0.8061754830345279,-0.11429797270122774,0.05,0.025,1,2-3
