,reject,pvals,pvals_corrected,tstats,effectsize,alpha,alpha_corrected,step,dimension_step
0,False,0.9999998933504537,1.0,-5.576340221955428,-0.7906025373814574,0.05,0.025,0,1-2
1,False,0.9999623580657987,1.0,-4.132039281031388,-0.5858323936694299,0.05,0.025,1,2-3
