,reject,pvals,pvals_corrected,tstats,effectsize,alpha,alpha_corrected,step,dimension_step
0,False,0.6961815489599021,1.0,-0.5150920623624053,-0.07302873843410564,0.05,0.025,0,1-2
1,False,0.970736532962015,1.0,-1.9138549210728715,-0.2713425825100768,0.05,0.025,1,2-3
