,reject,pvals,pvals_corrected,tstats,effectsize,alpha,alpha_corrected,step,dimension_step
0,False,0.921816781887391,0.921816781887391,-1.4282525009031948,-0.20249482748373515,0.05,0.025,0,1-2
1,True,1.8268090470558876e-05,3.653618094111775e-05,4.32427944714591,0.6130878259184108,0.05,0.025,1,2-3
