,reject,pvals,pvals_corrected,tstats,effectsize,alpha,alpha_corrected,step,dimension_step
0,False,0.4971771832040802,0.4971771832040802,0.007093702825194912,0.0010057312197250536,0.05,0.025,0,1-2
1,False,0.1432491216584477,0.2864982433168954,1.0716154373061249,0.15193152679164743,0.05,0.025,1,2-3
