,reject,pvals,pvals_corrected,tstats,effectsize,alpha,alpha_corrected,step,dimension_step
0,False,0.9999996735989122,1.0,-5.317489361821776,-0.7539031720846112,0.05,0.025,0,1-2
1,False,0.926501458396695,1.0,-1.4616756720171828,-0.20723349887720827,0.05,0.025,1,2-3
