,reject,pvals,pvals_corrected,tstats,effectsize,alpha,alpha_corrected,step,dimension_step
0,True,0.01479663856269495,0.0295932771253899,2.207431493350423,0.3129652909030365,0.05,0.025,0,1-2
1,False,0.9988418273706207,0.9988418273706207,-3.127358085335521,-0.44339067186608283,0.05,0.025,1,2-3
