,reject,pvals,pvals_corrected,tstats,effectsize,alpha,alpha_corrected,step,dimension_step
0,False,0.9999968517574582,1.0,-4.772173880292919,-0.6765894167881447,0.05,0.025,0,1-2
1,False,0.7798098741931059,1.0,-0.7746711924725586,-0.10983135641432523,0.05,0.025,1,2-3
