,reject,pvals,pvals_corrected,tstats,effectsize,alpha,alpha_corrected,step,dimension_step
0,False,0.9824604588953153,0.9824604588953153,-2.1367928843772432,-0.30295028800357054,0.05,0.025,0,1-2
1,False,0.17772442360403412,0.35544884720806824,0.9284180750725066,0.13162928671625068,0.05,0.025,1,2-3
