,reject,pvals,pvals_corrected,tstats,effectsize,alpha,alpha_corrected,step,dimension_step
0,False,0.9174843429950851,0.9174843429950851,-1.3986886910106258,-0.198303328725517,0.05,0.025,0,1-2
1,False,0.23510145060990628,0.47020290121981256,0.724933325135322,0.1027796195124164,0.05,0.025,1,2-3
