,reject,pvals,pvals_corrected,tstats,effectsize,alpha,alpha_corrected,step,dimension_step
0,False,0.9999207757750253,1.0,-3.9282398473779554,-0.5569381112278884,0.05,0.025,0,1-2
1,False,0.9989976361222916,1.0,-3.1738479672961084,-0.4499819157962669,0.05,0.025,1,2-3
