,reject,pvals,pvals_corrected,tstats,effectsize,alpha,alpha_corrected,step,dimension_step
0,False,0.9984222339310896,1.0,-3.02626025184838,-0.4290572200863646,0.05,0.025,0,1-2
1,False,0.9991686136759956,1.0,-3.233349475101101,-0.458417922420008,0.05,0.025,1,2-3
