,reject,pvals,pvals_corrected,tstats,effectsize,alpha,alpha_corrected,step,dimension_step
0,False,0.9999688342799116,1.0,-4.182758568836193,-0.5930232744329063,0.05,0.025,0,1-2
1,False,0.9736047785403047,1.0,-1.960140557350942,-0.2779048688895341,0.05,0.025,1,2-3
