,reject,pvals,pvals_corrected,tstats,effectsize,alpha,alpha_corrected,step,dimension_step
0,False,0.9989837890288429,1.0,-3.1694532437411223,-0.4493588405434367,0.05,0.025,0,1-2
1,False,0.969730773568474,1.0,-1.8985305689526994,-0.26916992603868123,0.05,0.025,1,2-3
