,reject,pvals,pvals_corrected,tstats,effectsize,alpha,alpha_corrected,step,dimension_step
0,False,0.9948162278753989,0.9948162278753989,-2.6132232736351715,-0.37049765054610734,0.05,0.025,0,1-2
1,False,0.05537934601702001,0.11075869203404003,1.6091920494160445,0.22814808041900014,0.05,0.025,1,2-3
