,reject,pvals,pvals_corrected,tstats,effectsize,alpha,alpha_corrected,step,dimension_step
0,False,0.9995836160312268,1.0,-3.447257838113418,-0.48874542896252454,0.05,0.025,0,1-2
1,False,0.983139067808303,1.0,-2.1533233260942373,-0.305293941483327,0.05,0.025,1,2-3
