{
  "data": {
    "name": "normal-1-20",
    "n_dimension": 1,
    "distance": "euclidean",
    "subject": null,
    "n_objects": 20,
    "n_train_triplets": 239,
    "n_test_triplets": 10000,
    "frac_train_ndlogn": 3.9890079983092424,
    "frac_train_triplets": 0.06988304093567252,
    "max_train_score": 0.7489539748953975,
    "max_test_score": 0.7741,
    "noise_sd": 1.0,
    "distance_sd": 1.0166977686463912,
    "distance_mean": 1.2608777508705864,
    "difference_sd": 0.8698169381456166,
    "difference_mean": -0.1304930790950921
  },
  "n_repeats": 10,
  "n_splits": 10,
  "embedding_method": "soe",
  "embedding_dimension": [
    1,
    2,
    3
  ],
  "random_state": 841460929,
  "alpha": 0.05
}