,reject,pvals,pvals_corrected,tstats,effectsize,alpha,alpha_corrected,step,dimension_step
0,False,0.9999941731500155,1.0,-4.618204066683102,-0.6547598797665701,0.05,0.025,0,1-2
1,False,0.736136626050914,1.0,-0.6337173199654877,-0.08984719389513894,0.05,0.025,1,2-3
