{
  "data": {
    "name": "normal-1-20",
    "n_dimension": 1,
    "distance": "euclidean",
    "subject": null,
    "n_objects": 20,
    "n_train_triplets": 239,
    "n_test_triplets": 10000,
    "frac_train_ndlogn": 3.9890079983092424,
    "frac_train_triplets": 0.06988304093567252,
    "max_train_score": 0.8410041841004184,
    "max_test_score": 0.8559,
    "noise_sd": 0.5,
    "distance_sd": 1.0123104416262412,
    "distance_mean": 1.1919212114417597,
    "difference_sd": 0.8890907765570581,
    "difference_mean": -0.17983889610051004
  },
  "n_repeats": 10,
  "n_splits": 10,
  "embedding_method": "soe",
  "embedding_dimension": [
    1,
    2,
    3
  ],
  "random_state": 1486573990,
  "alpha": 0.05
}