,reject,pvals,pvals_corrected,tstats,effectsize,alpha,alpha_corrected,step,dimension_step
0,False,0.9990185906238587,1.0,-3.180607168575874,-0.4509402220454829,0.05,0.025,0,1-2
1,False,0.9233009563553138,1.0,-1.4386699040176965,-0.20397178638642607,0.05,0.025,1,2-3
