,reject,pvals,pvals_corrected,tstats,effectsize,alpha,alpha_corrected,step,dimension_step
0,False,0.9991755437940925,1.0,-3.2359952611986076,-0.45879303676360944,0.05,0.025,0,1-2
1,False,0.9995722058716753,1.0,-3.4390629821289016,-0.4875835784159375,0.05,0.025,1,2-3
