,reject,pvals,pvals_corrected,tstats,effectsize,alpha,alpha_corrected,step,dimension_step
0,False,0.9734112827695862,1.0,-1.9568873666504234,-0.27744363791723986,0.05,0.025,0,1-2
1,False,0.7822479521110269,1.0,-0.7829864393804202,-0.11101027574898581,0.05,0.025,1,2-3
