,reject,pvals,pvals_corrected,tstats,effectsize,alpha,alpha_corrected,step,dimension_step
0,False,0.37710247006039305,0.7542049401207861,0.3139693595606259,0.0445139576224813,0.05,0.025,0,1-2
1,False,0.9999978298924965,0.9999978298924965,-4.86390054741741,-0.6895942430519083,0.05,0.025,1,2-3
