,reject,pvals,pvals_corrected,tstats,effectsize,alpha,alpha_corrected,step,dimension_step
0,False,0.9629451768650642,1.0,-1.8050312383555511,-0.25591377503797136,0.05,0.025,0,1-2
1,False,0.9999742226684035,1.0,-4.233377350788096,-0.6001999056744448,0.05,0.025,1,2-3
