,reject,pvals,pvals_corrected,tstats,effectsize,alpha,alpha_corrected,step,dimension_step
0,False,0.998495825806546,1.0,-3.042029056053524,-0.4312928900992833,0.05,0.025,0,1-2
1,False,0.9999481109902318,1.0,-4.044916929231985,-0.5734803581669952,0.05,0.025,1,2-3
