,reject,pvals,pvals_corrected,tstats,effectsize,alpha,alpha_corrected,step,dimension_step
0,False,0.9999999867873134,1.0,-6.04548667107118,-0.8571171972320267,0.05,0.025,0,1-2
1,False,0.9982983149197256,1.0,-3.001184233785184,-0.42550199161767654,0.05,0.025,1,2-3
