{
  "data": {
    "name": "normal-1-20",
    "n_dimension": 1,
    "distance": "euclidean",
    "subject": null,
    "n_objects": 20,
    "n_train_triplets": 239,
    "n_test_triplets": 10000,
    "frac_train_ndlogn": 3.9890079983092424,
    "frac_train_triplets": 0.06988304093567252,
    "max_train_score": 0.6443514644351465,
    "max_test_score": 0.6664,
    "noise_sd": 2.0,
    "distance_sd": 1.0142078773889753,
    "distance_mean": 1.2221844184079438,
    "difference_sd": 0.8705273378985772,
    "difference_mean": -0.13071171494075112
  },
  "n_repeats": 10,
  "n_splits": 10,
  "embedding_method": "soe",
  "embedding_dimension": [
    1,
    2,
    3
  ],
  "random_state": 2418935734,
  "alpha": 0.05
}