,reject,pvals,pvals_corrected,tstats,effectsize,alpha,alpha_corrected,step,dimension_step
0,False,0.9541890838319502,0.9541890838319502,-1.7034465656646276,-0.2415113001544812,0.05,0.025,0,1-2
1,False,0.13771764317179935,0.2754352863435987,1.0966949160487054,0.15548724590864482,0.05,0.025,1,2-3
