,reject,pvals,pvals_corrected,tstats,effectsize,alpha,alpha_corrected,step,dimension_step
0,False,0.999964540322798,1.0,-4.1481242037670345,-0.5881128823451957,0.05,0.025,0,1-2
1,False,0.5456434380378474,1.0,-0.11495563140097315,-0.016298183083245765,0.05,0.025,1,2-3
