,reject,pvals,pvals_corrected,tstats,effectsize,alpha,alpha_corrected,step,dimension_step
0,False,0.9999743281630173,1.0,-4.234466856343626,-0.6003543736269742,0.05,0.025,0,1-2
1,False,0.9250322214377247,1.0,-1.4510201846954633,-0.20572278486438333,0.05,0.025,1,2-3
