,reject,pvals,pvals_corrected,tstats,effectsize,alpha,alpha_corrected,step,dimension_step
0,False,0.08381575641520712,0.16763151283041425,1.3900492700251277,0.1970784486283973,0.05,0.025,0,1-2
1,False,0.49742108195762036,0.49742108195762036,0.0064807792717558625,0.0009188321251070703,0.05,0.025,1,2-3
