,reject,pvals,pvals_corrected,tstats,effectsize,alpha,alpha_corrected,step,dimension_step
0,False,0.8426574538137837,0.8426574538137837,-1.0105715589136601,-0.1432768459027966,0.05,0.025,0,1-2
1,False,0.051183031372123405,0.10236606274424681,1.648763320286684,0.23375841729094338,0.05,0.025,1,2-3
