{
  "data": {
    "name": "normal-1-20",
    "n_dimension": 1,
    "distance": "euclidean",
    "subject": null,
    "n_objects": 20,
    "n_train_triplets": 239,
    "n_test_triplets": 10000,
    "frac_train_ndlogn": 3.9890079983092424,
    "frac_train_triplets": 0.06988304093567252,
    "max_train_score": 0.8870292887029289,
    "max_test_score": 0.8766,
    "noise_sd": 0.5,
    "distance_sd": 1.0226591957714284,
    "distance_mean": 1.3493719958637882,
    "difference_sd": 0.9537268119000459,
    "difference_mean": -0.1417414101910982
  },
  "n_repeats": 10,
  "n_splits": 10,
  "embedding_method": "soe",
  "embedding_dimension": [
    1,
    2,
    3
  ],
  "random_state": 345773476,
  "alpha": 0.05
}