,reject,pvals,pvals_corrected,tstats,effectsize,alpha,alpha_corrected,step,dimension_step
0,False,0.9999999261737812,1.0,-5.660219644779269,-0.8024947967987577,0.05,0.025,0,1-2
1,False,0.9994227472795656,1.0,-3.347344873810921,-0.47457996560290955,0.05,0.025,1,2-3
