{
  "data": {
    "name": "normal-1-20",
    "n_dimension": 1,
    "distance": "euclidean",
    "subject": null,
    "n_objects": 20,
    "n_train_triplets": 239,
    "n_test_triplets": 10000,
    "frac_train_ndlogn": 3.9890079983092424,
    "frac_train_triplets": 0.06988304093567252,
    "max_train_score": 0.7824267782426778,
    "max_test_score": 0.7609,
    "noise_sd": 1.0,
    "distance_sd": 1.010665112201221,
    "distance_mean": 1.1650903018193137,
    "difference_sd": 0.8684108249222064,
    "difference_mean": -0.15691532506696312
  },
  "n_repeats": 10,
  "n_splits": 10,
  "embedding_method": "soe",
  "embedding_dimension": [
    1,
    2,
    3
  ],
  "random_state": 3182961249,
  "alpha": 0.05
}