{
  "data": {
    "name": "normal-1-20",
    "n_dimension": 1,
    "distance": "euclidean",
    "subject": null,
    "n_objects": 20,
    "n_train_triplets": 239,
    "n_test_triplets": 10000,
    "frac_train_ndlogn": 3.9890079983092424,
    "frac_train_triplets": 0.06988304093567252,
    "max_train_score": 0.7196652719665272,
    "max_test_score": 0.6984,
    "noise_sd": 2.0,
    "distance_sd": 1.0266294174186834,
    "distance_mean": 1.4054861271030337,
    "difference_sd": 0.9506773247511175,
    "difference_mean": -0.038262767425698056
  },
  "n_repeats": 10,
  "n_splits": 10,
  "embedding_method": "soe",
  "embedding_dimension": [
    1,
    2,
    3
  ],
  "random_state": 898288200,
  "alpha": 0.05
}