,reject,pvals,pvals_corrected,tstats,effectsize,alpha,alpha_corrected,step,dimension_step
0,False,0.9815439015675468,1.0,-2.1153245560551226,-0.2999065506831717,0.05,0.025,0,1-2
1,False,0.6139586899681472,1.0,-0.2904459664086908,-0.041178857256740004,0.05,0.025,1,2-3
