,reject,pvals,pvals_corrected,tstats,effectsize,alpha,alpha_corrected,step,dimension_step
0,False,0.9999992214534656,0.9999992214534656,-5.111949310168471,-0.7247621082501604,0.05,0.025,0,1-2
1,False,0.38314658987673417,0.7662931797534683,0.2980453171168928,0.04225627823774487,0.05,0.025,1,2-3
