{
  "data": {
    "name": "normal-1-20",
    "n_dimension": 1,
    "distance": "euclidean",
    "subject": null,
    "n_objects": 20,
    "n_train_triplets": 239,
    "n_test_triplets": 10000,
    "frac_train_ndlogn": 3.9890079983092424,
    "frac_train_triplets": 0.06988304093567252,
    "max_train_score": 0.7866108786610879,
    "max_test_score": 0.7885,
    "noise_sd": 1.0,
    "distance_sd": 1.021916326498372,
    "distance_mean": 1.3386360927879588,
    "difference_sd": 0.9091851514356257,
    "difference_mean": -0.14199930772719613
  },
  "n_repeats": 10,
  "n_splits": 10,
  "embedding_method": "soe",
  "embedding_dimension": [
    1,
    2,
    3
  ],
  "random_state": 1725602996,
  "alpha": 0.05
}