,reject,pvals,pvals_corrected,tstats,effectsize,alpha,alpha_corrected,step,dimension_step
0,False,0.9999982221832123,1.0,-4.912669660358599,-0.6965086318629314,0.05,0.025,0,1-2
1,False,0.9988816005967845,1.0,-3.1386450749204706,-0.44499091902642024,0.05,0.025,1,2-3
