,reject,pvals,pvals_corrected,tstats,effectsize,alpha,alpha_corrected,step,dimension_step
0,False,0.9969946419707809,0.9969946419707809,-2.8077018716712394,-0.39807044326566404,0.05,0.025,0,1-2
1,False,0.46809115178496713,0.9361823035699343,0.08027284535658874,0.011380925965003945,0.05,0.025,1,2-3
