,reject,pvals,pvals_corrected,tstats,effectsize,alpha,alpha_corrected,step,dimension_step
0,False,0.2842560729241862,0.5685121458483724,0.5721576559131163,0.08111938593095981,0.05,0.025,0,1-2
1,False,0.9997996600456228,0.9997996600456228,-3.664370261504261,-0.5195272008770162,0.05,0.025,1,2-3
