,reject,pvals,pvals_corrected,tstats,effectsize,alpha,alpha_corrected,step,dimension_step
0,False,0.999813153866329,1.0,-3.6846230811525613,-0.5223986057708626,0.05,0.025,0,1-2
1,False,0.9875447319590273,1.0,-2.2774455453021396,-0.32289174533769327,0.05,0.025,1,2-3
