,reject,pvals,pvals_corrected,tstats,effectsize,alpha,alpha_corrected,step,dimension_step
0,False,0.9467075602690357,0.9467075602690357,-1.6285580577899554,-0.23089375495641126,0.05,0.025,0,1-2
1,False,0.16961578734280774,0.3392315746856155,0.9603243680304593,0.13615289811135095,0.05,0.025,1,2-3
