,reject,pvals,pvals_corrected,tstats,effectsize,alpha,alpha_corrected,step,dimension_step
0,False,0.988903037034067,1.0,-2.323565371665282,-0.3294305235138761,0.05,0.025,0,1-2
1,False,0.8808346952027251,1.0,-1.186331642300476,-0.1681957644703703,0.05,0.025,1,2-3
