,reject,pvals,pvals_corrected,tstats,effectsize,alpha,alpha_corrected,step,dimension_step
0,False,0.9299483052595734,0.9299483052595734,-1.487339287923417,-0.21087203581115757,0.05,0.025,0,1-2
1,False,0.07635008649959628,0.15270017299919256,1.441141783732209,0.2043222446254519,0.05,0.025,1,2-3
