,reject,pvals,pvals_corrected,tstats,effectsize,alpha,alpha_corrected,step,dimension_step
0,False,0.9759214411267977,0.9759214411267977,-2.0007523626587598,-0.2836627306852664,0.05,0.025,0,1-2
1,False,0.23982611513602436,0.47965223027204873,0.7095481014285339,0.1005983327873208,0.05,0.025,1,2-3
