,reject,pvals,pvals_corrected,tstats,effectsize,alpha,alpha_corrected,step,dimension_step
0,False,0.9799118517391717,1.0,-2.0792804985867304,-0.29479629518264894,0.05,0.025,0,1-2
1,False,0.9698125665300378,1.0,-1.899760668359406,-0.2693443271106145,0.05,0.025,1,2-3
