,reject,pvals,pvals_corrected,tstats,effectsize,alpha,alpha_corrected,step,dimension_step
0,False,0.9999970160469391,1.0,-4.785446412565168,-0.6784711702813413,0.05,0.025,0,1-2
1,False,0.9999895880708369,1.0,-4.470301569525672,-0.6337905549256417,0.05,0.025,1,2-3
