,reject,pvals,pvals_corrected,tstats,effectsize,alpha,alpha_corrected,step,dimension_step
0,False,0.8536212300807484,1.0,-1.0577192616466167,-0.14996135436690017,0.05,0.025,0,1-2
1,False,0.8456966268621109,1.0,-1.0234132818049033,-0.1450975200901772,0.05,0.025,1,2-3
