{
  "data": {
    "name": "normal-1-20",
    "n_dimension": 1,
    "distance": "euclidean",
    "subject": null,
    "n_objects": 20,
    "n_train_triplets": 479,
    "n_test_triplets": 10000,
    "frac_train_ndlogn": 7.994706406653251,
    "frac_train_triplets": 0.14005847953216374,
    "max_train_score": 0.755741127348643,
    "max_test_score": 0.7669,
    "noise_sd": 1.0,
    "distance_sd": 1.0128780417837808,
    "distance_mean": 1.2010481351832556,
    "difference_sd": 0.9161059382280224,
    "difference_mean": -0.13425218289926658
  },
  "n_repeats": 10,
  "n_splits": 10,
  "embedding_method": "soe",
  "embedding_dimension": [
    1,
    2,
    3
  ],
  "random_state": 816106909,
  "alpha": 0.05
}