,reject,pvals,pvals_corrected,tstats,effectsize,alpha,alpha_corrected,step,dimension_step
0,False,0.10050416172639545,0.2010083234527909,1.2872506738264433,0.18250386606007757,0.05,0.025,0,1-2
1,False,0.9163745272606301,0.9163745272606301,-1.3913073250617434,-0.1972568131944971,0.05,0.025,1,2-3
