,reject,pvals,pvals_corrected,tstats,effectsize,alpha,alpha_corrected,step,dimension_step
0,False,0.9874776763093333,1.0,-2.275285498791282,-0.3225854981963115,0.05,0.025,0,1-2
1,False,0.9351524806513073,1.0,-1.5280254955807806,-0.21664044622551726,0.05,0.025,1,2-3
