,reject,pvals,pvals_corrected,tstats,effectsize,alpha,alpha_corrected,step,dimension_step
0,False,0.999752705485484,1.0,-3.6027648533560614,-0.5107929074049964,0.05,0.025,0,1-2
1,False,0.9931163047147017,1.0,-2.507993706731492,-0.3555784097375852,0.05,0.025,1,2-3
