,reject,pvals,pvals_corrected,tstats,effectsize,alpha,alpha_corrected,step,dimension_step
0,False,0.9403334057104057,1.0,-1.5711728572393844,-0.22275779420839292,0.05,0.025,0,1-2
1,False,0.7780437396424549,1.0,-0.76868110353793,-0.10898209339909311,0.05,0.025,1,2-3
