,reject,pvals,pvals_corrected,tstats,effectsize,alpha,alpha_corrected,step,dimension_step
0,False,0.4218230208580358,0.8436460417160716,0.19775012249354773,0.028036623015815422,0.05,0.025,0,1-2
1,False,0.9999999873707079,0.9999999873707079,-6.055455676283669,-0.8585305831630234,0.05,0.025,1,2-3
