,reject,pvals,pvals_corrected,tstats,effectsize,alpha,alpha_corrected,step,dimension_step
0,False,0.5743369019568201,1.0,-0.18791719396365544,-0.02664252976895515,0.05,0.025,0,1-2
1,False,0.9940932821620286,1.0,-2.5651541220538636,-0.3636825008785303,0.05,0.025,1,2-3
