{
  "data": {
    "name": "normal-1-20",
    "n_dimension": 1,
    "distance": "euclidean",
    "subject": null,
    "n_objects": 20,
    "n_train_triplets": 119,
    "n_test_triplets": 10000,
    "frac_train_ndlogn": 1.9861587941372378,
    "frac_train_triplets": 0.0347953216374269,
    "max_train_score": 0.8571428571428571,
    "max_test_score": 0.8749,
    "noise_sd": 0.5,
    "distance_sd": 1.0224876086335317,
    "distance_mean": 1.3468991374164767,
    "difference_sd": 0.9469753204397439,
    "difference_mean": -0.13061593068767943
  },
  "n_repeats": 10,
  "n_splits": 10,
  "embedding_method": "soe",
  "embedding_dimension": [
    1,
    2,
    3
  ],
  "random_state": 3445402548,
  "alpha": 0.05
}