,reject,pvals,pvals_corrected,tstats,effectsize,alpha,alpha_corrected,step,dimension_step
0,False,0.9961368970198319,0.9961368970198319,-2.719323422846113,-0.38554032080005873,0.05,0.025,0,1-2
1,False,0.27548884010011765,0.5509776802002353,0.5983428429077895,0.08483187018690377,0.05,0.025,1,2-3
