,reject,pvals,pvals_corrected,tstats,effectsize,alpha,alpha_corrected,step,dimension_step
0,False,0.9808927042411631,0.9808927042411631,-2.1006251692698985,-0.2978225005664673,0.05,0.025,0,1-2
1,False,0.42599671435160213,0.8519934287032043,0.18706381300361613,0.02652153909666731,0.05,0.025,1,2-3
