,reject,pvals,pvals_corrected,tstats,effectsize,alpha,alpha_corrected,step,dimension_step
0,False,0.9941550375731473,1.0,-2.56904673258712,-0.3642343875357528,0.05,0.025,0,1-2
1,False,0.9999986976960903,1.0,-4.988282415850133,-0.7072288594621448,0.05,0.025,1,2-3
