,reject,pvals,pvals_corrected,tstats,effectsize,alpha,alpha_corrected,step,dimension_step
0,False,0.9999997730718538,1.0,-5.402261052322482,-0.7659219354563467,0.05,0.025,0,1-2
1,False,0.9973524282114196,1.0,-2.851598126264117,-0.4042939678142616,0.05,0.025,1,2-3
