{
  "data": {
    "name": "normal-1-20",
    "n_dimension": 1,
    "distance": "euclidean",
    "subject": null,
    "n_objects": 20,
    "n_train_triplets": 119,
    "n_test_triplets": 10000,
    "frac_train_ndlogn": 1.9861587941372378,
    "frac_train_triplets": 0.0347953216374269,
    "max_train_score": 0.8151260504201681,
    "max_test_score": 0.7881,
    "noise_sd": 1.0,
    "distance_sd": 1.0230868063322436,
    "distance_mean": 1.355516747418153,
    "difference_sd": 0.9522450297744417,
    "difference_mean": -0.1350724860323898
  },
  "n_repeats": 10,
  "n_splits": 10,
  "embedding_method": "soe",
  "embedding_dimension": [
    1,
    2,
    3
  ],
  "random_state": 1536822323,
  "alpha": 0.05
}