,reject,pvals,pvals_corrected,tstats,effectsize,alpha,alpha_corrected,step,dimension_step
0,False,0.9999999877189063,1.0,-6.061624147661958,-0.8594051368898995,0.05,0.025,0,1-2
1,False,0.8599243487243131,1.0,-1.0859204193987624,-0.1539596589875825,0.05,0.025,1,2-3
