,reject,pvals,pvals_corrected,tstats,effectsize,alpha,alpha_corrected,step,dimension_step
0,False,0.9999485573481134,1.0,-4.047276989319763,-0.5738149628395047,0.05,0.025,0,1-2
1,False,0.9995366294425482,1.0,-3.414771275296347,-0.48413954804929504,0.05,0.025,1,2-3
