,reject,pvals,pvals_corrected,tstats,effectsize,alpha,alpha_corrected,step,dimension_step
0,False,0.8762369920922167,1.0,-1.1632455065066696,-0.16492265759194605,0.05,0.025,0,1-2
1,False,0.9287499924582443,1.0,-1.4783078665791554,-0.20959157867498404,0.05,0.025,1,2-3
