,reject,pvals,pvals_corrected,tstats,effectsize,alpha,alpha_corrected,step,dimension_step
0,False,0.9955745624641846,1.0,-2.6706517908717977,-0.3786397526485881,0.05,0.025,0,1-2
1,False,0.9779578507561604,1.0,-2.0393038799050807,-0.2891284888961523,0.05,0.025,1,2-3
