,reject,pvals,pvals_corrected,tstats,effectsize,alpha,alpha_corrected,step,dimension_step
0,False,0.9957572256769767,1.0,-2.685813389237335,-0.38078933421309835,0.05,0.025,0,1-2
1,False,0.9606598620664489,1.0,-1.7767540133584785,-0.2519046857530725,0.05,0.025,1,2-3
