,reject,pvals,pvals_corrected,tstats,effectsize,alpha,alpha_corrected,step,dimension_step
0,False,0.9379410185325917,1.0,-1.550894612525322,-0.21988278459878235,0.05,0.025,0,1-2
1,False,0.7102336556916871,1.0,-0.5559010596132645,-0.07881455771527002,0.05,0.025,1,2-3
