,reject,pvals,pvals_corrected,tstats,effectsize,alpha,alpha_corrected,step,dimension_step
0,False,0.22661742135793722,0.45323484271587444,0.7530033127475587,0.10675932708892406,0.05,0.025,0,1-2
1,False,0.9926414270796036,0.9926414270796036,-2.482798753063278,-0.35200631881299066,0.05,0.025,1,2-3
