,reject,pvals,pvals_corrected,tstats,effectsize,alpha,alpha_corrected,step,dimension_step
0,False,0.032114615319853324,0.06422923063970665,1.8714936084471858,0.26533667901143193,0.05,0.025,0,1-2
1,False,0.7165979177126978,0.7165979177126978,-0.5746907006224524,-0.08147851602252362,0.05,0.025,1,2-3
