,reject,pvals,pvals_corrected,tstats,effectsize,alpha,alpha_corrected,step,dimension_step
0,False,0.9999969687471963,1.0,-4.781553831757117,-0.6779192878385,0.05,0.025,0,1-2
1,False,0.9892772106332768,1.0,-2.3371442939079805,-0.3313557163738301,0.05,0.025,1,2-3
