{
  "data": {
    "name": "normal-1-20",
    "n_dimension": 1,
    "distance": "euclidean",
    "subject": null,
    "n_objects": 20,
    "n_train_triplets": 119,
    "n_test_triplets": 10000,
    "frac_train_ndlogn": 1.9861587941372378,
    "frac_train_triplets": 0.0347953216374269,
    "max_train_score": 0.6974789915966386,
    "max_test_score": 0.7743,
    "noise_sd": 1.0,
    "distance_sd": 1.0153046710722018,
    "distance_mean": 1.2393659374533441,
    "difference_sd": 0.7981474296636294,
    "difference_mean": -0.09030152935684396
  },
  "n_repeats": 10,
  "n_splits": 10,
  "embedding_method": "soe",
  "embedding_dimension": [
    1,
    2,
    3
  ],
  "random_state": 2017282981,
  "alpha": 0.05
}