,reject,pvals,pvals_corrected,tstats,effectsize,alpha,alpha_corrected,step,dimension_step
0,False,0.9999999489308252,1.0,-5.7436919791790375,-0.8143293400208119,0.05,0.025,0,1-2
1,False,0.731588853614024,1.0,-0.6197864606620577,-0.08787210409164525,0.05,0.025,1,2-3
