,reject,pvals,pvals_corrected,tstats,effectsize,alpha,alpha_corrected,step,dimension_step
0,False,0.9999972440039534,1.0,-4.805089275727882,-0.681256096745608,0.05,0.025,0,1-2
1,False,0.9999794161823046,1.0,-4.29290356959409,-0.6086394157752542,0.05,0.025,1,2-3
