,reject,pvals,pvals_corrected,tstats,effectsize,alpha,alpha_corrected,step,dimension_step
0,False,0.9946107331228002,1.0,-2.5989738157602096,-0.36847739046443234,0.05,0.025,0,1-2
1,False,0.5087398114963663,1.0,-0.021964633271856004,-0.0031141024589947156,0.05,0.025,1,2-3
