,reject,pvals,pvals_corrected,tstats,effectsize,alpha,alpha_corrected,step,dimension_step
0,False,0.9985917532157238,1.0,-3.063692781637129,-0.43436433045869655,0.05,0.025,0,1-2
1,False,0.9537434899218926,1.0,-1.698718015901789,-0.24084089567917397,0.05,0.025,1,2-3
