,reject,pvals,pvals_corrected,tstats,effectsize,alpha,alpha_corrected,step,dimension_step
0,False,0.9962068234961786,1.0,-2.7258198611737283,-0.38646137303527434,0.05,0.025,0,1-2
1,False,0.7521204898897771,1.0,-0.6837043774505989,-0.09693426048558154,0.05,0.025,1,2-3
