{
  "data": {
    "name": "normal-1-20",
    "n_dimension": 1,
    "distance": "euclidean",
    "subject": null,
    "n_objects": 20,
    "n_train_triplets": 479,
    "n_test_triplets": 10000,
    "frac_train_ndlogn": 7.994706406653251,
    "frac_train_triplets": 0.14005847953216374,
    "max_train_score": 0.7056367432150313,
    "max_test_score": 0.6829,
    "noise_sd": 2.0,
    "distance_sd": 1.026469239122602,
    "distance_mean": 1.4032615146271679,
    "difference_sd": 0.9130258806548297,
    "difference_mean": -0.04753009816937503
  },
  "n_repeats": 10,
  "n_splits": 10,
  "embedding_method": "soe",
  "embedding_dimension": [
    1,
    2,
    3
  ],
  "random_state": 2929180118,
  "alpha": 0.05
}