,reject,pvals,pvals_corrected,tstats,effectsize,alpha,alpha_corrected,step,dimension_step
0,False,0.9962373230070208,1.0,-2.728687578889286,-0.3868679524067207,0.05,0.025,0,1-2
1,False,0.6584244688087462,1.0,-0.4093719645381697,-0.05803995111747611,0.05,0.025,1,2-3
