,reject,pvals,pvals_corrected,tstats,effectsize,alpha,alpha_corrected,step,dimension_step
0,False,0.9994288843671979,1.0,-3.3506453312457527,-0.4750478979597309,0.05,0.025,0,1-2
1,False,0.9969664088154282,1.0,-2.804445018849373,-0.3976086930850155,0.05,0.025,1,2-3
