,reject,pvals,pvals_corrected,tstats,effectsize,alpha,alpha_corrected,step,dimension_step
0,False,0.9999999278174051,1.0,-5.665335245526788,-0.8032200766006061,0.05,0.025,0,1-2
1,False,0.7626757301348626,1.0,-0.7176737586636247,-0.1017503724714601,0.05,0.025,1,2-3
