,reject,pvals,pvals_corrected,tstats,effectsize,alpha,alpha_corrected,step,dimension_step
0,False,0.10730197246739134,0.2146039449347827,1.249017480305607,0.17708323916024152,0.05,0.025,0,1-2
1,False,0.999999998896298,0.999999998896298,-6.5844394023904735,-0.9335288543314357,0.05,0.025,1,2-3
