{
  "data": {
    "name": "normal-1-20",
    "n_dimension": 1,
    "distance": "euclidean",
    "subject": null,
    "n_objects": 20,
    "n_train_triplets": 119,
    "n_test_triplets": 10000,
    "frac_train_ndlogn": 1.9861587941372378,
    "frac_train_triplets": 0.0347953216374269,
    "max_train_score": 0.6050420168067226,
    "max_test_score": 0.6573,
    "noise_sd": 2.0,
    "distance_sd": 1.0114764346080438,
    "distance_mean": 1.1783916910690626,
    "difference_sd": 0.8574282622015857,
    "difference_mean": -0.09790202753762663
  },
  "n_repeats": 10,
  "n_splits": 10,
  "embedding_method": "soe",
  "embedding_dimension": [
    1,
    2,
    3
  ],
  "random_state": 897422390,
  "alpha": 0.05
}