,reject,pvals,pvals_corrected,tstats,effectsize,alpha,alpha_corrected,step,dimension_step
0,False,0.9555090833656809,1.0,-1.7176779695103315,-0.24352900057143465,0.05,0.025,0,1-2
1,False,0.9999417650489776,1.0,-4.013315740324558,-0.5690000038234573,0.05,0.025,1,2-3
