,reject,pvals,pvals_corrected,tstats,effectsize,alpha,alpha_corrected,step,dimension_step
0,False,0.9998382337918678,1.0,-3.7262588986468677,-0.5283016499982119,0.05,0.025,0,1-2
1,False,0.9053828052745074,1.0,-1.3219404156755745,-0.18742210935862108,0.05,0.025,1,2-3
