,reject,pvals,pvals_corrected,tstats,effectsize,alpha,alpha_corrected,step,dimension_step
0,False,0.9999709185022702,0.9999709185022702,-4.2012589892599825,-0.5956462276150101,0.05,0.025,0,1-2
1,False,0.4331202452480259,0.8662404904960518,0.1688737660161396,0.023942590049267916,0.05,0.025,1,2-3
