,reject,pvals,pvals_corrected,tstats,effectsize,alpha,alpha_corrected,step,dimension_step
0,False,0.9916425963398908,0.9916425963398908,-2.4342313618009315,-0.3451205297044229,0.05,0.025,0,1-2
1,False,0.4093707947535322,0.8187415895070644,0.22977384033899836,0.03257688268026663,0.05,0.025,1,2-3
