,reject,pvals,pvals_corrected,tstats,effectsize,alpha,alpha_corrected,step,dimension_step
0,False,0.9999999971001625,0.9999999971001625,-6.376786643833489,-0.9040882550719016,0.05,0.025,0,1-2
1,False,0.43640386562840855,0.8728077312568171,0.16050831816000913,0.022756553323002707,0.05,0.025,1,2-3
