,reject,pvals,pvals_corrected,tstats,effectsize,alpha,alpha_corrected,step,dimension_step
0,False,0.991119702513194,1.0,-2.4108384090460047,-0.3418039229213446,0.05,0.025,0,1-2
1,False,0.9989961874408989,1.0,-3.173385551794926,-0.4499163554369617,0.05,0.025,1,2-3
