,reject,pvals,pvals_corrected,tstats,effectsize,alpha,alpha_corrected,step,dimension_step
0,False,0.9994129576950024,1.0,-3.342147672797194,-0.47384311667598145,0.05,0.025,0,1-2
1,False,0.9963936134180871,1.0,-2.7437234479965458,-0.3889997083245414,0.05,0.025,1,2-3
