,reject,pvals,pvals_corrected,tstats,effectsize,alpha,alpha_corrected,step,dimension_step
0,False,0.9981094059737188,1.0,-2.966029612610038,-0.42051783864359416,0.05,0.025,0,1-2
1,False,0.902566844328229,1.0,-1.305152350237403,-0.18504193049491283,0.05,0.025,1,2-3
