,reject,pvals,pvals_corrected,tstats,effectsize,alpha,alpha_corrected,step,dimension_step
0,False,0.999999705648641,1.0,-5.341659903276317,-0.757330023862522,0.05,0.025,0,1-2
1,False,0.5804310943578167,1.0,-0.20353096895669529,-0.028856220045419618,0.05,0.025,1,2-3
