,reject,pvals,pvals_corrected,tstats,effectsize,alpha,alpha_corrected,step,dimension_step
0,False,0.9999923345893437,1.0,-4.548674198148971,-0.6449020719035472,0.05,0.025,0,1-2
1,False,0.8800053270908619,1.0,-1.182120722287328,-0.1675987485218101,0.05,0.025,1,2-3
