,reject,pvals,pvals_corrected,tstats,effectsize,alpha,alpha_corrected,step,dimension_step
0,False,0.9995301972411111,0.9995301972411111,-3.4105675824272836,-0.48354355675099364,0.05,0.025,0,1-2
1,False,0.43722841871956575,0.8744568374391315,0.1584094661857243,0.02245898222252997,0.05,0.025,1,2-3
