,reject,pvals,pvals_corrected,tstats,effectsize,alpha,alpha_corrected,step,dimension_step
0,False,0.691063845943864,1.0,-0.5004452391109807,-0.07095214067173068,0.05,0.025,0,1-2
1,False,0.9276069696278447,1.0,-1.469802811571211,-0.20838574872160795,0.05,0.025,1,2-3
