{
  "data": {
    "name": "normal-1-20",
    "n_dimension": 1,
    "distance": "euclidean",
    "subject": null,
    "n_objects": 20,
    "n_train_triplets": 119,
    "n_test_triplets": 10000,
    "frac_train_ndlogn": 1.9861587941372378,
    "frac_train_triplets": 0.0347953216374269,
    "max_train_score": 0.7983193277310925,
    "max_test_score": 0.804,
    "noise_sd": 1.0,
    "distance_sd": 1.028252990231169,
    "distance_mean": 1.4278585456786226,
    "difference_sd": 0.9885159493460586,
    "difference_mean": -0.07793379226836072
  },
  "n_repeats": 10,
  "n_splits": 10,
  "embedding_method": "soe",
  "embedding_dimension": [
    1,
    2,
    3
  ],
  "random_state": 986128968,
  "alpha": 0.05
}