{
  "data": {
    "name": "normal-1-20",
    "n_dimension": 1,
    "distance": "euclidean",
    "subject": null,
    "n_objects": 20,
    "n_train_triplets": 119,
    "n_test_triplets": 10000,
    "frac_train_ndlogn": 1.9861587941372378,
    "frac_train_triplets": 0.0347953216374269,
    "max_train_score": 0.6974789915966386,
    "max_test_score": 0.7688,
    "noise_sd": 1.0,
    "distance_sd": 1.0180138703371464,
    "distance_mean": 1.2808952196715853,
    "difference_sd": 0.9251456107750528,
    "difference_mean": -0.06211730134417301
  },
  "n_repeats": 10,
  "n_splits": 10,
  "embedding_method": "soe",
  "embedding_dimension": [
    1,
    2,
    3
  ],
  "random_state": 3230649171,
  "alpha": 0.05
}