{
  "data": {
    "name": "normal-1-20",
    "n_dimension": 1,
    "distance": "euclidean",
    "subject": null,
    "n_objects": 20,
    "n_train_triplets": 479,
    "n_test_triplets": 10000,
    "frac_train_ndlogn": 7.994706406653251,
    "frac_train_triplets": 0.14005847953216374,
    "max_train_score": 0.8016701461377871,
    "max_test_score": 0.7902,
    "noise_sd": 1.0,
    "distance_sd": 1.0229586525848848,
    "distance_mean": 1.3536778394682318,
    "difference_sd": 0.9461455858121819,
    "difference_mean": -0.12009221252216831
  },
  "n_repeats": 10,
  "n_splits": 10,
  "embedding_method": "soe",
  "embedding_dimension": [
    1,
    2,
    3
  ],
  "random_state": 1311090099,
  "alpha": 0.05
}