,reject,pvals,pvals_corrected,tstats,effectsize,alpha,alpha_corrected,step,dimension_step
0,False,0.6034126019836441,1.0,-0.2628989669513953,-0.037273297911125616,0.05,0.025,0,1-2
1,False,0.9999843980992295,1.0,-4.365546614409407,-0.6189386036418735,0.05,0.025,1,2-3
