,reject,pvals,pvals_corrected,tstats,effectsize,alpha,alpha_corrected,step,dimension_step
0,False,0.9689808250910555,0.9689808250910555,-1.8873803898042156,-0.26758907559265915,0.05,0.025,0,1-2
1,False,0.2271637387908914,0.4543274775817828,0.751177961153147,0.1065005323338133,0.05,0.025,1,2-3
