,reject,pvals,pvals_corrected,tstats,effectsize,alpha,alpha_corrected,step,dimension_step
0,False,0.9999999990047118,0.9999999990047118,-6.606525964975787,-0.936660243688425,0.05,0.025,0,1-2
1,False,0.46644348584572315,0.9328869716914463,0.08442758215348674,0.011969976367783675,0.05,0.025,1,2-3
