{
  "data": {
    "name": "normal-1-20",
    "n_dimension": 1,
    "distance": "euclidean",
    "subject": null,
    "n_objects": 20,
    "n_train_triplets": 239,
    "n_test_triplets": 10000,
    "frac_train_ndlogn": 3.9890079983092424,
    "frac_train_triplets": 0.06988304093567252,
    "max_train_score": 0.7907949790794979,
    "max_test_score": 0.7886,
    "noise_sd": 1.0,
    "distance_sd": 1.0248267709864243,
    "distance_mean": 1.380263851616334,
    "difference_sd": 0.9475603832857058,
    "difference_mean": -0.09161872172794353
  },
  "n_repeats": 10,
  "n_splits": 10,
  "embedding_method": "soe",
  "embedding_dimension": [
    1,
    2,
    3
  ],
  "random_state": 2661176121,
  "alpha": 0.05
}