,reject,pvals,pvals_corrected,tstats,effectsize,alpha,alpha_corrected,step,dimension_step
0,False,0.9612373978774796,1.0,-1.7837690741453498,-0.2528992672594428,0.05,0.025,0,1-2
1,False,0.9998258496468396,1.0,-3.7049877009981667,-0.5252858614765589,0.05,0.025,1,2-3
