,reject,pvals,pvals_corrected,tstats,effectsize,alpha,alpha_corrected,step,dimension_step
0,False,0.9811537586393924,1.0,-2.1064651558817227,-0.2986504823699095,0.05,0.025,0,1-2
1,False,0.5730020088228129,1.0,-0.18450339871491347,-0.02615852860002903,0.05,0.025,1,2-3
