,reject,pvals,pvals_corrected,tstats,effectsize,alpha,alpha_corrected,step,dimension_step
0,False,0.34989090577353055,0.6997818115470611,0.38673582680110924,0.05483064407753359,0.05,0.025,0,1-2
1,False,0.9999998959766643,0.9999998959766643,-5.582044243223201,-0.7914112422861228,0.05,0.025,1,2-3
