,reject,pvals,pvals_corrected,tstats,effectsize,alpha,alpha_corrected,step,dimension_step
0,False,0.9999994994540483,1.0,-5.216906246706532,-0.7396426960622287,0.05,0.025,0,1-2
1,False,0.9996439598714801,1.0,-3.4944655114515513,-0.4954384399409536,0.05,0.025,1,2-3
