,reject,pvals,pvals_corrected,tstats,effectsize,alpha,alpha_corrected,step,dimension_step
0,False,0.999959000056375,1.0,-4.108957532456534,-0.5825599088022706,0.05,0.025,0,1-2
1,False,0.5566185560061946,1.0,-0.14276887647566894,-0.020241490208282687,0.05,0.025,1,2-3
