,reject,pvals,pvals_corrected,tstats,effectsize,alpha,alpha_corrected,step,dimension_step
0,False,0.9999999999449196,0.9999999999449196,-7.2155169690108,-1.0230017891947227,0.05,0.025,0,1-2
1,True,0.012574478720380785,0.02514895744076157,2.2736124597266527,0.32234829801178433,0.05,0.025,1,2-3
