,reject,pvals,pvals_corrected,tstats,effectsize,alpha,alpha_corrected,step,dimension_step
0,False,0.9999145657062444,1.0,-3.907203692452453,-0.5539556466007535,0.05,0.025,0,1-2
1,False,0.521348679331751,1.0,-0.05367452710982427,-0.0076098687735549125,0.05,0.025,1,2-3
