{
  "data": {
    "name": "normal-1-20",
    "n_dimension": 1,
    "distance": "euclidean",
    "subject": null,
    "n_objects": 20,
    "n_train_triplets": 239,
    "n_test_triplets": 10000,
    "frac_train_ndlogn": 3.9890079983092424,
    "frac_train_triplets": 0.06988304093567252,
    "max_train_score": 0.8577405857740585,
    "max_test_score": 0.867,
    "noise_sd": 0.5,
    "distance_sd": 1.0151968949179875,
    "distance_mean": 1.2376873488774713,
    "difference_sd": 0.8894361384054481,
    "difference_mean": -0.15766850716555966
  },
  "n_repeats": 10,
  "n_splits": 10,
  "embedding_method": "soe",
  "embedding_dimension": [
    1,
    2,
    3
  ],
  "random_state": 3339240814,
  "alpha": 0.05
}