,reject,pvals,pvals_corrected,tstats,effectsize,alpha,alpha_corrected,step,dimension_step
0,False,0.9999483582243103,1.0,-4.046221733649327,-0.5736653507682492,0.05,0.025,0,1-2
1,False,0.8857340949532088,1.0,-1.2116464905191284,-0.17178485380826491,0.05,0.025,1,2-3
