{
  "data": {
    "name": "normal-1-20",
    "n_dimension": 1,
    "distance": "euclidean",
    "subject": null,
    "n_objects": 20,
    "n_train_triplets": 239,
    "n_test_triplets": 10000,
    "frac_train_ndlogn": 3.9890079983092424,
    "frac_train_triplets": 0.06988304093567252,
    "max_train_score": 0.7447698744769874,
    "max_test_score": 0.7662,
    "noise_sd": 1.0,
    "distance_sd": 1.0088965737125308,
    "distance_mean": 1.1355939558349184,
    "difference_sd": 0.8877604602193795,
    "difference_mean": -0.13960005244316567
  },
  "n_repeats": 10,
  "n_splits": 10,
  "embedding_method": "soe",
  "embedding_dimension": [
    1,
    2,
    3
  ],
  "random_state": 339234943,
  "alpha": 0.05
}