{
  "data": {
    "name": "normal-1-20",
    "n_dimension": 1,
    "distance": "euclidean",
    "subject": null,
    "n_objects": 20,
    "n_train_triplets": 239,
    "n_test_triplets": 10000,
    "frac_train_ndlogn": 3.9890079983092424,
    "frac_train_triplets": 0.06988304093567252,
    "max_train_score": 0.899581589958159,
    "max_test_score": 0.8942,
    "noise_sd": 0.5,
    "distance_sd": 1.0262436153629204,
    "distance_mean": 1.4001225672740214,
    "difference_sd": 0.9469357003361959,
    "difference_mean": -0.13073905342718306
  },
  "n_repeats": 10,
  "n_splits": 10,
  "embedding_method": "soe",
  "embedding_dimension": [
    1,
    2,
    3
  ],
  "random_state": 1802463890,
  "alpha": 0.05
}