,reject,pvals,pvals_corrected,tstats,effectsize,alpha,alpha_corrected,step,dimension_step
0,False,0.9958153205060938,1.0,-2.69075973118548,-0.38149061683562613,0.05,0.025,0,1-2
1,False,0.8724398068964883,1.0,-1.1446345578000285,-0.16228403392751925,0.05,0.025,1,2-3
