{
  "data": {
    "name": "normal-1-20",
    "n_dimension": 1,
    "distance": "euclidean",
    "subject": null,
    "n_objects": 20,
    "n_train_triplets": 239,
    "n_test_triplets": 10000,
    "frac_train_ndlogn": 3.9890079983092424,
    "frac_train_triplets": 0.06988304093567252,
    "max_train_score": 0.8661087866108786,
    "max_test_score": 0.882,
    "noise_sd": 0.5,
    "distance_sd": 1.0219743224500142,
    "distance_mean": 1.3394770618402354,
    "difference_sd": 0.9194345570649327,
    "difference_mean": -0.14644383748580272
  },
  "n_repeats": 10,
  "n_splits": 10,
  "embedding_method": "soe",
  "embedding_dimension": [
    1,
    2,
    3
  ],
  "random_state": 1038761818,
  "alpha": 0.05
}