,reject,pvals,pvals_corrected,tstats,effectsize,alpha,alpha_corrected,step,dimension_step
0,False,0.9953573148656766,0.9953573148656766,-2.653341585385565,-0.37618554579691027,0.05,0.025,0,1-2
1,False,0.09708830545130796,0.19417661090261593,1.3071886523209082,0.18533063339502567,0.05,0.025,1,2-3
