,reject,pvals,pvals_corrected,tstats,effectsize,alpha,alpha_corrected,step,dimension_step
0,False,0.9939878333932329,1.0,-2.5585913078113256,-0.36275203799678485,0.05,0.025,0,1-2
1,False,0.533927250049421,1.0,-0.08536262613969132,-0.01210254506313444,0.05,0.025,1,2-3
