,reject,pvals,pvals_corrected,tstats,effectsize,alpha,alpha_corrected,step,dimension_step
0,False,0.999825869684653,1.0,-3.705020942884959,-0.5252905744458182,0.05,0.025,0,1-2
1,False,0.9981069080903545,1.0,-2.965586886588856,-0.42045506981999675,0.05,0.025,1,2-3
