,reject,pvals,pvals_corrected,tstats,effectsize,alpha,alpha_corrected,step,dimension_step
0,False,0.6438158558487619,0.6438158558487619,-0.3697368758232709,-0.05242056627722512,0.05,0.025,0,1-2
1,False,0.08968389400459655,0.1793677880091931,1.3522766836880222,0.1917231257081785,0.05,0.025,1,2-3
