,reject,pvals,pvals_corrected,tstats,effectsize,alpha,alpha_corrected,step,dimension_step
0,False,0.9999763951952209,1.0,-4.256731445098867,-0.6035110031838193,0.05,0.025,0,1-2
1,False,0.813406228551755,1.0,-0.8945684680411111,-0.12683015607801962,0.05,0.025,1,2-3
