{
  "data": {
    "name": "normal-1-20",
    "n_dimension": 1,
    "distance": "euclidean",
    "subject": null,
    "n_objects": 20,
    "n_train_triplets": 239,
    "n_test_triplets": 10000,
    "frac_train_ndlogn": 3.9890079983092424,
    "frac_train_triplets": 0.06988304093567252,
    "max_train_score": 0.8702928870292888,
    "max_test_score": 0.8932,
    "noise_sd": 0.5,
    "distance_sd": 1.0271854250603907,
    "distance_mean": 1.4131836581539658,
    "difference_sd": 0.9973505976196276,
    "difference_mean": -0.09997344842331246
  },
  "n_repeats": 10,
  "n_splits": 10,
  "embedding_method": "soe",
  "embedding_dimension": [
    1,
    2,
    3
  ],
  "random_state": 2547364620,
  "alpha": 0.05
}