{
  "data": {
    "name": "normal-1-20",
    "n_dimension": 1,
    "distance": "euclidean",
    "subject": null,
    "n_objects": 20,
    "n_train_triplets": 119,
    "n_test_triplets": 10000,
    "frac_train_ndlogn": 1.9861587941372378,
    "frac_train_triplets": 0.0347953216374269,
    "max_train_score": 0.8739495798319328,
    "max_test_score": 0.8021,
    "noise_sd": 1.0,
    "distance_sd": 1.0285615744667576,
    "distance_mean": 1.4320751854987088,
    "difference_sd": 1.0565596912728223,
    "difference_mean": -0.0902708038577422
  },
  "n_repeats": 10,
  "n_splits": 10,
  "embedding_method": "soe",
  "embedding_dimension": [
    1,
    2,
    3
  ],
  "random_state": 2689705263,
  "alpha": 0.05
}