,reject,pvals,pvals_corrected,tstats,effectsize,alpha,alpha_corrected,step,dimension_step
0,False,0.828134067418647,0.828134067418647,-0.9513732330586494,-0.13488382381898734,0.05,0.025,0,1-2
1,True,0.00381644269761103,0.00763288539522206,2.7236463322659135,0.38615321438619754,0.05,0.025,1,2-3
