{
  "data": {
    "name": "normal-1-20",
    "n_dimension": 1,
    "distance": "euclidean",
    "subject": null,
    "n_objects": 20,
    "n_train_triplets": 119,
    "n_test_triplets": 10000,
    "frac_train_ndlogn": 1.9861587941372378,
    "frac_train_triplets": 0.0347953216374269,
    "max_train_score": 0.6386554621848739,
    "max_test_score": 0.6778,
    "noise_sd": 2.0,
    "distance_sd": 1.0243189123495458,
    "distance_mean": 1.3730824628339582,
    "difference_sd": 0.9821951142969446,
    "difference_mean": -0.05481679314691834
  },
  "n_repeats": 10,
  "n_splits": 10,
  "embedding_method": "soe",
  "embedding_dimension": [
    1,
    2,
    3
  ],
  "random_state": 3481048178,
  "alpha": 0.05
}