,reject,pvals,pvals_corrected,tstats,effectsize,alpha,alpha_corrected,step,dimension_step
0,False,0.9849707726457873,1.0,-2.201017370281157,-0.3120559091630787,0.05,0.025,0,1-2
1,False,0.5349833430383987,1.0,-0.08802664564259045,-0.012480244503052611,0.05,0.025,1,2-3
