,reject,pvals,pvals_corrected,tstats,effectsize,alpha,alpha_corrected,step,dimension_step
0,False,0.9999965934279156,0.9999965934279156,-4.752606930359417,-0.6738152531520497,0.05,0.025,0,1-2
1,False,0.13055619605401325,0.2611123921080265,1.1302246699107623,0.16024102839428775,0.05,0.025,1,2-3
