,reject,pvals,pvals_corrected,tstats,effectsize,alpha,alpha_corrected,step,dimension_step
0,False,0.9999999769125176,1.0,-5.921706641711843,-0.8395679083806505,0.05,0.025,0,1-2
1,False,0.9975113414950301,1.0,-2.872866265644107,-0.4073093227405982,0.05,0.025,1,2-3
