,reject,pvals,pvals_corrected,tstats,effectsize,alpha,alpha_corrected,step,dimension_step
0,False,0.20507117664703928,0.41014235329407855,0.8271481915105682,0.11727144201567796,0.05,0.025,0,1-2
1,False,0.8292900956527123,0.8292900956527123,-0.9559623675061981,-0.13553446226538837,0.05,0.025,1,2-3
