,reject,pvals,pvals_corrected,tstats,effectsize,alpha,alpha_corrected,step,dimension_step
0,False,0.04538278560158599,0.09076557120317198,1.7080252786255221,0.24216046106302333,0.05,0.025,0,1-2
1,False,0.9982641098057566,0.9982641098057566,-2.9945600259373037,-0.4245628244714439,0.05,0.025,1,2-3
