,reject,pvals,pvals_corrected,tstats,effectsize,alpha,alpha_corrected,step,dimension_step
0,False,0.41386262652415906,0.8277252530483181,0.21819636648581803,0.0309354512323156,0.05,0.025,0,1-2
1,False,0.9929447373461283,0.9929447373461283,-2.498716390897074,-0.3542630901647404,0.05,0.025,1,2-3
