,reject,pvals,pvals_corrected,tstats,effectsize,alpha,alpha_corrected,step,dimension_step
0,False,0.9999886199717125,1.0,-4.4473979912572625,-0.6305433306937298,0.05,0.025,0,1-2
1,False,0.997864348481985,1.0,-2.924968658552551,-0.4146962974224653,0.05,0.025,1,2-3
