,reject,pvals,pvals_corrected,tstats,effectsize,alpha,alpha_corrected,step,dimension_step
0,False,0.9786717273266372,1.0,-2.0535424564005407,-0.29114720623726587,0.05,0.025,0,1-2
1,False,0.6266603831406623,1.0,-0.3239235716797893,-0.045925246217832505,0.05,0.025,1,2-3
