,reject,pvals,pvals_corrected,tstats,effectsize,alpha,alpha_corrected,step,dimension_step
0,False,0.9995211747113377,1.0,-3.404761317399874,-0.4827203559273951,0.05,0.025,0,1-2
1,False,0.9999770138463089,1.0,-4.263760871955599,-0.6045076214832888,0.05,0.025,1,2-3
