,reject,pvals,pvals_corrected,tstats,effectsize,alpha,alpha_corrected,step,dimension_step
0,False,0.7861352185090749,1.0,-0.7963579368790491,-0.11290606033712536,0.05,0.025,0,1-2
1,False,0.9999997018700062,1.0,-5.338679782265165,-0.7569075081731378,0.05,0.025,1,2-3
