,reject,pvals,pvals_corrected,tstats,effectsize,alpha,alpha_corrected,step,dimension_step
0,False,0.9999996317738006,1.0,-5.289223162004371,-0.749895645927978,0.05,0.025,0,1-2
1,False,0.9919454987474164,1.0,-2.4483860968786657,-0.3471273601744072,0.05,0.025,1,2-3
