,reject,pvals,pvals_corrected,tstats,effectsize,alpha,alpha_corrected,step,dimension_step
0,False,0.9880954903085665,1.0,-2.2955846650064364,-0.32546347401515446,0.05,0.025,0,1-2
1,False,0.5138702966182129,1.0,-0.0348627163692781,-0.004942767285439429,0.05,0.025,1,2-3
