{
  "data": {
    "name": "normal-1-20",
    "n_dimension": 1,
    "distance": "euclidean",
    "subject": null,
    "n_objects": 20,
    "n_train_triplets": 119,
    "n_test_triplets": 10000,
    "frac_train_ndlogn": 1.9861587941372378,
    "frac_train_triplets": 0.0347953216374269,
    "max_train_score": 0.8235294117647058,
    "max_test_score": 0.804,
    "noise_sd": 1.0,
    "distance_sd": 1.0264850739612852,
    "distance_mean": 1.403481576024706,
    "difference_sd": 1.0322182850379942,
    "difference_mean": -0.05376037942556948
  },
  "n_repeats": 10,
  "n_splits": 10,
  "embedding_method": "soe",
  "embedding_dimension": [
    1,
    2,
    3
  ],
  "random_state": 2117219584,
  "alpha": 0.05
}