,reject,pvals,pvals_corrected,tstats,effectsize,alpha,alpha_corrected,step,dimension_step
0,False,0.9999999969821126,1.0,-6.368156045552819,-0.9028646258405013,0.05,0.025,0,1-2
1,False,0.961538669930869,1.0,-1.7874628484076318,-0.25342296330165637,0.05,0.025,1,2-3
