{
  "data": {
    "name": "normal-1-20",
    "n_dimension": 1,
    "distance": "euclidean",
    "subject": null,
    "n_objects": 20,
    "n_train_triplets": 239,
    "n_test_triplets": 10000,
    "frac_train_ndlogn": 3.9890079983092424,
    "frac_train_triplets": 0.06988304093567252,
    "max_train_score": 0.7866108786610879,
    "max_test_score": 0.7832,
    "noise_sd": 1.0,
    "distance_sd": 1.0193454206626444,
    "distance_mean": 1.3008599639823524,
    "difference_sd": 0.9525524291318774,
    "difference_mean": -0.18681676824146687
  },
  "n_repeats": 10,
  "n_splits": 10,
  "embedding_method": "soe",
  "embedding_dimension": [
    1,
    2,
    3
  ],
  "random_state": 2469795256,
  "alpha": 0.05
}