,reject,pvals,pvals_corrected,tstats,effectsize,alpha,alpha_corrected,step,dimension_step
0,False,0.9984976437018677,0.9984976437018677,-3.042427552689335,-0.43134938816770635,0.05,0.025,0,1-2
1,False,0.48366078239213617,0.9673215647842723,0.04107155957005789,0.005823044849819959,0.05,0.025,1,2-3
