,reject,pvals,pvals_corrected,tstats,effectsize,alpha,alpha_corrected,step,dimension_step
0,False,0.9999926361691518,1.0,-4.558888479459275,-0.6463502325967666,0.05,0.025,0,1-2
1,False,0.9982989986408913,1.0,-3.00131789432112,-0.4255209417452966,0.05,0.025,1,2-3
