,reject,pvals,pvals_corrected,tstats,effectsize,alpha,alpha_corrected,step,dimension_step
0,False,0.9998995971219468,1.0,-3.8619582039858074,-0.5475408303300472,0.05,0.025,0,1-2
1,False,0.9184844193914989,1.0,-1.4054054542586842,-0.1992556181941541,0.05,0.025,1,2-3
