,reject,pvals,pvals_corrected,tstats,effectsize,alpha,alpha_corrected,step,dimension_step
0,False,0.9999954024504178,1.0,-4.67780310149455,-0.6632097135772649,0.05,0.025,0,1-2
1,False,0.7095381612628597,1.0,-0.5538597503007554,-0.07852514490008776,0.05,0.025,1,2-3
