,reject,pvals,pvals_corrected,tstats,effectsize,alpha,alpha_corrected,step,dimension_step
0,False,0.9909035320004421,1.0,-2.4015241570804244,-0.3404833666165473,0.05,0.025,0,1-2
1,False,0.9999984943563762,1.0,-4.953113456348354,-0.7022426736283431,0.05,0.025,1,2-3
