{
  "data": {
    "name": "normal-1-20",
    "n_dimension": 1,
    "distance": "euclidean",
    "subject": null,
    "n_objects": 20,
    "n_train_triplets": 479,
    "n_test_triplets": 10000,
    "frac_train_ndlogn": 7.994706406653251,
    "frac_train_triplets": 0.14005847953216374,
    "max_train_score": 0.7828810020876826,
    "max_test_score": 0.774,
    "noise_sd": 1.0,
    "distance_sd": 1.0159634458077298,
    "distance_mean": 1.2495810262375162,
    "difference_sd": 0.9175545738160739,
    "difference_mean": -0.12054515674494626
  },
  "n_repeats": 10,
  "n_splits": 10,
  "embedding_method": "soe",
  "embedding_dimension": [
    1,
    2,
    3
  ],
  "random_state": 4116305555,
  "alpha": 0.05
}