,reject,pvals,pvals_corrected,tstats,effectsize,alpha,alpha_corrected,step,dimension_step
0,False,0.9999972636945557,1.0,-4.806859400752749,-0.6815070615864247,0.05,0.025,0,1-2
1,False,0.9895121723781056,1.0,-2.345886813459466,-0.3325952135826442,0.05,0.025,1,2-3
