,reject,pvals,pvals_corrected,tstats,effectsize,alpha,alpha_corrected,step,dimension_step
0,False,0.999683726595159,1.0,-3.52989822457934,-0.5004620202445449,0.05,0.025,0,1-2
1,False,0.9975556678306614,1.0,-2.879021028036548,-0.4081819328344525,0.05,0.025,1,2-3
