,reject,pvals,pvals_corrected,tstats,effectsize,alpha,alpha_corrected,step,dimension_step
0,False,0.9976966780835724,1.0,-2.8993062137384302,-0.41105792652365003,0.05,0.025,0,1-2
1,False,0.63077265671727,1.0,-0.3348393387013596,-0.04747286217403613,0.05,0.025,1,2-3
