,reject,pvals,pvals_corrected,tstats,effectsize,alpha,alpha_corrected,step,dimension_step
0,False,0.9996151281688923,1.0,-3.4710400718008207,-0.4921172272297519,0.05,0.025,0,1-2
1,False,0.8307091785537644,1.0,-0.9616234609758882,-0.13633708095136252,0.05,0.025,1,2-3
