{
  "data": {
    "name": "normal-1-20",
    "n_dimension": 1,
    "distance": "euclidean",
    "subject": null,
    "n_objects": 20,
    "n_train_triplets": 479,
    "n_test_triplets": 10000,
    "frac_train_ndlogn": 7.994706406653251,
    "frac_train_triplets": 0.14005847953216374,
    "max_train_score": 0.8308977035490606,
    "max_test_score": 0.7972,
    "noise_sd": 1.0,
    "distance_sd": 1.0273433923291286,
    "distance_mean": 1.415363723388486,
    "difference_sd": 1.0233710135702927,
    "difference_mean": -0.06828799639689272
  },
  "n_repeats": 10,
  "n_splits": 10,
  "embedding_method": "soe",
  "embedding_dimension": [
    1,
    2,
    3
  ],
  "random_state": 473485884,
  "alpha": 0.05
}