,reject,pvals,pvals_corrected,tstats,effectsize,alpha,alpha_corrected,step,dimension_step
0,False,0.9999911104025679,1.0,-4.5108541850699355,-0.6395400249132364,0.05,0.025,0,1-2
1,False,0.6520206047124939,1.0,-0.391921262184494,-0.055565824896557224,0.05,0.025,1,2-3
