,reject,pvals,pvals_corrected,tstats,effectsize,alpha,alpha_corrected,step,dimension_step
0,False,0.9999995913149429,1.0,-5.264722818843901,-0.746422035513549,0.05,0.025,0,1-2
1,False,0.9999757001901651,1.0,-4.249042895079416,-0.6024209357000905,0.05,0.025,1,2-3
