,reject,pvals,pvals_corrected,tstats,effectsize,alpha,alpha_corrected,step,dimension_step
0,False,0.9999999623009842,1.0,-5.81203849252468,-0.8240193741151255,0.05,0.025,0,1-2
1,False,0.9863756129434067,1.0,-2.2411660345158366,-0.3177481077293425,0.05,0.025,1,2-3
