,reject,pvals,pvals_corrected,tstats,effectsize,alpha,alpha_corrected,step,dimension_step
0,False,0.9999943713426017,1.0,-4.626935268604042,-0.6559977723840088,0.05,0.025,0,1-2
1,False,0.999922929626457,1.0,-3.935905419696477,-0.5580249209784203,0.05,0.025,1,2-3
