,reject,pvals,pvals_corrected,tstats,effectsize,alpha,alpha_corrected,step,dimension_step
0,False,0.999999619927341,1.0,-5.281787225387601,-0.7488413934751095,0.05,0.025,0,1-2
1,False,0.8564833738327667,1.0,-1.0704195996549815,-0.15176198328395973,0.05,0.025,1,2-3
