,reject,pvals,pvals_corrected,tstats,effectsize,alpha,alpha_corrected,step,dimension_step
0,False,0.9920370504521084,1.0,-2.452757826987844,-0.3477471754617627,0.05,0.025,0,1-2
1,False,0.998750403257318,1.0,-3.1027217075066296,-0.43989777472420444,0.05,0.025,1,2-3
