,reject,pvals,pvals_corrected,tstats,effectsize,alpha,alpha_corrected,step,dimension_step
0,False,0.026970572065015908,0.053941144130031815,1.950525813852561,0.27654170948685575,0.05,0.025,0,1-2
1,False,0.9656960111843872,0.9656960111843872,-1.8410563368968278,-0.261021342579136,0.05,0.025,1,2-3
