{
  "data": {
    "name": "normal-1-20",
    "n_dimension": 1,
    "distance": "euclidean",
    "subject": null,
    "n_objects": 20,
    "n_train_triplets": 119,
    "n_test_triplets": 10000,
    "frac_train_ndlogn": 1.9861587941372378,
    "frac_train_triplets": 0.0347953216374269,
    "max_train_score": 0.8739495798319328,
    "max_test_score": 0.8571,
    "noise_sd": 0.5,
    "distance_sd": 1.013134224408784,
    "distance_mean": 1.2051465374382377,
    "difference_sd": 0.936916700952557,
    "difference_mean": -0.1506611383368999
  },
  "n_repeats": 10,
  "n_splits": 10,
  "embedding_method": "soe",
  "embedding_dimension": [
    1,
    2,
    3
  ],
  "random_state": 2129367136,
  "alpha": 0.05
}