,reject,pvals,pvals_corrected,tstats,effectsize,alpha,alpha_corrected,step,dimension_step
0,False,0.9994068166507537,1.0,-3.3389287886961525,-0.4733867496258146,0.05,0.025,0,1-2
1,False,0.9993743185978772,1.0,-3.3223981058934755,-0.4710430619654047,0.05,0.025,1,2-3
