,reject,pvals,pvals_corrected,tstats,effectsize,alpha,alpha_corrected,step,dimension_step
0,False,0.16157086745782218,0.32314173491564435,0.9929774987407208,0.14078239469252055,0.05,0.025,0,1-2
1,False,0.9932732688025029,0.9932732688025029,-2.516664762926287,-0.3568077750123923,0.05,0.025,1,2-3
