,reject,pvals,pvals_corrected,tstats,effectsize,alpha,alpha_corrected,step,dimension_step
0,False,0.9378029136054383,1.0,-1.5497430677582538,-0.21971952084899032,0.05,0.025,0,1-2
1,False,0.5208391132194672,1.0,-0.05239218447431943,-0.007428060759504609,0.05,0.025,1,2-3
