,reject,pvals,pvals_corrected,tstats,effectsize,alpha,alpha_corrected,step,dimension_step
0,False,0.9907392122123562,0.9907392122123562,-2.3945747553332626,-0.3394980941195506,0.05,0.025,0,1-2
1,False,0.4706432590341882,0.9412865180683764,0.07384021444456655,0.01046892021954034,0.05,0.025,1,2-3
