{
  "data": {
    "name": "normal-1-20",
    "n_dimension": 1,
    "distance": "euclidean",
    "subject": null,
    "n_objects": 20,
    "n_train_triplets": 119,
    "n_test_triplets": 10000,
    "frac_train_ndlogn": 1.9861587941372378,
    "frac_train_triplets": 0.0347953216374269,
    "max_train_score": 0.8823529411764706,
    "max_test_score": 0.8869,
    "noise_sd": 0.5,
    "distance_sd": 1.025952042116652,
    "distance_mean": 1.3960566828546923,
    "difference_sd": 0.9521689983174274,
    "difference_mean": -0.12461293413197001
  },
  "n_repeats": 10,
  "n_splits": 10,
  "embedding_method": "soe",
  "embedding_dimension": [
    1,
    2,
    3
  ],
  "random_state": 3988101932,
  "alpha": 0.05
}