,reject,pvals,pvals_corrected,tstats,effectsize,alpha,alpha_corrected,step,dimension_step
0,False,0.9999998146422442,0.9999998146422442,-5.4491705077236805,-0.7725726656828401,0.05,0.025,0,1-2
1,False,0.48542304497047234,0.9708460899409447,0.036639671890192106,0.005194700540536975,0.05,0.025,1,2-3
