{
  "data": {
    "name": "normal-1-20",
    "n_dimension": 1,
    "distance": "euclidean",
    "subject": null,
    "n_objects": 20,
    "n_train_triplets": 239,
    "n_test_triplets": 10000,
    "frac_train_ndlogn": 3.9890079983092424,
    "frac_train_triplets": 0.06988304093567252,
    "max_train_score": 0.6276150627615062,
    "max_test_score": 0.6718,
    "noise_sd": 2.0,
    "distance_sd": 1.0135552601775064,
    "distance_mean": 1.2118543820263055,
    "difference_sd": 0.8432556704873356,
    "difference_mean": -0.08852384300974321
  },
  "n_repeats": 10,
  "n_splits": 10,
  "embedding_method": "soe",
  "embedding_dimension": [
    1,
    2,
    3
  ],
  "random_state": 1752881870,
  "alpha": 0.05
}