,reject,pvals,pvals_corrected,tstats,effectsize,alpha,alpha_corrected,step,dimension_step
0,False,0.9999962506072904,1.0,-4.728755236249085,-0.6704336069228205,0.05,0.025,0,1-2
1,False,0.8259846495075827,1.0,-0.9428934731283504,-0.1336815801519162,0.05,0.025,1,2-3
