,reject,pvals,pvals_corrected,tstats,effectsize,alpha,alpha_corrected,step,dimension_step
0,False,0.9999435874110887,0.9999435874110887,-4.022039094951805,-0.5702367838670468,0.05,0.025,0,1-2
1,False,0.25773803748898666,0.5154760749779733,0.6526788473329815,0.09253552191184515,0.05,0.025,1,2-3
