,reject,pvals,pvals_corrected,tstats,effectsize,alpha,alpha_corrected,step,dimension_step
0,False,0.7295739059009111,1.0,-0.6136528573603521,-0.08700249389201521,0.05,0.025,0,1-2
1,False,0.9999922323759584,1.0,-4.54530038859471,-0.6444237398276567,0.05,0.025,1,2-3
