,reject,pvals,pvals_corrected,tstats,effectsize,alpha,alpha_corrected,step,dimension_step
0,False,0.5860385440324012,1.0,-0.21794197590541065,-0.030899384236696477,0.05,0.025,0,1-2
1,False,0.9149669544863446,1.0,-1.3820522860354703,-0.19594465198365008,0.05,0.025,1,2-3
