,reject,pvals,pvals_corrected,tstats,effectsize,alpha,alpha_corrected,step,dimension_step
0,False,0.9997747065255486,1.0,-3.6301097967206752,-0.5146698196356198,0.05,0.025,0,1-2
1,False,0.9761472931147579,1.0,-2.004887507430867,-0.28424900336934616,0.05,0.025,1,2-3
