,reject,pvals,pvals_corrected,tstats,effectsize,alpha,alpha_corrected,step,dimension_step
0,False,0.999999821242384,0.999999821242384,-5.457555302824326,-0.7737614454233398,0.05,0.025,0,1-2
1,False,0.37110518012432164,0.7422103602486433,0.32984982536853674,0.04676545879758915,0.05,0.025,1,2-3
