,reject,pvals,pvals_corrected,tstats,effectsize,alpha,alpha_corrected,step,dimension_step
0,False,0.9438440639032832,0.9438440639032832,-1.6021348343497457,-0.22714752236189042,0.05,0.025,0,1-2
1,False,0.36906739690947404,0.7381347938189481,0.3352647119940492,0.04753317076195382,0.05,0.025,1,2-3
