,reject,pvals,pvals_corrected,tstats,effectsize,alpha,alpha_corrected,step,dimension_step
0,False,0.9999922878581099,0.9999922878581099,-4.547126348107548,-0.6446826207722448,0.05,0.025,0,1-2
1,False,0.2834155458732335,0.566831091746467,0.5746507371439878,0.08147285007923123,0.05,0.025,1,2-3
