,reject,pvals,pvals_corrected,tstats,effectsize,alpha,alpha_corrected,step,dimension_step
0,False,0.9962368731490119,1.0,-2.7286451274759607,-0.38686193372892225,0.05,0.025,0,1-2
1,False,0.77400492859963,1.0,-0.7550857789055828,-0.10705457504062948,0.05,0.025,1,2-3
