,reject,pvals,pvals_corrected,tstats,effectsize,alpha,alpha_corrected,step,dimension_step
0,False,0.9984853285243352,1.0,-3.0397366569818924,-0.43096787827242466,0.05,0.025,0,1-2
1,False,0.9307507575273775,1.0,-1.4934548623121142,-0.2117390899069985,0.05,0.025,1,2-3
