,reject,pvals,pvals_corrected,tstats,effectsize,alpha,alpha_corrected,step,dimension_step
0,False,0.9826068730173644,1.0,-2.140311907188853,-0.3034492081291769,0.05,0.025,0,1-2
1,False,0.9777712483185937,1.0,-2.035647257074692,-0.2886100601108049,0.05,0.025,1,2-3
