{
  "data": {
    "name": "normal-1-20",
    "n_dimension": 1,
    "distance": "euclidean",
    "subject": null,
    "n_objects": 20,
    "n_train_triplets": 119,
    "n_test_triplets": 10000,
    "frac_train_ndlogn": 1.9861587941372378,
    "frac_train_triplets": 0.0347953216374269,
    "max_train_score": 0.7478991596638656,
    "max_test_score": 0.7929,
    "noise_sd": 1.0,
    "distance_sd": 1.021601584733212,
    "distance_mean": 1.3340637768333232,
    "difference_sd": 0.979582807116107,
    "difference_mean": -0.13643984804976747
  },
  "n_repeats": 10,
  "n_splits": 10,
  "embedding_method": "soe",
  "embedding_dimension": [
    1,
    2,
    3
  ],
  "random_state": 98587746,
  "alpha": 0.05
}