,reject,pvals,pvals_corrected,tstats,effectsize,alpha,alpha_corrected,step,dimension_step
0,False,0.9930914942389345,1.0,-2.5066393771589275,-0.35538639555733403,0.05,0.025,0,1-2
1,False,0.914559778633083,1.0,-1.3793967973388126,-0.19556816202464447,0.05,0.025,1,2-3
