,reject,pvals,pvals_corrected,tstats,effectsize,alpha,alpha_corrected,step,dimension_step
0,False,0.9891004166925921,1.0,-2.3306770600920115,-0.3304388046967748,0.05,0.025,0,1-2
1,False,0.701259675105461,1.0,-0.5297364857563897,-0.07510499594941777,0.05,0.025,1,2-3
