,reject,pvals,pvals_corrected,tstats,effectsize,alpha,alpha_corrected,step,dimension_step
0,False,0.9996475045630056,0.9996475045630056,-3.497468105840988,-0.4958641418616631,0.05,0.025,0,1-2
1,False,0.31660680175383465,0.6332136035076693,0.4786915668450913,0.06786794784879961,0.05,0.025,1,2-3
