,reject,pvals,pvals_corrected,tstats,effectsize,alpha,alpha_corrected,step,dimension_step
0,False,0.06007483174901692,0.12014966349803384,1.5676674263698462,0.2222608011215722,0.05,0.025,0,1-2
1,False,0.4583092083058873,0.4583092083058873,0.10496188672147189,0.01488128963932575,0.05,0.025,1,2-3
