,reject,pvals,pvals_corrected,tstats,effectsize,alpha,alpha_corrected,step,dimension_step
0,False,0.8853653710735554,1.0,-1.2097143930308962,-0.17151092483050087,0.05,0.025,0,1-2
1,False,0.9999999970475366,1.0,-6.372897117971471,-0.9035368057532939,0.05,0.025,1,2-3
