,reject,pvals,pvals_corrected,tstats,effectsize,alpha,alpha_corrected,step,dimension_step
0,False,0.9999999999961577,1.0,-7.763344093317316,-1.1006716402590182,0.05,0.025,0,1-2
1,False,0.9992363281991298,1.0,-3.2601353582011994,-0.46221557218706516,0.05,0.025,1,2-3
