,reject,pvals,pvals_corrected,tstats,effectsize,alpha,alpha_corrected,step,dimension_step
0,False,0.07251577786244891,0.14503155572489781,1.4688956949460261,0.20825713951251623,0.05,0.025,0,1-2
1,False,0.43564676726917584,0.43564676726917584,0.16243609680762272,0.023029869984047224,0.05,0.025,1,2-3
