,reject,pvals,pvals_corrected,tstats,effectsize,alpha,alpha_corrected,step,dimension_step
0,False,0.9999984612999526,1.0,-4.9478376343154435,-0.7014946779681126,0.05,0.025,0,1-2
1,False,0.9629302666837952,1.0,-1.8048421210382322,-0.25588696235707603,0.05,0.025,1,2-3
