,reject,pvals,pvals_corrected,tstats,effectsize,alpha,alpha_corrected,step,dimension_step
0,False,0.37023193863054615,0.7404638772610923,0.33216903673487175,0.047094272018799926,0.05,0.025,0,1-2
1,False,0.989443714339842,0.989443714339842,-2.3433218735578394,-0.33223156145351607,0.05,0.025,1,2-3
