,reject,pvals,pvals_corrected,tstats,effectsize,alpha,alpha_corrected,step,dimension_step
0,False,0.9999999710474892,1.0,-5.871188889863417,-0.8324056009882642,0.05,0.025,0,1-2
1,False,0.7589736742231945,1.0,-0.7056666595323705,-0.10004802959747537,0.05,0.025,1,2-3
