,reject,pvals,pvals_corrected,tstats,effectsize,alpha,alpha_corrected,step,dimension_step
0,False,0.9999999366720438,1.0,-5.695028954356791,-0.8074299921744148,0.05,0.025,0,1-2
1,False,0.9999923646081657,1.0,-4.549673317681405,-0.6450437251036837,0.05,0.025,1,2-3
