{
  "data": {
    "name": "normal-1-20",
    "n_dimension": 1,
    "distance": "euclidean",
    "subject": null,
    "n_objects": 20,
    "n_train_triplets": 479,
    "n_test_triplets": 10000,
    "frac_train_ndlogn": 7.994706406653251,
    "frac_train_triplets": 0.14005847953216374,
    "max_train_score": 0.7849686847599165,
    "max_test_score": 0.7896,
    "noise_sd": 1.0,
    "distance_sd": 1.019143092553437,
    "distance_mean": 1.297844450960239,
    "difference_sd": 0.9189239256107131,
    "difference_mean": -0.10130167728924346
  },
  "n_repeats": 10,
  "n_splits": 10,
  "embedding_method": "soe",
  "embedding_dimension": [
    1,
    2,
    3
  ],
  "random_state": 1690672684,
  "alpha": 0.05
}