,reject,pvals,pvals_corrected,tstats,effectsize,alpha,alpha_corrected,step,dimension_step
0,False,0.9326818005037709,1.0,-1.5084021687036862,-0.2138582895773606,0.05,0.025,0,1-2
1,False,0.5330306240283427,1.0,-0.0831013467617964,-0.011781945325182083,0.05,0.025,1,2-3
