,reject,pvals,pvals_corrected,tstats,effectsize,alpha,alpha_corrected,step,dimension_step
0,False,0.9998830420795052,1.0,-3.818872284929857,-0.541432193558401,0.05,0.025,0,1-2
1,False,0.9984794901484,1.0,-3.038468029438722,-0.43078801475716183,0.05,0.025,1,2-3
