,reject,pvals,pvals_corrected,tstats,effectsize,alpha,alpha_corrected,step,dimension_step
0,False,0.9999956287214125,1.0,-4.690441499051177,-0.6650015606990322,0.05,0.025,0,1-2
1,False,0.9998005491049518,1.0,-3.6656642249484537,-0.519710656466442,0.05,0.025,1,2-3
