,reject,pvals,pvals_corrected,tstats,effectsize,alpha,alpha_corrected,step,dimension_step
0,False,0.9984926847385432,1.0,-3.04134155966197,-0.43119541821450424,0.05,0.025,0,1-2
1,False,0.8599473317028792,1.0,-1.0860248290772838,-0.15397446198623047,0.05,0.025,1,2-3
