,reject,pvals,pvals_corrected,tstats,effectsize,alpha,alpha_corrected,step,dimension_step
0,False,0.9463721127569934,1.0,-1.6254045493038436,-0.2304466567322108,0.05,0.025,0,1-2
1,False,0.9199012697869658,1.0,-1.4150302470352685,-0.20062020236371,0.05,0.025,1,2-3
