,reject,pvals,pvals_corrected,tstats,effectsize,alpha,alpha_corrected,step,dimension_step
0,False,0.9998637781471473,0.9998637781471473,-3.7755168345913206,-0.5352853431721915,0.05,0.025,0,1-2
1,False,0.47441092110899946,0.9488218422179989,0.06434931599367333,0.009123319323855626,0.05,0.025,1,2-3
