,reject,pvals,pvals_corrected,tstats,effectsize,alpha,alpha_corrected,step,dimension_step
0,False,0.5914885129278664,1.0,-0.23199216258339125,-0.032891392040409605,0.05,0.025,0,1-2
1,False,0.9999996384662208,1.0,-5.293528037702991,-0.7505059827286347,0.05,0.025,1,2-3
