,reject,pvals,pvals_corrected,tstats,effectsize,alpha,alpha_corrected,step,dimension_step
0,False,0.8159652414548337,1.0,-0.9042282406849327,-0.12819969962428038,0.05,0.025,0,1-2
1,False,0.9587124702434239,1.0,-1.7537099307183182,-0.24863754108797348,0.05,0.025,1,2-3
