{
  "data": {
    "name": "normal-1-20",
    "n_dimension": 1,
    "distance": "euclidean",
    "subject": null,
    "n_objects": 20,
    "n_train_triplets": 119,
    "n_test_triplets": 10000,
    "frac_train_ndlogn": 1.9861587941372378,
    "frac_train_triplets": 0.0347953216374269,
    "max_train_score": 0.8235294117647058,
    "max_test_score": 0.7632,
    "noise_sd": 1.0,
    "distance_sd": 1.0119367640768644,
    "distance_mean": 1.1858770068252271,
    "difference_sd": 0.9441954597398449,
    "difference_mean": -0.12764467236247326
  },
  "n_repeats": 10,
  "n_splits": 10,
  "embedding_method": "soe",
  "embedding_dimension": [
    1,
    2,
    3
  ],
  "random_state": 1944573875,
  "alpha": 0.05
}