,reject,pvals,pvals_corrected,tstats,effectsize,alpha,alpha_corrected,step,dimension_step
0,False,0.9999695675304926,1.0,-4.189127832674899,-0.5939262961194788,0.05,0.025,0,1-2
1,False,0.511678109438378,1.0,-0.029350948574176274,-0.004161319699600263,0.05,0.025,1,2-3
