,reject,pvals,pvals_corrected,tstats,effectsize,alpha,alpha_corrected,step,dimension_step
0,False,0.9496822259467654,1.0,-1.6572461296815255,-0.23496109330509324,0.05,0.025,0,1-2
1,False,0.9999999258857588,1.0,-5.65933473288031,-0.8023693357320312,0.05,0.025,1,2-3
