,reject,pvals,pvals_corrected,tstats,effectsize,alpha,alpha_corrected,step,dimension_step
0,False,0.8510976453071615,1.0,-1.0466609354330698,-0.14839352664914368,0.05,0.025,0,1-2
1,False,0.9408001354852263,1.0,-1.575204000546217,-0.22332932176949508,0.05,0.025,1,2-3
