{
  "data": {
    "name": "normal-1-20",
    "n_dimension": 1,
    "distance": "euclidean",
    "subject": null,
    "n_objects": 20,
    "n_train_triplets": 119,
    "n_test_triplets": 10000,
    "frac_train_ndlogn": 1.9861587941372378,
    "frac_train_triplets": 0.0347953216374269,
    "max_train_score": 0.8319327731092437,
    "max_test_score": 0.7891,
    "noise_sd": 1.0,
    "distance_sd": 1.0236676258747441,
    "distance_mean": 1.363822846639793,
    "difference_sd": 0.9420733627015142,
    "difference_mean": -0.13973214910020706
  },
  "n_repeats": 10,
  "n_splits": 10,
  "embedding_method": "soe",
  "embedding_dimension": [
    1,
    2,
    3
  ],
  "random_state": 1409703562,
  "alpha": 0.05
}