,reject,pvals,pvals_corrected,tstats,effectsize,alpha,alpha_corrected,step,dimension_step
0,False,0.9152349497439063,1.0,-1.3838053611612435,-0.1961931995233428,0.05,0.025,0,1-2
1,False,0.6196437123676055,1.0,-0.30538701897815157,-0.043297170272516367,0.05,0.025,1,2-3
