,reject,pvals,pvals_corrected,tstats,effectsize,alpha,alpha_corrected,step,dimension_step
0,False,0.9999848583618759,1.0,-4.373353162213514,-0.6200454006191841,0.05,0.025,0,1-2
1,False,0.9998128545328459,1.0,-3.68415896226869,-0.5223328039093136,0.05,0.025,1,2-3
