,reject,pvals,pvals_corrected,tstats,effectsize,alpha,alpha_corrected,step,dimension_step
0,False,0.9943919337740439,0.9943919337740439,-2.584330988870125,-0.36640135929829976,0.05,0.025,0,1-2
1,False,0.4500325205471012,0.9000650410942024,0.12590173363284535,0.017850099905838836,0.05,0.025,1,2-3
