,reject,pvals,pvals_corrected,tstats,effectsize,alpha,alpha_corrected,step,dimension_step
0,False,0.999989452245355,1.0,-4.466966999645353,-0.6333177861734635,0.05,0.025,0,1-2
1,False,0.985219471068436,1.0,-2.2078790018258942,-0.3130287377735869,0.05,0.025,1,2-3
