,reject,pvals,pvals_corrected,tstats,effectsize,alpha,alpha_corrected,step,dimension_step
0,False,0.9999993492033689,1.0,-5.154667643098512,-0.7308186293846175,0.05,0.025,0,1-2
1,False,0.9990928717817119,1.0,-3.20570294620466,-0.4544982519864756,0.05,0.025,1,2-3
