{
  "data": {
    "name": "normal-1-20",
    "n_dimension": 1,
    "distance": "euclidean",
    "subject": null,
    "n_objects": 20,
    "n_train_triplets": 119,
    "n_test_triplets": 10000,
    "frac_train_ndlogn": 1.9861587941372378,
    "frac_train_triplets": 0.0347953216374269,
    "max_train_score": 0.773109243697479,
    "max_test_score": 0.7845,
    "noise_sd": 1.0,
    "distance_sd": 1.0189617477835753,
    "distance_mean": 1.2951362188885827,
    "difference_sd": 0.9388744729170307,
    "difference_mean": -0.16811915005060835
  },
  "n_repeats": 10,
  "n_splits": 10,
  "embedding_method": "soe",
  "embedding_dimension": [
    1,
    2,
    3
  ],
  "random_state": 1995022210,
  "alpha": 0.05
}