,reject,pvals,pvals_corrected,tstats,effectsize,alpha,alpha_corrected,step,dimension_step
0,False,0.9980044094749944,1.0,-2.94786921281269,-0.41794309291643866,0.05,0.025,0,1-2
1,False,0.9998740828267852,1.0,-3.79792378856057,-0.538462156988775,0.05,0.025,1,2-3
