{
  "data": {
    "name": "normal-1-20",
    "n_dimension": 1,
    "distance": "euclidean",
    "subject": null,
    "n_objects": 20,
    "n_train_triplets": 239,
    "n_test_triplets": 10000,
    "frac_train_ndlogn": 3.9890079983092424,
    "frac_train_triplets": 0.06988304093567252,
    "max_train_score": 0.8786610878661087,
    "max_test_score": 0.8808,
    "noise_sd": 0.5,
    "distance_sd": 1.0242652009293474,
    "distance_mean": 1.3723209664148879,
    "difference_sd": 0.9676677330580863,
    "difference_mean": -0.07337650621141072
  },
  "n_repeats": 10,
  "n_splits": 10,
  "embedding_method": "soe",
  "embedding_dimension": [
    1,
    2,
    3
  ],
  "random_state": 417316088,
  "alpha": 0.05
}