,reject,pvals,pvals_corrected,tstats,effectsize,alpha,alpha_corrected,step,dimension_step
0,False,0.9809213258780668,1.0,-2.1012620830363318,-0.29791280094624917,0.05,0.025,0,1-2
1,False,0.9191764243844914,1.0,-1.410090147842954,-0.1999198048268125,0.05,0.025,1,2-3
