,reject,pvals,pvals_corrected,tstats,effectsize,alpha,alpha_corrected,step,dimension_step
0,False,0.9982732472308691,1.0,-2.9963177033035926,-0.42481202450773553,0.05,0.025,0,1-2
1,False,0.9988173707615483,1.0,-3.120595336877534,-0.4424318627049227,0.05,0.025,1,2-3
