,reject,pvals,pvals_corrected,tstats,effectsize,alpha,alpha_corrected,step,dimension_step
0,False,0.826772658929622,1.0,-0.9459943759670131,-0.1341212200509969,0.05,0.025,0,1-2
1,False,0.9762810212689337,1.0,-2.007351722152298,-0.28459837488074446,0.05,0.025,1,2-3
