,reject,pvals,pvals_corrected,tstats,effectsize,alpha,alpha_corrected,step,dimension_step
0,False,0.9999954352136653,1.0,-4.6795952436515895,-0.6634637999637314,0.05,0.025,0,1-2
1,False,0.8086765803642435,1.0,-0.876931551115945,-0.12432962872179373,0.05,0.025,1,2-3
