,reject,pvals,pvals_corrected,tstats,effectsize,alpha,alpha_corrected,step,dimension_step
0,False,0.7110895472016041,1.0,-0.5584163485960055,-0.07917117043487652,0.05,0.025,0,1-2
1,False,0.9951832515657144,1.0,-2.6399939754765365,-0.37429314794419183,0.05,0.025,1,2-3
