,reject,pvals,pvals_corrected,tstats,effectsize,alpha,alpha_corrected,step,dimension_step
0,False,0.3223369393021974,0.6446738786043948,0.4625893549793831,0.0655850079542143,0.05,0.025,0,1-2
1,False,0.9999797625465835,0.9999797625465835,-4.297373247215234,-0.6092731178680069,0.05,0.025,1,2-3
