,reject,pvals,pvals_corrected,tstats,effectsize,alpha,alpha_corrected,step,dimension_step
0,False,0.7640234546079221,1.0,-0.7220707670047004,-0.10237377165676355,0.05,0.025,0,1-2
1,False,0.9999663041786467,1.0,-4.161835710300023,-0.590056872744781,0.05,0.025,1,2-3
