{
  "data": {
    "name": "normal-1-20",
    "n_dimension": 1,
    "distance": "euclidean",
    "subject": null,
    "n_objects": 20,
    "n_train_triplets": 479,
    "n_test_triplets": 10000,
    "frac_train_ndlogn": 7.994706406653251,
    "frac_train_triplets": 0.14005847953216374,
    "max_train_score": 0.6764091858037579,
    "max_test_score": 0.6818,
    "noise_sd": 2.0,
    "distance_sd": 1.0227063826264144,
    "distance_mean": 1.3500513161473933,
    "difference_sd": 0.9609376201039727,
    "difference_mean": -0.06863059857964349
  },
  "n_repeats": 10,
  "n_splits": 10,
  "embedding_method": "soe",
  "embedding_dimension": [
    1,
    2,
    3
  ],
  "random_state": 411175221,
  "alpha": 0.05
}