,reject,pvals,pvals_corrected,tstats,effectsize,alpha,alpha_corrected,step,dimension_step
0,False,0.5708138233751046,0.6277301310671493,-0.1789121061937425,-0.025365806155104458,0.05,0.025,0,1-2
1,False,0.3138650655335746,0.6277301310671493,0.4864403047712123,0.0689665486554317,0.05,0.025,1,2-3
