,reject,pvals,pvals_corrected,tstats,effectsize,alpha,alpha_corrected,step,dimension_step
0,False,0.9999999844972575,1.0,-6.010146376041307,-0.8521067197843954,0.05,0.025,0,1-2
1,False,0.9032429036908853,1.0,-1.3091494853469325,-0.1856086364407603,0.05,0.025,1,2-3
