,reject,pvals,pvals_corrected,tstats,effectsize,alpha,alpha_corrected,step,dimension_step
0,False,0.9985663308930035,0.9985663308930035,-3.0578214388608163,-0.4335319030399905,0.05,0.025,0,1-2
1,False,0.15197385066320884,0.3039477013264177,1.0333718255088884,0.14650942280909593,0.05,0.025,1,2-3
