,reject,pvals,pvals_corrected,tstats,effectsize,alpha,alpha_corrected,step,dimension_step
0,False,0.9999990445985517,1.0,-5.062932509009505,-0.7178126026912955,0.05,0.025,0,1-2
1,False,0.547554078281312,1.0,-0.11979053126702341,-0.016983665666793043,0.05,0.025,1,2-3
