{
  "data": {
    "name": "normal-1-20",
    "n_dimension": 1,
    "distance": "euclidean",
    "subject": null,
    "n_objects": 20,
    "n_train_triplets": 239,
    "n_test_triplets": 10000,
    "frac_train_ndlogn": 3.9890079983092424,
    "frac_train_triplets": 0.06988304093567252,
    "max_train_score": 0.6276150627615062,
    "max_test_score": 0.6547,
    "noise_sd": 2.0,
    "distance_sd": 1.008735255520181,
    "distance_mean": 1.1328678205589235,
    "difference_sd": 0.8342436135132495,
    "difference_mean": -0.09744139601928752
  },
  "n_repeats": 10,
  "n_splits": 10,
  "embedding_method": "soe",
  "embedding_dimension": [
    1,
    2,
    3
  ],
  "random_state": 1955319789,
  "alpha": 0.05
}