{
  "data": {
    "name": "normal-1-20",
    "n_dimension": 1,
    "distance": "euclidean",
    "subject": null,
    "n_objects": 20,
    "n_train_triplets": 239,
    "n_test_triplets": 10000,
    "frac_train_ndlogn": 3.9890079983092424,
    "frac_train_triplets": 0.06988304093567252,
    "max_train_score": 0.8535564853556485,
    "max_test_score": 0.8806,
    "noise_sd": 0.5,
    "distance_sd": 1.023601485531925,
    "distance_mean": 1.3628793132482842,
    "difference_sd": 0.9835876517186399,
    "difference_mean": -0.07316622718946718
  },
  "n_repeats": 10,
  "n_splits": 10,
  "embedding_method": "soe",
  "embedding_dimension": [
    1,
    2,
    3
  ],
  "random_state": 832502466,
  "alpha": 0.05
}