,reject,pvals,pvals_corrected,tstats,effectsize,alpha,alpha_corrected,step,dimension_step
0,False,0.15533858535658301,0.31067717071316603,1.0190202299559457,0.1444746818485363,0.05,0.025,0,1-2
1,False,0.6779918407124763,0.6779918407124763,-0.46350995526875255,-0.06571552885066606,0.05,0.025,1,2-3
