,reject,pvals,pvals_corrected,tstats,effectsize,alpha,alpha_corrected,step,dimension_step
0,False,0.9999977997904043,0.9999977997904043,-4.8605212890198155,-0.689115138449738,0.05,0.025,0,1-2
1,False,0.3961693698073602,0.7923387396147205,0.2639869186509346,0.037427545561012125,0.05,0.025,1,2-3
