,reject,pvals,pvals_corrected,tstats,effectsize,alpha,alpha_corrected,step,dimension_step
0,False,0.6671650152384461,1.0,-0.4333960037878251,-0.0614460321012273,0.05,0.025,0,1-2
1,False,0.9987166426486713,1.0,-3.0940458033677967,-0.43866772211743676,0.05,0.025,1,2-3
