,reject,pvals,pvals_corrected,tstats,effectsize,alpha,alpha_corrected,step,dimension_step
0,False,0.9999995407668582,0.9999995407668582,-5.237248277972363,-0.7425267492035591,0.05,0.025,0,1-2
1,False,0.06175671152536814,0.12351342305073627,1.5534220974339077,0.2202411264327425,0.05,0.025,1,2-3
