,reject,pvals,pvals_corrected,tstats,effectsize,alpha,alpha_corrected,step,dimension_step
0,False,0.9996430043392216,1.0,-3.4936609356818997,-0.4953243687724661,0.05,0.025,0,1-2
1,False,0.9574553896952916,1.0,-1.7393055541149807,-0.2465953169340098,0.05,0.025,1,2-3
