{
  "data": {
    "name": "normal-1-20",
    "n_dimension": 1,
    "distance": "euclidean",
    "subject": null,
    "n_objects": 20,
    "n_train_triplets": 119,
    "n_test_triplets": 10000,
    "frac_train_ndlogn": 1.9861587941372378,
    "frac_train_triplets": 0.0347953216374269,
    "max_train_score": 0.8403361344537815,
    "max_test_score": 0.8262,
    "noise_sd": 0.5,
    "distance_sd": 1.0027947398470152,
    "distance_mean": 1.0277881664195263,
    "difference_sd": 0.9529896868888484,
    "difference_mean": -0.2352577426826698
  },
  "n_repeats": 10,
  "n_splits": 10,
  "embedding_method": "soe",
  "embedding_dimension": [
    1,
    2,
    3
  ],
  "random_state": 1948366542,
  "alpha": 0.05
}