,reject,pvals,pvals_corrected,tstats,effectsize,alpha,alpha_corrected,step,dimension_step
0,False,0.9999107081065322,1.0,-3.894859846048019,-0.5522055603614009,0.05,0.025,0,1-2
1,False,0.9625923252378146,1.0,-1.8005725802128432,-0.2552816352651751,0.05,0.025,1,2-3
