,reject,pvals,pvals_corrected,tstats,effectsize,alpha,alpha_corrected,step,dimension_step
0,False,0.31955680433285916,0.6391136086657183,0.4703864334695204,0.06669046239083462,0.05,0.025,0,1-2
1,False,0.9999999531096209,0.9999999531096209,-5.762949905231418,-0.8170596908594803,0.05,0.025,1,2-3
