,reject,pvals,pvals_corrected,tstats,effectsize,alpha,alpha_corrected,step,dimension_step
0,False,0.993503223775648,0.993503223775648,-2.5297016147831064,-0.3586561142003218,0.05,0.025,0,1-2
1,False,0.369020014484161,0.738040028968322,0.33539073609248854,0.04755103821050099,0.05,0.025,1,2-3
