,reject,pvals,pvals_corrected,tstats,effectsize,alpha,alpha_corrected,step,dimension_step
0,False,0.8714906914767484,1.0,-1.1400440395668623,-0.1616331992907179,0.05,0.025,0,1-2
1,False,0.9948623733780284,1.0,-2.6164931436712093,-0.3709612462817514,0.05,0.025,1,2-3
