,reject,pvals,pvals_corrected,tstats,effectsize,alpha,alpha_corrected,step,dimension_step
0,False,0.9789081287905527,0.9789081287905527,-2.058347775126501,-0.2918284948650137,0.05,0.025,0,1-2
1,False,0.03075655628243622,0.06151311256487244,1.8912589430488984,0.26813896923518515,0.05,0.025,1,2-3
