,reject,pvals,pvals_corrected,tstats,effectsize,alpha,alpha_corrected,step,dimension_step
0,False,0.9999949655156453,1.0,-4.655019042822858,-0.6599794345984528,0.05,0.025,0,1-2
1,False,0.9999342987425095,1.0,-3.9801086293747927,-0.5642919650146656,0.05,0.025,1,2-3
