,reject,pvals,pvals_corrected,tstats,effectsize,alpha,alpha_corrected,step,dimension_step
0,False,0.5694195992791837,1.0,-0.17535251325062284,-0.024861134076131365,0.05,0.025,0,1-2
1,False,0.982397028469823,1.0,-2.1352762503825446,-0.3027352626219113,0.05,0.025,1,2-3
