,reject,pvals,pvals_corrected,tstats,effectsize,alpha,alpha_corrected,step,dimension_step
0,False,0.99539890732009,1.0,-2.656598013965351,-0.3766472358293519,0.05,0.025,0,1-2
1,False,0.7961176782888282,1.0,-0.8313712635217205,-0.11787018085058909,0.05,0.025,1,2-3
