,reject,pvals,pvals_corrected,tstats,effectsize,alpha,alpha_corrected,step,dimension_step
0,False,0.9999992187217789,1.0,-5.1111126690714945,-0.7246434909226983,0.05,0.025,0,1-2
1,False,0.9694915949513792,1.0,-1.8949494927993342,-0.26866220811245795,0.05,0.025,1,2-3
