,reject,pvals,pvals_corrected,tstats,effectsize,alpha,alpha_corrected,step,dimension_step
0,False,0.8042945912315208,1.0,-0.8608316517497392,-0.12204701668883479,0.05,0.025,0,1-2
1,False,0.7389900354998142,1.0,-0.6425213812869229,-0.09109541637492655,0.05,0.025,1,2-3
