,reject,pvals,pvals_corrected,tstats,effectsize,alpha,alpha_corrected,step,dimension_step
0,False,0.04083277564308261,0.08166555128616522,1.7590096950452805,0.24938893123951464,0.05,0.025,0,1-2
1,False,0.4229484916130624,0.4229484916130624,0.1948662766255519,0.027627757026671192,0.05,0.025,1,2-3
