,reject,pvals,pvals_corrected,tstats,effectsize,alpha,alpha_corrected,step,dimension_step
0,False,0.8999350861492683,0.8999350861492683,-1.2897860540212993,-0.18286332727218005,0.05,0.025,0,1-2
1,False,0.2044256947447728,0.4088513894895456,0.8294392429126989,0.11759626277260816,0.05,0.025,1,2-3
