{
  "data": {
    "name": "normal-1-20",
    "n_dimension": 1,
    "distance": "euclidean",
    "subject": null,
    "n_objects": 20,
    "n_train_triplets": 479,
    "n_test_triplets": 10000,
    "frac_train_ndlogn": 7.994706406653251,
    "frac_train_triplets": 0.14005847953216374,
    "max_train_score": 0.8392484342379958,
    "max_test_score": 0.7958,
    "noise_sd": 1.0,
    "distance_sd": 1.0271714995316912,
    "distance_mean": 1.4129913303178752,
    "difference_sd": 0.9842211027537379,
    "difference_mean": -0.08051744006905365
  },
  "n_repeats": 10,
  "n_splits": 10,
  "embedding_method": "soe",
  "embedding_dimension": [
    1,
    2,
    3
  ],
  "random_state": 553110634,
  "alpha": 0.05
}