,reject,pvals,pvals_corrected,tstats,effectsize,alpha,alpha_corrected,step,dimension_step
0,False,0.9881090549254491,1.0,-2.2960406604233854,-0.32552812414755755,0.05,0.025,0,1-2
1,False,0.9984887779406819,1.0,-3.040488314145367,-0.43107444674512013,0.05,0.025,1,2-3
