,reject,pvals,pvals_corrected,tstats,effectsize,alpha,alpha_corrected,step,dimension_step
0,False,0.9999987432037308,1.0,-4.996884272074796,-0.7084484137014347,0.05,0.025,0,1-2
1,False,0.6882608280327698,1.0,-0.49246883820092197,-0.06982126225548282,0.05,0.025,1,2-3
