,reject,pvals,pvals_corrected,tstats,effectsize,alpha,alpha_corrected,step,dimension_step
0,False,0.866635224966888,1.0,-1.1169255778339218,-0.15835550930428993,0.05,0.025,0,1-2
1,False,0.9999999564295204,1.0,-5.779492342066647,-0.8194050449834829,0.05,0.025,1,2-3
