,reject,pvals,pvals_corrected,tstats,effectsize,alpha,alpha_corrected,step,dimension_step
0,False,0.5805485242630275,1.0,-0.20383231329546161,-0.02889894405245136,0.05,0.025,0,1-2
1,False,0.9964307172651602,1.0,-2.747380090589457,-0.3895181399117803,0.05,0.025,1,2-3
