,reject,pvals,pvals_corrected,tstats,effectsize,alpha,alpha_corrected,step,dimension_step
0,False,0.999976517069335,1.0,-4.258102102506422,-0.6037053322923673,0.05,0.025,0,1-2
1,False,0.8973128264517822,1.0,-1.2747703548015645,-0.18073443100130004,0.05,0.025,1,2-3
