,reject,pvals,pvals_corrected,tstats,effectsize,alpha,alpha_corrected,step,dimension_step
0,False,0.9998449133622302,1.0,-3.7383832058314597,-0.5300206103992273,0.05,0.025,0,1-2
1,False,0.9956375740935048,1.0,-2.6758167117904685,-0.37937202496719563,0.05,0.025,1,2-3
