,reject,pvals,pvals_corrected,tstats,effectsize,alpha,alpha_corrected,step,dimension_step
0,False,0.9999995095225707,1.0,-5.2217084002623,-0.7403235359383784,0.05,0.025,0,1-2
1,False,0.9999999964213209,1.0,-6.331242040885391,-0.8976310309389431,0.05,0.025,1,2-3
