,reject,pvals,pvals_corrected,tstats,effectsize,alpha,alpha_corrected,step,dimension_step
0,False,0.9999999961714712,1.0,-6.3166028867170425,-0.8955555204840671,0.05,0.025,0,1-2
1,False,0.8568642028810629,1.0,-1.0721224988751035,-0.15200341698254086,0.05,0.025,1,2-3
