,reject,pvals,pvals_corrected,tstats,effectsize,alpha,alpha_corrected,step,dimension_step
0,False,0.9999646304429325,1.0,-4.148808716358472,-0.588209931192669,0.05,0.025,0,1-2
1,False,0.7478182290675675,1.0,-0.6700851577460533,-0.09500335433082875,0.05,0.025,1,2-3
