,reject,pvals,pvals_corrected,tstats,effectsize,alpha,alpha_corrected,step,dimension_step
0,False,0.5266125183946578,0.5266125183946578,-0.066926787616134,-0.00948874817568984,0.05,0.025,0,1-2
1,False,0.21957605441166933,0.43915210882333866,0.7767604451870119,0.1101275665506391,0.05,0.025,1,2-3
