,reject,pvals,pvals_corrected,tstats,effectsize,alpha,alpha_corrected,step,dimension_step
0,False,0.9999999992516755,0.9999999992516755,-6.667316931989753,-0.945279067299991,0.05,0.025,0,1-2
1,True,0.019562761209708946,0.03912552241941789,2.0905989510509912,0.29640100308806766,0.05,0.025,1,2-3
