,reject,pvals,pvals_corrected,tstats,effectsize,alpha,alpha_corrected,step,dimension_step
0,False,0.8255655940429522,1.0,-0.9412481355361235,-0.13344830742760463,0.05,0.025,0,1-2
1,False,0.9658894876664681,1.0,-1.8436796374392186,-0.2613932689650051,0.05,0.025,1,2-3
