,reject,pvals,pvals_corrected,tstats,effectsize,alpha,alpha_corrected,step,dimension_step
0,False,0.99553035474893,1.0,-2.667067846257027,-0.37813162803755446,0.05,0.025,0,1-2
1,False,0.9346332469764101,1.0,-1.5238532671621456,-0.21604891589504702,0.05,0.025,1,2-3
