,reject,pvals,pvals_corrected,tstats,effectsize,alpha,alpha_corrected,step,dimension_step
0,False,0.9999994551190734,1.0,-5.196825555164032,-0.7367956951523186,0.05,0.025,0,1-2
1,False,0.8932787658116048,1.0,-1.2522130074703826,-0.17753629470997212,0.05,0.025,1,2-3
