,reject,pvals,pvals_corrected,tstats,effectsize,alpha,alpha_corrected,step,dimension_step
0,False,0.9446863390130796,1.0,-1.6097925878441997,-0.22823322357494052,0.05,0.025,0,1-2
1,False,0.9992896933581881,1.0,-3.282858736006314,-0.46543724795208896,0.05,0.025,1,2-3
