,reject,pvals,pvals_corrected,tstats,effectsize,alpha,alpha_corrected,step,dimension_step
0,False,0.558987944281663,1.0,-0.1487873210441199,-0.021094773429448568,0.05,0.025,0,1-2
1,False,0.9999829622282805,1.0,-4.342546188868236,-0.6156776485943125,0.05,0.025,1,2-3
