{
  "data": {
    "name": "normal-1-20",
    "n_dimension": 1,
    "distance": "euclidean",
    "subject": null,
    "n_objects": 20,
    "n_train_triplets": 239,
    "n_test_triplets": 10000,
    "frac_train_ndlogn": 3.9890079983092424,
    "frac_train_triplets": 0.06988304093567252,
    "max_train_score": 0.7782426778242678,
    "max_test_score": 0.7841,
    "noise_sd": 1.0,
    "distance_sd": 1.021014572035123,
    "distance_mean": 1.3254977819118516,
    "difference_sd": 0.9499714531793136,
    "difference_mean": -0.12823766164233252
  },
  "n_repeats": 10,
  "n_splits": 10,
  "embedding_method": "soe",
  "embedding_dimension": [
    1,
    2,
    3
  ],
  "random_state": 932124069,
  "alpha": 0.05
}