{
  "data": {
    "name": "normal-1-20",
    "n_dimension": 1,
    "distance": "euclidean",
    "subject": null,
    "n_objects": 20,
    "n_train_triplets": 479,
    "n_test_triplets": 10000,
    "frac_train_ndlogn": 7.994706406653251,
    "frac_train_triplets": 0.14005847953216374,
    "max_train_score": 0.6576200417536534,
    "max_test_score": 0.6787,
    "noise_sd": 2.0,
    "distance_sd": 1.0225295844851772,
    "distance_mean": 1.347504460772266,
    "difference_sd": 0.9330302485837306,
    "difference_mean": -0.07384848427739633
  },
  "n_repeats": 10,
  "n_splits": 10,
  "embedding_method": "soe",
  "embedding_dimension": [
    1,
    2,
    3
  ],
  "random_state": 266740645,
  "alpha": 0.05
}