,reject,pvals,pvals_corrected,tstats,effectsize,alpha,alpha_corrected,step,dimension_step
0,False,0.9910873701230415,0.9910873701230415,-2.4094325485157277,-0.3416046027833686,0.05,0.025,0,1-2
1,True,0.020602239726512747,0.041204479453025494,2.068449481564151,0.2932606949144375,0.05,0.025,1,2-3
