,reject,pvals,pvals_corrected,tstats,effectsize,alpha,alpha_corrected,step,dimension_step
0,False,0.9993845530519999,1.0,-3.3275154319821363,-0.4717685863827231,0.05,0.025,0,1-2
1,False,0.74062283400653,1.0,-0.6475818882525834,-0.09181288508885749,0.05,0.025,1,2-3
