,reject,pvals,pvals_corrected,tstats,effectsize,alpha,alpha_corrected,step,dimension_step
0,False,0.9995196477353244,1.0,-3.4037888547028645,-0.4825824820809003,0.05,0.025,0,1-2
1,False,0.9603880326497094,1.0,-1.773481636880788,-0.25144073465906586,0.05,0.025,1,2-3
