,reject,pvals,pvals_corrected,tstats,effectsize,alpha,alpha_corrected,step,dimension_step
0,False,0.9999994728004372,1.0,-5.204635593233464,-0.7379029869725751,0.05,0.025,0,1-2
1,False,0.9813423513006555,1.0,-2.11072774317419,-0.2992548236036036,0.05,0.025,1,2-3
