{
  "data": {
    "name": "normal-1-20",
    "n_dimension": 1,
    "distance": "euclidean",
    "subject": null,
    "n_objects": 20,
    "n_train_triplets": 239,
    "n_test_triplets": 10000,
    "frac_train_ndlogn": 3.9890079983092424,
    "frac_train_triplets": 0.06988304093567252,
    "max_train_score": 0.8284518828451883,
    "max_test_score": 0.7996,
    "noise_sd": 1.0,
    "distance_sd": 1.0255748761789207,
    "distance_mean": 1.3907813294471452,
    "difference_sd": 1.035968216238477,
    "difference_mean": -0.11008696366676027
  },
  "n_repeats": 10,
  "n_splits": 10,
  "embedding_method": "soe",
  "embedding_dimension": [
    1,
    2,
    3
  ],
  "random_state": 3119673641,
  "alpha": 0.05
}