,reject,pvals,pvals_corrected,tstats,effectsize,alpha,alpha_corrected,step,dimension_step
0,False,0.9026969103308117,1.0,-1.305919743959938,-0.18515073006596808,0.05,0.025,0,1-2
1,False,0.569873698663298,1.0,-0.1765116256362298,-0.025025470747979874,0.05,0.025,1,2-3
