,reject,pvals,pvals_corrected,tstats,effectsize,alpha,alpha_corrected,step,dimension_step
0,False,0.9999999999310923,1.0,-7.168956655543128,-1.0164005596241372,0.05,0.025,0,1-2
1,False,0.9845204428005874,1.0,-2.188840910326625,-0.31032955464502515,0.05,0.025,1,2-3
