,reject,pvals,pvals_corrected,tstats,effectsize,alpha,alpha_corrected,step,dimension_step
0,False,0.9768235778568749,1.0,-2.0174727545701816,-0.28603331492959483,0.05,0.025,0,1-2
1,False,0.9462198851432307,1.0,-1.6239787036418918,-0.23024450314161476,0.05,0.025,1,2-3
