{
  "data": {
    "name": "normal-1-20",
    "n_dimension": 1,
    "distance": "euclidean",
    "subject": null,
    "n_objects": 20,
    "n_train_triplets": 239,
    "n_test_triplets": 10000,
    "frac_train_ndlogn": 3.9890079983092424,
    "frac_train_triplets": 0.06988304093567252,
    "max_train_score": 0.7949790794979079,
    "max_test_score": 0.795,
    "noise_sd": 1.0,
    "distance_sd": 1.0253737968870658,
    "distance_mean": 1.38796147047004,
    "difference_sd": 0.9707360139697147,
    "difference_mean": -0.09166554458359659
  },
  "n_repeats": 10,
  "n_splits": 10,
  "embedding_method": "soe",
  "embedding_dimension": [
    1,
    2,
    3
  ],
  "random_state": 1943403127,
  "alpha": 0.05
}