,reject,pvals,pvals_corrected,tstats,effectsize,alpha,alpha_corrected,step,dimension_step
0,False,0.9934798858729426,1.0,-2.5283597948711085,-0.35846587361511545,0.05,0.025,0,1-2
1,False,0.6547747075036919,1.0,-0.3994112078659204,-0.056627734648273996,0.05,0.025,1,2-3
