,reject,pvals,pvals_corrected,tstats,effectsize,alpha,alpha_corrected,step,dimension_step
0,False,0.9999973057055865,1.0,-4.810677812273146,-0.6820484284536947,0.05,0.025,0,1-2
1,False,0.9858057711948491,1.0,-2.224463079554864,-0.31537999566151703,0.05,0.025,1,2-3
