,reject,pvals,pvals_corrected,tstats,effectsize,alpha,alpha_corrected,step,dimension_step
0,False,0.9999471467795316,1.0,-4.039884475869029,-0.5727668668376207,0.05,0.025,0,1-2
1,False,0.8007682022953173,1.0,-0.8480360340372008,-0.12023287920291421,0.05,0.025,1,2-3
