,reject,pvals,pvals_corrected,tstats,effectsize,alpha,alpha_corrected,step,dimension_step
0,False,0.9999991647619857,0.9999991647619857,-5.09514630597108,-0.722379811398583,0.05,0.025,0,1-2
1,False,0.1561592070062094,0.3123184140124188,1.0155517385751833,0.14398292596970386,0.05,0.025,1,2-3
