,reject,pvals,pvals_corrected,tstats,effectsize,alpha,alpha_corrected,step,dimension_step
0,False,0.9995867360028204,1.0,-3.449535439516784,-0.48906834280511163,0.05,0.025,0,1-2
1,False,0.9999122655647149,1.0,-3.8997810598946385,-0.5529032803711692,0.05,0.025,1,2-3
