,reject,pvals,pvals_corrected,tstats,effectsize,alpha,alpha_corrected,step,dimension_step
0,False,0.9447461985131977,1.0,-1.6103403633429432,-0.22831088610663414,0.05,0.025,0,1-2
1,False,0.9988038848810106,1.0,-3.1169216205750043,-0.4419110104407505,0.05,0.025,1,2-3
