,reject,pvals,pvals_corrected,tstats,effectsize,alpha,alpha_corrected,step,dimension_step
0,False,0.9992728952780905,1.0,-3.2755384679734187,-0.46439939476330167,0.05,0.025,0,1-2
1,False,0.9643555078857723,1.0,-1.8232120704352826,-0.25849141761389394,0.05,0.025,1,2-3
