{
  "data": {
    "name": "normal-1-20",
    "n_dimension": 1,
    "distance": "euclidean",
    "subject": null,
    "n_objects": 20,
    "n_train_triplets": 119,
    "n_test_triplets": 10000,
    "frac_train_ndlogn": 1.9861587941372378,
    "frac_train_triplets": 0.0347953216374269,
    "max_train_score": 0.7226890756302521,
    "max_test_score": 0.6897,
    "noise_sd": 2.0,
    "distance_sd": 1.0229421723305248,
    "distance_mean": 1.3534411958831356,
    "difference_sd": 0.9957946725603237,
    "difference_mean": -0.024185838110872663
  },
  "n_repeats": 10,
  "n_splits": 10,
  "embedding_method": "soe",
  "embedding_dimension": [
    1,
    2,
    3
  ],
  "random_state": 3075954054,
  "alpha": 0.05
}