,reject,pvals,pvals_corrected,tstats,effectsize,alpha,alpha_corrected,step,dimension_step
0,False,0.9564224495988296,1.0,-1.727728776968245,-0.24495398426372672,0.05,0.025,0,1-2
1,False,0.5251488059923823,1.0,-0.06324064866825026,-0.008966134653318426,0.05,0.025,1,2-3
