{
  "data": {
    "name": "normal-1-20",
    "n_dimension": 1,
    "distance": "euclidean",
    "subject": null,
    "n_objects": 20,
    "n_train_triplets": 239,
    "n_test_triplets": 10000,
    "frac_train_ndlogn": 3.9890079983092424,
    "frac_train_triplets": 0.06988304093567252,
    "max_train_score": 0.6317991631799164,
    "max_test_score": 0.6785,
    "noise_sd": 2.0,
    "distance_sd": 1.0205051342805698,
    "distance_mean": 1.3180227057099836,
    "difference_sd": 0.8852890555901362,
    "difference_mean": -0.07494886038810163
  },
  "n_repeats": 10,
  "n_splits": 10,
  "embedding_method": "soe",
  "embedding_dimension": [
    1,
    2,
    3
  ],
  "random_state": 901523760,
  "alpha": 0.05
}