,reject,pvals,pvals_corrected,tstats,effectsize,alpha,alpha_corrected,step,dimension_step
0,False,0.9999999996191402,1.0,-6.810545495807032,-0.9655857310744862,0.05,0.025,0,1-2
1,False,0.989511275179205,1.0,-2.345853102157897,-0.33259043406068217,0.05,0.025,1,2-3
