,reject,pvals,pvals_corrected,tstats,effectsize,alpha,alpha_corrected,step,dimension_step
0,False,0.9965143577583692,0.9965143577583692,-2.7557517494628745,-0.3907050572238476,0.05,0.025,0,1-2
1,False,0.0573660553900156,0.1147321107800312,1.5912920714867442,0.2256102567915504,0.05,0.025,1,2-3
