,reject,pvals,pvals_corrected,tstats,effectsize,alpha,alpha_corrected,step,dimension_step
0,False,0.9052474678705451,1.0,-1.321125088235675,-0.18730651383949487,0.05,0.025,0,1-2
1,False,0.9983674161575731,1.0,-3.014950614639374,-0.4274537619904795,0.05,0.025,1,2-3
