{
  "data": {
    "name": "normal-1-20",
    "n_dimension": 1,
    "distance": "euclidean",
    "subject": null,
    "n_objects": 20,
    "n_train_triplets": 119,
    "n_test_triplets": 10000,
    "frac_train_ndlogn": 1.9861587941372378,
    "frac_train_triplets": 0.0347953216374269,
    "max_train_score": 0.865546218487395,
    "max_test_score": 0.8793,
    "noise_sd": 0.5,
    "distance_sd": 1.0225049501653745,
    "distance_mean": 1.3471492453107055,
    "difference_sd": 1.0611225798482864,
    "difference_mean": -0.10119347174728004
  },
  "n_repeats": 10,
  "n_splits": 10,
  "embedding_method": "soe",
  "embedding_dimension": [
    1,
    2,
    3
  ],
  "random_state": 4104327800,
  "alpha": 0.05
}