{
  "data": {
    "name": "normal-1-20",
    "n_dimension": 1,
    "distance": "euclidean",
    "subject": null,
    "n_objects": 20,
    "n_train_triplets": 239,
    "n_test_triplets": 10000,
    "frac_train_ndlogn": 3.9890079983092424,
    "frac_train_triplets": 0.06988304093567252,
    "max_train_score": 0.8158995815899581,
    "max_test_score": 0.794,
    "noise_sd": 1.0,
    "distance_sd": 1.0236643494222866,
    "distance_mean": 1.3637761199276468,
    "difference_sd": 1.0406514395987225,
    "difference_mean": -0.1129758034679211
  },
  "n_repeats": 10,
  "n_splits": 10,
  "embedding_method": "soe",
  "embedding_dimension": [
    1,
    2,
    3
  ],
  "random_state": 3072690961,
  "alpha": 0.05
}