,reject,pvals,pvals_corrected,tstats,effectsize,alpha,alpha_corrected,step,dimension_step
0,False,0.6504602075023298,1.0,-0.3876875165263555,-0.0549655727729918,0.05,0.025,0,1-2
1,False,0.9999991976204972,1.0,-5.104744484389772,-0.7237406222368781,0.05,0.025,1,2-3
