{
  "data": {
    "name": "normal-1-20",
    "n_dimension": 1,
    "distance": "euclidean",
    "subject": null,
    "n_objects": 20,
    "n_train_triplets": 119,
    "n_test_triplets": 10000,
    "frac_train_ndlogn": 1.9861587941372378,
    "frac_train_triplets": 0.0347953216374269,
    "max_train_score": 0.7899159663865546,
    "max_test_score": 0.7977,
    "noise_sd": 1.0,
    "distance_sd": 1.0205759128632212,
    "distance_mean": 1.3190635634477004,
    "difference_sd": 0.9232066489752272,
    "difference_mean": -0.08686808537956402
  },
  "n_repeats": 10,
  "n_splits": 10,
  "embedding_method": "soe",
  "embedding_dimension": [
    1,
    2,
    3
  ],
  "random_state": 1485546795,
  "alpha": 0.05
}