{
  "data": {
    "name": "normal-1-20",
    "n_dimension": 1,
    "distance": "euclidean",
    "subject": null,
    "n_objects": 20,
    "n_train_triplets": 239,
    "n_test_triplets": 10000,
    "frac_train_ndlogn": 3.9890079983092424,
    "frac_train_triplets": 0.06988304093567252,
    "max_train_score": 0.7489539748953975,
    "max_test_score": 0.6862,
    "noise_sd": 2.0,
    "distance_sd": 1.0208972014788085,
    "distance_mean": 1.323778993547636,
    "difference_sd": 0.9099250460843934,
    "difference_mean": -0.13037057516341713
  },
  "n_repeats": 10,
  "n_splits": 10,
  "embedding_method": "soe",
  "embedding_dimension": [
    1,
    2,
    3
  ],
  "random_state": 3531195822,
  "alpha": 0.05
}