,reject,pvals,pvals_corrected,tstats,effectsize,alpha,alpha_corrected,step,dimension_step
0,False,0.9999997407323694,1.0,-5.371266864183873,-0.7615276404866848,0.05,0.025,0,1-2
1,False,0.9993085412400288,1.0,-3.2912676928017133,-0.4666294532900987,0.05,0.025,1,2-3
