,reject,pvals,pvals_corrected,tstats,effectsize,alpha,alpha_corrected,step,dimension_step
0,False,0.998241545127542,1.0,-2.9902558275882347,-0.423952583704073,0.05,0.025,0,1-2
1,False,0.5259859441598104,1.0,-0.065348745404659,-0.00926501645796303,0.05,0.025,1,2-3
