,reject,pvals,pvals_corrected,tstats,effectsize,alpha,alpha_corrected,step,dimension_step
0,False,0.8619990946246984,1.0,-1.0953938893667619,-0.15530278890727756,0.05,0.025,0,1-2
1,False,0.7783326457817544,1.0,-0.7696590702684544,-0.10912074759662271,0.05,0.025,1,2-3
