,reject,pvals,pvals_corrected,tstats,effectsize,alpha,alpha_corrected,step,dimension_step
0,False,0.9994580269531175,1.0,-3.3667868447123754,-0.47733640995791277,0.05,0.025,0,1-2
1,False,0.791727707513889,1.0,-0.8158499495660134,-0.11566959951795061,0.05,0.025,1,2-3
