,reject,pvals,pvals_corrected,tstats,effectsize,alpha,alpha_corrected,step,dimension_step
0,False,0.9438537061666821,0.9438537061666821,-1.6022219772306403,-0.22715987730796758,0.05,0.025,0,1-2
1,False,0.34624769490003604,0.6924953898000721,0.3966281086108911,0.056233152315555604,0.05,0.025,1,2-3
