,reject,pvals,pvals_corrected,tstats,effectsize,alpha,alpha_corrected,step,dimension_step
0,False,0.9549937527797714,0.9549937527797714,-1.7120814727608369,-0.24273554028126498,0.05,0.025,0,1-2
1,False,0.2559411855771506,0.5118823711543012,0.658285925257017,0.09333048238010788,0.05,0.025,1,2-3
