{
  "data": {
    "name": "normal-1-20",
    "n_dimension": 1,
    "distance": "euclidean",
    "subject": null,
    "n_objects": 20,
    "n_train_triplets": 119,
    "n_test_triplets": 10000,
    "frac_train_ndlogn": 1.9861587941372378,
    "frac_train_triplets": 0.0347953216374269,
    "max_train_score": 0.7478991596638656,
    "max_test_score": 0.7555,
    "noise_sd": 1.0,
    "distance_sd": 1.0105804629208421,
    "distance_mean": 1.1636943622398297,
    "difference_sd": 0.8389736067707086,
    "difference_mean": -0.12409696399449606
  },
  "n_repeats": 10,
  "n_splits": 10,
  "embedding_method": "soe",
  "embedding_dimension": [
    1,
    2,
    3
  ],
  "random_state": 2852534273,
  "alpha": 0.05
}