,reject,pvals,pvals_corrected,tstats,effectsize,alpha,alpha_corrected,step,dimension_step
0,False,0.9194186356142194,1.0,-1.4117371165638537,-0.2001533088093358,0.05,0.025,0,1-2
1,False,0.84322487729412,1.0,-1.0129564726674058,-0.14361497427913267,0.05,0.025,1,2-3
