,reject,pvals,pvals_corrected,tstats,effectsize,alpha,alpha_corrected,step,dimension_step
0,False,0.7077455893483036,1.0,-0.5486091350124493,-0.07778072300247747,0.05,0.025,0,1-2
1,False,0.9979136261086212,1.0,-2.932863683309198,-0.4158156384879043,0.05,0.025,1,2-3
