,reject,pvals,pvals_corrected,tstats,effectsize,alpha,alpha_corrected,step,dimension_step
0,False,0.9999999999778694,1.0,-7.4042403623414685,-1.0497586203226026,0.05,0.025,0,1-2
1,False,0.9980421570598237,1.0,-2.9542944226358934,-0.41885404651454095,0.05,0.025,1,2-3
