,reject,pvals,pvals_corrected,tstats,effectsize,alpha,alpha_corrected,step,dimension_step
0,False,0.9999971143063621,0.9999971143063621,-4.793728086414035,-0.6796453296937998,0.05,0.025,0,1-2
1,False,0.23830940139879836,0.4766188027975967,0.7144685277893176,0.1012959411488978,0.05,0.025,1,2-3
