,reject,pvals,pvals_corrected,tstats,effectsize,alpha,alpha_corrected,step,dimension_step
0,False,0.9998536391000018,1.0,-3.7549919562994747,-0.532375366339521,0.05,0.025,0,1-2
1,False,0.5163380255663232,1.0,-0.041068561457189595,-0.005822619783280493,0.05,0.025,1,2-3
