,reject,pvals,pvals_corrected,tstats,effectsize,alpha,alpha_corrected,step,dimension_step
0,False,0.9674046408931464,1.0,-1.8646646606663773,-0.2643684842406223,0.05,0.025,0,1-2
1,False,0.9953423028180193,1.0,-2.6521727240892647,-0.3760198269436983,0.05,0.025,1,2-3
