,reject,pvals,pvals_corrected,tstats,effectsize,alpha,alpha_corrected,step,dimension_step
0,False,0.9134165659882277,1.0,-1.3719921432228668,-0.19451834474315047,0.05,0.025,0,1-2
1,False,0.9999997103480367,1.0,-5.3454188722404155,-0.7578629630811969,0.05,0.025,1,2-3
