,reject,pvals,pvals_corrected,tstats,effectsize,alpha,alpha_corrected,step,dimension_step
0,False,0.8339213141743981,1.0,-0.9745528680932145,-0.1381701868356752,0.05,0.025,0,1-2
1,False,0.7225809818446765,1.0,-0.5925430406346874,-0.08400958563988642,0.05,0.025,1,2-3
