,reject,pvals,pvals_corrected,tstats,effectsize,alpha,alpha_corrected,step,dimension_step
0,False,0.9996958663065414,1.0,-3.5415561637254354,-0.5021148599032969,0.05,0.025,0,1-2
1,False,0.9981766399655022,1.0,-2.9781536769495984,-0.4222367646145191,0.05,0.025,1,2-3
