,reject,pvals,pvals_corrected,tstats,effectsize,alpha,alpha_corrected,step,dimension_step
0,False,0.9943067487197439,1.0,-2.578769102507292,-0.36561280600060636,0.05,0.025,0,1-2
1,False,0.9989373037138923,1.0,-3.1550971636366025,-0.4473234637719841,0.05,0.025,1,2-3
