{
  "data": {
    "name": "normal-1-20",
    "n_dimension": 1,
    "distance": "euclidean",
    "subject": null,
    "n_objects": 20,
    "n_train_triplets": 239,
    "n_test_triplets": 10000,
    "frac_train_ndlogn": 3.9890079983092424,
    "frac_train_triplets": 0.06988304093567252,
    "max_train_score": 0.7698744769874477,
    "max_test_score": 0.7729,
    "noise_sd": 1.0,
    "distance_sd": 1.013205821955313,
    "distance_mean": 1.2062896481520067,
    "difference_sd": 0.9160244185948818,
    "difference_mean": -0.12289002457150516
  },
  "n_repeats": 10,
  "n_splits": 10,
  "embedding_method": "soe",
  "embedding_dimension": [
    1,
    2,
    3
  ],
  "random_state": 1368278281,
  "alpha": 0.05
}