,reject,pvals,pvals_corrected,tstats,effectsize,alpha,alpha_corrected,step,dimension_step
0,False,0.9997519193815231,1.0,-3.6018310381253373,-0.5106605129201783,0.05,0.025,0,1-2
1,False,0.9632151365271038,1.0,-1.8084663157582308,-0.2564007935487802,0.05,0.025,1,2-3
