,reject,pvals,pvals_corrected,tstats,effectsize,alpha,alpha_corrected,step,dimension_step
0,False,0.9982945780775567,1.0,-3.000454594878767,-0.42539854485011486,0.05,0.025,0,1-2
1,False,0.8833493433515297,1.0,-1.199229063125711,-0.1700243354011683,0.05,0.025,1,2-3
