{
  "data": {
    "name": "normal-1-20",
    "n_dimension": 1,
    "distance": "euclidean",
    "subject": null,
    "n_objects": 20,
    "n_train_triplets": 119,
    "n_test_triplets": 10000,
    "frac_train_ndlogn": 1.9861587941372378,
    "frac_train_triplets": 0.0347953216374269,
    "max_train_score": 0.7394957983193278,
    "max_test_score": 0.797,
    "noise_sd": 1.0,
    "distance_sd": 1.0234262023971148,
    "distance_mean": 1.3603759198495913,
    "difference_sd": 0.9614894254074176,
    "difference_mean": -0.07226591432347017
  },
  "n_repeats": 10,
  "n_splits": 10,
  "embedding_method": "soe",
  "embedding_dimension": [
    1,
    2,
    3
  ],
  "random_state": 1833896275,
  "alpha": 0.05
}