,reject,pvals,pvals_corrected,tstats,effectsize,alpha,alpha_corrected,step,dimension_step
0,False,0.8108951951142466,1.0,-0.885170429472255,-0.12549772067357778,0.05,0.025,0,1-2
1,False,0.9447632961255011,1.0,-1.6104969112992116,-0.22833308116764572,0.05,0.025,1,2-3
