,reject,pvals,pvals_corrected,tstats,effectsize,alpha,alpha_corrected,step,dimension_step
0,True,0.012225382476707814,0.024450764953415628,2.284929234737546,0.3239527680911673,0.05,0.025,0,1-2
1,False,0.8658807642451656,0.8658807642451656,-1.1133864980267678,-0.1578537455373456,0.05,0.025,1,2-3
