,reject,pvals,pvals_corrected,tstats,effectsize,alpha,alpha_corrected,step,dimension_step
0,False,0.9999999982946064,0.9999999982946064,-6.491200298304201,-0.9203095977330763,0.05,0.025,0,1-2
1,False,0.1652690769598108,0.3305381539196216,0.9778374832530256,0.13863587310593609,0.05,0.025,1,2-3
