,reject,pvals,pvals_corrected,tstats,effectsize,alpha,alpha_corrected,step,dimension_step
0,False,0.9999999813210799,1.0,-5.968828434191057,-0.8462487433399932,0.05,0.025,0,1-2
1,False,0.7394673738516275,1.0,-0.6439990715634597,-0.0913049203929013,0.05,0.025,1,2-3
