,reject,pvals,pvals_corrected,tstats,effectsize,alpha,alpha_corrected,step,dimension_step
0,False,0.9684780493890612,1.0,-1.8800313240554678,-0.26654713952041825,0.05,0.025,0,1-2
1,False,0.6182642469827015,1.0,-0.30175538823872045,-0.042782284816617853,0.05,0.025,1,2-3
