,reject,pvals,pvals_corrected,tstats,effectsize,alpha,alpha_corrected,step,dimension_step
0,False,0.9995101422375647,1.0,-3.3977997962802644,-0.4817333651696346,0.05,0.025,0,1-2
1,False,0.8142814538588794,1.0,-0.8978628249491847,-0.12729722351416858,0.05,0.025,1,2-3
