{
  "data": {
    "name": "normal-1-20",
    "n_dimension": 1,
    "distance": "euclidean",
    "subject": null,
    "n_objects": 20,
    "n_train_triplets": 119,
    "n_test_triplets": 10000,
    "frac_train_ndlogn": 1.9861587941372378,
    "frac_train_triplets": 0.0347953216374269,
    "max_train_score": 0.6974789915966386,
    "max_test_score": 0.6753,
    "noise_sd": 2.0,
    "distance_sd": 1.017692900194048,
    "distance_mean": 1.27603994569217,
    "difference_sd": 0.8598538580187616,
    "difference_mean": -0.06876381384964111
  },
  "n_repeats": 10,
  "n_splits": 10,
  "embedding_method": "soe",
  "embedding_dimension": [
    1,
    2,
    3
  ],
  "random_state": 2396317704,
  "alpha": 0.05
}