{
  "data": {
    "name": "normal-1-20",
    "n_dimension": 1,
    "distance": "euclidean",
    "subject": null,
    "n_objects": 20,
    "n_train_triplets": 479,
    "n_test_triplets": 10000,
    "frac_train_ndlogn": 7.994706406653251,
    "frac_train_triplets": 0.14005847953216374,
    "max_train_score": 0.7766179540709812,
    "max_test_score": 0.796,
    "noise_sd": 1.0,
    "distance_sd": 1.026791788230931,
    "distance_mean": 1.4077379554416338,
    "difference_sd": 0.9989540575626833,
    "difference_mean": -0.09205052363161012
  },
  "n_repeats": 10,
  "n_splits": 10,
  "embedding_method": "soe",
  "embedding_dimension": [
    1,
    2,
    3
  ],
  "random_state": 3404172803,
  "alpha": 0.05
}