,reject,pvals,pvals_corrected,tstats,effectsize,alpha,alpha_corrected,step,dimension_step
0,False,0.9999999987519688,0.9999999987519688,-6.558152588871415,-0.9298019616669575,0.05,0.025,0,1-2
1,False,0.44497801956001704,0.8899560391200341,0.13871639756207468,0.019666937726861643,0.05,0.025,1,2-3
