,reject,pvals,pvals_corrected,tstats,effectsize,alpha,alpha_corrected,step,dimension_step
0,False,0.8103296586692306,0.8103296586692306,-0.883064593402437,-0.12519915938179138,0.05,0.025,0,1-2
1,True,0.004946051993063266,0.009892103986126532,2.6303583897973692,0.3729270335781579,0.05,0.025,1,2-3
