{
  "data": {
    "name": "normal-1-20",
    "n_dimension": 1,
    "distance": "euclidean",
    "subject": null,
    "n_objects": 20,
    "n_train_triplets": 479,
    "n_test_triplets": 10000,
    "frac_train_ndlogn": 7.994706406653251,
    "frac_train_triplets": 0.14005847953216374,
    "max_train_score": 0.6576200417536534,
    "max_test_score": 0.6691,
    "noise_sd": 2.0,
    "distance_sd": 1.0177725588346023,
    "distance_mean": 1.2772465105914137,
    "difference_sd": 0.9512587407635887,
    "difference_mean": -0.08334979992828727
  },
  "n_repeats": 10,
  "n_splits": 10,
  "embedding_method": "soe",
  "embedding_dimension": [
    1,
    2,
    3
  ],
  "random_state": 4204302812,
  "alpha": 0.05
}