,reject,pvals,pvals_corrected,tstats,effectsize,alpha,alpha_corrected,step,dimension_step
0,False,0.84308482494253,0.84308482494253,-1.0123672894227205,-0.14353144103874738,0.05,0.025,0,1-2
1,False,0.19790556619075234,0.39581113238150467,0.8528318763931314,0.12091282428957727,0.05,0.025,1,2-3
