{
  "data": {
    "name": "normal-1-20",
    "n_dimension": 1,
    "distance": "euclidean",
    "subject": null,
    "n_objects": 20,
    "n_train_triplets": 239,
    "n_test_triplets": 10000,
    "frac_train_ndlogn": 3.9890079983092424,
    "frac_train_triplets": 0.06988304093567252,
    "max_train_score": 0.7573221757322176,
    "max_test_score": 0.783,
    "noise_sd": 1.0,
    "distance_sd": 1.0196097041513768,
    "distance_mean": 1.3047892654346562,
    "difference_sd": 0.9871433098885292,
    "difference_mean": -0.08297925776857981
  },
  "n_repeats": 10,
  "n_splits": 10,
  "embedding_method": "soe",
  "embedding_dimension": [
    1,
    2,
    3
  ],
  "random_state": 1745180268,
  "alpha": 0.05
}