,reject,pvals,pvals_corrected,tstats,effectsize,alpha,alpha_corrected,step,dimension_step
0,False,0.8348419236204733,1.0,-0.9782886400446555,-0.13869983722756826,0.05,0.025,0,1-2
1,False,0.8092831987429165,1.0,-0.8791782996933125,-0.12464816831145709,0.05,0.025,1,2-3
