{
  "data": {
    "name": "normal-1-20",
    "n_dimension": 1,
    "distance": "euclidean",
    "subject": null,
    "n_objects": 20,
    "n_train_triplets": 479,
    "n_test_triplets": 10000,
    "frac_train_ndlogn": 7.994706406653251,
    "frac_train_triplets": 0.14005847953216374,
    "max_train_score": 0.7954070981210856,
    "max_test_score": 0.7967,
    "noise_sd": 1.0,
    "distance_sd": 1.02567130228437,
    "distance_mean": 1.3921317417057173,
    "difference_sd": 0.987980323099642,
    "difference_mean": -0.06901619871059583
  },
  "n_repeats": 10,
  "n_splits": 10,
  "embedding_method": "soe",
  "embedding_dimension": [
    1,
    2,
    3
  ],
  "random_state": 1179019542,
  "alpha": 0.05
}