,reject,pvals,pvals_corrected,tstats,effectsize,alpha,alpha_corrected,step,dimension_step
0,False,0.5716781998171216,1.0,-0.1811200924819951,-0.025678850103736384,0.05,0.025,0,1-2
1,False,0.9991867620778138,1.0,-3.240322543458524,-0.4594065503224102,0.05,0.025,1,2-3
