{
  "data": {
    "name": "normal-1-20",
    "n_dimension": 1,
    "distance": "euclidean",
    "subject": null,
    "n_objects": 20,
    "n_train_triplets": 479,
    "n_test_triplets": 10000,
    "frac_train_ndlogn": 7.994706406653251,
    "frac_train_triplets": 0.14005847953216374,
    "max_train_score": 0.6617954070981211,
    "max_test_score": 0.6826,
    "noise_sd": 2.0,
    "distance_sd": 1.0151072957105054,
    "distance_mean": 1.2362902629597985,
    "difference_sd": 0.8758207596625189,
    "difference_mean": -0.11990409363286346
  },
  "n_repeats": 10,
  "n_splits": 10,
  "embedding_method": "soe",
  "embedding_dimension": [
    1,
    2,
    3
  ],
  "random_state": 3054878746,
  "alpha": 0.05
}