,reject,pvals,pvals_corrected,tstats,effectsize,alpha,alpha_corrected,step,dimension_step
0,False,0.8806516102892632,1.0,-1.1854002709537494,-0.16806371647461366,0.05,0.025,0,1-2
1,False,0.9707595178845757,1.0,-1.91421028851502,-0.2713929658063397,0.05,0.025,1,2-3
