,reject,pvals,pvals_corrected,tstats,effectsize,alpha,alpha_corrected,step,dimension_step
0,False,0.999999736527329,1.0,-5.3675180329410175,-0.7609961385741675,0.05,0.025,0,1-2
1,False,0.9306159112161385,1.0,-1.4924233254121313,-0.2115928406363177,0.05,0.025,1,2-3
