{
  "data": {
    "name": "normal-1-20",
    "n_dimension": 1,
    "distance": "euclidean",
    "subject": null,
    "n_objects": 20,
    "n_train_triplets": 479,
    "n_test_triplets": 10000,
    "frac_train_ndlogn": 7.994706406653251,
    "frac_train_triplets": 0.14005847953216374,
    "max_train_score": 0.6951983298538622,
    "max_test_score": 0.6782,
    "noise_sd": 2.0,
    "distance_sd": 1.021294387363201,
    "distance_mean": 1.32958726209751,
    "difference_sd": 0.9374771065482176,
    "difference_mean": -0.0913733425837864
  },
  "n_repeats": 10,
  "n_splits": 10,
  "embedding_method": "soe",
  "embedding_dimension": [
    1,
    2,
    3
  ],
  "random_state": 2978455308,
  "alpha": 0.05
}