{
  "data": {
    "name": "normal-1-20",
    "n_dimension": 1,
    "distance": "euclidean",
    "subject": null,
    "n_objects": 20,
    "n_train_triplets": 119,
    "n_test_triplets": 10000,
    "frac_train_ndlogn": 1.9861587941372378,
    "frac_train_triplets": 0.0347953216374269,
    "max_train_score": 0.8151260504201681,
    "max_test_score": 0.7932,
    "noise_sd": 1.0,
    "distance_sd": 1.0247615254339204,
    "distance_mean": 1.3793431393904325,
    "difference_sd": 0.9175814824529502,
    "difference_mean": -0.03309850771975119
  },
  "n_repeats": 10,
  "n_splits": 10,
  "embedding_method": "soe",
  "embedding_dimension": [
    1,
    2,
    3
  ],
  "random_state": 2912383724,
  "alpha": 0.05
}