,reject,pvals,pvals_corrected,tstats,effectsize,alpha,alpha_corrected,step,dimension_step
0,False,0.9998082057426668,1.0,-3.6770399847327835,-0.5213234892908674,0.05,0.025,0,1-2
1,False,0.9999988192782683,1.0,-5.011965485890508,-0.7105865985027404,0.05,0.025,1,2-3
