,reject,pvals,pvals_corrected,tstats,effectsize,alpha,alpha_corrected,step,dimension_step
0,False,0.9999410041519924,1.0,-4.009750555227852,-0.568494538899959,0.05,0.025,0,1-2
1,False,0.8306025393311183,1.0,-0.9611969780225171,-0.13627661503793823,0.05,0.025,1,2-3
