{
  "data": {
    "name": "normal-1-20",
    "n_dimension": 1,
    "distance": "euclidean",
    "subject": null,
    "n_objects": 20,
    "n_train_triplets": 119,
    "n_test_triplets": 10000,
    "frac_train_ndlogn": 1.9861587941372378,
    "frac_train_triplets": 0.0347953216374269,
    "max_train_score": 0.7058823529411765,
    "max_test_score": 0.6951,
    "noise_sd": 2.0,
    "distance_sd": 1.0278160091946726,
    "distance_mean": 1.4218682169527552,
    "difference_sd": 1.0162553736077142,
    "difference_mean": -0.009932697654996252
  },
  "n_repeats": 10,
  "n_splits": 10,
  "embedding_method": "soe",
  "embedding_dimension": [
    1,
    2,
    3
  ],
  "random_state": 1448481578,
  "alpha": 0.05
}