,reject,pvals,pvals_corrected,tstats,effectsize,alpha,alpha_corrected,step,dimension_step
0,False,0.9999020393565308,1.0,-3.868881225343221,-0.5485223626673259,0.05,0.025,0,1-2
1,False,0.9536832331636762,1.0,-1.6980814377947133,-0.24075064288851497,0.05,0.025,1,2-3
