,reject,pvals,pvals_corrected,tstats,effectsize,alpha,alpha_corrected,step,dimension_step
0,False,0.7870541446429833,1.0,-0.7995397831295326,-0.11335717623376407,0.05,0.025,0,1-2
1,False,0.5691545700814009,1.0,-0.17467612241255623,-0.024765236714859976,0.05,0.025,1,2-3
