,reject,pvals,pvals_corrected,tstats,effectsize,alpha,alpha_corrected,step,dimension_step
0,False,0.22095894339082123,0.22095894339082123,0.7720602233855994,0.10946117835792776,0.05,0.025,0,1-2
1,False,0.08614091914263543,0.17228183828527086,1.374849477596855,0.19492345198487293,0.05,0.025,1,2-3
