{
  "data": {
    "name": "normal-1-20",
    "n_dimension": 1,
    "distance": "euclidean",
    "subject": null,
    "n_objects": 20,
    "n_train_triplets": 479,
    "n_test_triplets": 10000,
    "frac_train_ndlogn": 7.994706406653251,
    "frac_train_triplets": 0.14005847953216374,
    "max_train_score": 0.8893528183716075,
    "max_test_score": 0.8941,
    "noise_sd": 0.5,
    "distance_sd": 1.0269960527705733,
    "distance_mean": 1.4105661826799991,
    "difference_sd": 0.9352704669465286,
    "difference_mean": -0.0893564362490107
  },
  "n_repeats": 10,
  "n_splits": 10,
  "embedding_method": "soe",
  "embedding_dimension": [
    1,
    2,
    3
  ],
  "random_state": 3489233812,
  "alpha": 0.05
}