,reject,pvals,pvals_corrected,tstats,effectsize,alpha,alpha_corrected,step,dimension_step
0,False,0.37034885275571616,0.7406977055114323,0.33185842435800333,0.047050234007573966,0.05,0.025,0,1-2
1,False,0.995744357638096,0.995744357638096,-2.6847260944877736,-0.38063517970428623,0.05,0.025,1,2-3
