{
  "data": {
    "name": "normal-1-20",
    "n_dimension": 1,
    "distance": "euclidean",
    "subject": null,
    "n_objects": 20,
    "n_train_triplets": 239,
    "n_test_triplets": 10000,
    "frac_train_ndlogn": 3.9890079983092424,
    "frac_train_triplets": 0.06988304093567252,
    "max_train_score": 0.8284518828451883,
    "max_test_score": 0.7935,
    "noise_sd": 1.0,
    "distance_sd": 1.0260004129342266,
    "distance_mean": 1.396731935441752,
    "difference_sd": 0.9564891284587079,
    "difference_mean": -0.07189839201438178
  },
  "n_repeats": 10,
  "n_splits": 10,
  "embedding_method": "soe",
  "embedding_dimension": [
    1,
    2,
    3
  ],
  "random_state": 1896485798,
  "alpha": 0.05
}