,reject,pvals,pvals_corrected,tstats,effectsize,alpha,alpha_corrected,step,dimension_step
0,False,0.9999999821418228,1.0,-5.978800756075047,-0.8476625995021451,0.05,0.025,0,1-2
1,False,0.8599021320484996,1.0,-1.0858195021983836,-0.15394535114560923,0.05,0.025,1,2-3
