,reject,pvals,pvals_corrected,tstats,effectsize,alpha,alpha_corrected,step,dimension_step
0,False,0.9998018233344073,1.0,-3.6675283471783815,-0.5199749480459205,0.05,0.025,0,1-2
1,False,0.9793540730002437,1.0,-2.0675398222427708,-0.2931317252068856,0.05,0.025,1,2-3
