,reject,pvals,pvals_corrected,tstats,effectsize,alpha,alpha_corrected,step,dimension_step
0,False,0.994750438586785,1.0,-2.608606622914299,-0.3698431108966514,0.05,0.025,0,1-2
1,False,0.9906110722167917,1.0,-2.3892310837735296,-0.3387404788869964,0.05,0.025,1,2-3
