,reject,pvals,pvals_corrected,tstats,effectsize,alpha,alpha_corrected,step,dimension_step
0,False,0.5983946100035038,1.0,-0.24986333062555532,-0.035425131058785135,0.05,0.025,0,1-2
1,False,0.9950706165300294,1.0,-2.631587628925849,-0.37310131268153796,0.05,0.025,1,2-3
