,reject,pvals,pvals_corrected,tstats,effectsize,alpha,alpha_corrected,step,dimension_step
0,False,0.9990545641543672,0.9990545641543672,-3.1925310320834983,-0.45263076393663254,0.05,0.025,0,1-2
1,True,0.005892255925468324,0.011784511850936649,2.5660623981230857,0.3638112744713148,0.05,0.025,1,2-3
