,reject,pvals,pvals_corrected,tstats,effectsize,alpha,alpha_corrected,step,dimension_step
0,False,0.9956757476427641,0.9956757476427641,-2.678978727496364,-0.3798203293282671,0.05,0.025,0,1-2
1,False,0.14867664521308516,0.2973532904261703,1.0476447825249895,0.14853301455273402,0.05,0.025,1,2-3
