{
  "data": {
    "name": "normal-1-20",
    "n_dimension": 1,
    "distance": "euclidean",
    "subject": null,
    "n_objects": 20,
    "n_train_triplets": 479,
    "n_test_triplets": 10000,
    "frac_train_ndlogn": 7.994706406653251,
    "frac_train_triplets": 0.14005847953216374,
    "max_train_score": 0.8851774530271399,
    "max_test_score": 0.8807,
    "noise_sd": 0.5,
    "distance_sd": 1.0229645904317521,
    "distance_mean": 1.3537630931100317,
    "difference_sd": 0.9573783326446607,
    "difference_mean": -0.08529624553372081
  },
  "n_repeats": 10,
  "n_splits": 10,
  "embedding_method": "soe",
  "embedding_dimension": [
    1,
    2,
    3
  ],
  "random_state": 3810388760,
  "alpha": 0.05
}