,reject,pvals,pvals_corrected,tstats,effectsize,alpha,alpha_corrected,step,dimension_step
0,False,0.9999999748531794,1.0,-5.9026608136667145,-0.8368676283798493,0.05,0.025,0,1-2
1,False,0.9845694939679799,1.0,-2.1901521032651017,-0.31051545299822725,0.05,0.025,1,2-3
