,reject,pvals,pvals_corrected,tstats,effectsize,alpha,alpha_corrected,step,dimension_step
0,False,0.9999008734395102,1.0,-3.8655559016309047,-0.5480509048186422,0.05,0.025,0,1-2
1,False,0.6520887008096097,1.0,-0.3921061847149274,-0.055592042848827065,0.05,0.025,1,2-3
