,reject,pvals,pvals_corrected,tstats,effectsize,alpha,alpha_corrected,step,dimension_step
0,False,0.31385729620609054,0.4542034493463465,0.4864623042179919,0.06896966769368128,0.05,0.025,0,1-2
1,False,0.22710172467317324,0.4542034493463465,0.7513850356977297,0.10652989095503403,0.05,0.025,1,2-3
