,reject,pvals,pvals_corrected,tstats,effectsize,alpha,alpha_corrected,step,dimension_step
0,False,0.9999813711682924,0.9999813711682924,-4.319148061596747,-0.6123603081784641,0.05,0.025,0,1-2
1,False,0.21996962428683925,0.4399392485736785,0.7754210128574976,0.10993766447217634,0.05,0.025,1,2-3
