,reject,pvals,pvals_corrected,tstats,effectsize,alpha,alpha_corrected,step,dimension_step
0,False,0.23572900247485135,0.4714580049497027,0.7228799108588015,0.10248849047927015,0.05,0.025,0,1-2
1,False,0.9999825280474416,0.9999825280474416,-4.335958735279325,-0.6147436923945508,0.05,0.025,1,2-3
