,reject,pvals,pvals_corrected,tstats,effectsize,alpha,alpha_corrected,step,dimension_step
0,False,0.9999904562855935,1.0,-4.4926653825696405,-0.6369612523067794,0.05,0.025,0,1-2
1,False,0.703529312832536,1.0,-0.5363187177627847,-0.07603821184349115,0.05,0.025,1,2-3
