,reject,pvals,pvals_corrected,tstats,effectsize,alpha,alpha_corrected,step,dimension_step
0,False,0.9999713925066861,0.9999713925066861,-4.205644090674083,-0.5962679386596506,0.05,0.025,0,1-2
1,False,0.04074312516926968,0.08148625033853936,1.7600602239100402,0.24953787315356815,0.05,0.025,1,2-3
