,reject,pvals,pvals_corrected,tstats,effectsize,alpha,alpha_corrected,step,dimension_step
0,False,0.9999799046661232,1.0,-4.29922859275932,-0.6095361651062471,0.05,0.025,0,1-2
1,False,0.9289196675171382,1.0,-1.4795794350103149,-0.20977185914355564,0.05,0.025,1,2-3
