{
  "data": {
    "name": "normal-1-20",
    "n_dimension": 1,
    "distance": "euclidean",
    "subject": null,
    "n_objects": 20,
    "n_train_triplets": 239,
    "n_test_triplets": 10000,
    "frac_train_ndlogn": 3.9890079983092424,
    "frac_train_triplets": 0.06988304093567252,
    "max_train_score": 0.702928870292887,
    "max_test_score": 0.6938,
    "noise_sd": 2.0,
    "distance_sd": 1.0263538909628165,
    "distance_mean": 1.401657547475754,
    "difference_sd": 0.9937304461371692,
    "difference_mean": -0.06313586980418451
  },
  "n_repeats": 10,
  "n_splits": 10,
  "embedding_method": "soe",
  "embedding_dimension": [
    1,
    2,
    3
  ],
  "random_state": 2904236162,
  "alpha": 0.05
}