,reject,pvals,pvals_corrected,tstats,effectsize,alpha,alpha_corrected,step,dimension_step
0,False,0.9999813655697078,1.0,-4.319069181209599,-0.6123491246724824,0.05,0.025,0,1-2
1,False,0.9886017109880375,1.0,-2.3129209061433036,-0.3279213721501176,0.05,0.025,1,2-3
