,reject,pvals,pvals_corrected,tstats,effectsize,alpha,alpha_corrected,step,dimension_step
0,False,0.9988061749793556,0.9988061749793556,-3.1175427487332863,-0.44199907276808903,0.05,0.025,0,1-2
1,False,0.16660714506577073,0.33321429013154147,0.9724145504768487,0.13786702037417234,0.05,0.025,1,2-3
