,reject,pvals,pvals_corrected,tstats,effectsize,alpha,alpha_corrected,step,dimension_step
0,False,0.9995735289357578,1.0,-3.4400025969939123,-0.48771679516148575,0.05,0.025,0,1-2
1,False,0.9945291458027938,1.0,-2.593452049345559,-0.3676945252939999,0.05,0.025,1,2-3
