,reject,pvals,pvals_corrected,tstats,effectsize,alpha,alpha_corrected,step,dimension_step
0,False,0.999828417392489,1.0,-3.709277356542255,-0.5258940403936729,0.05,0.025,0,1-2
1,False,0.9746420175852235,1.0,-1.9779326348559858,-0.2804273946072785,0.05,0.025,1,2-3
