,reject,pvals,pvals_corrected,tstats,effectsize,alpha,alpha_corrected,step,dimension_step
0,False,0.9992759703000395,1.0,-3.276866587046959,-0.46458769287060714,0.05,0.025,0,1-2
1,False,0.7629365606425325,1.0,-0.7185236392655147,-0.1018708668698614,0.05,0.025,1,2-3
