{
  "data": {
    "name": "normal-1-20",
    "n_dimension": 1,
    "distance": "euclidean",
    "subject": null,
    "n_objects": 20,
    "n_train_triplets": 119,
    "n_test_triplets": 10000,
    "frac_train_ndlogn": 1.9861587941372378,
    "frac_train_triplets": 0.0347953216374269,
    "max_train_score": 0.8319327731092437,
    "max_test_score": 0.8661,
    "noise_sd": 0.5,
    "distance_sd": 1.017851752504833,
    "distance_mean": 1.2784449974347885,
    "difference_sd": 0.8677934694516841,
    "difference_mean": -0.15211109723426322
  },
  "n_repeats": 10,
  "n_splits": 10,
  "embedding_method": "soe",
  "embedding_dimension": [
    1,
    2,
    3
  ],
  "random_state": 1265462348,
  "alpha": 0.05
}