,reject,pvals,pvals_corrected,tstats,effectsize,alpha,alpha_corrected,step,dimension_step
0,False,0.9998697302328985,1.0,-3.7882539187418582,-0.5370911818849387,0.05,0.025,0,1-2
1,False,0.8563750738352287,1.0,-1.0699358956517988,-0.15169340468275602,0.05,0.025,1,2-3
