,reject,pvals,pvals_corrected,tstats,effectsize,alpha,alpha_corrected,step,dimension_step
0,False,0.932342676901081,1.0,-1.5057530566229582,-0.21348270368240657,0.05,0.025,0,1-2
1,False,0.6540743625019427,1.0,-0.39750445139041807,-0.056357398469400743,0.05,0.025,1,2-3
