,reject,pvals,pvals_corrected,tstats,effectsize,alpha,alpha_corrected,step,dimension_step
0,False,0.994552533753382,1.0,-2.5950272894259907,-0.3679178597311045,0.05,0.025,0,1-2
1,False,0.9454590840657584,1.0,-1.6169008630068304,-0.22924102083197567,0.05,0.025,1,2-3
