,reject,pvals,pvals_corrected,tstats,effectsize,alpha,alpha_corrected,step,dimension_step
0,False,0.7528696440918645,1.0,-0.6860889138940952,-0.09727233536761334,0.05,0.025,0,1-2
1,False,0.594701515754524,1.0,-0.24029691779428208,-0.034068823882930824,0.05,0.025,1,2-3
