,reject,pvals,pvals_corrected,tstats,effectsize,alpha,alpha_corrected,step,dimension_step
0,False,0.9999562515031599,1.0,-4.091377290365727,-0.5800674166924726,0.05,0.025,0,1-2
1,False,0.8768624137704872,1.0,-1.1663495649620619,-0.16536274488815353,0.05,0.025,1,2-3
