{
  "data": {
    "name": "normal-1-20",
    "n_dimension": 1,
    "distance": "euclidean",
    "subject": null,
    "n_objects": 20,
    "n_train_triplets": 119,
    "n_test_triplets": 10000,
    "frac_train_ndlogn": 1.9861587941372378,
    "frac_train_triplets": 0.0347953216374269,
    "max_train_score": 0.8571428571428571,
    "max_test_score": 0.8828,
    "noise_sd": 0.5,
    "distance_sd": 1.0224145991746503,
    "distance_mean": 1.3458456967660728,
    "difference_sd": 0.9947799153299097,
    "difference_mean": -0.09374009074531103
  },
  "n_repeats": 10,
  "n_splits": 10,
  "embedding_method": "soe",
  "embedding_dimension": [
    1,
    2,
    3
  ],
  "random_state": 1542923970,
  "alpha": 0.05
}