,reject,pvals,pvals_corrected,tstats,effectsize,alpha,alpha_corrected,step,dimension_step
0,False,0.9878537589833998,1.0,-2.28753426189275,-0.3243221037121796,0.05,0.025,0,1-2
1,False,0.9931032131537992,1.0,-2.5072785333307044,-0.35547701386093045,0.05,0.025,1,2-3
