{
  "data": {
    "name": "normal-1-20",
    "n_dimension": 1,
    "distance": "euclidean",
    "subject": null,
    "n_objects": 20,
    "n_train_triplets": 479,
    "n_test_triplets": 10000,
    "frac_train_ndlogn": 7.994706406653251,
    "frac_train_triplets": 0.14005847953216374,
    "max_train_score": 0.8622129436325678,
    "max_test_score": 0.8628,
    "noise_sd": 0.5,
    "distance_sd": 1.0139104597905033,
    "distance_mean": 1.2174867510487375,
    "difference_sd": 0.9306586139724955,
    "difference_mean": -0.17443322014594217
  },
  "n_repeats": 10,
  "n_splits": 10,
  "embedding_method": "soe",
  "embedding_dimension": [
    1,
    2,
    3
  ],
  "random_state": 19698519,
  "alpha": 0.05
}