,reject,pvals,pvals_corrected,tstats,effectsize,alpha,alpha_corrected,step,dimension_step
0,False,0.45765606680158116,0.6874157345589036,0.10661251179386198,0.0151153120121643,0.05,0.025,0,1-2
1,False,0.3437078672794518,0.6874157345589036,0.4035475838056987,0.0572141818848821,0.05,0.025,1,2-3
