,reject,pvals,pvals_corrected,tstats,effectsize,alpha,alpha_corrected,step,dimension_step
0,False,0.9965491380504309,1.0,-2.759286966596172,-0.3912062733484978,0.05,0.025,0,1-2
1,False,0.883062761609349,1.0,-1.1977491810128114,-0.16981452062894953,0.05,0.025,1,2-3
