,reject,pvals,pvals_corrected,tstats,effectsize,alpha,alpha_corrected,step,dimension_step
0,False,0.7053627184662847,1.0,-0.5416529503935682,-0.07679448884328323,0.05,0.025,0,1-2
1,False,0.6763399439082842,1.0,-0.45888854435907783,-0.06506031431101411,0.05,0.025,1,2-3
