,reject,pvals,pvals_corrected,tstats,effectsize,alpha,alpha_corrected,step,dimension_step
0,False,0.9992618826186872,1.0,-3.27082476265594,-0.4637310949042302,0.05,0.025,0,1-2
1,False,0.9998982827595777,1.0,-3.858298564687593,-0.5470219738758306,0.05,0.025,1,2-3
