,reject,pvals,pvals_corrected,tstats,effectsize,alpha,alpha_corrected,step,dimension_step
0,False,0.9999996796739453,0.9999996796739453,-5.321887140416464,-0.7545266804749552,0.05,0.025,0,1-2
1,False,0.45468756160099133,0.9093751232019827,0.11411831147043601,0.016179469512098095,0.05,0.025,1,2-3
