,reject,pvals,pvals_corrected,tstats,effectsize,alpha,alpha_corrected,step,dimension_step
0,False,0.9927170285710846,1.0,-2.4867105534382246,-0.352560926168185,0.05,0.025,0,1-2
1,False,0.9262431609947063,1.0,-1.4597905020854172,-0.20696622319600413,0.05,0.025,1,2-3
