,reject,pvals,pvals_corrected,tstats,effectsize,alpha,alpha_corrected,step,dimension_step
0,False,0.9974846098579032,1.0,-2.86920301865115,-0.40678995479452423,0.05,0.025,0,1-2
1,False,0.9616302746944836,1.0,-1.7885907227408862,-0.2535828711039471,0.05,0.025,1,2-3
