,reject,pvals,pvals_corrected,tstats,effectsize,alpha,alpha_corrected,step,dimension_step
0,False,0.9881382402431185,1.0,-2.2970233248871885,-0.325667444380462,0.05,0.025,0,1-2
1,False,0.992304480078226,1.0,-2.465790016936059,-0.34959485369346904,0.05,0.025,1,2-3
