{
  "data": {
    "name": "normal-1-20",
    "n_dimension": 1,
    "distance": "euclidean",
    "subject": null,
    "n_objects": 20,
    "n_train_triplets": 239,
    "n_test_triplets": 10000,
    "frac_train_ndlogn": 3.9890079983092424,
    "frac_train_triplets": 0.06988304093567252,
    "max_train_score": 0.702928870292887,
    "max_test_score": 0.6835,
    "noise_sd": 2.0,
    "distance_sd": 1.0167088494652716,
    "distance_mean": 1.2610475038787923,
    "difference_sd": 0.9039049091816542,
    "difference_mean": -0.0943160729563925
  },
  "n_repeats": 10,
  "n_splits": 10,
  "embedding_method": "soe",
  "embedding_dimension": [
    1,
    2,
    3
  ],
  "random_state": 3415774632,
  "alpha": 0.05
}