,reject,pvals,pvals_corrected,tstats,effectsize,alpha,alpha_corrected,step,dimension_step
0,False,0.9999985120849624,0.9999985120849624,-4.955989602564471,-0.702650447976004,0.05,0.025,0,1-2
1,False,0.15334305277717294,0.3066861055543459,1.0275062456405473,0.14567781244413547,0.05,0.025,1,2-3
