{
  "data": {
    "name": "normal-1-20",
    "n_dimension": 1,
    "distance": "euclidean",
    "subject": null,
    "n_objects": 20,
    "n_train_triplets": 239,
    "n_test_triplets": 10000,
    "frac_train_ndlogn": 3.9890079983092424,
    "frac_train_triplets": 0.06988304093567252,
    "max_train_score": 0.8577405857740585,
    "max_test_score": 0.887,
    "noise_sd": 0.5,
    "distance_sd": 1.0254484105594421,
    "distance_mean": 1.3890084274974117,
    "difference_sd": 0.9822284973642281,
    "difference_mean": -0.10176925526504767
  },
  "n_repeats": 10,
  "n_splits": 10,
  "embedding_method": "soe",
  "embedding_dimension": [
    1,
    2,
    3
  ],
  "random_state": 2626811714,
  "alpha": 0.05
}