,reject,pvals,pvals_corrected,tstats,effectsize,alpha,alpha_corrected,step,dimension_step
0,False,0.9913449919500735,1.0,-2.4207627348365803,-0.343210974291872,0.05,0.025,0,1-2
1,False,0.9999102825708276,1.0,-3.893529500531021,-0.5520169465933257,0.05,0.025,1,2-3
