,reject,pvals,pvals_corrected,tstats,effectsize,alpha,alpha_corrected,step,dimension_step
0,False,0.9995641536447732,1.0,-3.433402752749328,-0.4867810822389588,0.05,0.025,0,1-2
1,False,0.7696545174423776,1.0,-0.7405966182440928,-0.10500033036983272,0.05,0.025,1,2-3
