,reject,pvals,pvals_corrected,tstats,effectsize,alpha,alpha_corrected,step,dimension_step
0,False,0.9911677796295717,1.0,-2.4129373164857895,-0.34210150188560673,0.05,0.025,0,1-2
1,False,0.6666363139315595,1.0,-0.43193578214193756,-0.06123900475131191,0.05,0.025,1,2-3
