,reject,pvals,pvals_corrected,tstats,effectsize,alpha,alpha_corrected,step,dimension_step
0,False,0.9999998560607463,1.0,-5.5075275823195025,-0.780846416819466,0.05,0.025,0,1-2
1,False,0.5629617421338158,1.0,-0.15889344673204772,-0.022527600031475706,0.05,0.025,1,2-3
