,reject,pvals,pvals_corrected,tstats,effectsize,alpha,alpha_corrected,step,dimension_step
0,False,0.9851416018813971,0.9851416018813971,-2.2057198101486497,-0.3127226118288317,0.05,0.025,0,1-2
1,False,0.2546741463820768,0.5093482927641536,0.6622522622799136,0.09389282183387107,0.05,0.025,1,2-3
