,reject,pvals,pvals_corrected,tstats,effectsize,alpha,alpha_corrected,step,dimension_step
0,False,0.515020137427526,1.0,-0.03775415277589567,-0.005352709446204391,0.05,0.025,0,1-2
1,False,0.6297111431259406,1.0,-0.33201781477694914,-0.047072832067347414,0.05,0.025,1,2-3
