,reject,pvals,pvals_corrected,tstats,effectsize,alpha,alpha_corrected,step,dimension_step
0,False,0.99922835017696,0.99922835017696,-3.2568666185779667,-0.46175213671912296,0.05,0.025,0,1-2
1,False,0.2586767630782448,0.5173535261564896,0.6497577512913186,0.09212137466642048,0.05,0.025,1,2-3
