,reject,pvals,pvals_corrected,tstats,effectsize,alpha,alpha_corrected,step,dimension_step
0,False,0.9041555446422975,1.0,-1.3145785515515698,-0.18637835875793504,0.05,0.025,0,1-2
1,False,0.9807092080739366,1.0,-2.0965613019656963,-0.2972463334614485,0.05,0.025,1,2-3
