,reject,pvals,pvals_corrected,tstats,effectsize,alpha,alpha_corrected,step,dimension_step
0,False,0.9812185882563081,1.0,-2.1079262671235792,-0.29885763584498987,0.05,0.025,0,1-2
1,False,0.8347366574063537,1.0,-0.9778607854448111,-0.13863917684480764,0.05,0.025,1,2-3
