,reject,pvals,pvals_corrected,tstats,effectsize,alpha,alpha_corrected,step,dimension_step
0,False,0.9480231860545184,0.9480231860545184,-1.6410825184862565,-0.23266944833445227,0.05,0.025,0,1-2
1,True,0.02208347689032889,0.04416695378065778,2.0384917515757337,0.2890133469406215,0.05,0.025,1,2-3
