{
  "data": {
    "name": "normal-1-20",
    "n_dimension": 1,
    "distance": "euclidean",
    "subject": null,
    "n_objects": 20,
    "n_train_triplets": 239,
    "n_test_triplets": 10000,
    "frac_train_ndlogn": 3.9890079983092424,
    "frac_train_triplets": 0.06988304093567252,
    "max_train_score": 0.7573221757322176,
    "max_test_score": 0.7567,
    "noise_sd": 1.0,
    "distance_sd": 1.0100112996157717,
    "distance_mean": 1.1542675953518173,
    "difference_sd": 0.9368677483272391,
    "difference_mean": -0.1512855327853187
  },
  "n_repeats": 10,
  "n_splits": 10,
  "embedding_method": "soe",
  "embedding_dimension": [
    1,
    2,
    3
  ],
  "random_state": 618649547,
  "alpha": 0.05
}