,reject,pvals,pvals_corrected,tstats,effectsize,alpha,alpha_corrected,step,dimension_step
0,False,0.6471367175906674,1.0,-0.3786932607731712,-0.05369038490114568,0.05,0.025,0,1-2
1,False,0.9934634648099888,1.0,-2.5274182430523244,-0.35833238225207487,0.05,0.025,1,2-3
