,reject,pvals,pvals_corrected,tstats,effectsize,alpha,alpha_corrected,step,dimension_step
0,False,0.9999992863290191,1.0,-5.132709540255253,-0.7277054527969314,0.05,0.025,0,1-2
1,False,0.8156097762452377,1.0,-0.9028813834100097,-0.1280087448516766,0.05,0.025,1,2-3
