,reject,pvals,pvals_corrected,tstats,effectsize,alpha,alpha_corrected,step,dimension_step
0,False,0.9761656486979025,1.0,-2.0052250473827926,-0.2842968591191458,0.05,0.025,0,1-2
1,False,0.9999210463731162,1.0,-3.9291918952229077,-0.5570730906968534,0.05,0.025,1,2-3
