,reject,pvals,pvals_corrected,tstats,effectsize,alpha,alpha_corrected,step,dimension_step
0,False,0.9999850006173733,0.9999850006173733,-4.375812321526788,-0.6203940553847677,0.05,0.025,0,1-2
1,False,0.054298716218964725,0.10859743243792945,1.619145428538968,0.22955925091378454,0.05,0.025,1,2-3
