,reject,pvals,pvals_corrected,tstats,effectsize,alpha,alpha_corrected,step,dimension_step
0,False,0.9994259285129771,0.9994259285129771,-3.349051573396057,-0.4748219381097598,0.05,0.025,0,1-2
1,False,0.3073746022629975,0.614749204525995,0.504902786007605,0.07158412289424511,0.05,0.025,1,2-3
