,reject,pvals,pvals_corrected,tstats,effectsize,alpha,alpha_corrected,step,dimension_step
0,False,0.9426920460396687,1.0,-1.5918084658869707,-0.22568347017288268,0.05,0.025,0,1-2
1,False,0.9998478197656009,1.0,-3.7438144114539,-0.5307906360388458,0.05,0.025,1,2-3
