,reject,pvals,pvals_corrected,tstats,effectsize,alpha,alpha_corrected,step,dimension_step
0,False,0.9999998656720098,1.0,-5.523423095227448,-0.7831000513427905,0.05,0.025,0,1-2
1,False,0.999422478440818,1.0,-3.347201049199043,-0.4745595744326146,0.05,0.025,1,2-3
