{
  "data": {
    "name": "normal-1-20",
    "n_dimension": 1,
    "distance": "euclidean",
    "subject": null,
    "n_objects": 20,
    "n_train_triplets": 119,
    "n_test_triplets": 10000,
    "frac_train_ndlogn": 1.9861587941372378,
    "frac_train_triplets": 0.0347953216374269,
    "max_train_score": 0.7647058823529411,
    "max_test_score": 0.718,
    "noise_sd": 1.0,
    "distance_sd": 1.0000700212188909,
    "distance_mean": 0.9760434926140878,
    "difference_sd": 0.8384416716346053,
    "difference_mean": -0.18787061913290107
  },
  "n_repeats": 10,
  "n_splits": 10,
  "embedding_method": "soe",
  "embedding_dimension": [
    1,
    2,
    3
  ],
  "random_state": 221763584,
  "alpha": 0.05
}