,reject,pvals,pvals_corrected,tstats,effectsize,alpha,alpha_corrected,step,dimension_step
0,False,0.9999777744508243,1.0,-4.272657192871576,-0.6057689243467402,0.05,0.025,0,1-2
1,False,0.9266277517594339,1.0,-1.462599290038343,-0.20736444762173167,0.05,0.025,1,2-3
