,reject,pvals,pvals_corrected,tstats,effectsize,alpha,alpha_corrected,step,dimension_step
0,False,0.9999999997771508,1.0,-6.923504749593836,-0.9816008716702741,0.05,0.025,0,1-2
1,False,0.9978081273328157,1.0,-2.916163437104491,-0.4134479104622089,0.05,0.025,1,2-3
