,reject,pvals,pvals_corrected,tstats,effectsize,alpha,alpha_corrected,step,dimension_step
0,False,0.976337263693661,1.0,-2.00839164773732,-0.2847458134826736,0.05,0.025,0,1-2
1,False,0.9485219537020657,1.0,-1.6458975409895253,-0.23335211274464107,0.05,0.025,1,2-3
