,reject,pvals,pvals_corrected,tstats,effectsize,alpha,alpha_corrected,step,dimension_step
0,False,0.999209028599201,0.999209028599201,-3.24907928720905,-0.46064806421015814,0.05,0.025,0,1-2
1,False,0.21325283026126562,0.42650566052253125,0.7984759586558527,0.1132063492944557,0.05,0.025,1,2-3
