,reject,pvals,pvals_corrected,tstats,effectsize,alpha,alpha_corrected,step,dimension_step
0,False,0.9967630004070797,1.0,-2.781767500594488,-0.39439351919673016,0.05,0.025,0,1-2
1,False,0.8400514041363625,1.0,-0.9996911894179297,-0.14173424853811217,0.05,0.025,1,2-3
