{
  "data": {
    "name": "normal-1-20",
    "n_dimension": 1,
    "distance": "euclidean",
    "subject": null,
    "n_objects": 20,
    "n_train_triplets": 119,
    "n_test_triplets": 10000,
    "frac_train_ndlogn": 1.9861587941372378,
    "frac_train_triplets": 0.0347953216374269,
    "max_train_score": 0.7983193277310925,
    "max_test_score": 0.7857,
    "noise_sd": 1.0,
    "distance_sd": 1.021248813894977,
    "distance_mean": 1.3289219908467356,
    "difference_sd": 0.8867404590283899,
    "difference_mean": -0.146834064444841
  },
  "n_repeats": 10,
  "n_splits": 10,
  "embedding_method": "soe",
  "embedding_dimension": [
    1,
    2,
    3
  ],
  "random_state": 2130683093,
  "alpha": 0.05
}