,reject,pvals,pvals_corrected,tstats,effectsize,alpha,alpha_corrected,step,dimension_step
0,False,0.999947404621796,1.0,-4.0412215484972585,-0.5729564343622813,0.05,0.025,0,1-2
1,False,0.8584624984672239,1.0,-1.0793034761816584,-0.15302152180639791,0.05,0.025,1,2-3
