,reject,pvals,pvals_corrected,tstats,effectsize,alpha,alpha_corrected,step,dimension_step
0,False,0.9562037403252351,1.0,-1.7253064763184272,-0.24461055524687683,0.05,0.025,0,1-2
1,False,0.7141633543784278,1.0,-0.5674791928237225,-0.08045608264559764,0.05,0.025,1,2-3
