{
  "data": {
    "name": "normal-1-20",
    "n_dimension": 1,
    "distance": "euclidean",
    "subject": null,
    "n_objects": 20,
    "n_train_triplets": 479,
    "n_test_triplets": 10000,
    "frac_train_ndlogn": 7.994706406653251,
    "frac_train_triplets": 0.14005847953216374,
    "max_train_score": 0.7181628392484343,
    "max_test_score": 0.692,
    "noise_sd": 2.0,
    "distance_sd": 1.0257727505243976,
    "distance_mean": 1.3935512113479624,
    "difference_sd": 1.0247948167659,
    "difference_mean": -0.052486218276116194
  },
  "n_repeats": 10,
  "n_splits": 10,
  "embedding_method": "soe",
  "embedding_dimension": [
    1,
    2,
    3
  ],
  "random_state": 2832580681,
  "alpha": 0.05
}