,reject,pvals,pvals_corrected,tstats,effectsize,alpha,alpha_corrected,step,dimension_step
0,False,0.2929877000289668,0.5859754000579336,0.546465650171186,0.07747682394200242,0.05,0.025,0,1-2
1,False,0.9297267844038463,0.9297267844038463,-1.4856606983843037,-0.21063404869128638,0.05,0.025,1,2-3
