,reject,pvals,pvals_corrected,tstats,effectsize,alpha,alpha_corrected,step,dimension_step
0,False,0.9999941483793547,0.9999941483793547,-4.617133109581395,-0.6546080415773035,0.05,0.025,0,1-2
1,False,0.11785802518260687,0.23571605036521373,1.1930119062759796,0.1691428791440082,0.05,0.025,1,2-3
