,reject,pvals,pvals_corrected,tstats,effectsize,alpha,alpha_corrected,step,dimension_step
0,False,0.9999573286340298,1.0,-4.098137050476982,-0.5810258021717171,0.05,0.025,0,1-2
1,False,0.9742169512037269,1.0,-1.9705679067908912,-0.27938323796266357,0.05,0.025,1,2-3
