,reject,pvals,pvals_corrected,tstats,effectsize,alpha,alpha_corrected,step,dimension_step
0,False,0.9677340209951885,0.9677340209951885,-1.869334308714989,-0.26503053774685836,0.05,0.025,0,1-2
1,False,0.04545885982643923,0.09091771965287845,1.7072091217550909,0.2420447479488694,0.05,0.025,1,2-3
