,reject,pvals,pvals_corrected,tstats,effectsize,alpha,alpha_corrected,step,dimension_step
0,False,0.9904250821029461,0.9904250821029461,-2.3815890363675543,-0.337657004452247,0.05,0.025,0,1-2
1,False,0.2534140972593766,0.5068281945187532,0.6662071356628958,0.094453535995338,0.05,0.025,1,2-3
