,reject,pvals,pvals_corrected,tstats,effectsize,alpha,alpha_corrected,step,dimension_step
0,False,0.9999999639941441,1.0,-5.822354101364804,-0.8254819008260185,0.05,0.025,0,1-2
1,False,0.8908866192952793,1.0,-1.2391307278785662,-0.17568151486721767,0.05,0.025,1,2-3
