,reject,pvals,pvals_corrected,tstats,effectsize,alpha,alpha_corrected,step,dimension_step
0,False,0.8474724521847866,1.0,-1.0309955508065398,-0.14617251926045746,0.05,0.025,0,1-2
1,False,0.9994498927063256,1.0,-3.362201013370981,-0.4766862398193988,0.05,0.025,1,2-3
