,reject,pvals,pvals_corrected,tstats,effectsize,alpha,alpha_corrected,step,dimension_step
0,False,0.9997143642921507,0.9997143642921507,-3.560194077013962,-0.5047573065530526,0.05,0.025,0,1-2
1,False,0.1555189585030762,0.3110379170061524,1.0182568033810313,0.14436644473185978,0.05,0.025,1,2-3
