,reject,pvals,pvals_corrected,tstats,effectsize,alpha,alpha_corrected,step,dimension_step
0,False,0.9999807990453738,1.0,-4.311203007220264,-0.6112338740120282,0.05,0.025,0,1-2
1,False,0.9993106492125662,1.0,-3.2922214647747743,-0.4667646772025523,0.05,0.025,1,2-3
