,reject,pvals,pvals_corrected,tstats,effectsize,alpha,alpha_corrected,step,dimension_step
0,False,0.999999999850952,1.0,-7.007906367150588,-0.9935671668286545,0.05,0.025,0,1-2
1,False,0.9617825617795154,1.0,-1.7904706836663515,-0.253849408262494,0.05,0.025,1,2-3
