,reject,pvals,pvals_corrected,tstats,effectsize,alpha,alpha_corrected,step,dimension_step
0,False,0.9999997734880675,0.9999997734880675,-5.402687529959775,-0.7659824006160679,0.05,0.025,0,1-2
1,False,0.3081161415424293,0.6162322830848586,0.5027847610664212,0.0712838334882752,0.05,0.025,1,2-3
