,reject,pvals,pvals_corrected,tstats,effectsize,alpha,alpha_corrected,step,dimension_step
0,False,0.9999999971969653,1.0,-6.384126790648465,-0.9051289266352729,0.05,0.025,0,1-2
1,False,0.9970448736014504,1.0,-2.8135661867533885,-0.39890187431172847,0.05,0.025,1,2-3
