,reject,pvals,pvals_corrected,tstats,effectsize,alpha,alpha_corrected,step,dimension_step
0,False,0.9999999999349836,1.0,-7.181048334212756,-1.0181148940185434,0.05,0.025,0,1-2
1,False,0.9964257777349951,1.0,-2.74689129894271,-0.38944883999448915,0.05,0.025,1,2-3
