,reject,pvals,pvals_corrected,tstats,effectsize,alpha,alpha_corrected,step,dimension_step
0,False,0.5387663243408689,0.8502117312361754,-0.0975746220047522,-0.013833937792615958,0.05,0.025,0,1-2
1,False,0.4251058656180877,0.8502117312361754,0.18934288709061858,0.02684466173344083,0.05,0.025,1,2-3
