,reject,pvals,pvals_corrected,tstats,effectsize,alpha,alpha_corrected,step,dimension_step
0,False,0.9999391965830233,1.0,-4.001454589869361,-0.5673183532654048,0.05,0.025,0,1-2
1,False,0.7293504376028574,1.0,-0.6129740415838997,-0.08690625272775394,0.05,0.025,1,2-3
