,reject,pvals,pvals_corrected,tstats,effectsize,alpha,alpha_corrected,step,dimension_step
0,False,0.9999999701388436,1.0,-5.864278102669009,-0.8314258031865285,0.05,0.025,0,1-2
1,False,0.9893428758616518,1.0,-2.339570391515369,-0.33169968371584857,0.05,0.025,1,2-3
