,reject,pvals,pvals_corrected,tstats,effectsize,alpha,alpha_corrected,step,dimension_step
0,False,0.9999999743579597,1.0,-5.898309943282908,-0.8362507705432862,0.05,0.025,0,1-2
1,False,0.5218772085066155,1.0,-0.05500468524293211,-0.00779845597471117,0.05,0.025,1,2-3
