,reject,pvals,pvals_corrected,tstats,effectsize,alpha,alpha_corrected,step,dimension_step
0,False,0.990753064296904,1.0,-2.3951563398537346,-0.3395805500277781,0.05,0.025,0,1-2
1,False,0.9981383736737822,1.0,-2.971203662999306,-0.42125140532056793,0.05,0.025,1,2-3
