,reject,pvals,pvals_corrected,tstats,effectsize,alpha,alpha_corrected,step,dimension_step
0,False,0.9999999312642912,1.0,-5.67644532642193,-0.804795241995219,0.05,0.025,0,1-2
1,False,0.5276365147033659,1.0,-0.06950611105736917,-0.009854439574743842,0.05,0.025,1,2-3
