,reject,pvals,pvals_corrected,tstats,effectsize,alpha,alpha_corrected,step,dimension_step
0,False,0.9999999999359334,1.0,-7.184108691948521,-1.0185487855127648,0.05,0.025,0,1-2
1,False,0.9619829583404276,1.0,-1.7929540218199902,-0.25420149105645856,0.05,0.025,1,2-3
