,reject,pvals,pvals_corrected,tstats,effectsize,alpha,alpha_corrected,step,dimension_step
0,False,0.9999981757283427,0.9999981757283427,-4.906375302635094,-0.6956162302178888,0.05,0.025,0,1-2
1,False,0.3422615507379009,0.6845231014758018,0.40749661398146436,0.057774067607934604,0.05,0.025,1,2-3
