,reject,pvals,pvals_corrected,tstats,effectsize,alpha,alpha_corrected,step,dimension_step
0,False,0.9999328136267348,1.0,-3.9739365144855587,-0.5634168947179815,0.05,0.025,0,1-2
1,False,0.5497997047667721,1.0,-0.12547674444927193,-0.01778984577615537,0.05,0.025,1,2-3
