,reject,pvals,pvals_corrected,tstats,effectsize,alpha,alpha_corrected,step,dimension_step
0,False,0.999999512871479,1.0,-5.223327021112237,-0.7405530208155708,0.05,0.025,0,1-2
1,False,0.9938428435573363,1.0,-2.5497346911997067,-0.3614963643314314,0.05,0.025,1,2-3
