,reject,pvals,pvals_corrected,tstats,effectsize,alpha,alpha_corrected,step,dimension_step
0,False,0.9995994382063609,1.0,-3.45897848975076,-0.4904071598748105,0.05,0.025,0,1-2
1,False,0.9726566626017917,1.0,-1.9443888856452838,-0.2756716278886602,0.05,0.025,1,2-3
