,reject,pvals,pvals_corrected,tstats,effectsize,alpha,alpha_corrected,step,dimension_step
0,False,0.9999840527650063,1.0,-4.359833890392607,-0.6181286648785858,0.05,0.025,0,1-2
1,False,0.9069935956980426,1.0,-1.3317121892237176,-0.18880753217257734,0.05,0.025,1,2-3
