,reject,pvals,pvals_corrected,tstats,effectsize,alpha,alpha_corrected,step,dimension_step
0,False,0.9999003553747063,1.0,-3.8640902781734776,-0.5478431116105223,0.05,0.025,0,1-2
1,False,0.5621157953563658,1.0,-0.15674070463752074,-0.022222388495859596,0.05,0.025,1,2-3
