,reject,pvals,pvals_corrected,tstats,effectsize,alpha,alpha_corrected,step,dimension_step
0,False,0.7883419613477662,1.0,-0.8040126610158306,-0.11399133205380917,0.05,0.025,0,1-2
1,False,0.9977367742042844,1.0,-2.905282786572158,-0.41190527325270837,0.05,0.025,1,2-3
