,reject,pvals,pvals_corrected,tstats,effectsize,alpha,alpha_corrected,step,dimension_step
0,False,0.834583250777253,0.834583250777253,-0.97723758456048,-0.13855082065045088,0.05,0.025,0,1-2
1,True,0.0048808316783129765,0.009761663356625953,2.635189683467555,0.37361200488235574,0.05,0.025,1,2-3
