{
  "data": {
    "name": "normal-1-20",
    "n_dimension": 1,
    "distance": "euclidean",
    "subject": null,
    "n_objects": 20,
    "n_train_triplets": 239,
    "n_test_triplets": 10000,
    "frac_train_ndlogn": 3.9890079983092424,
    "frac_train_triplets": 0.06988304093567252,
    "max_train_score": 0.8619246861924686,
    "max_test_score": 0.8781,
    "noise_sd": 0.5,
    "distance_sd": 1.02067304278219,
    "distance_mean": 1.3204907212785826,
    "difference_sd": 0.9596600760935029,
    "difference_mean": -0.13190096953426098
  },
  "n_repeats": 10,
  "n_splits": 10,
  "embedding_method": "soe",
  "embedding_dimension": [
    1,
    2,
    3
  ],
  "random_state": 497866755,
  "alpha": 0.05
}