,reject,pvals,pvals_corrected,tstats,effectsize,alpha,alpha_corrected,step,dimension_step
0,False,0.8640548954618107,1.0,-1.1048786335127065,-0.15664751725772394,0.05,0.025,0,1-2
1,False,0.70257627786331,1.0,-0.5335519632967249,-0.0756459468427715,0.05,0.025,1,2-3
