,reject,pvals,pvals_corrected,tstats,effectsize,alpha,alpha_corrected,step,dimension_step
0,False,0.6519939735092162,1.0,-0.39184894586500807,-0.055555572031164506,0.05,0.025,0,1-2
1,False,0.9829259437188159,1.0,-2.148070547347403,-0.3045492128548262,0.05,0.025,1,2-3
