{
  "data": {
    "name": "normal-1-20",
    "n_dimension": 1,
    "distance": "euclidean",
    "subject": null,
    "n_objects": 20,
    "n_train_triplets": 479,
    "n_test_triplets": 10000,
    "frac_train_ndlogn": 7.994706406653251,
    "frac_train_triplets": 0.14005847953216374,
    "max_train_score": 0.8183716075156576,
    "max_test_score": 0.7828,
    "noise_sd": 1.0,
    "distance_sd": 1.0215594355425994,
    "distance_mean": 1.3334503839949097,
    "difference_sd": 0.9450052619615547,
    "difference_mean": -0.09198963596741337
  },
  "n_repeats": 10,
  "n_splits": 10,
  "embedding_method": "soe",
  "embedding_dimension": [
    1,
    2,
    3
  ],
  "random_state": 3690588264,
  "alpha": 0.05
}