,reject,pvals,pvals_corrected,tstats,effectsize,alpha,alpha_corrected,step,dimension_step
0,False,0.9999989752021498,1.0,-5.046085220032883,-0.7154240272309114,0.05,0.025,0,1-2
1,False,0.9326351127390183,1.0,-1.508036839973912,-0.21380649398935098,0.05,0.025,1,2-3
