,reject,pvals,pvals_corrected,tstats,effectsize,alpha,alpha_corrected,step,dimension_step
0,False,0.7061550902739622,1.0,-0.5439631333508831,-0.07712202203443921,0.05,0.025,0,1-2
1,False,0.9999687836260456,1.0,-4.182323906197145,-0.5929616488197517,0.05,0.025,1,2-3
