{
  "data": {
    "name": "normal-1-20",
    "n_dimension": 1,
    "distance": "euclidean",
    "subject": null,
    "n_objects": 20,
    "n_train_triplets": 479,
    "n_test_triplets": 10000,
    "frac_train_ndlogn": 7.994706406653251,
    "frac_train_triplets": 0.14005847953216374,
    "max_train_score": 0.8684759916492694,
    "max_test_score": 0.8647,
    "noise_sd": 0.5,
    "distance_sd": 1.016507708343628,
    "distance_mean": 1.2579628378128966,
    "difference_sd": 0.8680236131919147,
    "difference_mean": -0.16405062051612565
  },
  "n_repeats": 10,
  "n_splits": 10,
  "embedding_method": "soe",
  "embedding_dimension": [
    1,
    2,
    3
  ],
  "random_state": 4182368691,
  "alpha": 0.05
}