,reject,pvals,pvals_corrected,tstats,effectsize,alpha,alpha_corrected,step,dimension_step
0,True,0.0015450282568662487,0.0030900565137324974,3.0331891639053192,0.43003958759542377,0.05,0.025,0,1-2
1,False,0.9999995319238343,0.9999995319238343,-5.232747690151485,-0.7418886647235476,0.05,0.025,1,2-3
