,reject,pvals,pvals_corrected,tstats,effectsize,alpha,alpha_corrected,step,dimension_step
0,False,0.9999017121875411,1.0,-3.8679443092927164,-0.5483895285543846,0.05,0.025,0,1-2
1,False,0.9843302820255952,1.0,-2.1837916809994957,-0.30961368485248053,0.05,0.025,1,2-3
