,reject,pvals,pvals_corrected,tstats,effectsize,alpha,alpha_corrected,step,dimension_step
0,False,0.06378738766762881,0.12757477533525763,1.536626495784973,0.21785987909991034,0.05,0.025,0,1-2
1,False,0.9187543377487313,0.9187543377487313,-1.4072290940200431,-0.19951417024894508,0.05,0.025,1,2-3
