{
  "data": {
    "name": "normal-1-20",
    "n_dimension": 1,
    "distance": "euclidean",
    "subject": null,
    "n_objects": 20,
    "n_train_triplets": 479,
    "n_test_triplets": 10000,
    "frac_train_ndlogn": 7.994706406653251,
    "frac_train_triplets": 0.14005847953216374,
    "max_train_score": 0.6784968684759917,
    "max_test_score": 0.6893,
    "noise_sd": 2.0,
    "distance_sd": 1.0264292107807516,
    "distance_mean": 1.4027050902224383,
    "difference_sd": 0.9702904357995238,
    "difference_mean": -0.07229716158491328
  },
  "n_repeats": 10,
  "n_splits": 10,
  "embedding_method": "soe",
  "embedding_dimension": [
    1,
    2,
    3
  ],
  "random_state": 389414537,
  "alpha": 0.05
}