,reject,pvals,pvals_corrected,tstats,effectsize,alpha,alpha_corrected,step,dimension_step
0,False,0.9980713483546217,0.9980713483546217,-2.959342020863195,-0.4195696850529635,0.05,0.025,0,1-2
1,False,0.29306103933885774,0.5861220786777155,0.5462514105531705,0.07744644947077776,0.05,0.025,1,2-3
