,reject,pvals,pvals_corrected,tstats,effectsize,alpha,alpha_corrected,step,dimension_step
0,False,0.9438475883961389,0.9438475883961389,-1.6021666859031474,-0.22715203821241903,0.05,0.025,0,1-2
1,False,0.20961758174296158,0.41923516348592316,0.81113288175603,0.1150008229313123,0.05,0.025,1,2-3
