,reject,pvals,pvals_corrected,tstats,effectsize,alpha,alpha_corrected,step,dimension_step
0,False,0.999765213580838,0.999765213580838,-3.618014019727725,-0.512954904189002,0.05,0.025,0,1-2
1,True,0.008390057977478958,0.016780115954957917,2.4327328463754,0.34490807313782645,0.05,0.025,1,2-3
