,reject,pvals,pvals_corrected,tstats,effectsize,alpha,alpha_corrected,step,dimension_step
0,False,0.37791094979605483,0.7558218995921097,0.3118347406273031,0.04421131555297793,0.05,0.025,0,1-2
1,False,0.9068152218244275,0.9068152218244275,-1.3306238762391902,-0.18865323330041656,0.05,0.025,1,2-3
