{
  "data": {
    "name": "normal-1-20",
    "n_dimension": 1,
    "distance": "euclidean",
    "subject": null,
    "n_objects": 20,
    "n_train_triplets": 239,
    "n_test_triplets": 10000,
    "frac_train_ndlogn": 3.9890079983092424,
    "frac_train_triplets": 0.06988304093567252,
    "max_train_score": 0.6527196652719666,
    "max_test_score": 0.6873,
    "noise_sd": 2.0,
    "distance_sd": 1.0240852528657212,
    "distance_mean": 1.369766950106444,
    "difference_sd": 0.9718898966598246,
    "difference_mean": -0.07499345068977614
  },
  "n_repeats": 10,
  "n_splits": 10,
  "embedding_method": "soe",
  "embedding_dimension": [
    1,
    2,
    3
  ],
  "random_state": 781079494,
  "alpha": 0.05
}