,reject,pvals,pvals_corrected,tstats,effectsize,alpha,alpha_corrected,step,dimension_step
0,False,0.7662583095613311,1.0,-0.7293931769955445,-0.10341192852813152,0.05,0.025,0,1-2
1,False,0.8445619716854598,1.0,-1.0185992657640863,-0.14441499837425323,0.05,0.025,1,2-3
