,reject,pvals,pvals_corrected,tstats,effectsize,alpha,alpha_corrected,step,dimension_step
0,False,0.9965646648944191,1.0,-2.7608756828854926,-0.39143151841596524,0.05,0.025,0,1-2
1,False,0.999879130079625,1.0,-3.809543645197728,-0.5401095973843906,0.05,0.025,1,2-3
