{
  "data": {
    "name": "normal-1-20",
    "n_dimension": 1,
    "distance": "euclidean",
    "subject": null,
    "n_objects": 20,
    "n_train_triplets": 239,
    "n_test_triplets": 10000,
    "frac_train_ndlogn": 3.9890079983092424,
    "frac_train_triplets": 0.06988304093567252,
    "max_train_score": 0.7866108786610879,
    "max_test_score": 0.7926,
    "noise_sd": 1.0,
    "distance_sd": 1.0235784805752217,
    "distance_mean": 1.362550994288624,
    "difference_sd": 0.9462905339111509,
    "difference_mean": -0.07439316917431506
  },
  "n_repeats": 10,
  "n_splits": 10,
  "embedding_method": "soe",
  "embedding_dimension": [
    1,
    2,
    3
  ],
  "random_state": 1653532464,
  "alpha": 0.05
}