,reject,pvals,pvals_corrected,tstats,effectsize,alpha,alpha_corrected,step,dimension_step
0,False,0.9985275931787235,0.9985275931787235,-3.0490578135322224,-0.4322894134956533,0.05,0.025,0,1-2
1,False,0.17146059305004485,0.3429211861000897,0.9529800396072445,0.13511163368779677,0.05,0.025,1,2-3
