,reject,pvals,pvals_corrected,tstats,effectsize,alpha,alpha_corrected,step,dimension_step
0,False,0.735559338482549,1.0,-0.6319421424821732,-0.08959551272671146,0.05,0.025,0,1-2
1,False,0.9999986325544906,1.0,-4.976465719054255,-0.7055535114563856,0.05,0.025,1,2-3
