,reject,pvals,pvals_corrected,tstats,effectsize,alpha,alpha_corrected,step,dimension_step
0,False,0.9811003418319124,1.0,-2.105264521699251,-0.298480258819454,0.05,0.025,0,1-2
1,False,0.9999789759676285,1.0,-4.287326196270748,-0.6078486667667923,0.05,0.025,1,2-3
