{
  "data": {
    "name": "normal-1-20",
    "n_dimension": 1,
    "distance": "euclidean",
    "subject": null,
    "n_objects": 20,
    "n_train_triplets": 239,
    "n_test_triplets": 10000,
    "frac_train_ndlogn": 3.9890079983092424,
    "frac_train_triplets": 0.06988304093567252,
    "max_train_score": 0.8786610878661087,
    "max_test_score": 0.8813,
    "noise_sd": 0.5,
    "distance_sd": 1.022827672636142,
    "distance_mean": 1.3517960313209512,
    "difference_sd": 0.9830627550765263,
    "difference_mean": -0.11231088453748152
  },
  "n_repeats": 10,
  "n_splits": 10,
  "embedding_method": "soe",
  "embedding_dimension": [
    1,
    2,
    3
  ],
  "random_state": 2194771627,
  "alpha": 0.05
}