,reject,pvals,pvals_corrected,tstats,effectsize,alpha,alpha_corrected,step,dimension_step
0,False,0.22802628149576154,0.4560525629915231,0.7483011455518762,0.10609266308204343,0.05,0.025,0,1-2
1,False,0.6344595183705437,0.6344595183705437,-0.3446601808800013,-0.04886524184181297,0.05,0.025,1,2-3
