,reject,pvals,pvals_corrected,tstats,effectsize,alpha,alpha_corrected,step,dimension_step
0,False,0.9999977343454823,1.0,-4.853326967431422,-0.6880951416998755,0.05,0.025,0,1-2
1,False,0.9995572634708544,1.0,-3.4286369820074967,-0.4861054006465345,0.05,0.025,1,2-3
