,reject,pvals,pvals_corrected,tstats,effectsize,alpha,alpha_corrected,step,dimension_step
0,False,0.9901418479841004,1.0,-2.3702006858407985,-0.3360423865371505,0.05,0.025,0,1-2
1,False,0.999999756125578,1.0,-5.385517046269033,-0.7635480032454557,0.05,0.025,1,2-3
