{
  "data": {
    "name": "normal-1-20",
    "n_dimension": 1,
    "distance": "euclidean",
    "subject": null,
    "n_objects": 20,
    "n_train_triplets": 479,
    "n_test_triplets": 10000,
    "frac_train_ndlogn": 7.994706406653251,
    "frac_train_triplets": 0.14005847953216374,
    "max_train_score": 0.7599164926931107,
    "max_test_score": 0.7798,
    "noise_sd": 1.0,
    "distance_sd": 1.0167241111375065,
    "distance_mean": 1.261281271247101,
    "difference_sd": 0.8829968056841295,
    "difference_mean": -0.11553340749285665
  },
  "n_repeats": 10,
  "n_splits": 10,
  "embedding_method": "soe",
  "embedding_dimension": [
    1,
    2,
    3
  ],
  "random_state": 4192499779,
  "alpha": 0.05
}