,reject,pvals,pvals_corrected,tstats,effectsize,alpha,alpha_corrected,step,dimension_step
0,False,0.9998706850390473,1.0,-3.7903485326327053,-0.5373881521182859,0.05,0.025,0,1-2
1,False,0.6228485680845178,1.0,-0.31384004521093894,-0.04449562368859044,0.05,0.025,1,2-3
