,reject,pvals,pvals_corrected,tstats,effectsize,alpha,alpha_corrected,step,dimension_step
0,False,0.704718866676101,1.0,-0.5397779240007233,-0.07652865129305561,0.05,0.025,0,1-2
1,False,0.8317089796095127,1.0,-0.9656305190916975,-0.13690519376150287,0.05,0.025,1,2-3
