{
  "data": {
    "name": "normal-1-20",
    "n_dimension": 1,
    "distance": "euclidean",
    "subject": null,
    "n_objects": 20,
    "n_train_triplets": 239,
    "n_test_triplets": 10000,
    "frac_train_ndlogn": 3.9890079983092424,
    "frac_train_triplets": 0.06988304093567252,
    "max_train_score": 0.8158995815899581,
    "max_test_score": 0.7956,
    "noise_sd": 1.0,
    "distance_sd": 1.0255843641572517,
    "distance_mean": 1.3909142576280018,
    "difference_sd": 1.004307011699134,
    "difference_mean": -0.08276507176113941
  },
  "n_repeats": 10,
  "n_splits": 10,
  "embedding_method": "soe",
  "embedding_dimension": [
    1,
    2,
    3
  ],
  "random_state": 876019770,
  "alpha": 0.05
}