,reject,pvals,pvals_corrected,tstats,effectsize,alpha,alpha_corrected,step,dimension_step
0,False,0.9999992738265222,1.0,-5.12856918633185,-0.7271184415696373,0.05,0.025,0,1-2
1,False,0.9999993223926464,1.0,-5.145061571046775,-0.7294566994025711,0.05,0.025,1,2-3
