{
  "data": {
    "name": "normal-1-20",
    "n_dimension": 1,
    "distance": "euclidean",
    "subject": null,
    "n_objects": 20,
    "n_train_triplets": 239,
    "n_test_triplets": 10000,
    "frac_train_ndlogn": 3.9890079983092424,
    "frac_train_triplets": 0.06988304093567252,
    "max_train_score": 0.7071129707112971,
    "max_test_score": 0.6709,
    "noise_sd": 2.0,
    "distance_sd": 1.0204926273989217,
    "distance_mean": 1.3178387036870374,
    "difference_sd": 0.9088413149368313,
    "difference_mean": -0.11545009706473372
  },
  "n_repeats": 10,
  "n_splits": 10,
  "embedding_method": "soe",
  "embedding_dimension": [
    1,
    2,
    3
  ],
  "random_state": 1703188285,
  "alpha": 0.05
}