,reject,pvals,pvals_corrected,tstats,effectsize,alpha,alpha_corrected,step,dimension_step
0,False,0.5201191691593308,1.0,-0.050580565493737996,-0.007171212987344493,0.05,0.025,0,1-2
1,False,0.9239841007311169,1.0,-1.4435172334158333,-0.20465903120456003,0.05,0.025,1,2-3
