,reject,pvals,pvals_corrected,tstats,effectsize,alpha,alpha_corrected,step,dimension_step
0,False,0.9999995686041578,0.9999995686041578,-5.25199004475935,-0.7446168078734714,0.05,0.025,0,1-2
1,False,0.22889256000983416,0.4577851200196683,0.7454181172738694,0.10568391300919809,0.05,0.025,1,2-3
