,reject,pvals,pvals_corrected,tstats,effectsize,alpha,alpha_corrected,step,dimension_step
0,False,0.9913100991490341,1.0,-2.4192107181696443,-0.3429909324246081,0.05,0.025,0,1-2
1,False,0.9005917207643118,1.0,-1.2935916418238236,-0.18340287601797886,0.05,0.025,1,2-3
