{
  "data": {
    "name": "normal-1-20",
    "n_dimension": 1,
    "distance": "euclidean",
    "subject": null,
    "n_objects": 20,
    "n_train_triplets": 119,
    "n_test_triplets": 10000,
    "frac_train_ndlogn": 1.9861587941372378,
    "frac_train_triplets": 0.0347953216374269,
    "max_train_score": 0.8907563025210085,
    "max_test_score": 0.8673,
    "noise_sd": 0.5,
    "distance_sd": 1.0191235884335552,
    "distance_mean": 1.2975534214559519,
    "difference_sd": 0.9500049284614165,
    "difference_mean": -0.13099133460416942
  },
  "n_repeats": 10,
  "n_splits": 10,
  "embedding_method": "soe",
  "embedding_dimension": [
    1,
    2,
    3
  ],
  "random_state": 774638835,
  "alpha": 0.05
}