,reject,pvals,pvals_corrected,tstats,effectsize,alpha,alpha_corrected,step,dimension_step
0,False,0.03252421753499237,0.06504843506998474,1.86566988325435,0.2645110027199567,0.05,0.025,0,1-2
1,False,0.3150601457412925,0.3150601457412925,0.483059158728523,0.06848717642665653,0.05,0.025,1,2-3
