,reject,pvals,pvals_corrected,tstats,effectsize,alpha,alpha_corrected,step,dimension_step
0,False,0.9998213836743691,1.0,-3.697667959741282,-0.5242480829730372,0.05,0.025,0,1-2
1,False,0.7617618835242517,1.0,-0.7147002131226059,-0.10132878903928486,0.05,0.025,1,2-3
