,reject,pvals,pvals_corrected,tstats,effectsize,alpha,alpha_corrected,step,dimension_step
0,False,0.9836329675887295,1.0,-2.165721486237516,-0.3070517282176344,0.05,0.025,0,1-2
1,False,0.9998563928693632,1.0,-3.7604293839533325,-0.5331462741265033,0.05,0.025,1,2-3
