{
  "data": {
    "name": "normal-1-20",
    "n_dimension": 1,
    "distance": "euclidean",
    "subject": null,
    "n_objects": 20,
    "n_train_triplets": 119,
    "n_test_triplets": 10000,
    "frac_train_ndlogn": 1.9861587941372378,
    "frac_train_triplets": 0.0347953216374269,
    "max_train_score": 0.6890756302521008,
    "max_test_score": 0.6919,
    "noise_sd": 2.0,
    "distance_sd": 1.0254442494323857,
    "distance_mean": 1.388950058564032,
    "difference_sd": 1.0081717237835934,
    "difference_mean": -0.08767520827131892
  },
  "n_repeats": 10,
  "n_splits": 10,
  "embedding_method": "soe",
  "embedding_dimension": [
    1,
    2,
    3
  ],
  "random_state": 2740337346,
  "alpha": 0.05
}