{
  "data": {
    "name": "normal-1-20",
    "n_dimension": 1,
    "distance": "euclidean",
    "subject": null,
    "n_objects": 20,
    "n_train_triplets": 479,
    "n_test_triplets": 10000,
    "frac_train_ndlogn": 7.994706406653251,
    "frac_train_triplets": 0.14005847953216374,
    "max_train_score": 0.8643006263048016,
    "max_test_score": 0.8745,
    "noise_sd": 0.5,
    "distance_sd": 1.0177963505236427,
    "distance_mean": 1.2776066732941236,
    "difference_sd": 0.9141012156614653,
    "difference_mean": -0.12978652581875882
  },
  "n_repeats": 10,
  "n_splits": 10,
  "embedding_method": "soe",
  "embedding_dimension": [
    1,
    2,
    3
  ],
  "random_state": 334237812,
  "alpha": 0.05
}