,reject,pvals,pvals_corrected,tstats,effectsize,alpha,alpha_corrected,step,dimension_step
0,False,0.9999858716447592,1.0,-4.391379059302551,-0.6226010768171785,0.05,0.025,0,1-2
1,False,0.999999249843001,1.0,-5.120817911777706,-0.7260194811248786,0.05,0.025,1,2-3
