,reject,pvals,pvals_corrected,tstats,effectsize,alpha,alpha_corrected,step,dimension_step
0,False,0.9998706888354734,1.0,-3.790356890417582,-0.5373893370685701,0.05,0.025,0,1-2
1,False,0.9507850813841081,1.0,-1.6682311142458353,-0.23651852278822366,0.05,0.025,1,2-3
