,reject,pvals,pvals_corrected,tstats,effectsize,alpha,alpha_corrected,step,dimension_step
0,True,0.01671161502262406,0.03342323004524812,2.157037929126724,0.30582059058757033,0.05,0.025,0,1-2
1,False,0.09219013769863815,0.09219013769863815,1.336712565533533,0.18951647568051413,0.05,0.025,1,2-3
