,reject,pvals,pvals_corrected,tstats,effectsize,alpha,alpha_corrected,step,dimension_step
0,False,0.9995362022518696,1.0,-3.414490393365489,-0.484099725162168,0.05,0.025,0,1-2
1,False,0.7509381359213156,1.0,-0.6799489070812846,-0.09640181729078674,0.05,0.025,1,2-3
