,reject,pvals,pvals_corrected,tstats,effectsize,alpha,alpha_corrected,step,dimension_step
0,False,0.9877832217686165,1.0,-2.2852117327883805,-0.32399282010860264,0.05,0.025,0,1-2
1,False,0.9938184296039491,1.0,-2.548261866601963,-0.3612875501598159,0.05,0.025,1,2-3
