,reject,pvals,pvals_corrected,tstats,effectsize,alpha,alpha_corrected,step,dimension_step
0,False,0.9999999998962915,1.0,-7.083749027245069,-1.0043199898498134,0.05,0.025,0,1-2
1,False,0.9565780666465569,1.0,-1.7294583755947557,-0.24519920335157702,0.05,0.025,1,2-3
