{
  "data": {
    "name": "normal-1-20",
    "n_dimension": 1,
    "distance": "euclidean",
    "subject": null,
    "n_objects": 20,
    "n_train_triplets": 479,
    "n_test_triplets": 10000,
    "frac_train_ndlogn": 7.994706406653251,
    "frac_train_triplets": 0.14005847953216374,
    "max_train_score": 0.7620041753653445,
    "max_test_score": 0.7891,
    "noise_sd": 1.0,
    "distance_sd": 1.0205238446351195,
    "distance_mean": 1.3182979298732354,
    "difference_sd": 1.0018740964099635,
    "difference_mean": -0.08299031624125805
  },
  "n_repeats": 10,
  "n_splits": 10,
  "embedding_method": "soe",
  "embedding_dimension": [
    1,
    2,
    3
  ],
  "random_state": 2237153009,
  "alpha": 0.05
}