{
  "data": {
    "name": "normal-1-20",
    "n_dimension": 1,
    "distance": "euclidean",
    "subject": null,
    "n_objects": 20,
    "n_train_triplets": 239,
    "n_test_triplets": 10000,
    "frac_train_ndlogn": 3.9890079983092424,
    "frac_train_triplets": 0.06988304093567252,
    "max_train_score": 0.8619246861924686,
    "max_test_score": 0.8684,
    "noise_sd": 0.5,
    "distance_sd": 1.0144934112086879,
    "distance_mean": 1.2266787461804978,
    "difference_sd": 0.8573955511714311,
    "difference_mean": -0.16463562004304896
  },
  "n_repeats": 10,
  "n_splits": 10,
  "embedding_method": "soe",
  "embedding_dimension": [
    1,
    2,
    3
  ],
  "random_state": 968647826,
  "alpha": 0.05
}