,reject,pvals,pvals_corrected,tstats,effectsize,alpha,alpha_corrected,step,dimension_step
0,False,0.182205756526864,0.364411513053728,0.91118448107492,0.12918594169059225,0.05,0.025,0,1-2
1,False,0.8012794833681796,0.8012794833681796,-0.849882577307189,-0.12049467847206378,0.05,0.025,1,2-3
