,reject,pvals,pvals_corrected,tstats,effectsize,alpha,alpha_corrected,step,dimension_step
0,False,0.9999226538150848,1.0,-3.9349124597103136,-0.5578841410666264,0.05,0.025,0,1-2
1,False,0.9989826432450997,1.0,-3.1690921035379156,-0.449307638796477,0.05,0.025,1,2-3
