,reject,pvals,pvals_corrected,tstats,effectsize,alpha,alpha_corrected,step,dimension_step
0,False,0.9994589962196,1.0,-3.367337588826022,-0.47741449337398245,0.05,0.025,0,1-2
1,False,0.93765024460748,1.0,-1.5484724390382028,-0.2195393736108095,0.05,0.025,1,2-3
