,reject,pvals,pvals_corrected,tstats,effectsize,alpha,alpha_corrected,step,dimension_step
0,False,0.8817448477090849,1.0,-1.190976968175289,-0.16885436962669326,0.05,0.025,0,1-2
1,False,0.5161163777850472,1.0,-0.040511099864947796,-0.005743583976321691,0.05,0.025,1,2-3
