,reject,pvals,pvals_corrected,tstats,effectsize,alpha,alpha_corrected,step,dimension_step
0,True,0.002793004642871575,0.00558600928574315,2.8331362193541305,0.40167647500231524,0.05,0.025,0,1-2
1,False,0.9999941779723747,0.9999941779723747,-4.618413073780225,-0.654789512381285,0.05,0.025,1,2-3
