,reject,pvals,pvals_corrected,tstats,effectsize,alpha,alpha_corrected,step,dimension_step
0,False,0.9999999942554076,0.9999999942554076,-6.228304946287176,-0.8830368123402283,0.05,0.025,0,1-2
1,False,0.08808292041291169,0.17616584082582337,1.3623915144919125,0.19315718650440727,0.05,0.025,1,2-3
