,reject,pvals,pvals_corrected,tstats,effectsize,alpha,alpha_corrected,step,dimension_step
0,False,0.9324565188747279,0.9324565188747279,-1.5066411854635542,-0.2136086208407844,0.05,0.025,0,1-2
1,False,0.27691984424662264,0.5538396884932453,0.5940410292024619,0.08422196750962745,0.05,0.025,1,2-3
