,reject,pvals,pvals_corrected,tstats,effectsize,alpha,alpha_corrected,step,dimension_step
0,False,0.9999998290391027,1.0,-5.467860087382742,-0.7752224374888842,0.05,0.025,0,1-2
1,False,0.7923465162072139,1.0,-0.8180258401749017,-0.11597809300435562,0.05,0.025,1,2-3
