{
  "data": {
    "name": "normal-1-20",
    "n_dimension": 1,
    "distance": "euclidean",
    "subject": null,
    "n_objects": 20,
    "n_train_triplets": 119,
    "n_test_triplets": 10000,
    "frac_train_ndlogn": 1.9861587941372378,
    "frac_train_triplets": 0.0347953216374269,
    "max_train_score": 0.7478991596638656,
    "max_test_score": 0.6949,
    "noise_sd": 2.0,
    "distance_sd": 1.0244797270915398,
    "distance_mean": 1.3753601394578636,
    "difference_sd": 0.9645583274190731,
    "difference_mean": -0.10067603647806848
  },
  "n_repeats": 10,
  "n_splits": 10,
  "embedding_method": "soe",
  "embedding_dimension": [
    1,
    2,
    3
  ],
  "random_state": 3862050049,
  "alpha": 0.05
}