,reject,pvals,pvals_corrected,tstats,effectsize,alpha,alpha_corrected,step,dimension_step
0,False,0.999994778206039,1.0,-4.645833703908242,-0.6586771553322035,0.05,0.025,0,1-2
1,False,0.9999946231041363,1.0,-4.638466360785855,-0.6576326279299145,0.05,0.025,1,2-3
