,reject,pvals,pvals_corrected,tstats,effectsize,alpha,alpha_corrected,step,dimension_step
0,False,0.99999997309281,0.99999997309281,-5.887559363199921,-0.8347265744659975,0.05,0.025,0,1-2
1,True,0.004918926939052518,0.009837853878105035,2.6323606780924864,0.373210914070323,0.05,0.025,1,2-3
