{
  "data": {
    "name": "normal-1-20",
    "n_dimension": 1,
    "distance": "euclidean",
    "subject": null,
    "n_objects": 20,
    "n_train_triplets": 119,
    "n_test_triplets": 10000,
    "frac_train_ndlogn": 1.9861587941372378,
    "frac_train_triplets": 0.0347953216374269,
    "max_train_score": 0.8319327731092437,
    "max_test_score": 0.8591,
    "noise_sd": 0.5,
    "distance_sd": 1.0114025724352604,
    "distance_mean": 1.1771865217732411,
    "difference_sd": 0.8812129624226903,
    "difference_mean": -0.15561218911142502
  },
  "n_repeats": 10,
  "n_splits": 10,
  "embedding_method": "soe",
  "embedding_dimension": [
    1,
    2,
    3
  ],
  "random_state": 1258135857,
  "alpha": 0.05
}