,reject,pvals,pvals_corrected,tstats,effectsize,alpha,alpha_corrected,step,dimension_step
0,False,0.9999906913312377,1.0,-4.4990584419746655,-0.6378676476818934,0.05,0.025,0,1-2
1,False,0.9727761929664562,1.0,-1.9463489843297646,-0.27594952682089663,0.05,0.025,1,2-3
