,reject,pvals,pvals_corrected,tstats,effectsize,alpha,alpha_corrected,step,dimension_step
0,False,0.9975919060323202,0.9975919060323202,-2.8841293699301755,-0.4089061834902881,0.05,0.025,0,1-2
1,False,0.0258731832619764,0.0517463665239528,1.9690195043379373,0.279163708511542,0.05,0.025,1,2-3
