,reject,pvals,pvals_corrected,tstats,effectsize,alpha,alpha_corrected,step,dimension_step
0,False,0.9794633340229879,1.0,-2.0698179809753725,-0.29345471806651435,0.05,0.025,0,1-2
1,False,0.7241948891438836,1.0,-0.5973911284412109,-0.08469693798366819,0.05,0.025,1,2-3
