,reject,pvals,pvals_corrected,tstats,effectsize,alpha,alpha_corrected,step,dimension_step
0,False,0.0400563517153335,0.080112703430667,1.7681716909588137,0.2506879009810305,0.05,0.025,0,1-2
1,False,0.9942198252414911,0.9942198252414911,-2.573170489566479,-0.3648190456809982,0.05,0.025,1,2-3
