,reject,pvals,pvals_corrected,tstats,effectsize,alpha,alpha_corrected,step,dimension_step
0,False,0.9990875276504836,0.9990875276504836,-3.2038345948872857,-0.4542333608153056,0.05,0.025,0,1-2
1,False,0.384588721308738,0.769177442617476,0.2942572245663884,0.04171920993433092,0.05,0.025,1,2-3
