,reject,pvals,pvals_corrected,tstats,effectsize,alpha,alpha_corrected,step,dimension_step
0,False,0.4211277396382135,0.842255479276427,0.19953250238402698,0.028289325327349856,0.05,0.025,0,1-2
1,False,0.9580179445524637,0.9580179445524637,-1.7457077899378302,-0.24750301332357555,0.05,0.025,1,2-3
