,reject,pvals,pvals_corrected,tstats,effectsize,alpha,alpha_corrected,step,dimension_step
0,True,0.014698380155031115,0.02939676031006223,2.2101676527191683,0.3133532181910978,0.05,0.025,0,1-2
1,False,0.7019373932239437,0.7019373932239437,-0.5316995200424561,-0.07538331108546713,0.05,0.025,1,2-3
