,reject,pvals,pvals_corrected,tstats,effectsize,alpha,alpha_corrected,step,dimension_step
0,False,0.99999824200222,1.0,-4.91540387162818,-0.6968962829533287,0.05,0.025,0,1-2
1,False,0.997177812222228,1.0,-2.8295379935780844,-0.40116632563635424,0.05,0.025,1,2-3
