,reject,pvals,pvals_corrected,tstats,effectsize,alpha,alpha_corrected,step,dimension_step
0,False,0.8295653824131478,0.8295653824131478,-0.957058158433662,-0.13568982134557533,0.05,0.025,0,1-2
1,False,0.1559866016568434,0.3119732033136868,1.01628026827643,0.1440862154763404,0.05,0.025,1,2-3
