,reject,pvals,pvals_corrected,tstats,effectsize,alpha,alpha_corrected,step,dimension_step
0,False,0.997511217947611,1.0,-2.872849252048203,-0.4073069105864692,0.05,0.025,0,1-2
1,False,0.9999999647400496,1.0,-5.827050762277207,-0.8261477841628971,0.05,0.025,1,2-3
