,reject,pvals,pvals_corrected,tstats,effectsize,alpha,alpha_corrected,step,dimension_step
0,False,0.9951540076889641,1.0,-2.637794445309077,-0.37398130288771664,0.05,0.025,0,1-2
1,False,0.9999315084360293,1.0,-3.9686189568416683,-0.5626629818649996,0.05,0.025,1,2-3
