,reject,pvals,pvals_corrected,tstats,effectsize,alpha,alpha_corrected,step,dimension_step
0,False,0.9966756577787537,1.0,-2.772427184638603,-0.393069267590705,0.05,0.025,0,1-2
1,False,0.999930602937984,1.0,-3.9649864468932816,-0.5621479717565865,0.05,0.025,1,2-3
