,reject,pvals,pvals_corrected,tstats,effectsize,alpha,alpha_corrected,step,dimension_step
0,True,0.013327309653305664,0.026654619306611328,2.250117932107658,0.31901729014446983,0.05,0.025,0,1-2
1,False,0.18095007910139665,0.18095007910139665,0.9159858755306285,0.12986667394303025,0.05,0.025,1,2-3
