,reject,pvals,pvals_corrected,tstats,effectsize,alpha,alpha_corrected,step,dimension_step
0,False,0.9999951520095177,1.0,-4.664499613189598,-0.6613235711987012,0.05,0.025,0,1-2
1,False,0.9914661337146027,1.0,-2.4261946693732424,-0.34398110327551373,0.05,0.025,1,2-3
