{
  "data": {
    "name": "normal-1-20",
    "n_dimension": 1,
    "distance": "euclidean",
    "subject": null,
    "n_objects": 20,
    "n_train_triplets": 479,
    "n_test_triplets": 10000,
    "frac_train_ndlogn": 7.994706406653251,
    "frac_train_triplets": 0.14005847953216374,
    "max_train_score": 0.791231732776618,
    "max_test_score": 0.7863,
    "noise_sd": 1.0,
    "distance_sd": 1.0230663331330658,
    "distance_mean": 1.3552231247349658,
    "difference_sd": 0.9551827513140346,
    "difference_mean": -0.1013085079049906
  },
  "n_repeats": 10,
  "n_splits": 10,
  "embedding_method": "soe",
  "embedding_dimension": [
    1,
    2,
    3
  ],
  "random_state": 2075848694,
  "alpha": 0.05
}