{
  "data": {
    "name": "normal-1-20",
    "n_dimension": 1,
    "distance": "euclidean",
    "subject": null,
    "n_objects": 20,
    "n_train_triplets": 239,
    "n_test_triplets": 10000,
    "frac_train_ndlogn": 3.9890079983092424,
    "frac_train_triplets": 0.06988304093567252,
    "max_train_score": 0.8242677824267782,
    "max_test_score": 0.7998,
    "noise_sd": 1.0,
    "distance_sd": 1.0270374482885705,
    "distance_mean": 1.411138718749811,
    "difference_sd": 1.0042018590818373,
    "difference_mean": -0.08759204378372029
  },
  "n_repeats": 10,
  "n_splits": 10,
  "embedding_method": "soe",
  "embedding_dimension": [
    1,
    2,
    3
  ],
  "random_state": 2682113716,
  "alpha": 0.05
}