,reject,pvals,pvals_corrected,tstats,effectsize,alpha,alpha_corrected,step,dimension_step
0,False,0.999999854277943,1.0,-5.504693896617104,-0.7804446624398395,0.05,0.025,0,1-2
1,False,0.9990813540353668,1.0,-3.201688914298693,-0.45392915044609744,0.05,0.025,1,2-3
