,reject,pvals,pvals_corrected,tstats,effectsize,alpha,alpha_corrected,step,dimension_step
0,False,0.999999999846977,1.0,-7.002392984345081,-0.99278549026982,0.05,0.025,0,1-2
1,False,0.9999706960869013,1.0,-4.199225018231459,-0.5953578552072829,0.05,0.025,1,2-3
