,reject,pvals,pvals_corrected,tstats,effectsize,alpha,alpha_corrected,step,dimension_step
0,False,0.8018488980237319,0.8018488980237319,-0.8519425023018975,-0.12078673058201575,0.05,0.025,0,1-2
1,False,0.05119308009628145,0.1023861601925629,1.6486654876486553,0.23374454677214687,0.05,0.025,1,2-3
