,reject,pvals,pvals_corrected,tstats,effectsize,alpha,alpha_corrected,step,dimension_step
0,False,0.9935688590108742,1.0,-2.533498672193399,-0.3591944535239055,0.05,0.025,0,1-2
1,False,0.9789081727784135,1.0,-2.058348673559936,-0.29182862224313716,0.05,0.025,1,2-3
