,reject,pvals,pvals_corrected,tstats,effectsize,alpha,alpha_corrected,step,dimension_step
0,False,0.9993422163006559,1.0,-3.3068407639648356,-0.4688373726576995,0.05,0.025,0,1-2
1,False,0.9550081071562379,1.0,-1.7122366505515616,-0.2427575410829035,0.05,0.025,1,2-3
