{
  "data": {
    "name": "normal-1-20",
    "n_dimension": 1,
    "distance": "euclidean",
    "subject": null,
    "n_objects": 20,
    "n_train_triplets": 119,
    "n_test_triplets": 10000,
    "frac_train_ndlogn": 1.9861587941372378,
    "frac_train_triplets": 0.0347953216374269,
    "max_train_score": 0.7058823529411765,
    "max_test_score": 0.6623,
    "noise_sd": 2.0,
    "distance_sd": 1.0106939503592036,
    "distance_mean": 1.1655655127710143,
    "difference_sd": 0.8990484879986566,
    "difference_mean": -0.13455784956528094
  },
  "n_repeats": 10,
  "n_splits": 10,
  "embedding_method": "soe",
  "embedding_dimension": [
    1,
    2,
    3
  ],
  "random_state": 3631175921,
  "alpha": 0.05
}