,reject,pvals,pvals_corrected,tstats,effectsize,alpha,alpha_corrected,step,dimension_step
0,False,0.996304569546666,1.0,-2.7350859498940294,-0.38777510084998484,0.05,0.025,0,1-2
1,False,0.6896963056846283,1.0,-0.49654972532629743,-0.07039984239723712,0.05,0.025,1,2-3
