,reject,pvals,pvals_corrected,tstats,effectsize,alpha,alpha_corrected,step,dimension_step
0,False,0.9998494575257981,1.0,-3.746918494537685,-0.5312307268268184,0.05,0.025,0,1-2
1,False,0.8759318974131112,1.0,-1.1617353226552731,-0.16470854669890445,0.05,0.025,1,2-3
