,reject,pvals,pvals_corrected,tstats,effectsize,alpha,alpha_corrected,step,dimension_step
0,False,0.9999996601587046,1.0,-5.308037741125671,-0.7525631399116661,0.05,0.025,0,1-2
1,False,0.6130675302417661,1.0,-0.2881098778084581,-0.040847651214536894,0.05,0.025,1,2-3
