,reject,pvals,pvals_corrected,tstats,effectsize,alpha,alpha_corrected,step,dimension_step
0,False,0.8403118958663821,0.8403118958663821,-1.0007734248031346,-0.14188768574020724,0.05,0.025,0,1-2
1,False,0.27803623113748543,0.5560724622749709,0.5906926726395888,0.08374724410874121,0.05,0.025,1,2-3
