,reject,pvals,pvals_corrected,tstats,effectsize,alpha,alpha_corrected,step,dimension_step
0,False,0.999997891812227,1.0,-4.870997385141142,-0.6906004187313756,0.05,0.025,0,1-2
1,False,0.7781814822911699,1.0,-0.7691472795446487,-0.10904818691546915,0.05,0.025,1,2-3
