,reject,pvals,pvals_corrected,tstats,effectsize,alpha,alpha_corrected,step,dimension_step
0,False,0.9998202518249273,1.0,-3.695840460831535,-0.5239889837757861,0.05,0.025,0,1-2
1,False,0.8766809982538947,1.0,-1.1654480211987654,-0.16523492578844792,0.05,0.025,1,2-3
