,reject,pvals,pvals_corrected,tstats,effectsize,alpha,alpha_corrected,step,dimension_step
0,False,0.9999926338586784,1.0,-4.558808697381044,-0.6463389212507985,0.05,0.025,0,1-2
1,False,0.8849140104318902,1.0,-1.2073553844352214,-0.17117646923647128,0.05,0.025,1,2-3
