,reject,pvals,pvals_corrected,tstats,effectsize,alpha,alpha_corrected,step,dimension_step
0,False,0.9971999702557057,1.0,-2.8322669016329476,-0.4015532248474104,0.05,0.025,0,1-2
1,False,0.9727411726633237,1.0,-1.9457739561808831,-0.27586800046212434,0.05,0.025,1,2-3
