,reject,pvals,pvals_corrected,tstats,effectsize,alpha,alpha_corrected,step,dimension_step
0,False,0.33812195670216105,0.6762439134043221,0.41883514611822575,0.059381622369785426,0.05,0.025,0,1-2
1,False,0.8686634936426011,0.8686634936426011,-1.1265098254780905,-0.15971434506480148,0.05,0.025,1,2-3
