,reject,pvals,pvals_corrected,tstats,effectsize,alpha,alpha_corrected,step,dimension_step
0,False,0.9692263925655872,1.0,-1.8910062754398245,-0.2681031465190493,0.05,0.025,0,1-2
1,False,0.900009673617207,1.0,-1.290217398717984,-0.182924482473999,0.05,0.025,1,2-3
