,reject,pvals,pvals_corrected,tstats,effectsize,alpha,alpha_corrected,step,dimension_step
0,False,0.38560978910104715,0.7712195782020943,0.2915777308986035,0.04133931659778241,0.05,0.025,0,1-2
1,False,0.9993873228872527,0.9993873228872527,-3.328914092902772,-0.4719668857742195,0.05,0.025,1,2-3
