,reject,pvals,pvals_corrected,tstats,effectsize,alpha,alpha_corrected,step,dimension_step
0,False,0.7573116021007202,1.0,-0.7003091434807255,-0.0992884515201164,0.05,0.025,0,1-2
1,False,0.9738326765375742,1.0,-1.9639981960584583,-0.27845179731015934,0.05,0.025,1,2-3
