,reject,pvals,pvals_corrected,tstats,effectsize,alpha,alpha_corrected,step,dimension_step
0,False,0.9953978375975683,0.9953978375975683,-2.656513927859948,-0.3766353142668854,0.05,0.025,0,1-2
1,False,0.21419862719389937,0.42839725438779874,0.795203975380804,0.11274245394794541,0.05,0.025,1,2-3
