,reject,pvals,pvals_corrected,tstats,effectsize,alpha,alpha_corrected,step,dimension_step
0,False,0.9999999723059305,0.9999999723059305,-5.881120913359992,-0.8338137437243921,0.05,0.025,0,1-2
1,True,0.004707053513293751,0.009414107026587503,2.6483536676978954,0.3754783686478914,0.05,0.025,1,2-3
