,reject,pvals,pvals_corrected,tstats,effectsize,alpha,alpha_corrected,step,dimension_step
0,False,0.9816274092427786,1.0,-2.117241863432435,-0.30017838274812986,0.05,0.025,0,1-2
1,False,0.9894968253831093,1.0,-2.3453105174056965,-0.3325135074628133,0.05,0.025,1,2-3
