,reject,pvals,pvals_corrected,tstats,effectsize,alpha,alpha_corrected,step,dimension_step
0,False,0.9998943107351393,1.0,-3.8475069279411747,-0.5454919568656372,0.05,0.025,0,1-2
1,False,0.8795680447267011,1.0,-1.1799089068140232,-0.16728516167886076,0.05,0.025,1,2-3
