{
  "data": {
    "name": "normal-1-20",
    "n_dimension": 1,
    "distance": "euclidean",
    "subject": null,
    "n_objects": 20,
    "n_train_triplets": 239,
    "n_test_triplets": 10000,
    "frac_train_ndlogn": 3.9890079983092424,
    "frac_train_triplets": 0.06988304093567252,
    "max_train_score": 0.8702928870292888,
    "max_test_score": 0.8838,
    "noise_sd": 0.5,
    "distance_sd": 1.022735432159643,
    "distance_mean": 1.350469370145306,
    "difference_sd": 0.947817003007285,
    "difference_mean": -0.12254411190476447
  },
  "n_repeats": 10,
  "n_splits": 10,
  "embedding_method": "soe",
  "embedding_dimension": [
    1,
    2,
    3
  ],
  "random_state": 2350056294,
  "alpha": 0.05
}