,reject,pvals,pvals_corrected,tstats,effectsize,alpha,alpha_corrected,step,dimension_step
0,False,0.9999723640774503,1.0,-4.2148549430783575,-0.5975738351782299,0.05,0.025,0,1-2
1,False,0.9999238569592623,1.0,-3.939269029591056,-0.5585018069666434,0.05,0.025,1,2-3
