,reject,pvals,pvals_corrected,tstats,effectsize,alpha,alpha_corrected,step,dimension_step
0,False,0.9986020539247183,1.0,-3.066099765067251,-0.43470558783029617,0.05,0.025,0,1-2
1,False,0.9999980102258853,1.0,-4.885152595040387,-0.6926073165206188,0.05,0.025,1,2-3
