,reject,pvals,pvals_corrected,tstats,effectsize,alpha,alpha_corrected,step,dimension_step
0,False,0.9997381517419064,0.9997381517419064,-3.5859149505821164,-0.5084039613655741,0.05,0.025,0,1-2
1,False,0.2184045382965603,0.4368090765931206,0.7807557641687156,0.1106940150094592,0.05,0.025,1,2-3
