,reject,pvals,pvals_corrected,tstats,effectsize,alpha,alpha_corrected,step,dimension_step
0,False,0.9999999941661538,0.9999999941661538,-6.224940497403002,-0.8825598074017122,0.05,0.025,0,1-2
1,False,0.04223832364029566,0.08447664728059132,1.742782609483677,0.24708828699818983,0.05,0.025,1,2-3
