,reject,pvals,pvals_corrected,tstats,effectsize,alpha,alpha_corrected,step,dimension_step
0,False,0.8142749416624974,1.0,-0.8978382769329355,-0.1272937431447575,0.05,0.025,0,1-2
1,False,0.9937626641473577,1.0,-2.5449172152671817,-0.3608133520788733,0.05,0.025,1,2-3
