,reject,pvals,pvals_corrected,tstats,effectsize,alpha,alpha_corrected,step,dimension_step
0,False,0.7235686576859213,1.0,-0.5955082919588627,-0.08442999313432811,0.05,0.025,0,1-2
1,False,0.7777245551083718,1.0,-0.7676014999774893,-0.10882902933193131,0.05,0.025,1,2-3
