,reject,pvals,pvals_corrected,tstats,effectsize,alpha,alpha_corrected,step,dimension_step
0,False,0.08217462634887035,0.1643492526977407,1.4009721077477661,0.1986270670546768,0.05,0.025,0,1-2
1,False,0.9999938286666289,0.9999938286666289,-4.6036912231171145,-0.6527022773802031,0.05,0.025,1,2-3
