,reject,pvals,pvals_corrected,tstats,effectsize,alpha,alpha_corrected,step,dimension_step
0,False,0.4893350444182657,0.9786700888365314,0.02680391274650798,0.0038002059748265082,0.05,0.025,0,1-2
1,False,0.803298415812499,0.9786700888365314,-0.8572027429321424,-0.12153251714165474,0.05,0.025,1,2-3
