,reject,pvals,pvals_corrected,tstats,effectsize,alpha,alpha_corrected,step,dimension_step
0,False,0.6098316763962905,1.0,-0.2796406243843493,-0.039646897139227075,0.05,0.025,0,1-2
1,False,0.7963988853969188,1.0,-0.8323723485352276,-0.11801211271276224,0.05,0.025,1,2-3
