,reject,pvals,pvals_corrected,tstats,effectsize,alpha,alpha_corrected,step,dimension_step
0,False,0.9870689704827379,1.0,-2.2623355320104346,-0.32074947740338483,0.05,0.025,0,1-2
1,False,0.86067152339999,1.0,-1.089320842701185,-0.15444176430828754,0.05,0.025,1,2-3
