,reject,pvals,pvals_corrected,tstats,effectsize,alpha,alpha_corrected,step,dimension_step
0,False,0.1024283311593326,0.2048566623186652,1.2762398555425192,0.1809427739230444,0.05,0.025,0,1-2
1,False,0.8901046020727073,0.8901046020727073,-1.234899448283589,-0.17508161237723183,0.05,0.025,1,2-3
