,reject,pvals,pvals_corrected,tstats,effectsize,alpha,alpha_corrected,step,dimension_step
0,False,0.9999991534922322,1.0,-5.091939008057788,-0.7219250870153032,0.05,0.025,0,1-2
1,False,0.9252699845575203,1.0,-1.4527334940574952,-0.20596569449238783,0.05,0.025,1,2-3
