,reject,pvals,pvals_corrected,tstats,effectsize,alpha,alpha_corrected,step,dimension_step
0,False,0.036555384038289326,0.07311076807657865,1.8114028020269142,0.25681712279028995,0.05,0.025,0,1-2
1,False,0.7917630064252255,0.7917630064252255,-0.8159739653472042,-0.11568718223123248,0.05,0.025,1,2-3
