,reject,pvals,pvals_corrected,tstats,effectsize,alpha,alpha_corrected,step,dimension_step
0,False,0.9999999220455961,1.0,-5.647848438815625,-0.8007408315749688,0.05,0.025,0,1-2
1,False,0.5886723614863243,1.0,-0.22472644194746208,-0.031861272474165474,0.05,0.025,1,2-3
