,reject,pvals,pvals_corrected,tstats,effectsize,alpha,alpha_corrected,step,dimension_step
0,False,0.7398120076309187,1.0,-0.6450668297731367,-0.09145630504955421,0.05,0.025,0,1-2
1,False,0.9874983452237488,1.0,-2.275950215073063,-0.32267974036197883,0.05,0.025,1,2-3
