,reject,pvals,pvals_corrected,tstats,effectsize,alpha,alpha_corrected,step,dimension_step
0,False,0.9737032555148738,1.0,-1.961803999199477,-0.27814070839965943,0.05,0.025,0,1-2
1,False,0.9976866487992265,1.0,-2.897826248326771,-0.4108480999414971,0.05,0.025,1,2-3
