{
  "data": {
    "name": "normal-1-20",
    "n_dimension": 1,
    "distance": "euclidean",
    "subject": null,
    "n_objects": 20,
    "n_train_triplets": 239,
    "n_test_triplets": 10000,
    "frac_train_ndlogn": 3.9890079983092424,
    "frac_train_triplets": 0.06988304093567252,
    "max_train_score": 0.8117154811715481,
    "max_test_score": 0.8056,
    "noise_sd": 1.0,
    "distance_sd": 1.0242571364241269,
    "distance_mean": 1.3722065984389138,
    "difference_sd": 0.9596221145755199,
    "difference_mean": -0.06286357208070925
  },
  "n_repeats": 10,
  "n_splits": 10,
  "embedding_method": "soe",
  "embedding_dimension": [
    1,
    2,
    3
  ],
  "random_state": 1041239934,
  "alpha": 0.05
}