,reject,pvals,pvals_corrected,tstats,effectsize,alpha,alpha_corrected,step,dimension_step
0,False,0.9999999603766073,1.0,-5.800853270420579,-0.8224335553478523,0.05,0.025,0,1-2
1,False,0.9987862973309246,1.0,-3.1121879653333373,-0.4412398821207072,0.05,0.025,1,2-3
