,reject,pvals,pvals_corrected,tstats,effectsize,alpha,alpha_corrected,step,dimension_step
0,False,0.6950122950617403,1.0,-0.5117359566862769,-0.07255291637919933,0.05,0.025,0,1-2
1,False,0.9991982642948427,1.0,-3.2448176430484734,-0.46004385669184655,0.05,0.025,1,2-3
