,reject,pvals,pvals_corrected,tstats,effectsize,alpha,alpha_corrected,step,dimension_step
0,False,0.9981147075962971,1.0,-2.9669710656460753,-0.42065131600141137,0.05,0.025,0,1-2
1,False,0.7287861476046384,1.0,-0.6112611961392449,-0.08666340887304175,0.05,0.025,1,2-3
