,reject,pvals,pvals_corrected,tstats,effectsize,alpha,alpha_corrected,step,dimension_step
0,False,0.9998745580659979,1.0,-3.798998796476599,-0.5386145694945205,0.05,0.025,0,1-2
1,False,0.9990980423734788,1.0,-3.2075204261731636,-0.4547559307179636,0.05,0.025,1,2-3
