,reject,pvals,pvals_corrected,tstats,effectsize,alpha,alpha_corrected,step,dimension_step
0,False,0.9999981710577844,1.0,-4.90575112291234,-0.6955277352457478,0.05,0.025,0,1-2
1,False,0.6187009311699804,1.0,-0.30290458221950217,-0.042945215276558646,0.05,0.025,1,2-3
