,reject,pvals,pvals_corrected,tstats,effectsize,alpha,alpha_corrected,step,dimension_step
0,False,0.8721151082891017,1.0,-1.1430614086372608,-0.1620609959366042,0.05,0.025,0,1-2
1,False,0.9999999727411449,1.0,-5.884659366264125,-0.8343154186102604,0.05,0.025,1,2-3
