,reject,pvals,pvals_corrected,tstats,effectsize,alpha,alpha_corrected,step,dimension_step
0,False,0.5762609074519103,1.0,-0.19284146267953212,-0.027340682892071987,0.05,0.025,0,1-2
1,False,0.6657219502833469,1.0,-0.4294125863022128,-0.060881271013090106,0.05,0.025,1,2-3
