{
  "data": {
    "name": "normal-1-20",
    "n_dimension": 1,
    "distance": "euclidean",
    "subject": null,
    "n_objects": 20,
    "n_train_triplets": 239,
    "n_test_triplets": 10000,
    "frac_train_ndlogn": 3.9890079983092424,
    "frac_train_triplets": 0.06988304093567252,
    "max_train_score": 0.7656903765690377,
    "max_test_score": 0.7694,
    "noise_sd": 1.0,
    "distance_sd": 1.0179105796867798,
    "distance_mean": 1.2793345991284852,
    "difference_sd": 0.8580888974187022,
    "difference_mean": -0.13025258008881405
  },
  "n_repeats": 10,
  "n_splits": 10,
  "embedding_method": "soe",
  "embedding_dimension": [
    1,
    2,
    3
  ],
  "random_state": 2457030451,
  "alpha": 0.05
}