{
  "data": {
    "name": "normal-1-20",
    "n_dimension": 1,
    "distance": "euclidean",
    "subject": null,
    "n_objects": 20,
    "n_train_triplets": 479,
    "n_test_triplets": 10000,
    "frac_train_ndlogn": 7.994706406653251,
    "frac_train_triplets": 0.14005847953216374,
    "max_train_score": 0.9039665970772442,
    "max_test_score": 0.8877,
    "noise_sd": 0.5,
    "distance_sd": 1.0247926615085887,
    "distance_mean": 1.379782585248587,
    "difference_sd": 0.947472968336733,
    "difference_mean": -0.13756473836659464
  },
  "n_repeats": 10,
  "n_splits": 10,
  "embedding_method": "soe",
  "embedding_dimension": [
    1,
    2,
    3
  ],
  "random_state": 260385565,
  "alpha": 0.05
}