,reject,pvals,pvals_corrected,tstats,effectsize,alpha,alpha_corrected,step,dimension_step
0,False,0.9999697407103697,1.0,-4.190653653697732,-0.5941426240198985,0.05,0.025,0,1-2
1,False,0.9619239252590536,1.0,-1.7922213528177686,-0.25409761468787967,0.05,0.025,1,2-3
