,reject,pvals,pvals_corrected,tstats,effectsize,alpha,alpha_corrected,step,dimension_step
0,False,0.9993799350087441,1.0,-3.3251965653380804,-0.47143982203555834,0.05,0.025,0,1-2
1,False,0.919164563656232,1.0,-1.4100095954295944,-0.1999083842642465,0.05,0.025,1,2-3
