,reject,pvals,pvals_corrected,tstats,effectsize,alpha,alpha_corrected,step,dimension_step
0,False,0.9995407594994252,1.0,-3.417499458135811,-0.48452634444073983,0.05,0.025,0,1-2
1,False,0.8003687539051532,1.0,-0.8465954011110346,-0.12002862910311257,0.05,0.025,1,2-3
