,reject,pvals,pvals_corrected,tstats,effectsize,alpha,alpha_corrected,step,dimension_step
0,False,0.19037509371212602,0.38075018742425204,0.8804458515268476,0.12482787931472582,0.05,0.025,0,1-2
1,False,0.9999992250589427,0.9999992250589427,-5.113057965514985,-0.7249192912223514,0.05,0.025,1,2-3
