{
  "data": {
    "name": "normal-1-20",
    "n_dimension": 1,
    "distance": "euclidean",
    "subject": null,
    "n_objects": 20,
    "n_train_triplets": 119,
    "n_test_triplets": 10000,
    "frac_train_ndlogn": 1.9861587941372378,
    "frac_train_triplets": 0.0347953216374269,
    "max_train_score": 0.773109243697479,
    "max_test_score": 0.7947,
    "noise_sd": 1.0,
    "distance_sd": 1.0252459755313914,
    "distance_mean": 1.3861662586150973,
    "difference_sd": 0.9567111246883437,
    "difference_mean": -0.055282213814526616
  },
  "n_repeats": 10,
  "n_splits": 10,
  "embedding_method": "soe",
  "embedding_dimension": [
    1,
    2,
    3
  ],
  "random_state": 1301113996,
  "alpha": 0.05
}