,reject,pvals,pvals_corrected,tstats,effectsize,alpha,alpha_corrected,step,dimension_step
0,True,0.007677934500492756,0.015355869000985511,2.4666610839731913,0.3497183518629449,0.05,0.025,0,1-2
1,False,0.9631936753440644,0.9631936753440644,-1.8081924706034944,-0.25636196832191693,0.05,0.025,1,2-3
