,reject,pvals,pvals_corrected,tstats,effectsize,alpha,alpha_corrected,step,dimension_step
0,False,0.7554634715891563,1.0,-0.6943755085050587,-0.09844719243603337,0.05,0.025,0,1-2
1,False,0.8932906277333612,1.0,-1.252278410576712,-0.17754556743361494,0.05,0.025,1,2-3
