,reject,pvals,pvals_corrected,tstats,effectsize,alpha,alpha_corrected,step,dimension_step
0,False,0.8453579345520923,1.0,-1.021973828928969,-0.14489343729557405,0.05,0.025,0,1-2
1,False,0.7754277916704613,1.0,-0.7598592744039634,-0.10773135183382795,0.05,0.025,1,2-3
