,reject,pvals,pvals_corrected,tstats,effectsize,alpha,alpha_corrected,step,dimension_step
0,False,0.9999966779208088,0.9999966779208088,-4.758843374058877,-0.6746994438607903,0.05,0.025,0,1-2
1,False,0.3071669721929492,0.6143339443858984,0.5054962390934353,0.07166826150430104,0.05,0.025,1,2-3
