{
  "data": {
    "name": "normal-1-20",
    "n_dimension": 1,
    "distance": "euclidean",
    "subject": null,
    "n_objects": 20,
    "n_train_triplets": 239,
    "n_test_triplets": 10000,
    "frac_train_ndlogn": 3.9890079983092424,
    "frac_train_triplets": 0.06988304093567252,
    "max_train_score": 0.8619246861924686,
    "max_test_score": 0.874,
    "noise_sd": 0.5,
    "distance_sd": 1.019182224536581,
    "distance_mean": 1.2984281764561882,
    "difference_sd": 0.888331418952281,
    "difference_mean": -0.18751943613379893
  },
  "n_repeats": 10,
  "n_splits": 10,
  "embedding_method": "soe",
  "embedding_dimension": [
    1,
    2,
    3
  ],
  "random_state": 447176943,
  "alpha": 0.05
}