,reject,pvals,pvals_corrected,tstats,effectsize,alpha,alpha_corrected,step,dimension_step
0,False,0.9603964676868512,1.0,-1.7735829015883857,-0.2514550917699284,0.05,0.025,0,1-2
1,False,0.9892056694842669,1.0,-2.3345160047562312,-0.3309830827127483,0.05,0.025,1,2-3
