,reject,pvals,pvals_corrected,tstats,effectsize,alpha,alpha_corrected,step,dimension_step
0,False,0.25596172656354865,0.5119234531270973,0.6582217096756021,0.0933213780214093,0.05,0.025,0,1-2
1,False,0.9999885204401442,0.9999885204401442,-4.445150972344977,-0.630224752776514,0.05,0.025,1,2-3
