,reject,pvals,pvals_corrected,tstats,effectsize,alpha,alpha_corrected,step,dimension_step
0,False,0.9999947971599306,1.0,-4.646748519327444,-0.6588068560611529,0.05,0.025,0,1-2
1,False,0.6616581492067422,1.0,-0.4182314920059293,-0.059296037478281986,0.05,0.025,1,2-3
