,reject,pvals,pvals_corrected,tstats,effectsize,alpha,alpha_corrected,step,dimension_step
0,False,0.8524691784472472,1.0,-1.0526550291570858,-0.14924335745553008,0.05,0.025,0,1-2
1,False,0.6599607635885083,1.0,-0.4135769699264861,-0.058636128502173035,0.05,0.025,1,2-3
