,reject,pvals,pvals_corrected,tstats,effectsize,alpha,alpha_corrected,step,dimension_step
0,False,0.9999998002465497,1.0,-5.4318534905208935,-0.7701174930794008,0.05,0.025,0,1-2
1,False,0.9572358595202117,1.0,-1.7368260056922291,-0.24624377144062878,0.05,0.025,1,2-3
