,reject,pvals,pvals_corrected,tstats,effectsize,alpha,alpha_corrected,step,dimension_step
0,True,0.0008584923077578491,0.0017169846155156983,3.2231949798281048,0.45697823807344495,0.05,0.025,0,1-2
1,False,0.7299509286499712,0.7299509286499712,-0.6147987615100564,-0.0871649579261832,0.05,0.025,1,2-3
