,reject,pvals,pvals_corrected,tstats,effectsize,alpha,alpha_corrected,step,dimension_step
0,False,0.06962406595095783,0.13924813190191565,1.4905914371867148,0.2113331191305331,0.05,0.025,0,1-2
1,False,0.08663427564659609,0.13924813190191565,1.3716645673889425,0.19447190168638256,0.05,0.025,1,2-3
