,reject,pvals,pvals_corrected,tstats,effectsize,alpha,alpha_corrected,step,dimension_step
0,False,0.9440505277721393,0.9440505277721393,-1.6040033952429995,-0.227412443246316,0.05,0.025,0,1-2
1,False,0.2839143637410832,0.5678287274821664,0.5731707643203086,0.08126302244621673,0.05,0.025,1,2-3
