,reject,pvals,pvals_corrected,tstats,effectsize,alpha,alpha_corrected,step,dimension_step
0,False,0.9999983132493296,0.9999983132493296,-4.925487150074391,-0.6983258703184093,0.05,0.025,0,1-2
1,False,0.031405504478128836,0.06281100895625767,1.8817246120258482,0.26678721055493465,0.05,0.025,1,2-3
