,reject,pvals,pvals_corrected,tstats,effectsize,alpha,alpha_corrected,step,dimension_step
0,False,0.9992443398006793,1.0,-3.2634501459790757,-0.46268553627170833,0.05,0.025,0,1-2
1,False,0.8522837867758986,1.0,-1.0518425938262144,-0.14912817197392758,0.05,0.025,1,2-3
