,reject,pvals,pvals_corrected,tstats,effectsize,alpha,alpha_corrected,step,dimension_step
0,False,0.9994908399512081,1.0,-3.3859670618800144,-0.480055743383904,0.05,0.025,0,1-2
1,False,0.9999892806041728,1.0,-4.462811995156903,-0.6327286978179025,0.05,0.025,1,2-3
