,reject,pvals,pvals_corrected,tstats,effectsize,alpha,alpha_corrected,step,dimension_step
0,False,0.9999999999497466,1.0,-7.234558760937615,-1.0257014969626161,0.05,0.025,0,1-2
1,False,0.9569129911332965,1.0,-1.7331981821860538,-0.2457294257667652,0.05,0.025,1,2-3
