,reject,pvals,pvals_corrected,tstats,effectsize,alpha,alpha_corrected,step,dimension_step
0,False,0.999997435787162,1.0,-4.822879029286401,-0.6837782929787898,0.05,0.025,0,1-2
1,False,0.7296714289557016,1.0,-0.6139491862776228,-0.08704450682246219,0.05,0.025,1,2-3
