,reject,pvals,pvals_corrected,tstats,effectsize,alpha,alpha_corrected,step,dimension_step
0,False,0.3123998311636319,0.6247996623272638,0.49059344247643116,0.06955537234214162,0.05,0.025,0,1-2
1,False,0.9998656312493919,0.9998656312493919,-3.7794246258476307,-0.5358393821224391,0.05,0.025,1,2-3
