,reject,pvals,pvals_corrected,tstats,effectsize,alpha,alpha_corrected,step,dimension_step
0,False,0.9929353570285537,1.0,-2.4982150105433205,-0.35419200544535573,0.05,0.025,0,1-2
1,False,0.8646467016391601,1.0,-1.1076274686599574,-0.1570372416927043,0.05,0.025,1,2-3
