,reject,pvals,pvals_corrected,tstats,effectsize,alpha,alpha_corrected,step,dimension_step
0,False,0.7099117326544395,0.7893581570721507,-0.5549559106984977,-0.07868055636304334,0.05,0.025,0,1-2
1,False,0.39467907853607537,0.7893581570721507,0.26786809792312644,0.03797781151654795,0.05,0.025,1,2-3
