,reject,pvals,pvals_corrected,tstats,effectsize,alpha,alpha_corrected,step,dimension_step
0,False,0.48188606475031814,0.9637721295006363,0.045535594173533325,0.006455946886638062,0.05,0.025,0,1-2
1,False,0.9999475451088469,0.9999475451088469,-4.0419527062605605,-0.5730600964703817,0.05,0.025,1,2-3
