,reject,pvals,pvals_corrected,tstats,effectsize,alpha,alpha_corrected,step,dimension_step
0,False,0.9988726580326677,1.0,-3.1360751590061215,-0.4446265614080056,0.05,0.025,0,1-2
1,False,0.9847699968163829,1.0,-2.1955498347623585,-0.3112807327422847,0.05,0.025,1,2-3
