,reject,pvals,pvals_corrected,tstats,effectsize,alpha,alpha_corrected,step,dimension_step
0,False,0.9989231496490681,0.9989231496490681,-3.1508419954410587,-0.4467201744032443,0.05,0.025,0,1-2
1,False,0.3775118218170512,0.7550236436341023,0.312888373426281,0.044360697536713525,0.05,0.025,1,2-3
