,reject,pvals,pvals_corrected,tstats,effectsize,alpha,alpha_corrected,step,dimension_step
0,False,0.9999999897866633,1.0,-6.102237567131417,-0.8651632275382911,0.05,0.025,0,1-2
1,False,0.595847847885397,1.0,-0.24326390460555927,-0.03448947743131681,0.05,0.025,1,2-3
