,reject,pvals,pvals_corrected,tstats,effectsize,alpha,alpha_corrected,step,dimension_step
0,False,0.9997860721408014,1.0,-3.6452435997036217,-0.5168154604255127,0.05,0.025,0,1-2
1,False,0.970543337550548,1.0,-1.9108772126900622,-0.27092040887838875,0.05,0.025,1,2-3
