,reject,pvals,pvals_corrected,tstats,effectsize,alpha,alpha_corrected,step,dimension_step
0,False,0.783558420955909,0.783558420955909,-0.7874784138274896,-0.11164713904181775,0.05,0.025,0,1-2
1,False,0.19417496940910584,0.38834993881821167,0.8664290542519151,0.12284060539483625,0.05,0.025,1,2-3
