,reject,pvals,pvals_corrected,tstats,effectsize,alpha,alpha_corrected,step,dimension_step
0,False,0.9991447642452981,1.0,-3.2243990036432972,-0.45714894219935376,0.05,0.025,0,1-2
1,False,0.7539104590066155,1.0,-0.6894083238941507,-0.09774295478181634,0.05,0.025,1,2-3
