,reject,pvals,pvals_corrected,tstats,effectsize,alpha,alpha_corrected,step,dimension_step
0,False,0.9999923142312666,1.0,-4.547998770589842,-0.644806311114067,0.05,0.025,0,1-2
1,False,0.8719905354956423,1.0,-1.142458607400624,-0.16197553196413256,0.05,0.025,1,2-3
