,reject,pvals,pvals_corrected,tstats,effectsize,alpha,alpha_corrected,step,dimension_step
0,False,0.9999996930405861,1.0,-5.331857839231708,-0.755940306521616,0.05,0.025,0,1-2
1,False,0.985741185654166,1.0,-2.222607173931047,-0.31511686901627517,0.05,0.025,1,2-3
