,reject,pvals,pvals_corrected,tstats,effectsize,alpha,alpha_corrected,step,dimension_step
0,False,0.8053547041391904,1.0,-0.8647060001046709,-0.1225963141703709,0.05,0.025,0,1-2
1,False,0.5375036878629404,1.0,-0.09438686159044395,-0.013381983397474605,0.05,0.025,1,2-3
