{
  "data": {
    "name": "normal-1-20",
    "n_dimension": 1,
    "distance": "euclidean",
    "subject": null,
    "n_objects": 20,
    "n_train_triplets": 119,
    "n_test_triplets": 10000,
    "frac_train_ndlogn": 1.9861587941372378,
    "frac_train_triplets": 0.0347953216374269,
    "max_train_score": 0.8235294117647058,
    "max_test_score": 0.8777,
    "noise_sd": 0.5,
    "distance_sd": 1.0197599563378132,
    "distance_mean": 1.3070183634715602,
    "difference_sd": 0.8723142502921173,
    "difference_mean": -0.1368632662133603
  },
  "n_repeats": 10,
  "n_splits": 10,
  "embedding_method": "soe",
  "embedding_dimension": [
    1,
    2,
    3
  ],
  "random_state": 2114380408,
  "alpha": 0.05
}