,reject,pvals,pvals_corrected,tstats,effectsize,alpha,alpha_corrected,step,dimension_step
0,False,0.9904913165916197,1.0,-2.384295281059029,-0.33804069049626406,0.05,0.025,0,1-2
1,False,0.9934329630962653,1.0,-2.5256749558579967,-0.35808522242603097,0.05,0.025,1,2-3
