,reject,pvals,pvals_corrected,tstats,effectsize,alpha,alpha_corrected,step,dimension_step
0,False,0.9968070531411888,1.0,-2.786566092346082,-0.39507385408729706,0.05,0.025,0,1-2
1,False,0.999373986586414,1.0,-3.322233414327856,-0.4710197123194933,0.05,0.025,1,2-3
