,reject,pvals,pvals_corrected,tstats,effectsize,alpha,alpha_corrected,step,dimension_step
0,False,0.9999999980124258,1.0,-6.4582756391733325,-0.9156416043870469,0.05,0.025,0,1-2
1,False,0.9914877560495198,1.0,-2.427171419092592,-0.34411958492759515,0.05,0.025,1,2-3
