,reject,pvals,pvals_corrected,tstats,effectsize,alpha,alpha_corrected,step,dimension_step
0,False,0.9949279302101858,1.0,-2.621184429626147,-0.37162636756774337,0.05,0.025,0,1-2
1,False,0.9805007397343869,1.0,-2.091984648096142,-0.2965974644868225,0.05,0.025,1,2-3
