,reject,pvals,pvals_corrected,tstats,effectsize,alpha,alpha_corrected,step,dimension_step
0,False,0.9999999999999998,1.0,-9.779165976296817,-1.3864708978648965,0.05,0.025,0,1-2
1,False,0.9582707943418811,1.0,-1.748608368568057,-0.24791425165080364,0.05,0.025,1,2-3
