,reject,pvals,pvals_corrected,tstats,effectsize,alpha,alpha_corrected,step,dimension_step
0,False,0.24127495462790732,0.48254990925581465,0.7048639381337088,0.09993422133805575,0.05,0.025,0,1-2
1,False,0.26912228874251776,0.48254990925581465,0.6176190390703185,0.08756481132581694,0.05,0.025,1,2-3
