{
  "data": {
    "name": "normal-1-20",
    "n_dimension": 1,
    "distance": "euclidean",
    "subject": null,
    "n_objects": 20,
    "n_train_triplets": 479,
    "n_test_triplets": 10000,
    "frac_train_ndlogn": 7.994706406653251,
    "frac_train_triplets": 0.14005847953216374,
    "max_train_score": 0.6576200417536534,
    "max_test_score": 0.6745,
    "noise_sd": 2.0,
    "distance_sd": 1.0210502477014844,
    "distance_mean": 1.326019818213131,
    "difference_sd": 0.9589486325235964,
    "difference_mean": -0.05019275122271834
  },
  "n_repeats": 10,
  "n_splits": 10,
  "embedding_method": "soe",
  "embedding_dimension": [
    1,
    2,
    3
  ],
  "random_state": 1330869763,
  "alpha": 0.05
}