{
  "data": {
    "name": "normal-1-20",
    "n_dimension": 1,
    "distance": "euclidean",
    "subject": null,
    "n_objects": 20,
    "n_train_triplets": 119,
    "n_test_triplets": 10000,
    "frac_train_ndlogn": 1.9861587941372378,
    "frac_train_triplets": 0.0347953216374269,
    "max_train_score": 0.7563025210084033,
    "max_test_score": 0.7746,
    "noise_sd": 1.0,
    "distance_sd": 1.0147146236069038,
    "distance_mean": 1.2301502265464617,
    "difference_sd": 0.8461571883812854,
    "difference_mean": -0.07043346557202061
  },
  "n_repeats": 10,
  "n_splits": 10,
  "embedding_method": "soe",
  "embedding_dimension": [
    1,
    2,
    3
  ],
  "random_state": 969211772,
  "alpha": 0.05
}