,reject,pvals,pvals_corrected,tstats,effectsize,alpha,alpha_corrected,step,dimension_step
0,False,0.14586496027266704,0.2917299205453341,1.0599866444086923,0.15028281943064467,0.05,0.025,0,1-2
1,False,0.665351707544323,0.665351707544323,-0.4283916820808327,-0.06073652922264686,0.05,0.025,1,2-3
