,reject,pvals,pvals_corrected,tstats,effectsize,alpha,alpha_corrected,step,dimension_step
0,False,0.9986636821561486,0.9986636821561486,-3.0808536614240434,-0.4367973662067333,0.05,0.025,0,1-2
1,False,0.05910025104887841,0.11820050209775682,1.5760676355373244,0.22345176623811858,0.05,0.025,1,2-3
