,reject,pvals,pvals_corrected,tstats,effectsize,alpha,alpha_corrected,step,dimension_step
0,False,0.2625516926536996,0.5251033853073992,0.6377582741897272,0.09042011242879427,0.05,0.025,0,1-2
1,False,0.9998873408336059,0.9998873408336059,-3.8294723283869523,-0.5429350468492633,0.05,0.025,1,2-3
