,reject,pvals,pvals_corrected,tstats,effectsize,alpha,alpha_corrected,step,dimension_step
0,False,0.9935199166512726,1.0,-2.5306640345197384,-0.35879256417566785,0.05,0.025,0,1-2
1,False,0.9953840424185961,1.0,-2.6554311342178103,-0.3764817979162216,0.05,0.025,1,2-3
