,reject,pvals,pvals_corrected,tstats,effectsize,alpha,alpha_corrected,step,dimension_step
0,False,0.9967422536342383,1.0,-2.7795282134641335,-0.3940760374763334,0.05,0.025,0,1-2
1,False,0.9023730153438781,1.0,-1.30401016699521,-0.18487999400368568,0.05,0.025,1,2-3
