,reject,pvals,pvals_corrected,tstats,effectsize,alpha,alpha_corrected,step,dimension_step
0,False,0.30882872197158573,0.6176574439431715,0.5007515889584163,0.07099557434992618,0.05,0.025,0,1-2
1,False,0.8579406659192184,0.8579406659192184,-1.0769528393285777,-0.15268825314155016,0.05,0.025,1,2-3
