,reject,pvals,pvals_corrected,tstats,effectsize,alpha,alpha_corrected,step,dimension_step
0,False,0.9999820472164553,1.0,-4.328845172877162,-0.6137351455231048,0.05,0.025,0,1-2
1,False,0.8022638758056235,1.0,-0.8534460199641697,-0.12099989635588837,0.05,0.025,1,2-3
