,reject,pvals,pvals_corrected,tstats,effectsize,alpha,alpha_corrected,step,dimension_step
0,False,0.038682986878376416,0.07736597375675283,1.7847428893214394,0.25303733285775865,0.05,0.025,0,1-2
1,False,0.9302148321613889,0.9302148321613889,-1.4893644176561371,-0.2111591547173734,0.05,0.025,1,2-3
