{
  "data": {
    "name": "normal-1-20",
    "n_dimension": 1,
    "distance": "euclidean",
    "subject": null,
    "n_objects": 20,
    "n_train_triplets": 479,
    "n_test_triplets": 10000,
    "frac_train_ndlogn": 7.994706406653251,
    "frac_train_triplets": 0.14005847953216374,
    "max_train_score": 0.6868475991649269,
    "max_test_score": 0.6856,
    "noise_sd": 2.0,
    "distance_sd": 1.0234640696124238,
    "distance_mean": 1.3609170929798984,
    "difference_sd": 0.9749533897174169,
    "difference_mean": -0.041758377891800695
  },
  "n_repeats": 10,
  "n_splits": 10,
  "embedding_method": "soe",
  "embedding_dimension": [
    1,
    2,
    3
  ],
  "random_state": 1776986399,
  "alpha": 0.05
}