,reject,pvals,pvals_corrected,tstats,effectsize,alpha,alpha_corrected,step,dimension_step
0,False,0.9930067034805189,1.0,-2.502043580631257,-0.35473481257433037,0.05,0.025,0,1-2
1,False,0.9999963845295122,1.0,-4.737810510503735,-0.6717174458776647,0.05,0.025,1,2-3
