,reject,pvals,pvals_corrected,tstats,effectsize,alpha,alpha_corrected,step,dimension_step
0,False,0.9999999999382198,1.0,-7.191664493071338,-1.0196200321192987,0.05,0.025,0,1-2
1,False,0.8515331512321175,1.0,-1.0485601754850826,-0.14866279716429373,0.05,0.025,1,2-3
