,reject,pvals,pvals_corrected,tstats,effectsize,alpha,alpha_corrected,step,dimension_step
0,False,0.9999942947432451,1.0,-4.6235259527929475,-0.6555144063009327,0.05,0.025,0,1-2
1,False,0.9370104919046301,1.0,-1.5431745551576141,-0.21878825006525277,0.05,0.025,1,2-3
