,reject,pvals,pvals_corrected,tstats,effectsize,alpha,alpha_corrected,step,dimension_step
0,False,0.8916706502930081,1.0,-1.2433951722122856,-0.17628611938856417,0.05,0.025,0,1-2
1,False,0.999985648770107,1.0,-4.387309549658078,-0.6220241097522654,0.05,0.025,1,2-3
