,reject,pvals,pvals_corrected,tstats,effectsize,alpha,alpha_corrected,step,dimension_step
0,False,0.8204685631630655,1.0,-0.9214359810695768,-0.13063937917559915,0.05,0.025,0,1-2
1,False,0.9999998939057829,1.0,-5.577534799594461,-0.7907719022471088,0.05,0.025,1,2-3
