,reject,pvals,pvals_corrected,tstats,effectsize,alpha,alpha_corrected,step,dimension_step
0,False,0.9959488502009697,1.0,-2.7023694988063967,-0.3831366268303834,0.05,0.025,0,1-2
1,False,0.9998830646895567,1.0,-3.818927060305949,-0.5414399595033759,0.05,0.025,1,2-3
