,reject,pvals,pvals_corrected,tstats,effectsize,alpha,alpha_corrected,step,dimension_step
0,False,0.9999999978319271,1.0,-6.439557481716854,-0.912987780877152,0.05,0.025,0,1-2
1,False,0.8897334591020859,1.0,-1.2328989706212092,-0.17479798859301127,0.05,0.025,1,2-3
