,reject,pvals,pvals_corrected,tstats,effectsize,alpha,alpha_corrected,step,dimension_step
0,False,0.996126629103347,0.996126629103347,-2.7183785170530435,-0.3854063539171476,0.05,0.025,0,1-2
1,False,0.400914389923293,0.801828779846586,0.2516558035643063,0.03567926434283127,0.05,0.025,1,2-3
