{
  "data": {
    "name": "normal-1-20",
    "n_dimension": 1,
    "distance": "euclidean",
    "subject": null,
    "n_objects": 20,
    "n_train_triplets": 479,
    "n_test_triplets": 10000,
    "frac_train_ndlogn": 7.994706406653251,
    "frac_train_triplets": 0.14005847953216374,
    "max_train_score": 0.8872651356993737,
    "max_test_score": 0.8923,
    "noise_sd": 0.5,
    "distance_sd": 1.0272928295317978,
    "distance_mean": 1.4146662484633958,
    "difference_sd": 0.9866846579172556,
    "difference_mean": -0.05866864617305957
  },
  "n_repeats": 10,
  "n_splits": 10,
  "embedding_method": "soe",
  "embedding_dimension": [
    1,
    2,
    3
  ],
  "random_state": 1379685576,
  "alpha": 0.05
}