,reject,pvals,pvals_corrected,tstats,effectsize,alpha,alpha_corrected,step,dimension_step
0,False,0.39990023214792436,0.7998004642958487,0.25428803690710117,0.036052457203553816,0.05,0.025,0,1-2
1,False,0.999971849333518,0.999971849333518,-4.209936891007446,-0.5968765634387964,0.05,0.025,1,2-3
