,reject,pvals,pvals_corrected,tstats,effectsize,alpha,alpha_corrected,step,dimension_step
0,False,0.9885101289100234,1.0,-2.309734920977285,-0.3274696694461834,0.05,0.025,0,1-2
1,False,0.9999999704764153,1.0,-5.866821080903595,-0.8317863416337441,0.05,0.025,1,2-3
