,reject,pvals,pvals_corrected,tstats,effectsize,alpha,alpha_corrected,step,dimension_step
0,False,0.9984045749983675,1.0,-3.022577812318188,-0.4285351310601497,0.05,0.025,0,1-2
1,False,0.9832647676295785,1.0,-2.156448480168776,-0.3057370196748818,0.05,0.025,1,2-3
