,reject,pvals,pvals_corrected,tstats,effectsize,alpha,alpha_corrected,step,dimension_step
0,False,0.9999999878040762,1.0,-6.063159183410927,-0.8596227712360479,0.05,0.025,0,1-2
1,False,0.9990419293681336,1.0,-3.1882956207362443,-0.45203027565494386,0.05,0.025,1,2-3
