,reject,pvals,pvals_corrected,tstats,effectsize,alpha,alpha_corrected,step,dimension_step
0,False,0.9999998781046606,1.0,-5.545725929903952,-0.7862621033310495,0.05,0.025,0,1-2
1,False,0.977591350386839,1.0,-2.03214682388333,-0.28811377558495604,0.05,0.025,1,2-3
