,reject,pvals,pvals_corrected,tstats,effectsize,alpha,alpha_corrected,step,dimension_step
0,False,0.9999997557559207,1.0,-5.3851646379072955,-0.7634980394817874,0.05,0.025,0,1-2
1,False,0.6684910397099333,1.0,-0.4370624654344015,-0.061965855814562106,0.05,0.025,1,2-3
