{
  "data": {
    "name": "normal-1-20",
    "n_dimension": 1,
    "distance": "euclidean",
    "subject": null,
    "n_objects": 20,
    "n_train_triplets": 119,
    "n_test_triplets": 10000,
    "frac_train_ndlogn": 1.9861587941372378,
    "frac_train_triplets": 0.0347953216374269,
    "max_train_score": 0.7899159663865546,
    "max_test_score": 0.6851,
    "noise_sd": 2.0,
    "distance_sd": 1.0223055572461412,
    "distance_mean": 1.3442709530264065,
    "difference_sd": 1.068052220100418,
    "difference_mean": -0.1461518122177053
  },
  "n_repeats": 10,
  "n_splits": 10,
  "embedding_method": "soe",
  "embedding_dimension": [
    1,
    2,
    3
  ],
  "random_state": 1300410279,
  "alpha": 0.05
}