,reject,pvals,pvals_corrected,tstats,effectsize,alpha,alpha_corrected,step,dimension_step
0,True,0.0070962236872981095,0.014192447374596219,2.496531385639152,0.35395330442134115,0.05,0.025,0,1-2
1,False,0.7975862549021951,0.7975862549021951,-0.8366085938843711,-0.11861271923759671,0.05,0.025,1,2-3
