,reject,pvals,pvals_corrected,tstats,effectsize,alpha,alpha_corrected,step,dimension_step
0,False,0.9999999888548305,1.0,-6.083017802037236,-0.8624382870851409,0.05,0.025,0,1-2
1,False,0.8782270288157304,1.0,-1.1731615109226732,-0.1663285291743706,0.05,0.025,1,2-3
