,reject,pvals,pvals_corrected,tstats,effectsize,alpha,alpha_corrected,step,dimension_step
0,False,0.9999436743463213,1.0,-4.022461951879406,-0.5702967356896766,0.05,0.025,0,1-2
1,False,0.6725065971455813,1.0,-0.4482019665185793,-0.06354519234565098,0.05,0.025,1,2-3
