,reject,pvals,pvals_corrected,tstats,effectsize,alpha,alpha_corrected,step,dimension_step
0,False,0.9957808856088001,1.0,-2.6878203890173586,-0.38107388269031706,0.05,0.025,0,1-2
1,False,0.9999571913172998,1.0,-4.09726624692826,-0.5809023413591092,0.05,0.025,1,2-3
