{
  "data": {
    "name": "normal-1-20",
    "n_dimension": 1,
    "distance": "euclidean",
    "subject": null,
    "n_objects": 20,
    "n_train_triplets": 239,
    "n_test_triplets": 10000,
    "frac_train_ndlogn": 3.9890079983092424,
    "frac_train_triplets": 0.06988304093567252,
    "max_train_score": 0.7615062761506276,
    "max_test_score": 0.7587,
    "noise_sd": 1.0,
    "distance_sd": 1.0104282115104843,
    "distance_mean": 1.1611796767551743,
    "difference_sd": 0.8290957052813261,
    "difference_mean": -0.17315680337976325
  },
  "n_repeats": 10,
  "n_splits": 10,
  "embedding_method": "soe",
  "embedding_dimension": [
    1,
    2,
    3
  ],
  "random_state": 4044969904,
  "alpha": 0.05
}