,reject,pvals,pvals_corrected,tstats,effectsize,alpha,alpha_corrected,step,dimension_step
0,False,0.9999938013055348,1.0,-4.602572393288298,-0.6525436518899438,0.05,0.025,0,1-2
1,False,0.8342722995366112,1.0,-0.9759755360338451,-0.13837188989519897,0.05,0.025,1,2-3
