,reject,pvals,pvals_corrected,tstats,effectsize,alpha,alpha_corrected,step,dimension_step
0,False,0.9999997410891234,0.9999997410891234,-5.371587646985428,-0.7615731204406981,0.05,0.025,0,1-2
1,False,0.34969272591977296,0.6993854518395459,0.387272948226798,0.054906796095726365,0.05,0.025,1,2-3
