,reject,pvals,pvals_corrected,tstats,effectsize,alpha,alpha_corrected,step,dimension_step
0,False,0.8706394776752855,1.0,-1.1359473129782485,-0.16105237346105208,0.05,0.025,0,1-2
1,False,0.6472350024175588,1.0,-0.3789587993948525,-0.05372803244410717,0.05,0.025,1,2-3
