,reject,pvals,pvals_corrected,tstats,effectsize,alpha,alpha_corrected,step,dimension_step
0,False,0.9886112686609333,1.0,-2.313254701113595,-0.3279686969437947,0.05,0.025,0,1-2
1,False,0.7979744398072277,1.0,-0.8379968122000113,-0.11880953809711739,0.05,0.025,1,2-3
