,reject,pvals,pvals_corrected,tstats,effectsize,alpha,alpha_corrected,step,dimension_step
0,True,0.00012934739297453898,0.00025869478594907797,3.790277143456221,0.5373780307014026,0.05,0.025,0,1-2
1,False,0.9817789497827571,0.9817789497827571,-2.12074051166333,-0.30067441420579816,0.05,0.025,1,2-3
