,reject,pvals,pvals_corrected,tstats,effectsize,alpha,alpha_corrected,step,dimension_step
0,False,0.9445256009146917,1.0,-1.60832401806078,-0.22802501264252253,0.05,0.025,0,1-2
1,False,0.9853302649306074,1.0,-2.2109683270076794,-0.3134667362152708,0.05,0.025,1,2-3
