{
  "data": {
    "name": "normal-1-20",
    "n_dimension": 1,
    "distance": "euclidean",
    "subject": null,
    "n_objects": 20,
    "n_train_triplets": 239,
    "n_test_triplets": 10000,
    "frac_train_ndlogn": 3.9890079983092424,
    "frac_train_triplets": 0.06988304093567252,
    "max_train_score": 0.8284518828451883,
    "max_test_score": 0.8034,
    "noise_sd": 1.0,
    "distance_sd": 1.0270569447011288,
    "distance_mean": 1.41140829865689,
    "difference_sd": 0.9775468612332511,
    "difference_mean": -0.0683557758618227
  },
  "n_repeats": 10,
  "n_splits": 10,
  "embedding_method": "soe",
  "embedding_dimension": [
    1,
    2,
    3
  ],
  "random_state": 3152195864,
  "alpha": 0.05
}