,reject,pvals,pvals_corrected,tstats,effectsize,alpha,alpha_corrected,step,dimension_step
0,False,0.99989845190086,1.0,-3.8587669758555228,-0.5470883842889623,0.05,0.025,0,1-2
1,False,0.9000202793791595,1.0,-1.2902787519707761,-0.18293318101738112,0.05,0.025,1,2-3
