,reject,pvals,pvals_corrected,tstats,effectsize,alpha,alpha_corrected,step,dimension_step
0,False,0.9999996295841992,1.0,-5.2878313060777655,-0.7496983113351369,0.05,0.025,0,1-2
1,False,0.9999979376769849,1.0,-4.876386046383815,-0.6913644125125965,0.05,0.025,1,2-3
