{
  "data": {
    "name": "normal-1-20",
    "n_dimension": 1,
    "distance": "euclidean",
    "subject": null,
    "n_objects": 20,
    "n_train_triplets": 479,
    "n_test_triplets": 10000,
    "frac_train_ndlogn": 7.994706406653251,
    "frac_train_triplets": 0.14005847953216374,
    "max_train_score": 0.791231732776618,
    "max_test_score": 0.8024,
    "noise_sd": 1.0,
    "distance_sd": 1.0260085541714634,
    "distance_mean": 1.3968455574713026,
    "difference_sd": 0.984770048721207,
    "difference_mean": -0.06799776164288657
  },
  "n_repeats": 10,
  "n_splits": 10,
  "embedding_method": "soe",
  "embedding_dimension": [
    1,
    2,
    3
  ],
  "random_state": 1661572000,
  "alpha": 0.05
}