,reject,pvals,pvals_corrected,tstats,effectsize,alpha,alpha_corrected,step,dimension_step
0,False,0.8206432661909798,1.0,-0.9221090473517776,-0.1307348051878856,0.05,0.025,0,1-2
1,False,0.9684583853060916,1.0,-1.8797458993193223,-0.2665066725633019,0.05,0.025,1,2-3
