,reject,pvals,pvals_corrected,tstats,effectsize,alpha,alpha_corrected,step,dimension_step
0,False,0.051198900097063696,0.10239780019412739,1.6486088322226635,0.23373651427739894,0.05,0.025,0,1-2
1,False,0.9232202101188386,0.9232202101188386,-1.438099165898059,-0.20389086825955335,0.05,0.025,1,2-3
