,reject,pvals,pvals_corrected,tstats,effectsize,alpha,alpha_corrected,step,dimension_step
0,False,0.9990339160005732,1.0,-3.185636297113301,-0.4516532419876401,0.05,0.025,0,1-2
1,False,0.5758929718145575,1.0,-0.19189941262997154,-0.02720712089085289,0.05,0.025,1,2-3
