,reject,pvals,pvals_corrected,tstats,effectsize,alpha,alpha_corrected,step,dimension_step
0,False,0.9999998670275247,1.0,-5.525754148393979,-0.7834305434711175,0.05,0.025,0,1-2
1,False,0.511294701626936,1.0,-0.028387052093740563,-0.004024660354425248,0.05,0.025,1,2-3
