,reject,pvals,pvals_corrected,tstats,effectsize,alpha,alpha_corrected,step,dimension_step
0,False,0.6412112895048845,1.0,-0.3627332545562295,-0.05142760664345299,0.05,0.025,0,1-2
1,False,0.9999972102034853,1.0,-4.802079176044126,-0.6808293307390472,0.05,0.025,1,2-3
