,reject,pvals,pvals_corrected,tstats,effectsize,alpha,alpha_corrected,step,dimension_step
0,False,0.9999899256572962,1.0,-4.478775092389282,-0.634991914313678,0.05,0.025,0,1-2
1,False,0.999999757222561,1.0,-5.386565928756739,-0.7636967117394121,0.05,0.025,1,2-3
