,reject,pvals,pvals_corrected,tstats,effectsize,alpha,alpha_corrected,step,dimension_step
0,False,0.9999998503813182,1.0,-5.498616875668975,-0.7795830743748942,0.05,0.025,0,1-2
1,False,0.9998795137329178,1.0,-3.8104456959868163,-0.5402374883692147,0.05,0.025,1,2-3
