,reject,pvals,pvals_corrected,tstats,effectsize,alpha,alpha_corrected,step,dimension_step
0,False,0.9141538676745615,0.9141538676745615,-1.3767591184323626,-0.1951941971026287,0.05,0.025,0,1-2
1,False,0.04540028354866374,0.09080056709732748,1.7078374542933201,0.24213383169901212,0.05,0.025,1,2-3
