,reject,pvals,pvals_corrected,tstats,effectsize,alpha,alpha_corrected,step,dimension_step
0,False,0.7640790105352225,1.0,-0.722252321380486,-0.102399512078699,0.05,0.025,0,1-2
1,False,0.9172959166434873,1.0,-1.3974301490585936,-0.19812489512550818,0.05,0.025,1,2-3
