,reject,pvals,pvals_corrected,tstats,effectsize,alpha,alpha_corrected,step,dimension_step
0,False,0.9999999986782044,0.9999999986782044,-6.545857326679609,-0.9280587636016135,0.05,0.025,0,1-2
1,False,0.045629093595545143,0.09125818719109029,1.7053868123485116,0.24178638450915976,0.05,0.025,1,2-3
