,reject,pvals,pvals_corrected,tstats,effectsize,alpha,alpha_corrected,step,dimension_step
0,False,0.580014495594647,1.0,-0.20246205872858677,-0.028704672057861706,0.05,0.025,0,1-2
1,False,0.9995142876728622,1.0,-3.4003981255963325,-0.4821017511842017,0.05,0.025,1,2-3
