,reject,pvals,pvals_corrected,tstats,effectsize,alpha,alpha_corrected,step,dimension_step
0,False,0.933169421540911,1.0,-1.5122297078960392,-0.21440095054798913,0.05,0.025,0,1-2
1,False,0.5314835305976369,1.0,-0.07920059913895819,-0.011228905007419847,0.05,0.025,1,2-3
