,reject,pvals,pvals_corrected,tstats,effectsize,alpha,alpha_corrected,step,dimension_step
0,False,0.9999999999713867,1.0,-7.351197274751676,-1.042238275800953,0.05,0.025,0,1-2
1,False,0.9616513849361767,1.0,-1.7888509563416415,-0.2536197665114868,0.05,0.025,1,2-3
