,reject,pvals,pvals_corrected,tstats,effectsize,alpha,alpha_corrected,step,dimension_step
0,False,0.9999999968650731,1.0,-6.359922259672473,-0.9016972558899328,0.05,0.025,0,1-2
1,False,0.7338815007467132,1.0,-0.626794062691478,-0.08886562811006972,0.05,0.025,1,2-3
