,reject,pvals,pvals_corrected,tstats,effectsize,alpha,alpha_corrected,step,dimension_step
0,False,0.9997906942231136,1.0,-3.651617137286787,-0.5177190880351602,0.05,0.025,0,1-2
1,False,0.7687041001465635,1.0,-0.7374520123894924,-0.10455449434319948,0.05,0.025,1,2-3
