,reject,pvals,pvals_corrected,tstats,effectsize,alpha,alpha_corrected,step,dimension_step
0,False,0.9996419636901102,1.0,-3.4927869972743837,-0.4952004635057507,0.05,0.025,0,1-2
1,False,0.9852151694533767,1.0,-2.2077594658608692,-0.31301179019982067,0.05,0.025,1,2-3
