,reject,pvals,pvals_corrected,tstats,effectsize,alpha,alpha_corrected,step,dimension_step
0,False,0.8240148882843653,1.0,-0.9351816553850892,-0.13258821381611763,0.05,0.025,0,1-2
1,False,0.9926526608328584,1.0,-2.483377732590167,-0.352088405390357,0.05,0.025,1,2-3
