,reject,pvals,pvals_corrected,tstats,effectsize,alpha,alpha_corrected,step,dimension_step
0,False,0.9999391336608104,0.9999391336608104,-4.001170074647442,-0.5672780152574247,0.05,0.025,0,1-2
1,False,0.1461297613318981,0.2922595226637962,1.0588174288896224,0.1501170503564259,0.05,0.025,1,2-3
