{
  "data": {
    "name": "normal-1-20",
    "n_dimension": 1,
    "distance": "euclidean",
    "subject": null,
    "n_objects": 20,
    "n_train_triplets": 119,
    "n_test_triplets": 10000,
    "frac_train_ndlogn": 1.9861587941372378,
    "frac_train_triplets": 0.0347953216374269,
    "max_train_score": 0.680672268907563,
    "max_test_score": 0.6891,
    "noise_sd": 2.0,
    "distance_sd": 1.0223755617587083,
    "distance_mean": 1.3452821251868499,
    "difference_sd": 0.9628844893282248,
    "difference_mean": -0.0600023656443528
  },
  "n_repeats": 10,
  "n_splits": 10,
  "embedding_method": "soe",
  "embedding_dimension": [
    1,
    2,
    3
  ],
  "random_state": 225686476,
  "alpha": 0.05
}