,reject,pvals,pvals_corrected,tstats,effectsize,alpha,alpha_corrected,step,dimension_step
0,False,0.9893112176733693,1.0,-2.3383990887314776,-0.331533618713333,0.05,0.025,0,1-2
1,False,0.9177594557943585,1.0,-1.4005301817632854,-0.19856441165870767,0.05,0.025,1,2-3
