{
  "data": {
    "name": "normal-1-20",
    "n_dimension": 1,
    "distance": "euclidean",
    "subject": null,
    "n_objects": 20,
    "n_train_triplets": 119,
    "n_test_triplets": 10000,
    "frac_train_ndlogn": 1.9861587941372378,
    "frac_train_triplets": 0.0347953216374269,
    "max_train_score": 0.7058823529411765,
    "max_test_score": 0.6836,
    "noise_sd": 2.0,
    "distance_sd": 1.023090881780094,
    "distance_mean": 1.3555751898179023,
    "difference_sd": 0.9763777039696329,
    "difference_mean": -0.0668601818930231
  },
  "n_repeats": 10,
  "n_splits": 10,
  "embedding_method": "soe",
  "embedding_dimension": [
    1,
    2,
    3
  ],
  "random_state": 1920592140,
  "alpha": 0.05
}