{
  "data": {
    "name": "normal-1-20",
    "n_dimension": 1,
    "distance": "euclidean",
    "subject": null,
    "n_objects": 20,
    "n_train_triplets": 479,
    "n_test_triplets": 10000,
    "frac_train_ndlogn": 7.994706406653251,
    "frac_train_triplets": 0.14005847953216374,
    "max_train_score": 0.7035490605427975,
    "max_test_score": 0.6639,
    "noise_sd": 2.0,
    "distance_sd": 1.0092377873957945,
    "distance_mean": 1.1413401415194417,
    "difference_sd": 0.88084436219772,
    "difference_mean": -0.11423499735532645
  },
  "n_repeats": 10,
  "n_splits": 10,
  "embedding_method": "soe",
  "embedding_dimension": [
    1,
    2,
    3
  ],
  "random_state": 2441692650,
  "alpha": 0.05
}