,reject,pvals,pvals_corrected,tstats,effectsize,alpha,alpha_corrected,step,dimension_step
0,False,0.9652317317533629,1.0,-1.8348112727723322,-0.26013592968350663,0.05,0.025,0,1-2
1,False,0.5467422152643162,1.0,-0.11773576246308158,-0.016692344591415935,0.05,0.025,1,2-3
