{
  "data": {
    "name": "normal-1-20",
    "n_dimension": 1,
    "distance": "euclidean",
    "subject": null,
    "n_objects": 20,
    "n_train_triplets": 479,
    "n_test_triplets": 10000,
    "frac_train_ndlogn": 7.994706406653251,
    "frac_train_triplets": 0.14005847953216374,
    "max_train_score": 0.8559498956158664,
    "max_test_score": 0.876,
    "noise_sd": 0.5,
    "distance_sd": 1.0164303517406468,
    "distance_mean": 1.256774657149275,
    "difference_sd": 0.8587114602936826,
    "difference_mean": -0.1428048001193865
  },
  "n_repeats": 10,
  "n_splits": 10,
  "embedding_method": "soe",
  "embedding_dimension": [
    1,
    2,
    3
  ],
  "random_state": 4031833411,
  "alpha": 0.05
}