{
  "data": {
    "name": "normal-1-20",
    "n_dimension": 1,
    "distance": "euclidean",
    "subject": null,
    "n_objects": 20,
    "n_train_triplets": 239,
    "n_test_triplets": 10000,
    "frac_train_ndlogn": 3.9890079983092424,
    "frac_train_triplets": 0.06988304093567252,
    "max_train_score": 0.799163179916318,
    "max_test_score": 0.7917,
    "noise_sd": 1.0,
    "distance_sd": 1.0246012675304779,
    "distance_mean": 1.3770792973086825,
    "difference_sd": 0.9463884623250807,
    "difference_mean": -0.10452476500624623
  },
  "n_repeats": 10,
  "n_splits": 10,
  "embedding_method": "soe",
  "embedding_dimension": [
    1,
    2,
    3
  ],
  "random_state": 2658537923,
  "alpha": 0.05
}