,reject,pvals,pvals_corrected,tstats,effectsize,alpha,alpha_corrected,step,dimension_step
0,False,0.9999946806128807,1.0,-4.64117370678704,-0.6580164701154538,0.05,0.025,0,1-2
1,False,0.9990101900720377,1.0,-3.1778814395393185,-0.4505537735493832,0.05,0.025,1,2-3
