,reject,pvals,pvals_corrected,tstats,effectsize,alpha,alpha_corrected,step,dimension_step
0,False,0.78983682741091,1.0,-0.8092249997191586,-0.11473032717256426,0.05,0.025,0,1-2
1,False,0.999916620860944,1.0,-3.9139989558720396,-0.5549190656691504,0.05,0.025,1,2-3
