,reject,pvals,pvals_corrected,tstats,effectsize,alpha,alpha_corrected,step,dimension_step
0,False,0.8588196398106872,1.0,-1.0809156861208569,-0.15325009775728832,0.05,0.025,0,1-2
1,False,0.9995124825947879,1.0,-3.399264163169506,-0.4819409802239912,0.05,0.025,1,2-3
