,reject,pvals,pvals_corrected,tstats,effectsize,alpha,alpha_corrected,step,dimension_step
0,False,0.9999999995960808,0.9999999995960808,-6.798119289012278,-0.9638239679411539,0.05,0.025,0,1-2
1,False,0.11257368509346591,0.22514737018693182,1.2205719638792536,0.17305028984784915,0.05,0.025,1,2-3
