,reject,pvals,pvals_corrected,tstats,effectsize,alpha,alpha_corrected,step,dimension_step
0,False,0.9999584551678046,1.0,-4.105384251470275,-0.5820532960594916,0.05,0.025,0,1-2
1,False,0.9999927193312286,1.0,-4.561776368441392,-0.6467596718106705,0.05,0.025,1,2-3
