{
  "data": {
    "name": "normal-1-20",
    "n_dimension": 1,
    "distance": "euclidean",
    "subject": null,
    "n_objects": 20,
    "n_train_triplets": 119,
    "n_test_triplets": 10000,
    "frac_train_ndlogn": 1.9861587941372378,
    "frac_train_triplets": 0.0347953216374269,
    "max_train_score": 0.8907563025210085,
    "max_test_score": 0.8604,
    "noise_sd": 0.5,
    "distance_sd": 1.0134084332251487,
    "distance_mean": 1.209519077197696,
    "difference_sd": 0.8312992569301506,
    "difference_mean": -0.16031950172696485
  },
  "n_repeats": 10,
  "n_splits": 10,
  "embedding_method": "soe",
  "embedding_dimension": [
    1,
    2,
    3
  ],
  "random_state": 2586676106,
  "alpha": 0.05
}