{
  "data": {
    "name": "normal-1-20",
    "n_dimension": 1,
    "distance": "euclidean",
    "subject": null,
    "n_objects": 20,
    "n_train_triplets": 119,
    "n_test_triplets": 10000,
    "frac_train_ndlogn": 1.9861587941372378,
    "frac_train_triplets": 0.0347953216374269,
    "max_train_score": 0.5882352941176471,
    "max_test_score": 0.6724,
    "noise_sd": 2.0,
    "distance_sd": 1.0197848276164068,
    "distance_mean": 1.3073870115982735,
    "difference_sd": 0.8658261926058808,
    "difference_mean": -0.03439443233959065
  },
  "n_repeats": 10,
  "n_splits": 10,
  "embedding_method": "soe",
  "embedding_dimension": [
    1,
    2,
    3
  ],
  "random_state": 3212064496,
  "alpha": 0.05
}