,reject,pvals,pvals_corrected,tstats,effectsize,alpha,alpha_corrected,step,dimension_step
0,False,0.9999305841815358,1.0,-3.9649116833591354,-0.5621373719299175,0.05,0.025,0,1-2
1,False,0.9877252545217625,1.0,-2.2833119007527776,-0.3237234656631848,0.05,0.025,1,2-3
