,reject,pvals,pvals_corrected,tstats,effectsize,alpha,alpha_corrected,step,dimension_step
0,False,0.6456592387301716,1.0,-0.3747047500434646,-0.0531249017028889,0.05,0.025,0,1-2
1,False,0.9999999967611329,1.0,-6.3528605714893835,-0.9006960636431317,0.05,0.025,1,2-3
