,reject,pvals,pvals_corrected,tstats,effectsize,alpha,alpha_corrected,step,dimension_step
0,False,0.8864739388653249,1.0,-1.2155368807311957,-0.1723364256727208,0.05,0.025,0,1-2
1,False,0.6499582803588262,1.0,-0.3863271555055948,-0.05477270346589075,0.05,0.025,1,2-3
