,reject,pvals,pvals_corrected,tstats,effectsize,alpha,alpha_corrected,step,dimension_step
0,False,0.9200141429960744,0.9200141429960744,-1.415802604244458,-0.20072970564813047,0.05,0.025,0,1-2
1,False,0.21103924820556924,0.4220784964111385,0.8061676096260373,0.11429685642487393,0.05,0.025,1,2-3
