,reject,pvals,pvals_corrected,tstats,effectsize,alpha,alpha_corrected,step,dimension_step
0,False,0.6724612614915288,1.0,-0.4480758907167505,-0.06352731756669905,0.05,0.025,0,1-2
1,False,0.9672580631503169,1.0,-1.862599311005287,-0.2640756630321514,0.05,0.025,1,2-3
