,reject,pvals,pvals_corrected,tstats,effectsize,alpha,alpha_corrected,step,dimension_step
0,False,0.9964074143346634,0.9964074143346634,-2.7450795287546046,-0.389191970784424,0.05,0.025,0,1-2
1,False,0.1617518627790926,0.3235037255581852,0.9922312321570527,0.1406765904856165,0.05,0.025,1,2-3
