,reject,pvals,pvals_corrected,tstats,effectsize,alpha,alpha_corrected,step,dimension_step
0,False,0.9305160418903363,1.0,-1.4916603627253635,-0.21148466928878926,0.05,0.025,0,1-2
1,False,0.9524130103320441,1.0,-1.684816728167391,-0.238869998474514,0.05,0.025,1,2-3
