,reject,pvals,pvals_corrected,tstats,effectsize,alpha,alpha_corrected,step,dimension_step
0,False,0.9999783170776246,0.9999783170776246,-4.279184956408408,-0.6066944178084422,0.05,0.025,0,1-2
1,False,0.14460430609464037,0.28920861218928073,1.0655729584099753,0.15107483603082178,0.05,0.025,1,2-3
