{
  "data": {
    "name": "normal-1-20",
    "n_dimension": 1,
    "distance": "euclidean",
    "subject": null,
    "n_objects": 20,
    "n_train_triplets": 119,
    "n_test_triplets": 10000,
    "frac_train_ndlogn": 1.9861587941372378,
    "frac_train_triplets": 0.0347953216374269,
    "max_train_score": 0.8235294117647058,
    "max_test_score": 0.879,
    "noise_sd": 0.5,
    "distance_sd": 1.0212021321327414,
    "distance_mean": 1.3282402263057254,
    "difference_sd": 0.9505197830348422,
    "difference_mean": -0.14310054354235188
  },
  "n_repeats": 10,
  "n_splits": 10,
  "embedding_method": "soe",
  "embedding_dimension": [
    1,
    2,
    3
  ],
  "random_state": 3342462341,
  "alpha": 0.05
}