,reject,pvals,pvals_corrected,tstats,effectsize,alpha,alpha_corrected,step,dimension_step
0,False,0.9973288996801264,1.0,-2.84854924319605,-0.403861703175834,0.05,0.025,0,1-2
1,False,0.9997309668043566,1.0,-3.5779206349321053,-0.5072705430327682,0.05,0.025,1,2-3
