,reject,pvals,pvals_corrected,tstats,effectsize,alpha,alpha_corrected,step,dimension_step
0,False,0.8719198681039143,1.0,-1.142116835492101,-0.16192707621585878,0.05,0.025,0,1-2
1,False,0.9885420498690743,1.0,-2.3108428462541593,-0.3276267489105384,0.05,0.025,1,2-3
