,reject,pvals,pvals_corrected,tstats,effectsize,alpha,alpha_corrected,step,dimension_step
0,False,0.05421641810275628,0.10843283620551256,1.6199099497694889,0.22966764322857766,0.05,0.025,0,1-2
1,False,0.387054647611357,0.387054647611357,0.2877897243869993,0.04080226049279432,0.05,0.025,1,2-3
