,reject,pvals,pvals_corrected,tstats,effectsize,alpha,alpha_corrected,step,dimension_step
0,False,0.9023515839867708,1.0,-1.3038839813273826,-0.18486210364814878,0.05,0.025,0,1-2
1,False,0.9386988269711112,1.0,-1.5572497521496707,-0.22078380378205262,0.05,0.025,1,2-3
