,reject,pvals,pvals_corrected,tstats,effectsize,alpha,alpha_corrected,step,dimension_step
0,False,0.9995416484603259,1.0,-3.4180896944755927,-0.4846100269868745,0.05,0.025,0,1-2
1,False,0.9387666285852747,1.0,-1.5578213809041772,-0.22086484818138352,0.05,0.025,1,2-3
