,reject,pvals,pvals_corrected,tstats,effectsize,alpha,alpha_corrected,step,dimension_step
0,False,0.972383980771241,1.0,-1.9399443651514567,-0.2750414925238866,0.05,0.025,0,1-2
1,False,0.9891951085497831,1.0,-2.334129320495125,-0.33092825937955345,0.05,0.025,1,2-3
