,reject,pvals,pvals_corrected,tstats,effectsize,alpha,alpha_corrected,step,dimension_step
0,False,0.36680986235712765,0.7336197247142553,0.341275141465083,0.04838531761838885,0.05,0.025,0,1-2
1,False,0.9364169848856262,0.9364169848856262,-1.538297552934393,-0.21809679829240136,0.05,0.025,1,2-3
