,reject,pvals,pvals_corrected,tstats,effectsize,alpha,alpha_corrected,step,dimension_step
0,False,0.11397703630165826,0.22795407260331652,1.2131633014962833,0.1719999042821483,0.05,0.025,0,1-2
1,False,0.8762981752244308,0.8762981752244308,-1.1635486744148866,-0.16496564014106407,0.05,0.025,1,2-3
