,reject,pvals,pvals_corrected,tstats,effectsize,alpha,alpha_corrected,step,dimension_step
0,False,0.3934139711197535,0.786827942239507,0.27116602573483317,0.03844538522838326,0.05,0.025,0,1-2
1,False,0.9997683303017044,0.9997683303017044,-3.6219334067940885,-0.513510587170368,0.05,0.025,1,2-3
