,reject,pvals,pvals_corrected,tstats,effectsize,alpha,alpha_corrected,step,dimension_step
0,False,0.9991256842422618,1.0,-3.21740469947084,-0.4561573035249073,0.05,0.025,0,1-2
1,False,0.9999258180871224,1.0,-3.9465132657354585,-0.5595288805039798,0.05,0.025,1,2-3
